ID,travel_time
Truck72000,426.0
Truck72002,422.0
Truck72003,462.0
Truck72004,475.0
Truck72020,404.0
Truck72017,459.0
Truck72019,449.0
Truck72010,499.0
Truck72016,503.0
Truck72018,503.0
Truck72024,475.0
Truck72029,455.0
Truck72035,452.0
Truck72006,599.0
Truck72005,608.0
Truck72041,429.0
Truck72013,572.0
Truck72007,606.0
Truck72001,644.0
Truck72031,494.0
Truck72014,584.0
Truck72037,477.0
Truck72032,504.0
Truck72025,541.0
Truck72021,565.0
Truck72009,629.0
Truck72044,456.0
Truck72008,639.0
Truck72028,554.0
Truck72030,555.0
Truck72023,594.0
Truck72046,485.0
Truck72052,455.0
Truck72034,552.0
Truck72022,614.0
Truck72033,564.0
Truck72040,531.0
Truck72060,433.0
Truck72015,664.0
Truck72027,606.0
Truck72048,501.0
Truck72063,431.0
Truck72047,515.0
Truck72042,546.0
Truck72073,416.0
Truck72050,534.0
Truck72026,665.0
Truck72012,736.0
Truck72043,582.0
Truck72038,613.0
Truck72062,498.0
Truck72053,554.0
Truck72011,768.0
Truck72083,435.0
Truck72056,572.0
Truck72045,628.0
Truck72059,560.0
Truck72049,611.0
Truck72036,681.0
Truck72068,522.0
Truck72051,609.0
Truck72064,558.0
Truck72069,533.0
Truck72039,687.0
Truck72066,553.0
Truck72058,597.0
Truck72065,567.0
Truck72098,403.0
Truck72077,516.0
Truck72055,627.0
Truck72094,437.0
Truck72086,482.0
Truck72075,544.0
Truck72070,575.0
Truck72088,487.0
Truck72078,544.0
Truck72109,392.0
Truck72054,668.0
Truck72074,571.0
Truck72079,546.0
Truck72090,498.0
Truck72100,449.0
Truck72084,540.0
Truck72093,496.0
Truck72085,539.0
Truck72092,506.0
Truck72119,372.0
Truck72057,686.0
Truck72097,490.0
Truck72072,616.0
Truck72096,504.0
Truck72067,659.0
Truck72081,591.0
Truck72101,493.0
Truck72122,389.0
Truck72061,696.0
Truck72089,559.0
Truck72080,606.0
Truck72108,476.0
Truck72076,655.0
Truck72113,477.0
Truck72087,608.0
Truck72103,538.0
Truck72102,545.0
Truck72106,527.0
Truck72099,566.0
Truck72116,494.0
Truck72114,505.0
Truck72110,528.0
Truck72095,606.0
Truck72118,496.0
Truck72104,567.0
Truck72134,430.0
Truck72105,578.0
Truck72107,571.0
Truck72082,705.0
Truck72131,473.0
Truck72121,527.0
Truck72149,390.0
Truck72071,783.0
Truck72117,573.0
Truck72126,534.0
Truck72133,507.0
Truck72091,723.0
Truck72128,541.0
Truck72112,623.0
Truck72111,638.0
Truck72123,587.0
Truck72124,583.0
Truck72115,629.0
Truck72157,428.0
Truck72160,414.0
Truck72152,464.0
Truck72161,424.0
Truck72151,475.0
Truck72136,554.0
Truck72137,549.0
Truck72139,540.0
Truck72150,486.0
Truck72153,473.0
Truck72141,535.0
Truck72138,553.0
Truck72164,424.0
Truck72142,548.0
Truck72125,635.0
Truck72120,666.0
Truck72162,461.0
Truck72127,642.0
Truck72132,619.0
Truck72135,619.0
Truck72145,573.0
Truck72177,416.0
Truck72171,448.0
Truck72144,588.0
Truck72159,513.0
Truck72158,529.0
Truck72129,676.0
Truck72173,462.0
Truck72156,555.0
Truck72143,622.0
Truck72169,494.0
Truck72148,615.0
Truck72182,467.0
Truck72187,444.0
Truck72130,733.0
Truck72170,538.0
Truck72172,532.0
Truck72191,447.0
Truck72147,672.0
Truck72167,574.0
Truck72166,581.0
Truck72175,538.0
Truck72155,646.0
Truck72194,473.0
Truck72185,519.0
Truck72178,562.0
Truck72207,418.0
Truck72190,506.0
Truck72189,517.0
Truck72208,422.0
Truck72183,548.0
Truck72181,559.0
Truck72176,586.0
Truck72186,536.0
Truck72195,496.0
Truck72174,608.0
Truck72188,539.0
Truck72199,496.0
Truck72206,461.0
Truck72140,811.0
Truck72197,528.0
Truck72193,559.0
Truck72214,457.0
Truck72184,608.0
Truck72180,630.0
Truck72165,706.0
Truck72212,474.0
Truck72200,536.0
Truck72154,769.0
Truck72168,701.0
Truck72216,464.0
Truck72179,650.0
Truck72204,535.0
Truck72223,449.0
Truck72210,515.0
Truck72196,594.0
Truck72192,622.0
Truck72146,853.0
Truck72218,494.0
Truck72225,467.0
Truck72220,506.0
Truck72205,583.0
Truck72209,565.0
Truck72202,605.0
Truck72198,632.0
Truck72222,514.0
Truck72224,506.0
Truck72163,826.0
Truck72235,470.0
Truck72213,584.0
Truck72227,514.0
Truck72244,432.0
Truck72238,508.0
Truck72234,529.0
Truck72229,561.0
Truck72256,429.0
Truck72215,638.0
Truck72231,561.0
Truck72242,507.0
Truck72230,569.0
Truck72247,487.0
Truck72211,668.0
Truck72241,523.0
Truck72203,715.0
Truck72217,645.0
Truck72237,546.0
Truck72219,638.0
Truck72232,574.0
Truck72228,596.0
Truck72239,543.0
Truck72250,488.0
Truck72252,481.0
Truck72254,472.0
Truck72221,639.0
Truck72226,618.0
Truck72261,449.0
Truck72233,599.0
Truck72245,545.0
Truck72201,769.0
Truck72240,580.0
Truck72259,487.0
Truck72282,385.0
Truck72246,569.0
Truck72267,465.0
Truck72280,405.0
Truck72248,567.0
Truck72262,502.0
Truck72260,530.0
Truck72270,481.0
Truck72243,618.0
Truck72287,403.0
Truck72249,620.0
Truck72310,320.0
Truck72258,583.0
Truck72277,490.0
Truck72273,513.0
Truck72263,568.0
Truck72257,600.0
Truck72279,507.0
Truck72285,478.0
Truck72286,475.0
Truck72251,651.0
Truck72271,556.0
Truck72275,554.0
Truck72274,560.0
Truck72265,611.0
Truck72307,404.0
Truck72253,676.0
Truck72296,464.0
Truck72284,530.0
Truck72255,682.0
Truck72295,483.0
Truck72236,780.0
Truck72283,551.0
Truck72291,512.0
Truck72317,386.0
Truck72289,530.0
Truck72298,485.0
Truck72293,521.0
Truck72305,463.0
Truck72320,396.0
Truck72269,655.0
Truck72304,480.0
Truck72301,499.0
Truck72278,620.0
Truck72272,663.0
Truck72268,685.0
Truck72330,379.0
Truck72300,533.0
Truck72322,438.0
Truck72292,589.0
Truck72299,554.0
Truck72264,741.0
Truck72281,656.0
Truck72294,596.0
Truck72323,451.0
Truck72288,630.0
Truck72329,425.0
Truck72315,498.0
Truck72266,747.0
Truck72290,640.0
Truck72314,523.0
Truck72302,588.0
Truck72297,639.0
Truck72327,489.0
Truck72316,548.0
Truck72337,458.0
Truck72311,592.0
Truck72331,498.0
Truck72308,614.0
Truck72321,559.0
Truck72342,463.0
Truck72325,550.0
Truck72318,586.0
Truck72340,478.0
Truck72360,379.0
Truck72312,620.0
Truck72339,487.0
Truck72319,589.0
Truck72332,527.0
Truck72303,675.0
Truck72335,515.0
Truck72344,471.0
Truck72306,681.0
Truck72357,431.0
Truck72328,582.0
Truck72313,664.0
Truck72309,687.0
Truck72350,484.0
Truck72276,856.0
Truck72324,618.0
Truck72333,579.0
Truck72326,623.0
Truck72336,581.0
Truck72334,592.0
Truck72343,549.0
Truck72367,436.0
Truck72348,535.0
Truck72347,549.0
Truck72369,441.0
Truck72355,514.0
Truck72354,528.0
Truck72365,474.0
Truck72345,586.0
Truck72374,442.0
Truck72341,608.0
Truck72338,636.0
Truck72368,494.0
Truck72352,576.0
Truck72361,533.0
Truck72349,600.0
Truck72359,550.0
Truck72363,540.0
Truck72351,601.0
Truck72372,501.0
Truck72362,565.0
Truck72353,616.0
Truck72390,438.0
Truck72392,431.0
Truck72346,663.0
Truck72373,534.0
Truck72370,552.0
Truck72396,422.0
Truck72382,502.0
Truck72364,609.0
Truck72379,536.0
Truck72384,511.0
Truck72408,398.0
Truck72371,584.0
Truck72399,461.0
Truck72394,497.0
Truck72356,693.0
Truck72387,540.0
Truck72377,591.0
Truck72404,460.0
Truck72376,603.0
Truck72366,656.0
Truck72400,497.0
Truck72358,713.0
Truck72381,599.0
Truck72419,409.0
Truck72425,388.0
Truck72395,545.0
Truck72428,385.0
Truck72410,495.0
Truck72386,616.0
Truck72415,477.0
Truck72401,550.0
Truck72380,656.0
Truck72402,553.0
Truck72431,411.0
Truck72414,504.0
Truck72407,546.0
Truck72393,620.0
Truck72411,534.0
Truck72388,656.0
Truck72403,586.0
Truck72436,421.0
Truck72375,728.0
Truck72413,539.0
Truck72406,580.0
Truck72412,553.0
Truck72444,401.0
Truck72440,427.0
Truck72417,545.0
Truck72383,717.0
Truck72405,607.0
Truck72385,716.0
Truck72420,549.0
Truck72427,515.0
Truck72416,573.0
Truck72391,700.0
Truck72409,615.0
Truck72445,438.0
Truck72423,550.0
Truck72398,687.0
Truck72432,525.0
Truck72459,397.0
Truck72439,501.0
Truck72422,587.0
Truck72421,595.0
Truck72429,565.0
Truck72451,461.0
Truck72397,732.0
Truck72418,629.0
Truck72426,591.0
Truck72437,538.0
Truck72378,841.0
Truck72389,788.0
Truck72447,501.0
Truck72466,409.0
Truck72458,463.0
Truck72434,584.0
Truck72452,506.0
Truck72461,461.0
Truck72468,430.0
Truck72454,503.0
Truck72446,548.0
Truck72435,608.0
Truck72455,518.0
Truck72456,513.0
Truck72467,471.0
Truck72433,644.0
Truck72453,554.0
Truck72477,438.0
Truck72460,529.0
Truck72449,590.0
Truck72457,550.0
Truck72424,729.0
Truck72438,660.0
Truck72442,649.0
Truck72441,669.0
Truck72448,635.0
Truck72482,468.0
Truck72443,689.0
Truck72493,441.0
Truck72469,565.0
Truck72478,529.0
Truck72476,542.0
Truck72474,555.0
Truck72480,526.0
Truck72486,497.0
Truck72463,618.0
Truck72484,513.0
Truck72471,584.0
Truck72485,516.0
Truck72479,547.0
Truck72450,702.0
Truck72495,478.0
Truck72502,446.0
Truck72430,807.0
Truck72499,472.0
Truck72489,523.0
Truck72487,534.0
Truck72470,622.0
Truck72472,612.0
Truck72492,515.0
Truck72465,653.0
Truck72505,456.0
Truck72507,451.0
Truck72488,547.0
Truck72483,573.0
Truck72473,627.0
Truck72514,424.0
Truck72513,431.0
Truck72464,688.0
Truck72501,512.0
Truck72475,651.0
Truck72524,410.0
Truck72526,417.0
Truck72519,453.0
Truck72491,604.0
Truck72497,576.0
Truck72506,535.0
Truck72481,679.0
Truck72512,525.0
Truck72496,608.0
Truck72490,639.0
Truck72515,515.0
Truck72522,480.0
Truck72527,460.0
Truck72525,473.0
Truck72462,797.0
Truck72500,607.0
Truck72498,619.0
Truck72517,533.0
Truck72504,606.0
Truck72547,393.0
Truck72531,477.0
Truck72518,550.0
Truck72535,471.0
Truck72537,465.0
Truck72540,453.0
Truck72509,613.0
Truck72510,609.0
Truck72534,489.0
Truck72551,415.0
Truck72520,578.0
Truck72530,534.0
Truck72542,476.0
Truck72516,609.0
Truck72528,568.0
Truck72494,754.0
Truck72566,402.0
Truck72546,509.0
Truck72532,585.0
Truck72533,587.0
Truck72541,547.0
Truck72565,429.0
Truck72523,644.0
Truck72560,461.0
Truck72508,723.0
Truck72556,491.0
Truck72503,766.0
Truck72521,677.0
Truck72557,497.0
Truck72544,566.0
Truck72563,477.0
Truck72569,451.0
Truck72559,506.0
Truck72571,448.0
Truck72529,660.0
Truck72536,625.0
Truck72511,753.0
Truck72550,566.0
Truck72543,603.0
Truck72555,544.0
Truck72558,529.0
Truck72539,641.0
Truck72562,534.0
Truck72578,458.0
Truck72568,523.0
Truck72593,406.0
Truck72567,539.0
Truck72564,555.0
Truck72588,446.0
Truck72561,584.0
Truck72596,412.0
Truck72545,677.0
Truck72552,651.0
Truck72575,539.0
Truck72597,439.0
Truck72580,531.0
Truck72585,509.0
Truck72538,747.0
Truck72609,392.0
Truck72583,527.0
Truck72598,463.0
Truck72582,545.0
Truck72553,703.0
Truck72584,551.0
Truck72622,362.0
Truck72587,538.0
Truck72554,708.0
Truck72595,508.0
Truck72579,598.0
Truck72581,592.0
Truck72592,544.0
Truck72603,489.0
Truck72548,765.0
Truck72626,380.0
Truck72549,772.0
Truck72601,525.0
Truck72604,514.0
Truck72573,671.0
Truck72606,510.0
Truck72574,673.0
Truck72577,659.0
Truck72620,445.0
Truck72572,689.0
Truck72615,476.0
Truck72631,397.0
Truck72570,714.0
Truck72589,620.0
Truck72607,531.0
Truck72591,625.0
Truck72599,585.0
Truck72594,614.0
Truck72612,525.0
Truck72586,658.0
Truck72576,717.0
Truck72633,433.0
Truck72635,432.0
Truck72628,468.0
Truck72619,521.0
Truck72608,584.0
Truck72614,558.0
Truck72616,562.0
Truck72638,459.0
Truck72610,607.0
Truck72600,663.0
Truck72629,534.0
Truck72634,513.0
Truck72645,468.0
Truck72618,612.0
Truck72639,508.0
Truck72621,608.0
Truck72605,697.0
Truck72637,545.0
Truck72664,422.0
Truck72611,693.0
Truck72651,497.0
Truck72655,477.0
Truck72590,820.0
Truck72617,690.0
Truck72613,711.0
Truck72652,516.0
Truck72643,565.0
Truck72657,497.0
Truck72623,668.0
Truck72625,667.0
Truck72632,641.0
Truck72660,515.0
Truck72653,555.0
Truck72670,472.0
Truck72636,648.0
Truck72640,629.0
Truck72681,425.0
Truck72662,526.0
Truck72602,831.0
Truck72630,692.0
Truck72658,564.0
Truck72665,532.0
Truck72667,522.0
Truck72647,629.0
Truck72674,498.0
Truck72648,637.0
Truck72676,499.0
Truck72644,681.0
Truck72677,516.0
Truck72627,776.0
Truck72671,557.0
Truck72704,392.0
Truck72624,794.0
Truck72700,414.0
Truck72710,372.0
Truck72650,673.0
Truck72686,493.0
Truck72663,618.0
Truck72672,575.0
Truck72666,614.0
Truck72656,667.0
Truck72716,373.0
Truck72684,534.0
Truck72659,666.0
Truck72646,733.0
Truck72696,489.0
Truck72642,760.0
Truck72705,447.0
Truck72712,414.0
Truck72689,531.0
Truck72688,543.0
Truck72673,620.0
Truck72679,594.0
Truck72695,514.0
Truck72685,573.0
Truck72675,630.0
Truck72682,595.0
Truck72719,415.0
Truck72720,411.0
Truck72649,769.0
Truck72641,811.0
Truck72723,401.0
Truck72711,467.0
Truck72701,528.0
Truck72654,764.0
Truck72722,425.0
Truck72669,692.0
Truck72678,659.0
Truck72709,507.0
Truck72724,442.0
Truck72706,533.0
Truck72715,490.0
Truck72692,606.0
Truck72683,653.0
Truck72687,634.0
Truck72737,385.0
Truck72690,623.0
Truck72730,424.0
Truck72691,635.0
Truck72708,553.0
Truck72718,508.0
Truck72707,575.0
Truck72694,641.0
Truck72702,606.0
Truck72725,497.0
Truck72697,639.0
Truck72721,525.0
Truck72699,645.0
Truck72735,473.0
Truck72693,688.0
Truck72741,452.0
Truck72680,760.0
Truck72703,649.0
Truck72738,500.0
Truck72714,621.0
Truck72734,523.0
Truck72742,483.0
Truck72732,547.0
Truck72746,477.0
Truck72749,470.0
Truck72661,919.0
Truck72761,422.0
Truck72668,888.0
Truck72758,441.0
Truck72739,540.0
Truck72729,599.0
Truck72727,613.0
Truck72717,680.0
Truck72747,533.0
Truck72713,705.0
Truck72744,564.0
Truck72698,806.0
Truck72728,657.0
Truck72763,482.0
Truck72743,585.0
Truck72767,467.0
Truck72745,582.0
Truck72772,450.0
Truck72770,468.0
Truck72750,570.0
Truck72780,420.0
Truck72773,463.0
Truck72733,668.0
Truck72753,568.0
Truck72784,424.0
Truck72760,545.0
Truck72778,458.0
Truck72757,584.0
Truck72775,495.0
Truck72754,608.0
Truck72785,453.0
Truck72731,724.0
Truck72752,619.0
Truck72751,630.0
Truck72740,687.0
Truck72755,616.0
Truck72726,770.0
Truck72782,490.0
Truck72766,578.0
Truck72781,506.0
Truck72794,441.0
Truck72756,638.0
Truck72765,599.0
Truck72759,632.0
Truck72796,449.0
Truck72762,620.0
Truck72774,561.0
Truck72776,564.0
Truck72795,480.0
Truck72764,637.0
Truck72779,570.0
Truck72809,420.0
Truck72788,527.0
Truck72736,788.0
Truck72792,517.0
Truck72787,550.0
Truck72786,560.0
Truck72793,531.0
Truck72801,499.0
Truck72797,528.0
Truck72768,683.0
Truck72799,531.0
Truck72817,457.0
Truck72777,659.0
Truck72800,549.0
Truck72823,434.0
Truck72748,816.0
Truck72813,493.0
Truck72789,619.0
Truck72790,618.0
Truck72822,463.0
Truck72805,551.0
Truck72808,540.0
Truck72816,500.0
Truck72814,512.0
Truck72769,741.0
Truck72806,579.0
Truck72804,602.0
Truck72827,489.0
Truck72846,403.0
Truck72803,622.0
Truck72811,593.0
Truck72831,494.0
Truck72818,564.0
Truck72820,566.0
Truck72837,483.0
Truck72832,512.0
Truck72829,534.0
Truck72771,833.0
Truck72812,628.0
Truck72798,699.0
Truck72810,640.0
Truck72855,420.0
Truck72826,569.0
Truck72783,789.0
Truck72824,586.0
Truck72844,492.0
Truck72830,571.0
Truck72842,513.0
Truck72850,481.0
Truck72819,643.0
Truck72849,495.0
Truck72807,706.0
Truck72840,542.0
Truck72852,482.0
Truck72825,620.0
Truck72857,469.0
Truck72836,579.0
Truck72791,810.0
Truck72851,518.0
Truck72843,565.0
Truck72802,771.0
Truck72821,676.0
Truck72848,543.0
Truck72872,435.0
Truck72853,537.0
Truck72867,474.0
Truck72854,549.0
Truck72866,493.0
Truck72833,662.0
Truck72845,604.0
Truck72828,693.0
Truck72856,562.0
Truck72862,532.0
Truck72839,650.0
Truck72871,498.0
Truck72881,448.0
Truck72897,373.0
Truck72859,566.0
Truck72834,696.0
Truck72890,416.0
Truck72858,585.0
Truck72835,704.0
Truck72815,805.0
Truck72870,533.0
Truck72869,545.0
Truck72841,688.0
Truck72886,464.0
Truck72907,366.0
Truck72847,669.0
Truck72892,445.0
Truck72875,531.0
Truck72861,604.0
Truck72896,433.0
Truck72877,535.0
Truck72860,627.0
Truck72876,547.0
Truck72887,499.0
Truck72868,595.0
Truck72880,536.0
Truck72874,576.0
Truck72911,414.0
Truck72900,475.0
Truck72889,545.0
Truck72864,672.0
Truck72910,443.0
Truck72863,680.0
Truck72878,608.0
Truck72893,538.0
Truck72923,389.0
Truck72885,586.0
Truck72920,419.0
Truck72838,832.0
Truck72934,354.0
Truck72908,486.0
Truck72916,448.0
Truck72865,705.0
Truck72909,487.0
Truck72905,512.0
Truck72873,678.0
Truck72912,486.0
Truck72895,578.0
Truck72906,525.0
Truck72902,560.0
Truck72899,577.0
Truck72891,618.0
Truck72918,493.0
Truck72927,448.0
Truck72919,501.0
Truck72904,577.0
Truck72930,448.0
Truck72898,614.0
Truck72901,600.0
Truck72882,699.0
Truck72914,540.0
Truck72924,499.0
Truck72903,608.0
Truck72926,506.0
Truck72946,406.0
Truck72953,374.0
Truck72883,727.0
Truck72936,469.0
Truck72879,759.0
Truck72913,601.0
Truck72917,581.0
Truck72942,476.0
Truck72884,768.0
Truck72888,755.0
Truck72943,486.0
Truck72933,540.0
Truck72938,520.0
Truck72939,519.0
Truck72969,373.0
Truck72948,489.0
Truck72931,575.0
Truck72951,476.0
Truck72894,766.0
Truck72961,443.0
Truck72963,444.0
Truck72915,697.0
Truck72921,674.0
Truck72935,616.0
Truck72958,501.0
Truck72922,682.0
Truck72937,608.0
Truck72940,606.0
Truck72949,564.0
Truck72928,671.0
Truck72925,692.0
Truck72944,598.0
Truck72952,570.0
Truck72960,533.0
Truck72947,604.0
Truck72966,515.0
Truck72929,706.0
Truck72985,432.0
Truck72975,483.0
Truck72950,610.0
Truck72964,545.0
Truck72978,477.0
Truck72968,542.0
Truck72991,440.0
Truck72954,629.0
Truck72988,462.0
Truck72962,593.0
Truck72959,616.0
Truck72984,494.0
Truck72980,521.0
Truck72967,590.0
Truck72941,723.0
Truck72981,523.0
Truck72998,440.0
Truck72973,570.0
Truck73001,431.0
Truck72974,571.0
Truck72956,663.0
Truck72932,787.0
Truck72957,671.0
Truck72970,608.0
Truck72971,603.0
Truck72983,560.0
Truck72979,587.0
Truck72999,491.0
Truck72986,560.0
Truck72976,611.0
Truck73012,436.0
Truck72977,617.0
Truck72996,527.0
Truck72993,544.0
Truck73017,425.0
Truck72945,788.0
Truck72972,656.0
Truck72982,609.0
Truck72987,584.0
Truck72995,548.0
Truck72994,555.0
Truck72990,579.0
Truck73034,365.0
Truck72992,576.0
Truck72965,716.0
Truck73018,452.0
Truck72989,624.0
Truck73005,555.0
Truck73030,431.0
Truck73024,464.0
Truck73031,433.0
Truck73000,595.0
Truck73019,503.0
Truck72997,614.0
Truck73021,497.0
Truck73029,462.0
Truck73013,545.0
Truck73006,581.0
Truck73008,572.0
Truck72955,849.0
Truck73011,572.0
Truck73002,618.0
Truck73058,343.0
Truck73015,563.0
Truck73028,507.0
Truck73027,518.0
Truck73025,543.0
Truck73032,512.0
Truck73026,544.0
Truck73007,648.0
Truck73016,616.0
Truck73033,532.0
Truck73039,504.0
Truck73048,475.0
Truck73020,618.0
Truck73049,474.0
Truck73038,536.0
Truck73035,559.0
Truck73004,718.0
Truck73009,697.0
Truck73050,497.0
Truck73059,456.0
Truck73044,534.0
Truck73043,548.0
Truck73055,506.0
Truck73065,466.0
Truck73036,621.0
Truck73046,573.0
Truck73060,506.0
Truck73057,523.0
Truck73042,600.0
Truck73014,748.0
Truck73054,554.0
Truck73069,479.0
Truck73051,580.0
Truck73072,481.0
Truck73003,827.0
Truck73071,487.0
Truck73081,437.0
Truck73079,448.0
Truck73041,647.0
Truck73023,743.0
Truck73078,471.0
Truck73010,812.0
Truck73022,760.0
Truck73045,646.0
Truck73076,491.0
Truck73074,505.0
Truck73061,582.0
Truck73067,554.0
Truck73068,550.0
Truck73056,611.0
Truck73089,447.0
Truck73080,499.0
Truck73037,720.0
Truck73040,708.0
Truck73063,593.0
Truck73052,650.0
Truck73066,580.0
Truck73070,561.0
Truck73102,410.0
Truck73093,470.0
Truck73047,708.0
Truck73096,470.0
Truck73099,455.0
Truck73053,686.0
Truck73082,543.0
Truck73088,521.0
Truck73062,658.0
Truck73104,450.0
Truck73073,614.0
Truck73092,529.0
Truck73085,565.0
Truck73083,578.0
Truck73084,575.0
Truck73097,514.0
Truck73090,550.0
Truck73087,570.0
Truck73077,621.0
Truck73064,690.0
Truck73075,640.0
Truck73095,542.0
Truck73100,524.0
Truck73119,435.0
Truck73098,554.0
Truck73094,579.0
Truck73115,484.0
Truck73112,503.0
Truck73125,445.0
Truck73103,557.0
Truck73116,495.0
Truck73107,541.0
Truck73110,526.0
Truck73123,461.0
Truck73111,522.0
Truck73113,518.0
Truck73118,504.0
Truck73114,529.0
Truck73106,577.0
Truck73109,565.0
Truck73121,518.0
Truck73086,700.0
Truck73132,475.0
Truck73139,440.0
Truck73120,546.0
Truck73148,408.0
Truck73136,474.0
Truck73127,520.0
Truck73091,701.0
Truck73134,488.0
Truck73124,541.0
Truck73101,658.0
Truck73129,522.0
Truck73105,644.0
Truck73108,634.0
Truck73158,384.0
Truck73141,474.0
Truck73133,515.0
Truck73117,598.0
Truck73151,428.0
Truck73131,533.0
Truck73138,499.0
Truck73144,474.0
Truck73122,587.0
Truck73135,535.0
Truck73146,491.0
Truck73145,501.0
Truck73140,549.0
Truck73171,405.0
Truck73143,552.0
Truck73160,479.0
Truck73168,439.0
Truck73166,453.0
Truck73126,658.0
Truck73163,481.0
Truck73128,659.0
Truck73155,526.0
Truck73137,622.0
Truck73149,563.0
Truck73154,550.0
Truck73130,674.0
Truck73161,523.0
Truck73153,572.0
Truck73165,531.0
Truck73150,611.0
Truck73157,582.0
Truck73180,469.0
Truck73162,569.0
Truck73152,632.0
Truck73159,599.0
Truck73188,460.0
Truck73164,586.0
Truck73170,558.0
Truck73172,548.0
Truck73213,359.0
Truck73167,591.0
Truck73198,442.0
Truck73156,654.0
Truck73187,505.0
Truck73205,416.0
Truck73179,555.0
Truck73186,520.0
Truck73203,440.0
Truck73182,546.0
Truck73193,493.0
Truck73211,406.0
Truck73147,735.0
Truck73173,610.0
Truck73206,454.0
Truck73142,775.0
Truck73181,593.0
Truck73169,664.0
Truck73210,464.0
Truck73192,555.0
Truck73204,512.0
Truck73190,583.0
Truck73199,538.0
Truck73191,584.0
Truck73175,666.0
Truck73194,579.0
Truck73185,627.0
Truck73215,505.0
Truck73212,521.0
Truck73195,608.0
Truck73209,538.0
Truck73207,549.0
Truck73224,469.0
Truck73227,460.0
Truck73183,682.0
Truck73177,715.0
Truck73197,616.0
Truck73189,659.0
Truck73174,736.0
Truck73208,573.0
Truck73236,437.0
Truck73176,747.0
Truck73239,436.0
Truck73184,714.0
Truck73200,636.0
Truck73221,533.0
Truck73231,485.0
Truck73196,661.0
Truck73220,541.0
Truck73202,635.0
Truck73245,420.0
Truck73233,483.0
Truck73237,463.0
Truck73228,516.0
Truck73219,563.0
Truck73178,775.0
Truck73254,398.0
Truck73230,519.0
Truck73223,557.0
Truck73201,671.0
Truck73225,557.0
Truck73217,599.0
Truck73243,477.0
Truck73234,526.0
Truck73244,480.0
Truck73247,500.0
Truck73248,495.0
Truck73232,577.0
Truck73216,660.0
Truck73218,652.0
Truck73258,453.0
Truck73242,538.0
Truck73265,444.0
Truck73235,607.0
Truck73250,543.0
Truck73246,566.0
Truck73261,493.0
Truck73238,612.0
Truck73266,478.0
Truck73222,700.0
Truck73262,500.0
Truck73252,559.0
Truck73249,575.0
Truck73214,758.0
Truck73264,510.0
Truck73290,387.0
Truck73263,528.0
Truck73272,486.0
Truck73268,513.0
Truck73281,450.0
Truck73226,734.0
Truck73303,349.0
Truck73229,727.0
Truck73283,457.0
Truck73291,421.0
Truck73274,507.0
Truck73240,687.0
Truck73257,603.0
Truck73278,510.0
Truck73241,698.0
Truck73256,629.0
Truck73298,419.0
Truck73273,545.0
Truck73260,613.0
Truck73305,388.0
Truck73259,620.0
Truck73284,502.0
Truck73285,509.0
Truck73255,666.0
Truck73251,691.0
Truck73289,501.0
Truck73295,481.0
Truck73293,500.0
Truck73269,623.0
Truck73253,712.0
Truck73280,577.0
Truck73287,543.0
Truck73299,483.0
Truck73308,438.0
Truck73294,516.0
Truck73292,530.0
Truck73282,596.0
Truck73318,424.0
Truck73277,631.0
Truck73315,450.0
Truck73307,500.0
Truck73317,450.0
Truck73270,686.0
Truck73276,658.0
Truck73323,424.0
Truck73267,711.0
Truck73324,429.0
Truck73286,632.0
Truck73319,475.0
Truck73304,551.0
Truck73301,584.0
Truck73320,490.0
Truck73279,697.0
Truck73328,458.0
Truck73302,591.0
Truck73271,748.0
Truck73309,560.0
Truck73331,452.0
Truck73341,402.0
Truck73346,392.0
Truck73288,686.0
Truck73275,753.0
Truck73333,467.0
Truck73335,468.0
Truck73338,467.0
Truck73312,602.0
Truck73296,687.0
Truck73306,637.0
Truck73330,539.0
Truck73314,624.0
Truck73337,511.0
Truck73316,617.0
Truck73329,553.0
Truck73327,564.0
Truck73449,406.0
Truck73457,367.0
Truck73442,456.0
Truck73440,503.0
Truck73460,408.0
Truck73454,440.0
Truck73450,493.0
Truck73451,493.0
Truck73445,526.0
Truck73478,362.0
Truck73452,495.0
Truck73464,440.0
Truck73473,404.0
Truck73455,499.0
Truck73458,484.0
Truck73488,340.0
Truck73448,553.0
Truck73459,509.0
Truck73453,550.0
Truck73472,474.0
Truck73466,511.0
Truck73495,367.0
Truck73441,639.0
Truck73462,535.0
Truck73456,571.0
Truck73443,641.0
Truck73479,468.0
Truck73465,541.0
Truck73463,557.0
Truck73474,512.0
Truck73476,503.0
Truck73475,509.0
Truck73486,460.0
Truck73506,365.0
Truck73468,556.0
Truck73444,681.0
Truck73446,681.0
Truck73497,427.0
Truck73471,560.0
Truck73470,574.0
Truck73494,462.0
Truck73496,455.0
Truck73477,554.0
Truck73480,544.0
Truck73481,542.0
Truck73467,616.0
Truck73491,509.0
Truck73487,530.0
Truck73447,731.0
Truck73507,432.0
Truck73461,669.0
Truck73501,474.0
Truck73485,557.0
Truck73503,468.0
Truck73469,644.0
Truck73499,506.0
Truck73484,588.0
Truck73527,379.0
Truck73489,570.0
Truck73518,425.0
Truck73482,608.0
Truck73514,450.0
Truck73508,490.0
Truck73517,464.0
Truck73510,516.0
Truck73522,459.0
Truck73483,656.0
Truck73532,422.0
Truck73521,478.0
Truck73538,394.0
Truck73492,627.0
Truck73512,527.0
Truck73498,601.0
Truck73493,627.0
Truck73513,530.0
Truck73523,496.0
Truck73511,557.0
Truck73502,603.0
Truck73531,458.0
Truck73533,464.0
Truck73525,525.0
Truck73553,385.0
Truck73556,372.0
Truck73528,520.0
Truck73540,463.0
Truck73529,520.0
Truck73534,498.0
Truck73519,574.0
Truck73504,650.0
Truck73543,460.0
Truck73509,633.0
Truck73542,468.0
Truck73545,453.0
Truck73550,452.0
Truck73554,433.0
Truck73526,575.0
Truck73524,591.0
Truck73490,765.0
Truck73515,641.0
Truck73572,368.0
Truck73505,723.0
Truck73539,554.0
Truck73552,494.0
Truck73536,576.0
Truck73555,487.0
Truck73551,510.0
Truck73541,568.0
Truck73520,675.0
Truck73500,781.0
Truck73530,632.0
Truck73544,565.0
Truck73516,714.0
Truck73535,619.0
Truck73589,354.0
Truck73573,436.0
Truck73587,388.0
Truck73546,594.0
Truck73548,585.0
Truck73571,474.0
Truck73577,453.0
Truck73568,504.0
Truck73570,495.0
Truck73567,516.0
Truck73547,617.0
Truck73549,615.0
Truck73562,554.0
Truck73537,683.0
Truck73591,420.0
Truck73578,487.0
Truck73564,560.0
Truck73574,519.0
Truck73557,627.0
Truck73558,631.0
Truck73565,604.0
Truck73561,629.0
Truck73559,643.0
Truck73563,623.0
Truck73593,478.0
Truck73582,539.0
Truck73560,667.0
Truck73590,519.0
Truck73569,632.0
Truck73581,577.0
Truck73585,559.0
Truck73583,571.0
Truck73599,500.0
Truck73566,677.0
Truck73612,452.0
Truck73586,589.0
Truck73592,565.0
Truck73575,658.0
Truck73579,639.0
Truck73598,544.0
Truck73629,389.0
Truck73580,644.0
Truck73605,522.0
Truck73601,544.0
Truck73594,589.0
Truck73584,640.0
Truck73608,521.0
Truck73613,496.0
Truck73576,696.0
Truck73588,648.0
Truck73602,582.0
Truck73632,434.0
Truck73597,610.0
Truck73611,540.0
Truck73606,568.0
Truck73633,439.0
Truck73618,516.0
Truck73620,510.0
Truck73609,569.0
Truck73634,447.0
Truck73600,624.0
Truck73615,549.0
Truck73616,547.0
Truck73630,489.0
Truck73607,609.0
Truck73619,563.0
Truck73624,549.0
Truck73610,621.0
Truck73637,486.0
Truck73623,572.0
Truck73604,674.0
Truck73631,539.0
Truck73641,491.0
Truck73649,451.0
Truck73622,589.0
Truck73595,738.0
Truck73621,611.0
Truck73646,487.0
Truck73617,634.0
Truck73603,705.0
Truck73596,741.0
Truck73661,417.0
Truck73650,474.0
Truck73654,455.0
Truck73627,593.0
Truck73664,408.0
Truck73614,666.0
Truck73625,612.0
Truck73643,535.0
Truck73647,528.0
Truck73668,425.0
Truck73635,591.0
Truck73639,574.0
Truck73636,596.0
Truck73653,513.0
Truck73626,657.0
Truck73645,565.0
Truck73651,541.0
Truck73663,481.0
Truck73660,503.0
Truck73638,625.0
Truck73657,538.0
Truck73658,534.0
Truck73642,620.0
Truck73672,471.0
Truck73659,544.0
Truck73655,579.0
Truck73673,497.0
Truck73680,473.0
Truck73640,681.0
Truck73716,306.0
Truck73628,754.0
Truck73662,586.0
Truck73666,569.0
Truck73665,577.0
Truck73648,674.0
Truck73677,530.0
Truck73689,474.0
Truck73652,661.0
Truck73687,495.0
Truck73644,720.0
Truck73693,475.0
Truck73694,471.0
Truck73674,572.0
Truck73686,514.0
Truck73696,464.0
Truck73710,405.0
Truck73692,498.0
Truck73704,444.0
Truck73711,410.0
Truck73671,613.0
Truck73679,573.0
Truck73685,548.0
Truck73681,571.0
Truck73676,602.0
Truck73690,543.0
Truck73699,501.0
Truck73670,647.0
Truck73688,559.0
Truck73695,524.0
Truck73707,466.0
Truck73712,442.0
Truck73715,427.0
Truck73656,729.0
Truck73709,469.0
Truck73703,509.0
Truck73728,388.0
Truck73682,622.0
Truck73726,408.0
Truck73684,629.0
Truck73717,464.0
Truck73700,550.0
Truck73702,541.0
Truck73724,433.0
Truck73701,551.0
Truck73714,488.0
Truck73667,724.0
Truck73698,572.0
Truck73720,470.0
Truck73669,730.0
Truck73713,511.0
Truck73691,622.0
Truck73683,667.0
Truck73721,485.0
Truck73730,452.0
Truck73678,724.0
Truck73729,472.0
Truck73675,744.0
Truck73697,661.0
Truck73723,535.0
Truck73746,426.0
Truck73732,497.0
Truck73739,468.0
Truck73718,580.0
Truck73719,600.0
Truck73708,664.0
Truck73705,680.0
Truck73706,676.0
Truck73731,554.0
Truck73741,504.0
Truck73749,467.0
Truck73758,429.0
Truck73738,534.0
Truck73737,550.0
Truck73740,536.0
Truck73725,615.0
Truck73727,619.0
Truck73736,577.0
Truck73761,473.0
Truck73742,569.0
Truck73734,610.0
Truck73735,617.0
Truck73743,577.0
Truck73756,517.0
Truck73772,439.0
Truck73747,574.0
Truck73752,555.0
Truck73767,481.0
Truck73722,712.0
Truck73753,557.0
Truck73762,513.0
Truck73750,576.0
Truck73744,616.0
Truck73769,491.0
Truck73770,486.0
Truck73764,517.0
Truck73759,550.0
Truck73782,440.0
Truck73745,628.0
Truck73784,439.0
Truck73771,522.0
Truck73733,714.0
Truck73774,515.0
Truck73751,632.0
Truck73755,616.0
Truck73760,592.0
Truck73781,511.0
Truck73757,634.0
Truck73768,580.0
Truck73789,478.0
Truck73803,408.0
Truck73802,414.0
Truck73766,595.0
Truck73765,611.0
Truck73778,554.0
Truck73763,632.0
Truck73780,549.0
Truck73801,449.0
Truck73798,481.0
Truck73748,741.0
Truck73777,597.0
Truck73779,595.0
Truck73773,627.0
Truck73788,555.0
Truck73813,434.0
Truck73794,537.0
Truck73799,512.0
Truck73775,643.0
Truck73783,609.0
Truck73790,574.0
Truck73785,612.0
Truck73793,577.0
Truck73792,583.0
Truck73814,482.0
Truck73776,673.0
Truck73796,574.0
Truck73791,600.0
Truck73754,796.0
Truck73806,536.0
Truck73786,639.0
Truck73839,377.0
Truck73828,435.0
Truck73787,645.0
Truck73835,405.0
Truck73807,552.0
Truck73805,579.0
Truck73800,608.0
Truck73818,532.0
Truck73834,452.0
Truck73816,545.0
Truck73808,593.0
Truck73797,650.0
Truck73812,576.0
Truck73842,427.0
Truck73809,593.0
Truck73804,620.0
Truck73819,546.0
Truck73851,419.0
Truck73832,517.0
Truck73810,636.0
Truck73827,551.0
Truck73817,612.0
Truck73831,543.0
Truck73844,480.0
Truck73811,648.0
Truck73820,603.0
Truck73815,630.0
Truck73825,580.0
Truck73838,519.0
Truck73830,560.0
Truck73833,545.0
Truck73795,737.0
Truck73849,482.0
Truck73824,614.0
Truck73873,382.0
Truck73822,645.0
Truck73846,528.0
Truck73854,493.0
Truck73821,659.0
Truck73829,619.0
Truck73858,474.0
Truck73823,650.0
Truck73845,548.0
Truck73853,528.0
Truck73837,609.0
Truck73856,517.0
Truck73826,671.0
Truck73860,501.0
Truck73872,449.0
Truck73841,606.0
Truck73876,431.0
Truck73875,442.0
Truck73890,375.0
Truck73848,590.0
Truck73857,551.0
Truck73868,507.0
Truck73847,618.0
Truck73843,640.0
Truck73866,529.0
Truck73863,559.0
Truck73840,683.0
Truck73859,589.0
Truck73869,555.0
Truck73879,511.0
Truck73893,442.0
Truck73836,728.0
Truck73861,617.0
Truck73894,458.0
Truck73900,430.0
Truck73864,611.0
Truck73862,629.0
Truck73878,553.0
Truck73903,439.0
Truck73870,610.0
Truck73880,560.0
Truck73886,530.0
Truck73901,455.0
Truck73895,488.0
Truck73855,689.0
Truck73865,656.0
Truck73871,630.0
Truck73881,584.0
Truck73899,501.0
Truck73887,563.0
Truck73897,525.0
Truck73867,676.0
Truck73882,606.0
Truck73910,469.0
Truck73906,490.0
Truck73888,583.0
Truck73884,606.0
Truck73914,459.0
Truck73850,780.0
Truck73904,511.0
Truck73883,622.0
Truck73924,423.0
Truck73898,563.0
Truck73905,528.0
Truck73874,684.0
Truck73852,818.0
Truck73916,499.0
Truck73902,577.0
Truck73892,629.0
Truck73911,534.0
Truck73931,435.0
Truck73909,546.0
Truck73918,505.0
Truck73908,562.0
Truck73919,507.0
Truck73913,542.0
Truck73877,733.0
Truck73891,663.0
Truck73920,521.0
Truck73923,510.0
Truck73896,655.0
Truck73915,563.0
Truck73946,417.0
Truck73927,522.0
Truck73941,453.0
Truck73938,477.0
Truck73912,609.0
Truck73958,384.0
Truck73889,738.0
Truck73926,555.0
Truck73932,531.0
Truck73933,537.0
Truck73922,605.0
Truck73928,575.0
Truck73939,523.0
Truck73963,409.0
Truck73947,499.0
Truck73954,465.0
Truck73953,472.0
Truck73885,814.0
Truck73907,704.0
Truck73949,496.0
Truck73942,541.0
Truck73921,649.0
Truck73917,670.0
Truck73955,480.0
Truck73964,438.0
Truck73935,585.0
Truck73950,514.0
Truck73930,616.0
Truck73960,470.0
Truck73961,474.0
Truck73969,439.0
Truck73936,606.0
Truck73945,562.0
Truck73967,458.0
Truck73976,415.0
Truck73948,557.0
Truck73934,634.0
Truck73962,496.0
Truck73944,589.0
Truck73972,451.0
Truck73978,432.0
Truck73940,624.0
Truck73977,454.0
Truck73965,523.0
Truck73951,611.0
Truck73980,473.0
Truck73956,595.0
Truck73943,674.0
Truck73968,556.0
Truck73966,580.0
Truck73982,501.0
Truck73925,788.0
Truck73929,771.0
Truck73970,568.0
Truck73979,524.0
Truck73984,501.0
Truck73983,525.0
Truck73959,654.0
Truck73974,581.0
Truck73975,578.0
Truck73991,504.0
Truck73971,616.0
Truck74002,465.0
Truck74006,453.0
Truck74009,441.0
Truck73981,584.0
Truck73989,545.0
Truck73973,626.0
Truck73957,713.0
Truck73993,542.0
Truck74008,472.0
Truck73986,583.0
Truck73996,537.0
Truck74000,519.0
Truck73992,566.0
Truck73988,589.0
Truck74031,378.0
Truck73995,564.0
Truck73997,561.0
Truck73952,787.0
Truck73985,624.0
Truck73937,865.0
Truck74010,505.0
Truck74044,339.0
Truck73998,576.0
Truck74037,383.0
Truck74001,565.0
Truck74039,378.0
Truck74025,456.0
Truck74016,511.0
Truck74022,486.0
Truck73990,647.0
Truck73999,603.0
Truck74020,500.0
Truck74005,578.0
Truck74026,481.0
Truck74029,471.0
Truck74030,469.0
Truck74012,569.0
Truck74017,544.0
Truck74019,542.0
Truck74034,480.0
Truck74011,597.0
Truck74004,633.0
Truck74024,538.0
Truck74021,555.0
Truck74033,495.0
Truck74035,496.0
Truck74063,378.0
Truck74036,520.0
Truck74015,637.0
Truck74061,407.0
Truck74054,444.0
Truck73987,786.0
Truck73994,760.0
Truck74075,356.0
Truck74014,674.0
Truck74045,519.0
Truck74018,658.0
Truck74055,481.0
Truck74050,507.0
Truck74062,448.0
Truck74027,625.0
Truck74064,451.0
Truck74007,738.0
Truck74003,764.0
Truck74059,487.0
Truck74047,553.0
Truck74043,576.0
Truck74042,585.0
Truck74038,612.0
Truck74023,688.0
Truck74060,503.0
Truck74028,668.0
Truck74065,486.0
Truck74013,748.0
Truck74048,575.0
Truck74041,612.0
Truck74032,659.0
Truck74046,594.0
Truck74074,457.0
Truck74057,545.0
Truck74051,576.0
Truck74101,329.0
Truck74072,475.0
Truck74066,511.0
Truck74071,486.0
Truck74049,604.0
Truck74056,569.0
Truck74068,511.0
Truck74040,653.0
Truck74052,628.0
Truck74073,524.0
Truck74084,486.0
Truck74053,642.0
Truck74099,422.0
Truck74076,546.0
Truck74088,488.0
Truck74090,486.0
Truck74058,649.0
Truck74080,544.0
Truck74085,523.0
Truck74082,546.0
Truck74067,631.0
Truck74109,426.0
Truck74096,495.0
Truck74086,546.0
Truck74077,606.0
Truck74111,437.0
Truck74079,599.0
Truck74069,660.0
Truck74078,615.0
Truck74070,657.0
Truck74081,603.0
Truck74108,472.0
Truck74117,433.0
Truck74105,496.0
Truck74128,383.0
Truck74097,543.0
Truck74107,503.0
Truck74110,489.0
Truck74092,580.0
Truck74083,633.0
Truck74103,534.0
Truck74129,408.0
Truck74087,620.0
Truck74098,571.0
Truck74116,488.0
Truck74091,617.0
Truck74089,634.0
Truck74106,552.0
Truck74114,512.0
Truck74104,568.0
Truck74100,604.0
Truck74102,601.0
Truck74131,458.0
Truck74093,649.0
Truck74138,426.0
Truck74125,493.0
Truck74113,557.0
Truck74112,567.0
Truck74094,674.0
Truck74141,440.0
Truck74115,571.0
Truck74144,443.0
Truck74120,565.0
Truck74122,563.0
Truck74158,383.0
Truck74132,521.0
Truck74145,456.0
Truck74162,386.0
Truck74130,548.0
Truck74123,585.0
Truck74137,524.0
Truck74143,496.0
Truck74149,467.0
Truck74150,462.0
Truck74127,580.0
Truck74134,563.0
Truck74157,451.0
Truck74124,627.0
Truck74139,558.0
Truck74142,546.0
Truck74121,663.0
Truck74119,675.0
Truck74135,601.0
Truck74118,690.0
Truck74152,520.0
Truck74154,511.0
Truck74165,460.0
Truck74136,616.0
Truck74159,501.0
Truck74126,671.0
Truck74147,576.0
Truck74148,572.0
Truck74133,652.0
Truck74164,504.0
Truck74140,631.0
Truck74185,411.0
Truck74182,429.0
Truck74161,537.0
Truck74153,587.0
Truck74151,602.0
Truck74155,583.0
Truck74095,884.0
Truck74186,433.0
Truck74163,550.0
Truck74194,416.0
Truck74197,414.0
Truck74156,632.0
Truck74201,408.0
Truck74146,686.0
Truck74169,581.0
Truck74180,526.0
Truck74206,397.0
Truck74168,594.0
Truck74171,596.0
Truck74179,556.0
Truck74183,537.0
Truck74189,507.0
Truck74173,588.0
Truck74181,549.0
Truck74170,615.0
Truck74172,615.0
Truck74175,602.0
Truck74167,654.0
Truck74187,558.0
Truck74174,632.0
Truck74204,491.0
Truck74209,467.0
Truck74200,522.0
Truck74177,641.0
Truck74198,539.0
Truck74217,444.0
Truck74228,398.0
Truck74243,325.0
Truck74166,716.0
Truck74184,627.0
Truck74188,608.0
Truck74202,539.0
Truck74229,404.0
Truck74191,597.0
Truck74190,605.0
Truck74222,445.0
Truck74160,759.0
Truck74199,569.0
Truck74211,519.0
Truck74224,461.0
Truck74221,479.0
Truck74227,449.0
Truck74230,434.0
Truck74213,526.0
Truck74195,622.0
Truck74203,585.0
Truck74196,637.0
Truck74235,448.0
Truck74193,660.0
Truck74178,736.0
Truck74250,376.0
Truck74176,751.0
Truck74205,620.0
Truck74212,586.0
Truck74244,429.0
Truck74208,630.0
Truck74241,466.0
Truck74218,582.0
Truck74220,573.0
Truck74215,607.0
Truck74219,588.0
Truck74233,523.0
Truck74245,463.0
Truck74238,500.0
Truck74251,440.0
Truck74234,534.0
Truck74232,559.0
Truck74214,650.0
Truck74277,348.0
Truck74210,685.0
Truck74226,606.0
Truck74248,497.0
Truck74216,658.0
Truck74237,561.0
Truck74257,463.0
Truck74252,493.0
Truck74192,798.0
Truck74253,493.0
Truck74207,727.0
Truck74231,633.0
Truck74254,522.0
Truck74242,583.0
Truck74246,567.0
Truck74264,490.0
Truck74265,485.0
Truck74283,398.0
Truck74236,638.0
Truck74268,484.0
Truck74247,593.0
Truck74272,468.0
Truck74259,536.0
Truck74239,641.0
Truck74225,712.0
Truck74256,564.0
Truck74223,748.0
Truck74275,496.0
Truck74262,565.0
Truck74281,475.0
Truck74282,476.0
Truck74260,590.0
Truck74267,555.0
Truck74270,541.0
Truck74278,509.0
Truck74284,483.0
Truck74261,601.0
Truck74266,580.0
Truck74297,427.0
Truck74269,568.0
Truck74258,628.0
Truck74240,719.0
Truck74289,497.0
Truck74280,550.0
Truck74290,501.0
Truck74305,426.0
Truck74293,497.0
Truck74274,603.0
Truck74295,500.0
Truck74287,542.0
Truck74273,614.0
Truck74271,629.0
Truck74279,597.0
Truck74286,569.0
Truck74301,501.0
Truck74319,417.0
Truck74249,768.0
Truck74303,501.0
Truck74263,706.0
Truck74298,535.0
Truck74296,547.0
Truck74299,532.0
Truck74314,459.0
Truck74276,656.0
Truck74300,538.0
Truck74328,402.0
Truck74331,397.0
Truck74255,790.0
Truck74288,625.0
Truck74315,496.0
Truck74322,464.0
Truck74317,497.0
Truck74302,578.0
Truck74309,543.0
Truck74294,622.0
Truck74292,633.0
Truck74325,475.0
Truck74311,546.0
Truck74316,522.0
Truck74338,418.0
Truck74312,550.0
Truck74308,577.0
Truck74291,667.0
Truck74327,490.0
Truck74321,524.0
Truck74353,364.0
Truck74304,616.0
Truck74330,492.0
Truck74346,419.0
Truck74313,589.0
Truck74285,731.0
Truck74336,486.0
Truck74332,509.0
Truck74326,551.0
Truck74324,564.0
Truck74329,542.0
Truck74335,516.0
Truck74351,438.0
Truck74339,507.0
Truck74342,493.0
Truck74360,406.0
Truck74306,678.0
Truck74318,627.0
Truck74334,554.0
Truck74344,507.0
Truck74349,490.0
Truck74307,706.0
Truck74345,517.0
Truck74350,494.0
Truck74310,701.0
Truck74333,590.0
Truck74320,661.0
Truck74323,651.0
Truck74348,529.0
Truck74337,591.0
Truck74340,584.0
Truck74355,512.0
Truck74373,440.0
Truck74356,532.0
Truck74343,600.0
Truck74352,560.0
Truck74363,520.0
Truck74341,632.0
Truck74380,441.0
Truck74362,535.0
Truck74357,561.0
Truck74354,578.0
Truck74384,437.0
Truck74368,519.0
Truck74369,519.0
Truck74396,384.0
Truck74374,496.0
Truck74383,452.0
Truck74347,634.0
Truck74358,586.0
Truck74365,560.0
Truck74359,598.0
Truck74366,569.0
Truck74361,601.0
Truck74378,517.0
Truck74364,589.0
Truck74370,560.0
Truck74372,553.0
Truck74375,552.0
Truck74398,438.0
Truck74393,472.0
Truck74367,605.0
Truck74400,441.0
Truck74390,496.0
Truck74399,468.0
Truck74403,459.0
Truck74394,514.0
Truck74387,551.0
Truck74411,431.0
Truck74397,504.0
Truck74371,636.0
Truck74389,561.0
Truck74391,557.0
Truck74395,538.0
Truck74388,576.0
Truck74385,602.0
Truck74401,527.0
Truck74382,633.0
Truck74402,551.0
Truck74386,636.0
Truck74408,533.0
Truck74424,458.0
Truck74377,697.0
Truck74410,537.0
Truck74417,503.0
Truck74406,559.0
Truck74381,687.0
Truck74407,559.0
Truck74425,479.0
Truck74409,563.0
Truck74413,543.0
Truck74392,656.0
Truck74418,527.0
Truck74379,732.0
Truck74431,479.0
Truck74419,542.0
Truck74412,578.0
Truck74420,541.0
Truck74421,543.0
Truck74448,418.0
Truck74404,641.0
Truck74405,642.0
Truck74430,517.0
Truck74426,540.0
Truck74433,505.0
Truck74414,629.0
Truck74462,391.0
Truck74428,564.0
Truck74429,559.0
Truck74432,550.0
Truck74445,492.0
Truck74436,539.0
Truck74415,658.0
Truck74423,626.0
Truck74437,574.0
Truck74376,888.0
Truck74447,538.0
Truck74472,413.0
Truck74450,524.0
Truck74451,522.0
Truck74422,672.0
Truck74438,592.0
Truck74434,613.0
Truck74439,590.0
Truck74459,491.0
Truck74453,532.0
Truck74463,486.0
Truck74460,503.0
Truck74441,601.0
Truck74416,729.0
Truck74461,504.0
Truck74427,684.0
Truck74456,539.0
Truck74487,387.0
Truck74455,548.0
Truck74452,570.0
Truck74442,623.0
Truck74449,595.0
Truck74502,330.0
Truck74435,668.0
Truck74474,478.0
Truck74468,515.0
Truck74476,475.0
Truck74464,537.0
Truck74499,367.0
Truck74470,513.0
Truck74446,637.0
Truck74469,523.0
Truck74444,662.0
Truck74454,617.0
Truck74481,482.0
Truck74465,565.0
Truck74443,676.0
Truck74473,533.0
Truck74440,701.0
Truck74478,515.0
Truck74507,388.0
Truck74458,640.0
Truck74485,514.0
Truck74505,426.0
Truck74467,619.0
Truck74506,424.0
Truck74493,496.0
Truck74496,482.0
Truck74497,481.0
Truck74466,638.0
Truck74477,586.0
Truck74495,502.0
Truck74471,634.0
Truck74484,572.0
Truck74482,599.0
Truck74457,725.0
Truck74475,644.0
Truck74490,573.0
Truck74480,625.0
Truck74483,612.0
Truck74504,510.0
Truck74501,528.0
Truck74514,463.0
Truck74527,416.0
Truck74503,537.0
Truck74488,613.0
Truck74498,567.0
Truck74486,629.0
Truck74513,494.0
Truck74515,495.0
Truck74516,497.0
Truck74525,457.0
Truck74523,470.0
Truck74531,433.0
Truck74491,641.0
Truck74492,642.0
Truck74533,453.0
Truck74508,587.0
Truck74509,586.0
Truck74524,511.0
Truck74538,444.0
Truck74542,426.0
Truck74512,579.0
Truck74517,558.0
Truck74529,501.0
Truck74520,549.0
Truck74494,689.0
Truck74522,551.0
Truck74530,517.0
Truck74479,778.0
Truck74489,730.0
Truck74526,555.0
Truck74519,612.0
Truck74552,449.0
Truck74547,478.0
Truck74543,500.0
Truck74532,562.0
Truck74558,433.0
Truck74518,634.0
Truck74535,560.0
Truck74550,486.0
Truck74561,431.0
Truck74511,684.0
Truck74544,525.0
Truck74528,607.0
Truck74510,698.0
Truck74554,478.0
Truck74566,419.0
Truck74539,559.0
Truck74551,516.0
Truck74553,510.0
Truck74521,673.0
Truck74548,545.0
Truck74555,514.0
Truck74560,497.0
Truck74500,798.0
Truck74559,513.0
Truck74534,639.0
Truck74574,441.0
Truck74568,474.0
Truck74541,612.0
Truck74584,398.0
Truck74589,375.0
Truck74536,657.0
Truck74575,462.0
Truck74545,618.0
Truck74546,617.0
Truck74576,471.0
Truck74567,519.0
Truck74573,503.0
Truck74549,625.0
Truck74564,550.0
Truck74582,460.0
Truck74537,686.0
Truck74593,412.0
Truck74581,485.0
Truck74565,567.0
Truck74563,578.0
Truck74590,443.0
Truck74572,536.0
Truck74556,617.0
Truck74579,507.0
Truck74583,497.0
Truck74557,637.0
Truck74596,451.0
Truck74540,738.0
Truck74592,478.0
Truck74586,515.0
Truck74598,456.0
Truck74571,593.0
Truck74577,575.0
Truck74620,361.0
Truck74570,618.0
Truck74595,497.0
Truck74605,468.0
Truck74602,487.0
Truck74580,599.0
Truck74604,489.0
Truck74569,665.0
Truck74601,517.0
Truck74615,456.0
Truck74612,474.0
Truck74591,603.0
Truck74587,624.0
Truck74599,566.0
Truck74594,592.0
Truck74617,484.0
Truck74648,340.0
Truck74610,539.0
Truck74606,569.0
Truck74629,454.0
Truck74614,530.0
Truck74621,496.0
Truck74607,574.0
Truck74600,611.0
Truck74585,688.0
Truck74578,726.0
Truck74588,676.0
Truck74651,361.0
Truck74611,570.0
Truck74613,564.0
Truck74562,821.0
Truck74625,510.0
Truck74618,546.0
Truck74619,544.0
Truck74657,361.0
Truck74638,465.0
Truck74609,616.0
Truck74628,527.0
Truck74603,656.0
Truck74624,553.0
Truck74640,475.0
Truck74658,389.0
Truck74597,695.0
Truck74630,536.0
Truck74608,654.0
Truck74633,535.0
Truck74634,533.0
Truck74627,576.0
Truck74631,574.0
Truck74642,521.0
Truck74661,426.0
Truck74637,550.0
Truck74632,580.0
Truck74649,498.0
Truck74616,666.0
Truck74639,555.0
Truck74636,576.0
Truck74626,628.0
Truck74645,550.0
Truck74622,683.0
Truck74650,543.0
Truck74660,504.0
Truck74667,470.0
Truck74652,550.0
Truck74643,601.0
Truck74684,402.0
Truck74679,433.0
Truck74646,600.0
Truck74653,573.0
Truck74659,544.0
Truck74635,665.0
Truck74641,637.0
Truck74678,454.0
Truck74689,404.0
Truck74623,743.0
Truck74676,478.0
Truck74656,585.0
Truck74669,520.0
Truck74691,414.0
Truck74672,526.0
Truck74663,575.0
Truck74673,531.0
Truck74665,577.0
Truck74674,532.0
Truck74675,530.0
Truck74662,600.0
Truck74682,501.0
Truck74668,575.0
Truck74693,457.0
Truck74644,706.0
Truck74706,398.0
Truck74690,487.0
Truck74654,668.0
Truck74664,620.0
Truck74692,488.0
Truck74670,603.0
Truck74713,403.0
Truck74655,698.0
Truck74680,580.0
Truck74700,481.0
Truck74671,634.0
Truck74647,755.0
Truck74683,575.0
Truck74687,559.0
Truck74666,666.0
Truck74677,614.0
Truck74705,492.0
Truck74714,466.0
Truck74688,597.0
Truck74698,556.0
Truck74711,496.0
Truck74686,623.0
Truck74681,649.0
Truck74699,563.0
Truck74721,454.0
Truck74702,559.0
Truck74720,471.0
Truck74728,439.0
Truck74701,588.0
Truck74707,558.0
Truck74685,671.0
Truck74704,590.0
Truck74740,410.0
Truck74710,562.0
Truck74726,495.0
Truck74695,652.0
Truck74736,450.0
Truck74697,647.0
Truck74694,664.0
Truck74723,519.0
Truck74696,667.0
Truck74719,559.0
Truck74748,415.0
Truck74747,427.0
Truck74722,553.0
Truck74730,525.0
Truck74718,591.0
Truck74742,476.0
Truck74743,471.0
Truck74738,508.0
Truck74703,686.0
Truck74727,571.0
Truck74729,578.0
Truck74746,500.0
Truck74749,489.0
Truck74737,559.0
Truck74733,596.0
Truck74770,411.0
Truck74712,706.0
Truck74734,597.0
Truck74752,507.0
Truck74764,447.0
Truck74716,688.0
Truck74751,513.0
Truck74750,519.0
Truck74765,444.0
Truck74709,725.0
Truck74725,645.0
Truck74717,686.0
Truck74744,554.0
Truck74731,625.0
Truck74708,741.0
Truck74774,423.0
Truck74784,392.0
Truck74724,702.0
Truck74757,544.0
Truck74777,447.0
Truck74715,758.0
Truck74789,400.0
Truck74760,548.0
Truck74756,570.0
Truck74771,499.0
Truck74778,469.0
Truck74768,520.0
Truck74753,596.0
Truck74772,510.0
Truck74773,505.0
Truck74775,500.0
Truck74779,481.0
Truck74745,653.0
Truck74735,716.0
Truck74758,604.0
Truck74881,454.0
Truck74886,440.0
Truck74887,485.0
Truck74884,504.0
Truck74894,459.0
Truck74892,485.0
Truck74890,497.0
Truck74891,504.0
Truck74905,436.0
Truck74898,473.0
Truck74883,570.0
Truck74893,520.0
Truck74902,479.0
Truck74880,595.0
Truck74900,519.0
Truck74915,444.0
Truck74885,595.0
Truck74896,544.0
Truck74909,486.0
Truck74910,494.0
Truck74912,500.0
Truck74889,623.0
Truck74922,460.0
Truck74919,479.0
Truck74895,610.0
Truck74920,488.0
Truck74904,571.0
Truck74913,527.0
Truck74907,561.0
Truck74897,612.0
Truck74921,493.0
Truck74929,455.0
Truck74928,461.0
Truck74925,477.0
Truck74944,387.0
Truck74933,448.0
Truck74901,625.0
Truck74957,347.0
Truck74926,513.0
Truck74941,440.0
Truck74940,451.0
Truck74931,498.0
Truck74903,639.0
Truck74882,746.0
Truck74899,662.0
Truck74917,572.0
Truck74937,477.0
Truck74930,514.0
Truck74924,545.0
Truck74908,628.0
Truck74906,639.0
Truck74939,483.0
Truck74923,572.0
Truck74918,603.0
Truck74942,484.0
Truck74911,641.0
Truck74934,527.0
Truck74927,587.0
Truck74945,501.0
Truck74946,503.0
Truck74967,403.0
Truck74935,571.0
Truck74936,575.0
Truck74964,436.0
Truck74958,484.0
Truck74952,519.0
Truck74954,509.0
Truck74888,840.0
Truck74963,467.0
Truck74916,706.0
Truck74972,426.0
Truck74932,627.0
Truck74943,578.0
Truck74973,438.0
Truck74914,735.0
Truck74966,483.0
Truck74956,544.0
Truck74950,582.0
Truck74970,487.0
Truck74947,603.0
Truck74948,603.0
Truck74951,589.0
Truck74949,617.0
Truck74938,675.0
Truck74962,558.0
Truck74960,571.0
Truck74959,581.0
Truck74974,521.0
Truck74961,590.0
Truck74993,433.0
Truck74953,636.0
Truck74971,547.0
Truck74965,579.0
Truck74977,527.0
Truck74975,540.0
Truck75001,415.0
Truck74968,582.0
Truck74969,581.0
Truck74998,436.0
Truck75004,406.0
Truck74987,496.0
Truck74983,518.0
Truck74994,478.0
Truck74976,574.0
Truck74979,566.0
Truck74986,532.0
Truck74988,525.0
Truck74981,573.0
Truck74955,720.0
Truck74985,578.0
Truck74996,523.0
Truck74992,545.0
Truck75006,476.0
Truck74984,595.0
Truck74978,629.0
Truck74991,568.0
Truck75002,521.0
Truck75000,534.0
Truck75003,526.0
Truck75007,513.0
Truck75013,485.0
Truck75030,402.0
Truck75005,534.0
Truck75018,473.0
Truck75014,497.0
Truck75011,513.0
Truck74990,622.0
Truck75012,517.0
Truck75024,458.0
Truck75010,532.0
Truck74980,688.0
Truck75016,508.0
Truck75020,490.0
Truck75022,494.0
Truck75027,475.0
Truck75017,527.0
Truck75019,517.0
Truck75009,586.0
Truck74989,688.0
Truck74997,658.0
Truck75033,482.0
Truck75046,417.0
Truck75044,429.0
Truck75029,515.0
Truck75025,544.0
Truck75039,489.0
Truck75038,497.0
Truck75031,535.0
Truck75034,522.0
Truck75043,491.0
Truck75059,413.0
Truck74982,802.0
Truck74995,738.0
Truck75008,677.0
Truck75023,609.0
Truck75021,627.0
Truck75042,525.0
Truck75053,478.0
Truck75063,433.0
Truck75047,514.0
Truck75028,614.0
Truck75045,533.0
Truck75036,579.0
Truck75057,475.0
Truck75067,428.0
Truck75035,592.0
Truck75054,504.0
Truck75056,494.0
Truck75058,485.0
Truck75060,477.0
Truck75068,438.0
Truck75069,449.0
Truck75089,350.0
Truck74999,809.0
Truck75055,531.0
Truck75040,607.0
Truck75062,509.0
Truck75051,569.0
Truck75041,625.0
Truck75049,590.0
Truck75026,712.0
Truck75048,603.0
Truck75074,481.0
Truck75078,465.0
Truck75070,506.0
Truck75075,482.0
Truck75015,806.0
Truck75066,559.0
Truck75077,504.0
Truck75079,495.0
Truck75086,468.0
Truck75076,520.0
Truck75037,720.0
Truck75072,548.0
Truck75065,586.0
Truck75071,564.0
Truck75050,675.0
Truck75098,445.0
Truck75083,528.0
Truck75088,503.0
Truck75073,584.0
Truck75104,435.0
Truck75092,504.0
Truck75080,567.0
Truck75099,473.0
Truck75112,408.0
Truck75064,676.0
Truck75121,395.0
Truck75096,522.0
Truck75081,602.0
Truck75113,447.0
Truck75084,595.0
Truck75061,716.0
Truck75110,486.0
Truck75119,448.0
Truck75094,574.0
Truck75108,506.0
Truck75032,897.0
Truck75097,575.0
Truck75090,616.0
Truck75109,523.0
Truck75125,452.0
Truck75118,499.0
Truck75103,575.0
Truck75093,640.0
Truck75111,558.0
Truck75116,540.0
Truck75126,493.0
Truck75102,614.0
Truck75082,715.0
Truck75091,671.0
Truck75101,625.0
Truck75087,696.0
Truck75120,533.0
Truck75133,472.0
Truck75137,452.0
Truck75122,535.0
Truck75123,532.0
Truck75117,568.0
Truck75124,539.0
Truck75129,514.0
Truck75100,662.0
Truck75052,903.0
Truck75095,691.0
Truck75107,632.0
Truck75105,644.0
Truck75128,532.0
Truck75130,528.0
Truck75114,612.0
Truck75106,653.0
Truck75132,525.0
Truck75158,400.0
Truck75085,766.0
Truck75135,525.0
Truck75143,488.0
Truck75142,511.0
Truck75145,496.0
Truck75136,557.0
Truck75146,508.0
Truck75147,503.0
Truck75151,485.0
Truck75144,521.0
Truck75134,585.0
Truck75131,602.0
Truck75141,554.0
Truck75153,498.0
Truck75164,445.0
Truck75188,333.0
Truck75155,502.0
Truck75163,463.0
Truck75138,595.0
Truck75156,507.0
Truck75161,509.0
Truck75162,511.0
Truck75127,689.0
Truck75150,588.0
Truck75140,651.0
Truck75148,613.0
Truck75152,594.0
Truck75170,504.0
Truck75157,586.0
Truck75115,797.0
Truck75172,512.0
Truck75160,575.0
Truck75187,443.0
Truck75175,513.0
Truck75168,556.0
Truck75178,506.0
Truck75165,573.0
Truck75154,632.0
Truck75159,620.0
Truck75186,495.0
Truck75189,483.0
Truck75166,605.0
Truck75173,572.0
Truck75139,747.0
Truck75199,450.0
Truck75196,470.0
Truck75167,619.0
Truck75171,601.0
Truck75149,715.0
Truck75185,535.0
Truck75184,542.0
Truck75176,585.0
Truck75179,577.0
Truck75195,497.0
Truck75214,407.0
Truck75183,569.0
Truck75202,482.0
Truck75192,535.0
Truck75182,590.0
Truck75181,601.0
Truck75204,488.0
Truck75212,452.0
Truck75201,513.0
Truck75169,674.0
Truck75180,621.0
Truck75205,520.0
Truck75218,455.0
Truck75177,662.0
Truck75209,502.0
Truck75190,598.0
Truck75200,549.0
Truck75211,502.0
Truck75193,601.0
Truck75221,463.0
Truck75194,601.0
Truck75215,496.0
Truck75226,442.0
Truck75220,487.0
Truck75222,479.0
Truck75191,636.0
Truck75174,723.0
Truck75206,577.0
Truck75224,488.0
Truck75197,626.0
Truck75240,412.0
Truck75210,572.0
Truck75213,560.0
Truck75248,390.0
Truck75217,549.0
Truck75203,627.0
Truck75250,401.0
Truck75252,401.0
Truck75241,459.0
Truck75233,508.0
Truck75208,643.0
Truck75207,649.0
Truck75257,399.0
Truck75230,535.0
Truck75216,612.0
Truck75229,568.0
Truck75228,577.0
Truck75249,475.0
Truck75219,629.0
Truck75253,480.0
Truck75236,571.0
Truck75259,462.0
Truck75232,598.0
Truck75225,641.0
Truck75238,577.0
Truck75223,659.0
Truck75198,796.0
Truck75274,419.0
Truck75256,513.0
Truck75275,420.0
Truck75227,662.0
Truck75270,448.0
Truck75255,525.0
Truck75239,611.0
Truck75235,646.0
Truck75261,516.0
Truck75245,603.0
Truck75277,444.0
Truck75264,510.0
Truck75254,570.0
Truck75266,521.0
Truck75278,462.0
Truck75247,620.0
Truck75269,510.0
Truck75237,671.0
Truck75263,542.0
Truck75293,392.0
Truck75287,426.0
Truck75234,693.0
Truck75280,477.0
Truck75242,669.0
Truck75231,736.0
Truck75297,407.0
Truck75283,480.0
Truck75243,683.0
Truck75295,425.0
Truck75244,683.0
Truck75265,581.0
Truck75284,487.0
Truck75271,554.0
Truck75273,549.0
Truck75268,577.0
Truck75246,697.0
Truck75260,634.0
Truck75251,688.0
Truck75276,568.0
Truck75262,643.0
Truck75285,532.0
Truck75294,490.0
Truck75307,426.0
Truck75272,602.0
Truck75304,444.0
Truck75282,558.0
Truck75267,634.0
Truck75290,534.0
Truck75327,353.0
Truck75298,500.0
Truck75331,337.0
Truck75313,433.0
Truck75296,520.0
Truck75281,610.0
Truck75258,730.0
Truck75286,591.0
Truck75288,581.0
Truck75300,527.0
Truck75299,540.0
Truck75316,465.0
Truck75302,537.0
Truck75326,425.0
Truck75306,527.0
Truck75317,473.0
Truck75338,393.0
Truck75292,624.0
Truck75321,482.0
Truck75332,428.0
Truck75345,365.0
Truck75303,577.0
Truck75318,503.0
Truck75334,429.0
Truck75279,711.0
Truck75305,588.0
Truck75320,513.0
Truck75324,494.0
Truck75340,423.0
Truck75310,582.0
Truck75291,684.0
Truck75312,587.0
Truck75335,478.0
Truck75314,589.0
Truck75289,718.0
Truck75344,445.0
Truck75333,501.0
Truck75311,614.0
Truck75301,674.0
Truck75328,555.0
Truck75315,621.0
Truck75322,588.0
Truck75342,489.0
Truck75351,452.0
Truck75352,451.0
Truck75319,620.0
Truck75323,601.0
Truck75350,470.0
Truck75347,487.0
Truck75325,600.0
Truck75341,520.0
Truck75362,423.0
Truck75358,447.0
Truck75337,567.0
Truck75377,367.0
Truck75374,392.0
Truck75309,724.0
Truck75329,633.0
Truck75349,535.0
Truck75308,747.0
Truck75359,503.0
Truck75346,579.0
Truck75336,632.0
Truck75370,464.0
Truck75354,547.0
Truck75366,487.0
Truck75353,553.0
Truck75371,467.0
Truck75361,530.0
Truck75373,476.0
Truck75343,632.0
Truck75379,455.0
Truck75330,701.0
Truck75360,553.0
Truck75363,552.0
Truck75357,595.0
Truck75381,485.0
Truck75355,621.0
Truck75339,715.0
Truck75348,678.0
Truck75367,583.0
Truck75364,611.0
Truck75378,541.0
Truck75356,659.0
Truck75387,510.0
Truck75393,482.0
Truck75394,479.0
Truck75375,597.0
Truck75404,456.0
Truck75389,535.0
Truck75392,520.0
Truck75386,551.0
Truck75369,640.0
Truck75411,430.0
Truck75368,646.0
Truck75388,548.0
Truck75405,463.0
Truck75372,632.0
Truck75390,542.0
Truck75399,499.0
Truck75402,491.0
Truck75398,512.0
Truck75406,475.0
Truck75423,400.0
Truck75407,493.0
Truck75395,554.0
Truck75365,710.0
Truck75382,625.0
Truck75391,583.0
Truck75414,475.0
Truck75426,416.0
Truck75383,633.0
Truck75397,563.0
Truck75408,513.0
Truck75400,554.0
Truck75427,434.0
Truck75435,401.0
Truck75412,519.0
Truck75413,516.0
Truck75428,461.0
Truck75425,477.0
Truck75417,520.0
Truck75419,512.0
Truck75384,690.0
Truck75396,639.0
Truck75429,477.0
Truck75376,747.0
Truck75385,706.0
Truck75401,626.0
Truck75432,474.0
Truck75409,592.0
Truck75403,624.0
Truck75443,424.0
Truck75380,741.0
Truck75421,553.0
Truck75438,469.0
Truck75434,493.0
Truck75431,514.0
Truck75459,375.0
Truck75415,599.0
Truck75416,604.0
Truck75449,447.0
Truck75424,574.0
Truck75418,621.0
Truck75436,538.0
Truck75433,560.0
Truck75420,627.0
Truck75437,559.0
Truck75448,504.0
Truck75410,699.0
Truck75440,561.0
Truck75439,570.0
Truck75445,541.0
Truck75457,491.0
Truck75472,418.0
Truck75422,675.0
Truck75451,532.0
Truck75454,517.0
Truck75485,362.0
Truck75450,538.0
Truck75469,447.0
Truck75471,443.0
Truck75467,467.0
Truck75452,545.0
Truck75453,549.0
Truck75470,464.0
Truck75478,440.0
Truck75481,442.0
Truck75441,647.0
Truck75447,623.0
Truck75430,710.0
Truck75456,581.0
Truck75466,532.0
Truck75444,655.0
Truck75490,427.0
Truck75464,566.0
Truck75474,522.0
Truck75479,504.0
Truck75486,469.0
Truck75462,591.0
Truck75461,598.0
Truck75442,696.0
Truck75498,421.0
Truck75460,615.0
Truck75493,457.0
Truck75463,613.0
Truck75455,657.0
Truck75506,402.0
Truck75473,569.0
Truck75489,490.0
Truck75525,330.0
Truck75483,547.0
Truck75458,674.0
Truck75475,592.0
Truck75465,652.0
Truck75476,598.0
Truck75503,468.0
Truck75484,566.0
Truck75482,579.0
Truck75491,540.0
Truck75487,580.0
Truck75488,587.0
Truck75446,801.0
Truck75492,573.0
Truck75504,515.0
Truck75507,502.0
Truck75494,570.0
Truck75509,495.0
Truck75495,568.0
Truck75523,432.0
Truck75511,493.0
Truck75468,719.0
Truck75502,559.0
Truck75497,590.0
Truck75542,370.0
Truck75480,683.0
Truck75508,549.0
Truck75505,570.0
Truck75519,500.0
Truck75501,592.0
Truck75500,602.0
Truck75514,538.0
Truck75513,553.0
Truck75477,738.0
Truck75499,631.0
Truck75512,570.0
Truck75517,558.0
Truck75526,522.0
Truck75518,563.0
Truck75524,538.0
Truck75537,477.0
Truck75539,470.0
Truck75529,524.0
Truck75521,569.0
Truck75540,484.0
Truck75516,610.0
Truck75496,711.0
Truck75550,442.0
Truck75520,595.0
Truck75534,538.0
Truck75528,578.0
Truck75515,655.0
Truck75538,541.0
Truck75522,633.0
Truck75532,586.0
Truck75553,490.0
Truck75510,709.0
Truck75552,500.0
Truck75536,582.0
Truck75546,533.0
Truck75568,427.0
Truck75531,614.0
Truck75535,599.0
Truck75547,540.0
Truck75570,427.0
Truck75562,475.0
Truck75572,431.0
Truck75544,572.0
Truck75551,537.0
Truck75527,662.0
Truck75555,527.0
Truck75541,599.0
Truck75543,597.0
Truck75554,543.0
Truck75558,523.0
Truck75533,664.0
Truck75556,552.0
Truck75571,480.0
Truck75580,449.0
Truck75565,527.0
Truck75574,483.0
Truck75548,630.0
Truck75561,565.0
Truck75530,726.0
Truck75563,563.0
Truck75598,391.0
Truck75557,603.0
Truck75575,522.0
Truck75559,613.0
Truck75577,523.0
Truck75560,615.0
Truck75564,600.0
Truck75566,590.0
Truck75578,530.0
Truck75587,485.0
Truck75596,440.0
Truck75549,685.0
Truck75582,526.0
Truck75589,491.0
Truck75573,575.0
Truck75579,557.0
Truck75545,732.0
Truck75569,614.0
Truck75606,429.0
Truck75601,465.0
Truck75604,459.0
Truck75586,554.0
Truck75599,493.0
Truck75607,456.0
Truck75591,541.0
Truck75624,385.0
Truck75592,550.0
Truck75609,472.0
Truck75583,604.0
Truck75600,523.0
Truck75567,691.0
Truck75635,361.0
Truck75605,520.0
Truck75620,451.0
Truck75581,658.0
Truck75588,623.0
Truck75603,554.0
Truck75622,459.0
Truck75639,374.0
Truck75584,652.0
Truck75593,608.0
Truck75594,619.0
Truck75611,538.0
Truck75612,538.0
Truck75633,438.0
Truck75608,564.0
Truck75615,531.0
Truck75576,729.0
Truck75613,548.0
Truck75585,689.0
Truck75618,525.0
Truck75597,638.0
Truck75631,468.0
Truck75614,558.0
Truck75595,656.0
Truck75637,448.0
Truck75640,436.0
Truck75602,628.0
Truck75649,394.0
Truck75621,535.0
Truck75632,480.0
Truck75642,433.0
Truck75626,522.0
Truck75619,565.0
Truck75634,491.0
Truck75623,549.0
Truck75625,540.0
Truck75630,525.0
Truck75617,598.0
Truck75646,458.0
Truck75647,459.0
Truck75628,562.0
Truck75638,517.0
Truck75644,503.0
Truck75658,444.0
Truck75629,590.0
Truck75653,475.0
Truck75590,802.0
Truck75654,483.0
Truck75662,463.0
Truck75655,499.0
Truck75641,572.0
Truck75636,598.0
Truck75691,325.0
Truck75627,650.0
Truck75651,534.0
Truck75616,717.0
Truck75643,590.0
Truck75650,573.0
Truck75645,602.0
Truck75668,491.0
Truck75666,509.0
Truck75665,519.0
Truck75674,475.0
Truck75610,799.0
Truck75648,627.0
Truck75659,574.0
Truck75670,533.0
Truck75685,458.0
Truck75675,511.0
Truck75667,555.0
Truck75661,586.0
Truck75652,641.0
Truck75671,546.0
Truck75684,483.0
Truck75680,511.0
Truck75657,631.0
Truck75660,617.0
Truck75673,552.0
Truck75686,488.0
Truck75672,566.0
Truck75687,499.0
Truck75706,404.0
Truck75702,438.0
Truck75701,461.0
Truck75663,654.0
Truck75656,691.0
Truck75713,407.0
Truck75678,584.0
Truck75697,490.0
Truck75712,420.0
Truck75669,639.0
Truck75699,501.0
Truck75703,481.0
Truck75679,608.0
Truck75683,593.0
Truck75677,634.0
Truck75664,703.0
Truck75718,437.0
Truck75696,548.0
Truck75721,431.0
Truck75682,630.0
Truck75690,595.0
Truck75715,471.0
Truck75723,438.0
Truck75726,436.0
Truck75692,608.0
Truck75739,377.0
Truck75747,363.0
Truck75730,449.0
Truck75731,450.0
Truck75707,572.0
Truck75695,637.0
Truck75688,681.0
Truck75734,452.0
Truck75698,633.0
Truck75711,575.0
Truck75714,566.0
Truck75704,619.0
Truck75722,529.0
Truck75681,736.0
Truck75724,526.0
Truck75689,702.0
Truck75710,598.0
Truck75750,400.0
Truck75729,507.0
Truck75693,699.0
Truck75708,625.0
Truck75735,491.0
Truck75749,427.0
Truck75737,488.0
Truck75732,519.0
Truck75733,517.0
Truck75748,445.0
Truck75694,722.0
Truck75741,494.0
Truck75755,427.0
Truck75725,592.0
Truck75709,674.0
Truck75719,625.0
Truck75720,628.0
Truck75736,551.0
Truck75753,471.0
Truck75676,862.0
Truck75717,658.0
Truck75716,664.0
Truck75743,529.0
Truck75728,607.0
Truck75705,726.0
Truck75745,526.0
Truck75785,346.0
Truck75742,573.0
Truck75740,590.0
Truck75700,817.0
Truck75766,487.0
Truck75754,553.0
Truck75746,598.0
Truck75727,694.0
Truck75738,642.0
Truck75759,538.0
Truck75776,462.0
Truck75762,540.0
Truck75784,433.0
Truck75765,531.0
Truck75775,486.0
Truck75773,507.0
Truck75760,573.0
Truck75761,572.0
Truck75769,532.0
Truck75767,543.0
Truck75757,594.0
Truck75788,453.0
Truck75763,580.0
Truck75752,638.0
Truck75770,554.0
Truck75764,588.0
Truck75758,637.0
Truck75799,434.0
Truck75774,560.0
Truck75777,547.0
Truck75772,573.0
Truck75778,545.0
Truck75786,505.0
Truck75771,584.0
Truck75768,603.0
Truck75789,506.0
Truck75744,734.0
Truck75782,545.0
Truck75779,562.0
Truck75780,567.0
Truck75751,720.0
Truck75801,471.0
Truck75802,470.0
Truck75756,709.0
Truck75790,543.0
Truck75808,455.0
Truck75817,410.0
Truck75803,487.0
Truck75809,462.0
Truck75816,429.0
Truck75792,557.0
Truck75826,387.0
Truck75810,471.0
Truck75795,552.0
Truck75787,610.0
Truck75781,642.0
Truck75823,435.0
Truck75794,583.0
Truck75793,601.0
Truck75783,654.0
Truck75824,452.0
Truck75811,519.0
Truck75806,546.0
Truck75814,514.0
Truck75819,490.0
Truck75797,603.0
Truck75813,533.0
Truck75828,458.0
Truck75815,526.0
Truck75827,473.0
Truck75831,458.0
Truck75812,556.0
Truck75791,662.0
Truck75842,412.0
Truck75825,513.0
Truck75829,493.0
Truck75822,529.0
Truck75834,473.0
Truck75800,644.0
Truck75844,429.0
Truck75796,671.0
Truck75833,504.0
Truck75820,571.0
Truck75854,404.0
Truck75818,601.0
Truck75841,491.0
Truck75805,672.0
Truck75849,452.0
Truck75845,473.0
Truck75837,535.0
Truck75847,485.0
Truck75798,732.0
Truck75838,539.0
Truck75836,561.0
Truck75830,593.0
Truck75855,468.0
Truck75821,639.0
Truck75869,400.0
Truck75846,517.0
Truck75852,487.0
Truck75857,462.0
Truck75850,510.0
Truck75807,726.0
Truck75839,579.0
Truck75843,560.0
Truck75863,460.0
Truck75859,486.0
Truck75866,463.0
Truck75858,510.0
Truck75853,555.0
Truck75865,497.0
Truck75873,459.0
Truck75840,634.0
Truck75862,524.0
Truck75864,517.0
Truck75867,502.0
Truck75851,591.0
Truck75835,689.0
Truck75804,860.0
Truck75879,486.0
Truck75883,467.0
Truck75880,500.0
Truck75889,456.0
Truck75832,760.0
Truck75885,503.0
Truck75905,408.0
Truck75894,464.0
Truck75895,467.0
Truck75884,525.0
Truck75887,511.0
Truck75874,579.0
Truck75878,560.0
Truck75906,422.0
Truck75876,573.0
Truck75888,513.0
Truck75848,734.0
Truck75911,421.0
Truck75868,640.0
Truck75872,622.0
Truck75892,523.0
Truck75903,472.0
Truck75871,635.0
Truck75908,458.0
Truck75856,719.0
Truck75882,591.0
Truck75897,523.0
Truck75861,713.0
Truck75890,571.0
Truck75860,724.0
Truck75919,430.0
Truck75891,573.0
Truck75910,483.0
Truck75899,546.0
Truck75893,583.0
Truck75909,513.0
Truck75913,496.0
Truck75886,650.0
Truck75896,605.0
Truck75900,589.0
Truck75881,685.0
Truck75920,493.0
Truck75877,713.0
Truck75907,570.0
Truck75875,739.0
Truck75915,544.0
Truck75922,514.0
Truck75927,492.0
Truck75943,426.0
Truck75933,483.0
Truck75928,520.0
Truck75963,356.0
Truck75946,442.0
Truck75898,685.0
Truck75930,538.0
Truck75904,671.0
Truck75870,847.0
Truck75932,539.0
Truck75925,577.0
Truck75901,706.0
Truck75918,624.0
Truck75954,445.0
Truck75916,640.0
Truck75951,466.0
Truck75935,550.0
Truck75924,606.0
Truck75938,536.0
Truck75936,551.0
Truck75959,445.0
Truck75948,503.0
Truck75931,591.0
Truck75942,540.0
Truck75926,630.0
Truck75940,564.0
Truck75914,699.0
Truck75902,761.0
Truck75923,658.0
Truck75917,689.0
Truck75944,569.0
Truck75967,461.0
Truck75912,738.0
Truck75929,659.0
Truck75969,465.0
Truck75921,708.0
Truck75958,531.0
Truck75939,629.0
Truck75956,547.0
Truck75972,480.0
Truck75941,642.0
Truck75949,604.0
Truck75975,479.0
Truck75947,620.0
Truck75953,597.0
Truck75973,500.0
Truck75987,432.0
Truck75962,561.0
Truck75964,553.0
Truck75984,456.0
Truck75934,708.0
Truck75945,654.0
Truck75952,622.0
Truck75968,549.0
Truck75971,538.0
Truck75961,601.0
Truck76006,380.0
Truck75989,466.0
Truck75991,456.0
Truck75970,564.0
Truck75965,595.0
Truck75980,520.0
Truck75985,496.0
Truck75988,485.0
Truck75990,479.0
Truck75955,655.0
Truck75974,574.0
Truck75999,451.0
Truck75997,464.0
Truck75976,573.0
Truck75977,578.0
Truck75981,559.0
Truck75982,555.0
Truck75979,574.0
Truck75950,724.0
Truck75992,518.0
Truck76023,363.0
Truck76001,476.0
Truck75960,699.0
Truck76018,414.0
Truck75998,521.0
Truck76002,515.0
Truck75978,638.0
Truck75957,749.0
Truck75937,859.0
Truck75993,580.0
Truck75983,632.0
Truck76047,312.0
Truck76034,384.0
Truck76005,535.0
Truck76013,498.0
Truck75966,737.0
Truck76029,432.0
Truck75996,607.0
Truck76019,497.0
Truck75995,620.0
Truck76032,435.0
Truck76020,497.0
Truck76004,585.0
Truck76024,486.0
Truck76026,477.0
Truck76021,519.0
Truck76000,628.0
Truck76015,557.0
Truck75986,703.0
Truck76038,446.0
Truck76003,630.0
Truck76007,622.0
Truck76017,574.0
Truck76040,467.0
Truck76009,626.0
Truck76031,517.0
Truck76028,533.0
Truck76035,499.0
Truck76037,491.0
Truck76042,470.0
Truck76055,420.0
Truck76016,622.0
Truck76014,636.0
Truck76022,599.0
Truck75994,742.0
Truck76050,465.0
Truck76036,540.0
Truck76011,666.0
Truck76027,590.0
Truck76039,554.0
Truck76025,626.0
Truck76063,436.0
Truck76056,475.0
Truck76058,468.0
Truck76049,519.0
Truck76048,525.0
Truck76060,475.0
Truck76010,730.0
Truck76057,499.0
Truck76071,437.0
Truck76008,755.0
Truck76067,466.0
Truck76062,505.0
Truck76033,651.0
Truck76045,595.0
Truck76012,766.0
Truck76030,687.0
Truck76066,510.0
Truck76054,576.0
Truck76052,593.0
Truck76068,514.0
Truck76076,480.0
Truck76080,462.0
Truck76053,598.0
Truck76072,511.0
Truck76041,671.0
Truck76069,532.0
Truck76083,462.0
Truck76084,479.0
Truck76043,690.0
Truck76086,475.0
Truck76073,545.0
Truck76078,536.0
Truck76061,634.0
Truck76075,565.0
Truck76064,622.0
Truck76096,462.0
Truck76079,560.0
Truck76051,701.0
Truck76085,534.0
Truck76044,742.0
Truck76097,485.0
Truck76090,521.0
Truck76114,416.0
Truck76113,438.0
Truck76059,709.0
Truck76077,628.0
Truck76109,477.0
Truck76118,436.0
Truck76101,522.0
Truck76124,407.0
Truck76107,493.0
Truck76106,510.0
Truck76105,520.0
Truck76082,642.0
Truck76091,597.0
Truck76104,538.0
Truck76087,624.0
Truck76074,697.0
Truck76098,579.0
Truck76120,469.0
Truck76092,614.0
Truck76100,576.0
Truck76093,617.0
Truck76095,608.0
Truck76126,453.0
Truck76137,402.0
Truck76081,686.0
Truck76132,437.0
Truck76121,493.0
Truck76108,563.0
Truck76094,634.0
Truck76103,591.0
Truck76070,758.0
Truck76144,394.0
Truck76088,678.0
Truck76065,796.0
Truck76143,409.0
Truck76110,575.0
Truck76117,541.0
Truck76130,495.0
Truck76129,513.0
Truck76123,550.0
Truck76111,611.0
Truck76122,563.0
Truck76089,729.0
Truck76151,419.0
Truck76099,683.0
Truck76139,484.0
Truck76127,552.0
Truck76134,525.0
Truck76140,497.0
Truck76046,968.0
Truck76102,691.0
Truck76157,416.0
Truck76138,516.0
Truck76116,632.0
Truck76153,449.0
Truck76133,550.0
Truck76125,593.0
Truck76141,516.0
Truck76112,664.0
Truck76147,496.0
Truck76152,480.0
Truck76115,674.0
Truck76135,574.0
Truck76131,603.0
Truck76155,483.0
Truck76164,438.0
Truck76172,408.0
Truck76154,499.0
Truck76161,465.0
Truck76145,554.0
Truck76146,551.0
Truck76160,481.0
Truck76136,604.0
Truck76167,464.0
Truck76119,705.0
Truck76148,583.0
Truck76128,684.0
Truck76156,546.0
Truck76163,511.0
Truck76190,395.0
Truck76159,552.0
Truck76158,561.0
Truck76150,606.0
Truck76149,612.0
Truck76173,493.0
Truck76207,327.0
Truck76142,672.0
Truck76193,421.0
Truck76166,562.0
Truck76177,513.0
Truck76189,467.0
Truck76181,515.0
Truck76194,459.0
Truck76188,491.0
Truck76217,346.0
Truck76176,558.0
Truck76192,478.0
Truck76204,426.0
Truck76198,458.0
Truck76171,599.0
Truck76169,614.0
Truck76170,609.0
Truck76179,567.0
Truck76203,447.0
Truck76209,425.0
Truck76202,466.0
Truck76199,488.0
Truck76185,559.0
Truck76184,578.0
Truck76218,417.0
Truck76211,462.0
Truck76187,593.0
Truck76168,694.0
Truck76200,534.0
Truck76182,627.0
Truck76191,583.0
Truck76175,666.0
Truck76196,566.0
Truck76197,566.0
Truck76180,659.0
Truck76221,457.0
Truck76233,398.0
Truck76237,384.0
Truck76222,461.0
Truck76178,685.0
Truck76174,712.0
Truck76186,652.0
Truck76223,475.0
Truck76162,786.0
Truck76210,548.0
Truck76325,468.0
Truck76344,376.0
Truck76327,466.0
Truck76342,394.0
Truck76330,468.0
Truck76328,489.0
Truck76321,537.0
Truck76322,535.0
Truck76335,476.0
Truck76329,509.0
Truck76331,502.0
Truck76348,423.0
Truck76320,567.0
Truck76332,527.0
Truck76345,464.0
Truck76356,414.0
Truck76353,436.0
Truck76347,474.0
Truck76339,521.0
Truck76326,589.0
Truck76323,608.0
Truck76349,489.0
Truck76350,484.0
Truck76338,558.0
Truck76340,552.0
Truck76351,503.0
Truck76333,599.0
Truck76336,588.0
Truck76346,546.0
Truck76374,407.0
Truck76364,461.0
Truck76337,598.0
Truck76379,390.0
Truck76385,368.0
Truck76361,489.0
Truck76370,452.0
Truck76355,528.0
Truck76334,637.0
Truck76373,454.0
Truck76324,700.0
Truck76363,519.0
Truck76368,508.0
Truck76352,592.0
Truck76341,651.0
Truck76354,591.0
Truck76343,647.0
Truck76395,388.0
Truck76367,536.0
Truck76358,582.0
Truck76359,580.0
Truck76383,465.0
Truck76380,485.0
Truck76377,510.0
Truck76366,575.0
Truck76357,627.0
Truck76390,464.0
Truck76392,466.0
Truck76369,586.0
Truck76382,527.0
Truck76408,416.0
Truck76410,425.0
Truck76365,652.0
Truck76371,626.0
Truck76376,604.0
Truck76432,324.0
Truck76378,605.0
Truck76375,621.0
Truck76405,471.0
Truck76407,470.0
Truck76386,576.0
Truck76399,512.0
Truck76362,698.0
Truck76414,440.0
Truck76372,678.0
Truck76360,741.0
Truck76388,602.0
Truck76389,601.0
Truck76412,487.0
Truck76409,505.0
Truck76424,430.0
Truck76413,487.0
Truck76403,540.0
Truck76431,417.0
Truck76393,608.0
Truck76436,395.0
Truck76429,432.0
Truck76430,427.0
Truck76421,479.0
Truck76381,680.0
Truck76387,654.0
Truck76415,518.0
Truck76426,466.0
Truck76411,547.0
Truck76396,624.0
Truck76402,604.0
Truck76422,509.0
Truck76427,486.0
Truck76401,617.0
Truck76417,542.0
Truck76398,642.0
Truck76419,546.0
Truck76449,397.0
Truck76428,503.0
Truck76416,573.0
Truck76404,640.0
Truck76420,561.0
Truck76444,450.0
Truck76400,671.0
Truck76445,449.0
Truck76397,694.0
Truck76394,710.0
Truck76437,508.0
Truck76433,548.0
Truck76384,795.0
Truck76425,598.0
Truck76457,461.0
Truck76454,483.0
Truck76464,438.0
Truck76423,647.0
Truck76438,574.0
Truck76462,455.0
Truck76406,736.0
Truck76486,338.0
Truck76391,822.0
Truck76459,483.0
Truck76434,613.0
Truck76467,457.0
Truck76473,437.0
Truck76446,580.0
Truck76439,616.0
Truck76455,536.0
Truck76477,427.0
Truck76476,436.0
Truck76453,552.0
Truck76461,512.0
Truck76442,613.0
Truck76469,489.0
Truck76418,746.0
Truck76443,625.0
Truck76485,428.0
Truck76448,615.0
Truck76463,543.0
Truck76441,656.0
Truck76435,689.0
Truck76470,522.0
Truck76456,595.0
Truck76478,487.0
Truck76479,485.0
Truck76460,585.0
Truck76450,636.0
Truck76440,687.0
Truck76451,633.0
Truck76465,570.0
Truck76489,453.0
Truck76471,549.0
Truck76447,684.0
Truck76452,673.0
Truck76458,657.0
Truck76503,433.0
Truck76466,619.0
Truck76468,610.0
Truck76475,583.0
Truck76497,483.0
Truck76484,551.0
Truck76472,613.0
Truck76492,524.0
Truck76502,475.0
Truck76488,547.0
Truck76526,370.0
Truck76490,556.0
Truck76505,493.0
Truck76495,544.0
Truck76506,513.0
Truck76501,542.0
Truck76493,583.0
Truck76513,483.0
Truck76482,643.0
Truck76494,583.0
Truck76480,661.0
Truck76517,486.0
Truck76504,552.0
Truck76523,457.0
Truck76515,502.0
Truck76516,498.0
Truck76481,680.0
Truck76527,452.0
Truck76498,598.0
Truck76496,614.0
Truck76483,685.0
Truck76474,737.0
Truck76531,463.0
Truck76519,532.0
Truck76549,385.0
Truck76518,552.0
Truck76509,599.0
Truck76511,590.0
Truck76507,616.0
Truck76500,656.0
Truck76539,462.0
Truck76487,738.0
Truck76514,606.0
Truck76499,684.0
Truck76508,640.0
Truck76534,510.0
Truck76535,507.0
Truck76520,584.0
Truck76533,520.0
Truck76540,491.0
Truck76537,508.0
Truck76543,484.0
Truck76558,409.0
Truck76521,597.0
Truck76548,464.0
Truck76510,659.0
Truck76491,762.0
Truck76547,482.0
Truck76550,471.0
Truck76545,500.0
Truck76567,404.0
Truck76522,640.0
Truck76546,538.0
Truck76564,450.0
Truck76528,632.0
Truck76565,447.0
Truck76541,569.0
Truck76552,523.0
Truck76554,516.0
Truck76582,386.0
Truck76544,577.0
Truck76560,499.0
Truck76563,495.0
Truck76562,501.0
Truck76588,381.0
Truck76578,433.0
Truck76556,549.0
Truck76530,687.0
Truck76532,677.0
Truck76566,510.0
Truck76584,420.0
Truck76580,442.0
Truck76555,573.0
Truck76568,508.0
Truck76576,473.0
Truck76559,564.0
Truck76542,655.0
Truck76536,686.0
Truck76529,722.0
Truck76577,488.0
Truck76553,619.0
Truck76573,522.0
Truck76599,392.0
Truck76557,607.0
Truck76592,446.0
Truck76586,512.0
Truck76598,453.0
Truck76593,482.0
Truck76605,424.0
Truck76574,580.0
Truck76591,497.0
Truck76512,895.0
Truck76525,831.0
Truck76538,779.0
Truck76579,575.0
Truck76572,611.0
Truck76589,530.0
Truck76571,640.0
Truck76524,876.0
Truck76616,422.0
Truck76603,488.0
Truck76622,394.0
Truck76614,437.0
Truck76561,708.0
Truck76612,462.0
Truck76585,602.0
Truck76604,512.0
Truck76596,553.0
Truck76575,673.0
Truck76610,498.0
Truck76595,580.0
Truck76625,434.0
Truck76594,593.0
Truck76581,661.0
Truck76551,816.0
Truck76627,437.0
Truck76570,723.0
Truck76636,398.0
Truck76569,735.0
Truck76601,575.0
Truck76600,584.0
Truck76633,426.0
Truck76618,503.0
Truck76626,473.0
Truck76619,516.0
Truck76587,678.0
Truck76628,476.0
Truck76617,532.0
Truck76590,669.0
Truck76620,519.0
Truck76602,613.0
Truck76639,435.0
Truck76623,524.0
Truck76654,373.0
Truck76611,601.0
Truck76629,513.0
Truck76597,675.0
Truck76613,598.0
Truck76608,626.0
Truck76638,486.0
Truck76607,643.0
Truck76634,508.0
Truck76609,637.0
Truck76615,607.0
Truck76647,460.0
Truck76583,793.0
Truck76631,568.0
Truck76648,498.0
Truck76642,535.0
Truck76621,641.0
Truck76653,487.0
Truck76630,603.0
Truck76632,595.0
Truck76652,495.0
Truck76662,459.0
Truck76624,653.0
Truck76655,508.0
Truck76659,493.0
Truck76644,572.0
Truck76643,583.0
Truck76641,598.0
Truck76645,587.0
Truck76666,486.0
Truck76668,483.0
Truck76665,508.0
Truck76667,511.0
Truck76606,817.0
Truck76677,468.0
Truck76650,609.0
Truck76687,425.0
Truck76635,690.0
Truck76674,498.0
Truck76669,533.0
Truck76671,524.0
Truck76649,638.0
Truck76651,632.0
Truck76682,478.0
Truck76660,590.0
Truck76657,613.0
Truck76663,591.0
Truck76646,677.0
Truck76678,528.0
Truck76694,457.0
Truck76689,490.0
Truck76707,402.0
Truck76688,500.0
Truck76686,521.0
Truck76711,398.0
Truck76712,394.0
Truck76701,455.0
Truck76704,441.0
Truck76690,518.0
Truck76705,443.0
Truck76637,794.0
Truck76670,630.0
Truck76676,601.0
Truck76699,489.0
Truck76672,627.0
Truck76679,598.0
Truck76656,717.0
Truck76685,587.0
Truck76658,724.0
Truck76664,710.0
Truck76700,535.0
Truck76706,505.0
Truck76661,735.0
Truck76693,584.0
Truck76695,575.0
Truck76714,487.0
Truck76640,858.0
Truck76703,544.0
Truck76691,607.0
Truck76681,658.0
Truck76673,700.0
Truck76725,449.0
Truck76720,476.0
Truck76683,664.0
Truck76716,501.0
Truck76708,542.0
Truck76727,454.0
Truck76737,406.0
Truck76709,550.0
Truck76710,553.0
Truck76680,722.0
Truck76747,388.0
Truck76697,642.0
Truck76742,417.0
Truck76675,754.0
Truck76698,639.0
Truck76723,514.0
Truck76713,583.0
Truck76717,565.0
Truck76692,704.0
Truck76702,655.0
Truck76736,488.0
Truck76729,524.0
Truck76735,497.0
Truck76726,543.0
Truck76728,535.0
Truck76744,458.0
Truck76733,514.0
Truck76748,452.0
Truck76762,399.0
Truck76718,620.0
Truck76734,543.0
Truck76749,471.0
Truck76732,559.0
Truck76684,802.0
Truck76722,614.0
Truck76724,604.0
Truck76772,365.0
Truck76746,503.0
Truck76773,374.0
Truck76774,370.0
Truck76721,642.0
Truck76719,660.0
Truck76771,413.0
Truck76715,699.0
Truck76751,525.0
Truck76730,632.0
Truck76759,488.0
Truck76738,594.0
Truck76756,505.0
Truck76754,525.0
Truck76745,582.0
Truck76743,595.0
Truck76779,415.0
Truck76696,836.0
Truck76768,478.0
Truck76755,549.0
Truck76761,520.0
Truck76775,461.0
Truck76769,492.0
Truck76766,510.0
Truck76757,557.0
Truck76739,648.0
Truck76750,594.0
Truck76752,608.0
Truck76741,679.0
Truck76731,734.0
Truck76764,572.0
Truck76776,524.0
Truck76777,523.0
Truck76789,474.0
Truck76786,493.0
Truck76760,627.0
Truck76740,733.0
Truck76778,546.0
Truck76758,651.0
Truck76763,630.0
Truck76797,466.0
Truck76815,380.0
Truck76800,457.0
Truck76795,483.0
Truck76782,555.0
Truck76784,545.0
Truck76802,458.0
Truck76767,637.0
Truck76796,500.0
Truck76765,663.0
Truck76770,652.0
Truck76788,566.0
Truck76783,592.0
Truck76781,605.0
Truck76799,522.0
Truck76753,753.0
Truck76787,589.0
Truck76785,600.0
Truck76833,380.0
Truck76804,531.0
Truck76819,459.0
Truck76806,528.0
Truck76817,474.0
Truck76820,469.0
Truck76807,540.0
Truck76811,531.0
Truck76813,523.0
Truck76780,694.0
Truck76794,625.0
Truck76831,446.0
Truck76790,652.0
Truck76825,478.0
Truck76805,581.0
Truck76792,652.0
Truck76821,509.0
Truck76798,632.0
Truck76810,577.0
Truck76814,568.0
Truck76835,464.0
Truck76853,375.0
Truck76803,631.0
Truck76791,693.0
Truck76827,515.0
Truck76828,513.0
Truck76823,540.0
Truck76818,572.0
Truck76816,583.0
Truck76829,523.0
Truck76843,453.0
Truck76826,543.0
Truck76847,438.0
Truck76852,421.0
Truck76793,718.0
Truck76838,493.0
Truck76834,515.0
Truck76808,657.0
Truck76865,378.0
Truck76842,503.0
Truck76848,473.0
Truck76840,515.0
Truck76832,557.0
Truck76864,404.0
Truck76809,680.0
Truck76836,553.0
Truck76830,591.0
Truck76837,557.0
Truck76857,467.0
Truck76801,761.0
Truck76841,563.0
Truck76839,582.0
Truck76854,512.0
Truck76824,663.0
Truck76858,497.0
Truck76859,494.0
Truck76844,585.0
Truck76855,536.0
Truck76856,531.0
Truck76812,763.0
Truck76874,463.0
Truck76861,535.0
Truck76883,425.0
Truck76868,501.0
Truck76862,537.0
Truck76876,468.0
Truck76869,508.0
Truck76880,461.0
Truck76849,622.0
Truck76885,445.0
Truck76846,641.0
Truck76850,622.0
Truck76863,557.0
Truck76872,515.0
Truck76822,766.0
Truck76860,579.0
Truck76871,524.0
Truck76896,407.0
Truck76873,529.0
Truck76886,473.0
Truck76851,650.0
Truck76882,511.0
Truck76887,486.0
Truck76870,581.0
Truck76894,466.0
Truck76889,496.0
Truck76893,483.0
Truck76881,548.0
Truck76877,580.0
Truck76907,434.0
Truck76908,431.0
Truck76845,748.0
Truck76884,561.0
Truck76866,652.0
Truck76915,410.0
Truck76888,554.0
Truck76892,534.0
Truck76879,604.0
Truck76904,485.0
Truck76921,403.0
Truck76890,560.0
Truck76906,496.0
Truck76875,652.0
Truck76898,540.0
Truck76918,443.0
Truck76914,471.0
Truck76934,372.0
Truck76917,460.0
Truck76909,505.0
Truck76878,670.0
Truck76925,456.0
Truck76899,592.0
Truck76897,604.0
Truck76912,535.0
Truck76903,582.0
Truck76919,504.0
Truck76901,599.0
Truck76902,600.0
Truck76895,647.0
Truck76900,622.0
Truck76911,571.0
Truck76905,605.0
Truck76923,520.0
Truck76929,499.0
Truck76931,495.0
Truck76944,444.0
Truck76867,830.0
Truck76891,713.0
Truck76927,543.0
Truck76963,366.0
Truck76930,535.0
Truck76945,468.0
Truck76953,429.0
Truck76948,455.0
Truck76936,526.0
Truck76937,522.0
Truck76942,497.0
Truck76926,583.0
Truck76910,664.0
Truck76938,527.0
Truck76964,401.0
Truck76924,613.0
Truck76957,448.0
Truck76928,595.0
Truck76935,564.0
Truck76956,460.0
Truck76952,481.0
Truck76913,677.0
Truck76950,496.0
Truck76939,557.0
Truck76959,462.0
Truck76940,580.0
Truck76947,546.0
Truck76932,623.0
Truck76916,704.0
Truck76922,692.0
Truck76943,593.0
Truck76967,479.0
Truck76970,466.0
Truck76949,572.0
Truck76941,614.0
Truck76954,550.0
Truck76962,512.0
Truck76933,685.0
Truck76978,472.0
Truck77002,353.0
Truck76977,479.0
Truck76979,477.0
Truck76969,528.0
Truck76946,645.0
Truck77004,360.0
Truck76981,476.0
Truck76920,787.0
Truck76971,536.0
Truck76988,459.0
Truck76974,545.0
Truck76976,535.0
Truck76960,619.0
Truck76982,517.0
Truck76965,608.0
Truck76995,460.0
Truck76994,472.0
Truck76996,462.0
Truck76972,585.0
Truck76951,692.0
Truck77003,433.0
Truck76980,553.0
Truck77020,355.0
Truck76989,515.0
Truck76955,710.0
Truck77009,441.0
Truck76984,568.0
Truck76983,574.0
Truck76968,653.0
Truck77012,434.0
Truck76973,631.0
Truck76958,707.0
Truck77015,422.0
Truck76986,569.0
Truck76966,674.0
Truck76961,709.0
Truck77017,429.0
Truck76990,575.0
Truck77011,474.0
Truck76987,600.0
Truck77000,536.0
Truck77014,467.0
Truck76975,664.0
Truck77007,517.0
Truck76997,589.0
Truck76998,588.0
Truck77001,577.0
Truck76991,630.0
Truck77028,450.0
Truck77005,566.0
Truck76992,632.0
Truck77022,482.0
Truck77021,489.0
Truck77010,546.0
Truck77037,413.0
Truck77013,547.0
Truck77023,499.0
Truck76999,634.0
Truck77018,543.0
Truck77008,594.0
Truck77032,483.0
Truck76985,723.0
Truck77016,572.0
Truck77044,433.0
Truck77041,450.0
Truck76993,692.0
Truck77045,456.0
Truck77019,594.0
Truck77026,569.0
Truck77035,532.0
Truck77029,565.0
Truck77027,577.0
Truck77046,482.0
Truck77067,378.0
Truck77024,596.0
Truck77042,507.0
Truck77047,482.0
Truck77031,565.0
Truck77034,555.0
Truck77006,696.0
Truck77033,565.0
Truck77061,431.0
Truck77069,413.0
Truck77039,573.0
Truck77049,530.0
Truck77078,385.0
Truck77051,523.0
Truck77058,494.0
Truck77054,525.0
Truck77043,581.0
Truck77038,609.0
Truck77036,621.0
Truck77055,526.0
Truck77062,494.0
Truck77059,510.0
Truck77053,542.0
Truck77070,464.0
Truck77052,558.0
Truck77064,502.0
Truck77057,545.0
Truck77048,596.0
Truck77065,513.0
Truck77068,498.0
Truck77095,375.0
Truck77099,357.0
Truck77073,500.0
Truck77050,622.0
Truck77063,565.0
Truck77072,520.0
Truck77080,488.0
Truck77084,477.0
Truck77104,377.0
Truck77060,598.0
Truck77025,774.0
Truck77066,578.0
Truck77100,409.0
Truck77082,514.0
Truck77081,522.0
Truck77071,586.0
Truck77077,560.0
Truck77040,749.0
Truck77056,676.0
Truck77030,813.0
Truck77087,528.0
Truck77105,439.0
Truck77088,534.0
Truck77094,507.0
Truck77116,398.0
Truck77112,428.0
Truck77075,617.0
Truck77096,520.0
Truck77106,478.0
Truck77090,561.0
Truck77101,510.0
Truck77086,589.0
Truck77079,625.0
Truck77102,510.0
Truck77093,559.0
Truck77092,570.0
Truck77076,651.0
Truck77097,546.0
Truck77089,590.0
Truck77074,666.0
Truck77115,464.0
Truck77103,540.0
Truck77128,420.0
Truck77141,357.0
Truck77091,610.0
Truck77125,460.0
Truck77110,540.0
Truck77098,603.0
Truck77114,529.0
Truck77151,347.0
Truck77129,461.0
Truck77113,544.0
Truck77109,568.0
Truck77126,498.0
Truck77135,453.0
Truck77142,418.0
Truck77083,723.0
Truck77111,594.0
Truck77121,544.0
Truck77122,540.0
Truck77134,481.0
Truck77137,469.0
Truck77157,386.0
Truck77131,520.0
Truck77108,642.0
Truck77140,484.0
Truck77127,553.0
Truck77118,605.0
Truck77138,513.0
Truck77139,509.0
Truck77165,382.0
Truck77149,463.0
Truck77132,551.0
Truck77158,421.0
Truck77171,361.0
Truck77130,571.0
Truck77119,631.0
Truck77174,356.0
Truck77117,649.0
Truck77136,556.0
Truck77150,486.0
Truck77153,484.0
Truck77152,498.0
Truck77107,724.0
Truck77085,837.0
Truck77124,642.0
Truck77123,654.0
Truck77143,559.0
Truck77120,682.0
Truck77167,462.0
Truck77159,515.0
Truck77166,489.0
Truck77154,551.0
Truck77144,606.0
Truck77168,488.0
Truck77178,439.0
Truck77185,406.0
Truck77190,388.0
Truck77156,564.0
Truck77170,509.0
Truck77133,704.0
Truck77162,568.0
Truck77188,442.0
Truck77184,465.0
Truck77145,662.0
Truck77164,568.0
Truck77148,649.0
Truck77169,545.0
Truck77189,448.0
Truck77191,439.0
Truck77160,614.0
Truck77161,611.0
Truck77202,410.0
Truck77187,496.0
Truck77146,710.0
Truck77179,551.0
Truck77147,731.0
Truck77199,471.0
Truck77192,509.0
Truck77163,656.0
Truck77197,487.0
Truck77155,710.0
Truck77207,454.0
Truck77213,424.0
Truck77180,591.0
Truck77176,612.0
Truck77194,527.0
Truck77212,440.0
Truck77172,661.0
Truck77214,453.0
Truck77216,447.0
Truck77181,623.0
Truck77175,654.0
Truck77198,547.0
Truck77196,563.0
Truck77205,518.0
Truck77209,505.0
Truck77238,371.0
Truck77183,649.0
Truck77195,589.0
Truck77203,552.0
Truck77233,414.0
Truck77215,508.0
Truck77177,700.0
Truck77220,486.0
Truck77204,572.0
Truck77217,509.0
Truck77182,691.0
Truck77200,602.0
Truck77201,597.0
Truck77226,476.0
Truck77219,515.0
Truck77211,560.0
Truck77250,373.0
Truck77186,697.0
Truck77229,491.0
Truck77225,515.0
Truck77235,465.0
Truck77224,524.0
Truck77208,614.0
Truck77206,631.0
Truck77218,573.0
Truck77240,476.0
Truck77228,537.0
Truck77232,522.0
Truck77173,820.0
Truck77252,426.0
Truck77246,460.0
Truck77244,493.0
Truck77193,760.0
Truck77270,390.0
Truck77243,539.0
Truck77261,453.0
Truck77257,477.0
Truck77223,650.0
Truck77245,540.0
Truck77247,531.0
Truck77230,622.0
Truck77266,445.0
Truck77210,729.0
Truck77271,427.0
Truck77259,492.0
Truck77236,608.0
Truck77231,636.0
Truck77221,688.0
Truck77258,504.0
Truck77234,634.0
Truck77255,532.0
Truck77253,545.0
Truck77242,604.0
Truck77263,501.0
Truck77248,585.0
Truck77292,375.0
Truck77222,726.0
Truck77277,454.0
Truck77227,705.0
Truck77239,645.0
Truck77285,417.0
Truck77254,573.0
Truck77262,539.0
Truck77237,666.0
Truck77251,599.0
Truck77249,621.0
Truck77297,396.0
Truck77256,605.0
Truck77282,477.0
Truck77286,480.0
Truck77260,618.0
Truck77278,528.0
Truck77276,539.0
Truck77294,451.0
Truck77268,585.0
Truck77273,564.0
Truck77289,490.0
Truck77309,391.0
Truck77267,612.0
Truck77287,512.0
Truck77284,529.0
Truck77269,608.0
Truck77274,587.0
Truck77241,754.0
Truck77265,643.0
Truck77288,537.0
Truck77283,567.0
Truck77296,503.0
Truck77307,458.0
Truck77272,634.0
Truck77298,522.0
Truck77316,451.0
Truck77275,659.0
Truck77311,482.0
Truck77281,637.0
Truck77264,731.0
Truck77313,492.0
Truck77290,611.0
Truck77319,466.0
Truck77305,537.0
Truck77314,492.0
Truck77312,503.0
Truck77302,555.0
Truck77326,438.0
Truck77306,540.0
Truck77345,345.0
Truck77331,425.0
Truck77299,589.0
Truck77324,479.0
Truck77322,492.0
Truck77293,640.0
Truck77334,441.0
Truck77279,718.0
Truck77295,640.0
Truck77318,526.0
Truck77280,718.0
Truck77303,612.0
Truck77327,492.0
Truck77308,599.0
Truck77342,436.0
Truck77315,575.0
Truck77328,515.0
Truck77317,572.0
Truck77321,552.0
Truck77304,640.0
Truck77329,520.0
Truck77343,450.0
Truck77348,430.0
Truck77320,571.0
Truck77332,513.0
Truck77341,474.0
Truck77323,568.0
Truck77300,687.0
Truck77339,497.0
Truck77301,690.0
Truck77347,462.0
Truck77291,744.0
Truck77359,405.0
Truck77335,526.0
Truck77325,578.0
Truck77337,531.0
Truck77346,486.0
Truck77344,512.0
Truck77340,555.0
Truck77352,497.0
Truck77358,476.0
Truck77336,590.0
Truck77338,588.0
Truck77365,458.0
Truck77354,517.0
Truck77350,539.0
Truck77310,743.0
Truck77366,488.0
Truck77382,414.0
Truck77378,439.0
Truck77355,561.0
Truck77363,523.0
Truck77356,560.0
Truck77360,546.0
Truck77369,503.0
Truck77379,455.0
Truck77390,401.0
Truck77372,498.0
Truck77381,454.0
Truck77361,567.0
Truck77351,618.0
Truck77330,729.0
Truck77376,503.0
Truck77384,468.0
Truck77357,610.0
Truck77364,575.0
Truck77398,406.0
Truck77333,732.0
Truck77375,525.0
Truck77367,566.0
Truck77362,592.0
Truck77389,470.0
Truck77393,470.0
Truck77380,537.0
Truck77388,508.0
Truck77403,441.0
Truck77383,542.0
Truck77400,462.0
Truck77391,509.0
Truck77396,484.0
Truck77387,532.0
Truck77394,516.0
Truck77420,388.0
Truck77423,374.0
Truck77373,629.0
Truck77386,571.0
Truck77368,663.0
Truck77349,763.0
Truck77371,654.0
Truck77406,481.0
Truck77374,645.0
Truck77402,510.0
Truck77416,448.0
Truck77392,576.0
Truck77385,616.0
Truck77415,466.0
Truck77401,543.0
Truck77377,666.0
Truck77418,463.0
Truck77353,797.0
Truck77431,418.0
Truck77410,527.0
Truck77395,603.0
Truck77408,538.0
Truck77426,468.0
Truck77397,615.0
Truck77448,374.0
Truck77421,513.0
Truck77428,478.0
Truck77370,770.0
Truck77427,498.0
Truck77425,511.0
Truck77405,613.0
Truck77411,584.0
Truck77433,474.0
Truck77413,583.0
Truck77414,583.0
Truck77419,558.0
Truck77409,615.0
Truck77424,542.0
Truck77417,592.0
Truck77430,538.0
Truck77450,444.0
Truck77429,559.0
Truck77412,652.0
Truck77454,447.0
Truck77465,399.0
Truck77440,525.0
Truck77435,553.0
Truck77467,394.0
Truck77451,479.0
Truck77407,702.0
Truck77432,577.0
Truck77444,517.0
Truck77422,632.0
Truck77446,513.0
Truck77442,535.0
Truck77441,553.0
Truck77404,757.0
Truck77470,428.0
Truck77434,610.0
Truck77445,560.0
Truck77452,526.0
Truck77438,600.0
Truck77399,797.0
Truck77436,613.0
Truck77462,488.0
Truck77460,505.0
Truck77439,620.0
Truck77461,513.0
Truck77475,449.0
Truck77459,530.0
Truck77457,548.0
Truck77458,545.0
Truck77456,563.0
Truck77453,580.0
Truck77492,406.0
Truck77491,419.0
Truck77443,676.0
Truck77455,616.0
Truck77484,471.0
Truck77447,658.0
Truck77449,649.0
Truck77494,425.0
Truck77464,591.0
Truck77474,550.0
Truck77463,606.0
Truck77437,740.0
Truck77517,342.0
Truck77473,564.0
Truck77503,424.0
Truck77487,505.0
Truck77482,533.0
Truck77489,504.0
Truck77469,605.0
Truck77497,470.0
Truck77471,601.0
Truck77466,630.0
Truck77512,400.0
Truck77490,513.0
Truck77468,630.0
Truck77498,482.0
Truck77511,418.0
Truck77483,560.0
Truck77524,360.0
Truck77496,504.0
Truck77480,590.0
Truck77519,399.0
Truck77485,597.0
Truck77510,478.0
Truck77505,504.0
Truck77509,484.0
Truck77478,643.0
Truck77472,683.0
Truck77502,534.0
Truck77479,652.0
Truck77527,417.0
Truck77507,519.0
Truck77506,527.0
Truck77476,678.0
Truck77514,494.0
Truck77530,414.0
Truck77488,629.0
Truck77495,594.0
Truck77534,424.0
Truck77522,487.0
Truck77499,611.0
Truck77500,611.0
Truck77513,550.0
Truck77515,550.0
Truck77504,614.0
Truck77508,609.0
Truck77523,535.0
Truck77542,441.0
Truck77532,492.0
Truck77520,574.0
Truck77557,391.0
Truck77529,536.0
Truck77481,780.0
Truck77518,597.0
Truck77477,811.0
Truck77553,434.0
Truck77535,526.0
Truck77516,622.0
Truck77531,558.0
Truck77543,499.0
Truck77546,489.0
Truck77565,394.0
Truck77540,523.0
Truck77533,562.0
Truck77541,526.0
Truck77556,451.0
Truck77501,732.0
Truck77538,547.0
Truck77536,559.0
Truck77528,600.0
Truck77486,818.0
Truck77493,792.0
Truck77569,445.0
Truck77548,561.0
Truck77559,507.0
Truck77581,397.0
Truck77555,530.0
Truck77567,473.0
Truck77544,595.0
Truck77561,512.0
Truck77525,693.0
Truck77554,548.0
Truck77521,717.0
Truck77551,575.0
Truck77566,511.0
Truck77558,554.0
Truck77537,668.0
Truck77564,534.0
Truck77580,460.0
Truck77574,491.0
Truck77552,607.0
Truck77587,435.0
Truck77526,748.0
Truck77560,579.0
Truck77545,655.0
Truck77572,521.0
Truck77568,548.0
Truck77590,440.0
Truck77578,502.0
Truck77573,529.0
Truck77576,520.0
Truck77598,419.0
Truck77549,665.0
Truck77570,561.0
Truck77593,457.0
Truck77583,510.0
Truck77584,509.0
Truck77547,698.0
Truck77595,463.0
Truck77571,584.0
Truck77539,750.0
Truck77605,429.0
Truck77550,705.0
Truck77577,575.0
Truck77586,530.0
Truck77575,592.0
Truck77604,450.0
Truck77610,421.0
Truck77596,500.0
Truck77597,497.0
Truck77608,442.0
Truck77582,578.0
Truck77589,545.0
Truck77592,539.0
Truck77601,498.0
Truck77585,579.0
Truck77620,404.0
Truck77600,508.0
Truck77614,454.0
Truck77591,575.0
Truck77602,529.0
Truck77562,739.0
Truck77615,478.0
Truck77629,410.0
Truck77618,469.0
Truck77619,464.0
Truck77606,538.0
Truck77603,560.0
Truck77617,520.0
Truck77616,532.0
Truck77624,496.0
Truck77588,679.0
Truck77599,636.0
Truck77613,568.0
Truck77654,370.0
Truck77563,840.0
Truck77611,601.0
Truck77609,613.0
Truck77627,524.0
Truck77626,536.0
Truck77635,491.0
Truck77644,449.0
Truck77640,470.0
Truck77594,701.0
Truck77625,546.0
Truck77630,525.0
Truck77621,584.0
Truck77623,587.0
Truck77659,407.0
Truck77579,824.0
Truck77641,519.0
Truck77649,479.0
Truck77650,474.0
Truck77634,556.0
Truck77674,366.0
Truck77645,515.0
Truck77660,441.0
Truck77651,498.0
Truck77622,649.0
Truck77639,566.0
Truck77607,727.0
Truck77685,343.0
Truck77677,384.0
Truck77632,610.0
Truck77665,453.0
Truck77643,567.0
Truck77628,645.0
Truck77637,609.0
Truck77647,561.0
Truck77642,588.0
Truck77656,519.0
Truck77768,414.0
Truck77770,419.0
Truck77766,458.0
Truck77765,483.0
Truck77775,449.0
Truck77781,437.0
Truck77787,430.0
Truck77777,483.0
Truck77760,582.0
Truck77788,454.0
Truck77798,407.0
Truck77793,437.0
Truck77771,555.0
Truck77772,560.0
Truck77776,541.0
Truck77778,537.0
Truck77764,609.0
Truck77774,566.0
Truck77779,549.0
Truck77767,611.0
Truck77803,434.0
Truck77762,644.0
Truck77797,470.0
Truck77791,501.0
Truck77792,499.0
Truck77796,498.0
Truck77808,443.0
Truck77773,633.0
Truck77786,568.0
Truck77783,588.0
Truck77761,702.0
Truck77804,488.0
Truck77769,669.0
Truck77784,602.0
Truck77814,454.0
Truck77763,722.0
Truck77823,423.0
Truck77785,619.0
Truck77795,570.0
Truck77800,545.0
Truck77824,429.0
Truck77805,526.0
Truck77794,590.0
Truck77801,560.0
Truck77815,494.0
Truck77821,467.0
Truck77806,555.0
Truck77816,506.0
Truck77782,677.0
Truck77818,499.0
Truck77807,561.0
Truck77828,463.0
Truck77826,477.0
Truck77790,663.0
Truck77832,456.0
Truck77830,469.0
Truck77802,612.0
Truck77846,393.0
Truck77834,459.0
Truck77789,687.0
Truck77831,477.0
Truck77827,501.0
Truck77810,589.0
Truck77833,477.0
Truck77811,590.0
Truck77848,410.0
Truck77857,367.0
Truck77799,660.0
Truck77844,436.0
Truck77820,570.0
Truck77819,576.0
Truck77817,588.0
Truck77829,528.0
Truck77780,775.0
Truck77841,478.0
Truck77809,640.0
Truck77839,495.0
Truck77835,516.0
Truck77822,582.0
Truck77842,488.0
Truck77825,579.0
Truck77851,452.0
Truck77812,656.0
Truck77853,452.0
Truck77813,658.0
Truck77847,488.0
Truck77843,513.0
Truck77856,451.0
Truck77866,404.0
Truck77867,415.0
Truck77836,580.0
Truck77850,518.0
Truck77855,497.0
Truck77858,504.0
Truck77874,430.0
Truck77838,627.0
Truck77865,495.0
Truck77871,475.0
Truck77845,618.0
Truck77860,551.0
Truck77869,506.0
Truck77862,551.0
Truck77849,626.0
Truck77873,511.0
Truck77876,503.0
Truck77887,452.0
Truck77878,500.0
Truck77864,571.0
Truck77907,358.0
Truck77875,523.0
Truck77888,471.0
Truck77883,499.0
Truck77852,656.0
Truck77877,534.0
Truck77879,528.0
Truck77837,741.0
Truck77884,507.0
Truck77892,467.0
Truck77840,728.0
Truck77868,591.0
Truck77882,521.0
Truck77891,478.0
Truck77900,436.0
Truck77854,676.0
Truck77898,456.0
Truck77881,542.0
Truck77863,634.0
Truck77905,428.0
Truck77910,410.0
Truck77861,662.0
Truck77895,492.0
Truck77880,569.0
Truck77897,495.0
Truck77923,367.0
Truck77896,508.0
Truck77889,552.0
Truck77890,558.0
Truck77902,498.0
Truck77872,650.0
Truck77921,409.0
Truck77886,591.0
Truck77901,517.0
Truck77870,683.0
Truck77918,448.0
Truck77933,375.0
Truck77899,549.0
Truck77904,527.0
Truck77906,519.0
Truck77931,403.0
Truck77885,641.0
Truck77894,599.0
Truck77908,551.0
Truck77915,523.0
Truck77911,546.0
Truck77919,521.0
Truck77934,468.0
Truck77903,632.0
Truck77859,855.0
Truck77946,423.0
Truck77928,530.0
Truck77916,591.0
Truck77926,544.0
Truck77941,476.0
Truck77912,624.0
Truck77917,599.0
Truck77909,640.0
Truck77925,560.0
Truck77893,730.0
Truck77924,582.0
Truck77944,484.0
Truck77951,454.0
Truck77942,505.0
Truck77943,500.0
Truck77935,543.0
Truck77939,528.0
Truck77961,420.0
Truck77914,672.0
Truck77929,598.0
Truck77920,647.0
Truck77936,569.0
Truck77913,688.0
Truck77927,620.0
Truck77945,531.0
Truck77932,599.0
Truck77949,521.0
Truck77930,624.0
Truck77938,592.0
Truck77955,508.0
Truck77947,549.0
Truck77948,554.0
Truck77973,434.0
Truck77967,472.0
Truck77960,509.0
Truck77986,379.0
Truck77964,492.0
Truck77984,407.0
Truck77965,515.0
Truck77987,405.0
Truck77953,576.0
Truck77969,496.0
Truck77922,736.0
Truck77974,493.0
Truck77950,617.0
Truck77954,601.0
Truck77952,622.0
Truck77971,528.0
Truck77968,544.0
Truck78001,399.0
Truck77937,733.0
Truck77970,576.0
Truck77975,553.0
Truck77994,461.0
Truck77962,626.0
Truck77972,582.0
Truck77981,537.0
Truck77999,447.0
Truck77940,744.0
Truck78003,438.0
Truck78002,444.0
Truck77982,549.0
Truck77958,670.0
Truck77991,508.0
Truck78000,468.0
Truck77989,524.0
Truck77963,661.0
Truck77992,517.0
Truck77957,693.0
Truck77998,488.0
Truck77988,542.0
Truck77959,689.0
Truck78022,391.0
Truck77980,608.0
Truck77996,533.0
Truck78014,443.0
Truck77966,685.0
Truck77976,637.0
Truck77990,571.0
Truck77993,558.0
Truck77977,661.0
Truck78011,496.0
Truck77983,641.0
Truck77985,641.0
Truck78012,506.0
Truck77978,677.0
Truck78006,537.0
Truck78024,450.0
Truck78010,525.0
Truck78023,465.0
Truck78016,503.0
Truck78005,560.0
Truck77979,694.0
Truck78015,514.0
Truck78028,449.0
Truck78009,546.0
Truck78021,486.0
Truck78007,564.0
Truck78038,415.0
Truck78034,438.0
Truck78037,423.0
Truck77997,625.0
Truck78004,590.0
Truck78020,517.0
Truck78026,491.0
Truck78029,482.0
Truck78018,544.0
Truck78019,547.0
Truck78013,579.0
Truck77995,674.0
Truck78025,528.0
Truck78027,521.0
Truck77956,880.0
Truck78044,456.0
Truck78039,500.0
Truck78065,374.0
Truck78049,459.0
Truck78032,548.0
Truck78008,669.0
Truck78040,509.0
Truck78031,562.0
Truck78043,511.0
Truck78050,506.0
Truck78047,523.0
Truck78035,589.0
Truck78057,488.0
Truck78078,384.0
Truck78077,418.0
Truck78048,566.0
Truck78051,561.0
Truck78030,669.0
Truck78033,656.0
Truck78090,371.0
Truck78055,563.0
Truck78068,499.0
Truck78063,536.0
Truck78062,543.0
Truck78052,597.0
Truck78066,528.0
Truck78042,649.0
Truck78086,432.0
Truck78046,633.0
Truck78070,518.0
Truck78069,524.0
Truck78041,672.0
Truck78059,591.0
Truck78064,566.0
Truck78054,618.0
Truck78071,538.0
Truck78045,675.0
Truck78036,728.0
Truck78056,636.0
Truck78017,851.0
Truck78074,572.0
Truck78104,427.0
Truck78053,688.0
Truck78088,514.0
Truck78072,595.0
Truck78116,380.0
Truck78067,626.0
Truck78092,503.0
Truck78082,555.0
Truck78100,466.0
Truck78076,587.0
Truck78108,427.0
Truck78097,484.0
Truck78081,566.0
Truck78060,683.0
Truck78093,519.0
Truck78127,350.0
Truck78102,476.0
Truck78061,688.0
Truck78073,639.0
Truck78083,598.0
Truck78096,533.0
Truck78105,490.0
Truck78107,490.0
Truck78135,358.0
Truck78121,429.0
Truck78058,748.0
Truck78075,671.0
Truck78089,609.0
Truck78080,655.0
Truck78084,642.0
Truck78122,470.0
Truck78118,499.0
Truck78129,444.0
Truck78117,505.0
Truck78112,538.0
Truck78113,533.0
Truck78126,469.0
Truck78087,666.0
Truck78085,679.0
Truck78125,482.0
Truck78123,498.0
Truck78098,625.0
Truck78138,425.0
Truck78103,609.0
Truck78110,581.0
Truck78146,402.0
Truck78128,506.0
Truck78099,653.0
Truck78120,552.0
Truck78132,499.0
Truck78142,451.0
Truck78095,688.0
Truck78106,637.0
Truck78101,668.0
Truck78111,622.0
Truck78131,523.0
Truck78140,480.0
Truck78145,464.0
Truck78169,349.0
Truck78153,431.0
Truck78091,745.0
Truck78114,632.0
Truck78124,585.0
Truck78147,472.0
Truck78130,564.0
Truck78166,384.0
Truck78109,680.0
Truck78136,550.0
Truck78133,566.0
Truck78119,639.0
Truck78079,848.0
Truck78139,550.0
Truck78094,778.0
Truck78150,499.0
Truck78159,455.0
Truck78168,421.0
Truck78115,699.0
Truck78144,559.0
Truck78158,494.0
Truck78149,542.0
Truck78152,528.0
Truck78134,620.0
Truck78143,576.0
Truck78157,507.0
Truck78161,494.0
Truck78179,415.0
Truck78162,508.0
Truck78141,621.0
Truck78160,536.0
Truck78167,501.0
Truck78154,567.0
Truck78164,517.0
Truck78163,535.0
Truck78151,615.0
Truck78189,427.0
Truck78175,505.0
Truck78196,400.0
Truck78209,336.0
Truck78199,395.0
Truck78156,623.0
Truck78137,727.0
Truck78148,675.0
Truck78194,445.0
Truck78184,498.0
Truck78187,485.0
Truck78174,562.0
Truck78155,662.0
Truck78170,588.0
Truck78204,418.0
Truck78191,493.0
Truck78207,416.0
Truck78190,513.0
Truck78181,559.0
Truck78215,406.0
Truck78197,497.0
Truck78195,510.0
Truck78180,589.0
Truck78212,434.0
Truck78176,617.0
Truck78188,559.0
Truck78218,411.0
Truck78171,647.0
Truck78202,499.0
Truck78228,376.0
Truck78182,615.0
Truck78183,615.0
Truck78165,707.0
Truck78205,507.0
Truck78201,532.0
Truck78172,678.0
Truck78203,528.0
Truck78192,587.0
Truck78211,494.0
Truck78208,512.0
Truck78214,497.0
Truck78173,703.0
Truck78206,545.0
Truck78177,702.0
Truck78232,428.0
Truck78219,495.0
Truck78193,633.0
Truck78231,452.0
Truck78223,493.0
Truck78186,685.0
Truck78227,494.0
Truck78198,651.0
Truck78224,522.0
Truck78178,762.0
Truck78221,550.0
Truck78216,579.0
Truck78217,577.0
Truck78238,474.0
Truck78210,616.0
Truck78213,602.0
Truck78200,669.0
Truck78230,529.0
Truck78236,506.0
Truck78239,494.0
Truck78252,435.0
Truck78220,600.0
Truck78248,461.0
Truck78233,546.0
Truck78245,490.0
Truck78225,593.0
Truck78226,591.0
Truck78235,548.0
Truck78222,616.0
Truck78237,542.0
Truck78185,805.0
Truck78264,427.0
Truck78242,546.0
Truck78257,472.0
Truck78253,493.0
Truck78240,562.0
Truck78247,540.0
Truck78229,638.0
Truck78258,495.0
Truck78249,541.0
Truck78256,522.0
Truck78241,604.0
Truck78260,513.0
Truck78234,651.0
Truck78267,492.0
Truck78262,520.0
Truck78255,561.0
Truck78280,451.0
Truck78272,496.0
Truck78244,662.0
Truck78266,554.0
Truck78268,544.0
Truck78283,477.0
Truck78276,516.0
Truck78254,634.0
Truck78286,474.0
Truck78261,605.0
Truck78308,371.0
Truck78290,467.0
Truck78278,531.0
Truck78293,461.0
Truck78269,583.0
Truck78265,604.0
Truck78243,737.0
Truck78292,503.0
Truck78285,540.0
Truck78250,718.0
Truck78251,715.0
Truck78289,532.0
Truck78273,613.0
Truck78307,449.0
Truck78312,428.0
Truck78284,572.0
Truck78306,467.0
Truck78246,780.0
Truck78263,695.0
Truck78302,510.0
Truck78316,442.0
Truck78321,417.0
Truck78274,653.0
Truck78279,633.0
Truck78288,598.0
Truck78310,489.0
Truck78282,630.0
Truck78270,693.0
Truck78259,754.0
Truck78297,575.0
Truck78298,570.0
Truck78271,706.0
Truck78287,629.0
Truck78305,554.0
Truck78300,582.0
Truck78338,396.0
Truck78303,574.0
Truck78318,514.0
Truck78313,548.0
Truck78327,479.0
Truck78294,651.0
Truck78281,718.0
Truck78291,670.0
Truck78277,742.0
Truck78295,652.0
Truck78299,639.0
Truck78319,550.0
Truck78324,525.0
Truck78315,576.0
Truck78342,446.0
Truck78336,478.0
Truck78309,618.0
Truck78301,660.0
Truck78331,511.0
Truck78334,499.0
Truck78349,427.0
Truck78322,574.0
Truck78314,616.0
Truck78311,638.0
Truck78330,552.0
Truck78339,518.0
Truck78332,559.0
Truck78350,476.0
Truck78351,477.0
Truck78340,533.0
Truck78333,571.0
Truck78275,872.0
Truck78326,617.0
Truck78343,534.0
Truck78365,425.0
Truck78328,612.0
Truck78323,638.0
Truck78358,464.0
Truck78344,537.0
Truck78335,586.0
Truck78354,491.0
Truck78329,618.0
Truck78355,491.0
Truck78325,659.0
Truck78304,765.0
Truck78359,490.0
Truck78363,471.0
Truck78362,482.0
Truck78296,816.0
Truck78352,542.0
Truck78346,579.0
Truck78320,719.0
Truck78337,639.0
Truck78356,544.0
Truck78360,524.0
Truck78372,474.0
Truck78317,751.0
Truck78348,611.0
Truck78381,449.0
Truck78386,433.0
Truck78357,584.0
Truck78383,470.0
Truck78369,544.0
Truck78380,489.0
Truck78375,518.0
Truck78361,592.0
Truck78378,507.0
Truck78347,663.0
Truck78373,540.0
Truck78367,573.0
Truck78391,453.0
Truck78341,706.0
Truck78407,392.0
Truck78364,609.0
Truck78379,536.0
Truck78411,377.0
Truck78394,463.0
Truck78371,584.0
Truck78385,517.0
Truck78345,729.0
Truck78399,463.0
Truck78376,592.0
Truck78396,504.0
Truck78353,726.0
Truck78390,552.0
Truck78408,472.0
Truck78370,663.0
Truck78368,675.0
Truck78397,538.0
Truck78412,465.0
Truck78398,536.0
Truck78387,598.0
Truck78374,667.0
Truck78403,523.0
Truck78395,564.0
Truck78418,449.0
Truck78404,520.0
Truck78392,585.0
Truck78382,640.0
Truck78384,630.0
Truck78409,509.0
Truck78422,445.0
Truck78433,398.0
Truck78416,485.0
Truck78377,681.0
Truck78388,628.0
Truck78428,439.0
Truck78402,570.0
Truck78414,515.0
Truck78393,622.0
Truck78434,431.0
Truck78410,555.0
Truck78432,451.0
Truck78389,667.0
Truck78429,470.0
Truck78419,538.0
Truck78401,630.0
Truck78366,808.0
Truck78431,485.0
Truck78400,647.0
Truck78446,422.0
Truck78405,644.0
Truck78438,486.0
Truck78424,557.0
Truck78415,603.0
Truck78425,556.0
Truck78465,361.0
Truck78435,519.0
Truck78427,569.0
Truck78417,621.0
Truck78406,677.0
Truck78452,458.0
Truck78426,591.0
Truck78439,533.0
Truck78436,552.0
Truck78467,397.0
Truck78451,478.0
Truck78437,549.0
Truck78444,518.0
Truck78445,516.0
Truck78460,445.0
Truck78453,493.0
Truck78454,491.0
Truck78450,512.0
Truck78459,474.0
Truck78423,665.0
Truck78440,582.0
Truck78455,507.0
Truck78474,414.0
Truck78420,690.0
Truck78421,692.0
Truck78458,508.0
Truck78430,658.0
Truck78447,577.0
Truck78462,503.0
Truck78478,428.0
Truck78443,606.0
Truck78475,448.0
Truck78480,423.0
Truck78476,447.0
Truck78449,584.0
Truck78442,625.0
Truck78463,522.0
Truck78413,774.0
Truck78441,641.0
Truck78481,443.0
Truck78461,557.0
Truck78464,543.0
Truck78468,535.0
Truck78448,644.0
Truck78504,365.0
Truck78471,535.0
Truck78457,606.0
Truck78483,488.0
Truck78469,561.0
Truck78506,379.0
Truck78482,506.0
Truck78466,593.0
Truck78470,578.0
Truck78472,572.0
Truck78484,517.0
Truck78479,547.0
Truck78492,500.0
Truck78491,506.0
Truck78494,500.0
Truck78485,548.0
Truck78518,388.0
Truck78513,419.0
Truck78511,432.0
Truck78495,513.0
Truck78456,712.0
Truck78505,478.0
Truck78473,643.0
Truck78496,531.0
Truck78489,567.0
Truck78486,594.0
Truck78502,516.0
Truck78512,478.0
Truck78477,666.0
Truck78503,546.0
Truck78546,332.0
Truck78499,571.0
Truck78508,530.0
Truck78487,638.0
Truck78516,495.0
Truck78510,529.0
Truck78488,647.0
Truck78493,632.0
Truck78498,609.0
Truck78529,459.0
Truck78490,655.0
Truck78537,422.0
Truck78526,480.0
Truck78497,627.0
Truck78540,412.0
Truck78515,547.0
Truck78519,527.0
Truck78509,578.0
Truck78539,429.0
Truck78514,581.0
Truck78525,541.0
Truck78520,571.0
Truck78501,667.0
Truck78538,484.0
Truck78530,540.0
Truck78533,532.0
Truck78550,447.0
Truck78524,578.0
Truck78532,542.0
Truck78543,497.0
Truck78522,608.0
Truck78541,518.0
Truck78521,621.0
Truck78556,451.0
Truck78534,562.0
Truck78528,598.0
Truck78535,575.0
Truck78570,402.0
Truck78552,497.0
Truck78500,759.0
Truck78536,582.0
Truck78523,650.0
Truck78558,482.0
Truck78545,548.0
Truck78507,745.0
Truck78560,482.0
Truck78544,564.0
Truck78564,466.0
Truck78563,483.0
Truck78577,414.0
Truck78547,567.0
Truck78578,424.0
Truck78573,451.0
Truck78555,542.0
Truck78542,619.0
Truck78574,467.0
Truck78567,503.0
Truck78582,433.0
Truck78517,764.0
Truck78549,612.0
Truck78575,486.0
Truck78554,595.0
Truck78581,464.0
Truck78561,565.0
Truck78565,563.0
Truck78592,432.0
Truck78586,463.0
Truck78527,760.0
Truck78553,637.0
Truck78568,568.0
Truck78566,584.0
Truck78587,481.0
Truck78588,485.0
Truck78557,644.0
Truck78579,541.0
Truck78605,432.0
Truck78551,703.0
Truck78531,812.0
Truck78595,492.0
Truck78548,730.0
Truck78598,483.0
Truck78601,469.0
Truck78600,475.0
Truck78589,538.0
Truck78615,408.0
Truck78559,694.0
Truck78597,510.0
Truck78590,551.0
Truck78607,472.0
Truck78591,553.0
Truck78572,655.0
Truck78599,530.0
Truck78562,737.0
Truck78571,694.0
Truck78593,585.0
Truck78635,382.0
Truck78569,721.0
Truck78612,509.0
Truck78610,522.0
Truck78632,414.0
Truck78580,676.0
Truck78604,563.0
Truck78623,469.0
Truck78576,706.0
Truck78611,531.0
Truck78618,497.0
Truck78620,497.0
Truck78609,556.0
Truck78634,433.0
Truck78584,688.0
Truck78603,601.0
Truck78643,403.0
Truck78606,591.0
Truck78629,476.0
Truck78608,584.0
Truck78602,622.0
Truck78631,481.0
Truck78583,722.0
Truck78594,676.0
Truck78616,573.0
Truck78658,366.0
Truck78596,677.0
Truck78617,574.0
Truck78637,478.0
Truck78657,385.0
Truck78640,474.0
Truck78630,535.0
Truck78645,463.0
Truck78622,579.0
Truck78664,379.0
Truck78636,521.0
Truck78652,444.0
Truck78627,573.0
Truck78625,592.0
Truck78644,505.0
Truck78628,589.0
Truck78624,621.0
Truck78626,613.0
Truck78649,502.0
Truck78653,483.0
Truck78654,486.0
Truck78641,559.0
Truck78656,484.0
Truck78613,702.0
Truck78621,682.0
Truck78673,429.0
Truck78638,607.0
Truck78675,422.0
Truck78585,876.0
Truck78647,567.0
Truck78633,641.0
Truck78678,426.0
Truck78646,595.0
Truck78661,523.0
Truck78672,478.0
Truck78689,393.0
Truck78671,498.0
Truck78666,525.0
Truck78665,550.0
Truck78655,603.0
Truck78650,634.0
Truck78683,474.0
Truck78651,635.0
Truck78667,558.0
Truck78670,546.0
Truck78639,705.0
Truck78676,520.0
Truck78648,661.0
Truck78684,481.0
Truck78614,833.0
Truck78659,620.0
Truck78688,477.0
Truck78669,581.0
Truck78692,481.0
Truck78708,404.0
Truck78701,440.0
Truck78685,523.0
Truck78619,861.0
Truck78690,507.0
Truck78668,623.0
Truck78680,564.0
Truck78694,495.0
Truck78663,651.0
Truck78699,473.0
Truck78682,575.0
Truck78660,694.0
Truck78707,461.0
Truck78679,603.0
Truck78674,634.0
Truck78697,523.0
Truck78642,800.0
Truck78686,583.0
Truck78712,459.0
Truck78719,427.0
Truck78687,596.0
Truck78677,652.0
Truck78716,464.0
Truck78702,544.0
Truck78715,482.0
Truck78724,441.0
Truck78681,657.0
Truck78713,499.0
Truck78704,547.0
Truck78693,605.0
Truck78723,464.0
Truck78709,543.0
Truck78696,612.0
Truck78691,643.0
Truck78736,419.0
Truck78728,460.0
Truck78703,586.0
Truck78705,577.0
Truck78734,440.0
Truck78731,456.0
Truck78662,803.0
Truck78735,457.0
Truck78721,530.0
Truck78698,646.0
Truck78711,582.0
Truck78695,663.0
Truck78727,521.0
Truck78751,411.0
Truck78714,598.0
Truck78745,459.0
Truck78706,656.0
Truck78717,607.0
Truck78710,644.0
Truck78720,594.0
Truck78700,700.0
Truck78743,497.0
Truck78742,507.0
Truck78761,415.0
Truck78733,561.0
Truck78729,595.0
Truck78760,440.0
Truck78722,631.0
Truck78740,544.0
Truck78737,568.0
Truck78756,473.0
Truck78732,595.0
Truck78744,539.0
Truck78762,449.0
Truck78726,631.0
Truck78758,473.0
Truck78752,510.0
Truck78748,538.0
Truck78739,586.0
Truck78765,456.0
Truck78771,426.0
Truck78779,386.0
Truck78738,593.0
Truck78718,694.0
Truck78747,553.0
Truck78768,449.0
Truck78746,567.0
Truck78750,548.0
Truck78725,678.0
Truck78749,558.0
Truck78773,448.0
Truck78774,448.0
Truck78741,618.0
Truck78753,575.0
Truck78789,410.0
Truck78754,590.0
Truck78763,547.0
Truck78787,428.0
Truck78764,552.0
Truck78784,456.0
Truck78796,404.0
Truck78766,555.0
Truck78770,536.0
Truck78730,740.0
Truck78781,488.0
Truck78769,556.0
Truck78797,420.0
Truck78757,625.0
Truck78767,595.0
Truck78755,656.0
Truck78772,579.0
Truck78794,476.0
Truck78812,398.0
Truck78782,550.0
Truck78783,549.0
Truck78814,395.0
Truck78802,456.0
Truck78786,543.0
Truck78791,522.0
Truck78759,695.0
Truck78785,570.0
Truck78811,444.0
Truck78792,553.0
Truck78778,628.0
Truck78776,641.0
Truck78821,418.0
Truck78793,561.0
Truck78806,497.0
Truck78808,490.0
Truck78777,654.0
Truck78803,528.0
Truck78819,463.0
Truck78810,509.0
Truck78788,621.0
Truck78795,586.0
Truck78809,521.0
Truck78818,480.0
Truck78815,497.0
Truck78820,482.0
Truck78775,708.0
Truck78805,558.0
Truck78799,591.0
Truck78798,606.0
Truck78813,541.0
Truck78826,485.0
Truck78824,502.0
Truck78800,627.0
Truck78804,608.0
Truck78835,454.0
Truck78833,472.0
Truck78839,448.0
Truck78832,485.0
Truck78827,525.0
Truck78817,577.0
Truck78780,763.0
Truck78842,472.0
Truck78830,533.0
Truck78790,736.0
Truck78852,426.0
Truck78816,618.0
Truck78822,599.0
Truck78801,705.0
Truck78840,513.0
Truck78829,570.0
Truck78834,546.0
Truck78864,399.0
Truck78836,540.0
Truck78873,355.0
Truck78837,557.0
Truck78841,538.0
Truck78838,561.0
Truck78859,458.0
Truck78851,503.0
Truck78807,742.0
Truck78823,663.0
Truck78848,540.0
Truck78857,512.0
Truck78844,579.0
Truck78868,470.0
Truck78856,535.0
Truck78847,581.0
Truck78866,494.0
Truck78871,473.0
Truck78876,453.0
Truck78828,695.0
Truck78869,493.0
Truck78880,441.0
Truck78825,734.0
Truck78849,615.0
Truck78854,590.0
Truck78831,718.0
Truck78877,491.0
Truck78850,639.0
Truck78872,529.0
Truck78858,601.0
Truck78863,579.0
Truck78899,401.0
Truck78861,601.0
Truck78881,502.0
Truck78843,700.0
Truck78855,640.0
Truck78875,551.0
Truck78845,709.0
Truck78853,673.0
Truck78865,614.0
Truck78870,593.0
Truck78888,506.0
Truck78884,527.0
Truck78846,726.0
Truck78889,513.0
Truck78879,575.0
Truck78887,535.0
Truck78892,515.0
Truck78896,500.0
Truck78867,646.0
Truck78860,684.0
Truck78878,596.0
Truck78891,533.0
Truck78908,454.0
Truck78882,594.0
Truck78903,489.0
Truck78897,539.0
Truck78933,362.0
Truck78917,447.0
Truck78895,558.0
Truck78874,687.0
Truck78893,594.0
Truck78886,631.0
Truck78923,447.0
Truck78911,508.0
Truck78898,581.0
Truck78906,543.0
Truck78915,498.0
Truck78862,764.0
Truck78920,477.0
Truck78922,471.0
Truck78945,358.0
Truck78883,675.0
Truck78927,455.0
Truck78935,421.0
Truck78905,573.0
Truck78916,518.0
Truck78900,607.0
Truck78890,662.0
Truck78912,552.0
Truck78938,422.0
Truck78885,698.0
Truck78909,583.0
Truck78919,546.0
Truck78931,490.0
Truck78902,648.0
Truck78936,478.0
Truck78929,522.0
Truck78901,670.0
Truck78937,497.0
Truck78943,474.0
Truck78948,452.0
Truck78926,567.0
Truck78894,731.0
Truck78928,568.0
Truck78921,606.0
Truck78941,511.0
Truck78932,559.0
Truck78924,612.0
Truck78930,582.0
Truck78904,718.0
Truck78960,439.0
Truck78939,548.0
Truck78976,363.0
Truck78949,499.0
Truck78950,508.0
Truck78925,636.0
Truck78942,554.0
Truck78913,703.0
Truck78918,679.0
Truck78944,551.0
Truck78967,437.0
Truck78907,751.0
Truck78953,522.0
Truck78914,725.0
Truck78969,451.0
Truck78958,512.0
Truck78952,548.0
Truck78963,504.0
Truck78910,771.0
Truck78970,472.0
Truck78934,657.0
Truck78955,559.0
Truck78978,461.0
Truck78940,654.0
Truck78947,621.0
Truck78954,588.0
Truck78962,557.0
Truck78964,553.0
Truck78957,596.0
Truck78959,597.0
Truck78961,588.0
Truck78990,444.0
Truck78974,526.0
Truck78991,441.0
Truck78971,548.0
Truck78966,579.0
Truck78986,492.0
Truck78982,514.0
Truck78973,568.0
Truck78993,468.0
Truck78981,529.0
Truck78985,509.0
Truck78988,494.0
Truck78997,453.0
Truck78965,614.0
Truck78980,548.0
Truck78979,554.0
Truck78968,616.0
Truck78956,679.0
Truck78983,546.0
Truck79009,422.0
Truck78995,494.0
Truck79008,430.0
Truck78972,611.0
Truck78975,600.0
Truck79023,362.0
Truck78946,751.0
Truck79002,484.0
Truck78987,574.0
Truck78989,564.0
Truck79003,495.0
Truck78994,551.0
Truck78951,769.0
Truck78998,534.0
Truck79010,474.0
Truck79006,499.0
Truck78992,576.0
Truck79012,482.0
Truck79020,444.0
Truck78977,664.0
Truck78984,631.0
Truck79007,529.0
Truck79024,446.0
Truck79000,574.0
Truck79040,383.0
Truck78996,604.0
Truck79001,579.0
Truck79015,510.0
Truck79018,522.0
Truck79036,437.0
Truck79016,540.0
Truck79025,495.0
Truck79005,598.0
Truck79017,541.0
Truck78999,641.0
Truck79029,503.0
Truck79028,515.0
Truck79004,636.0
Truck79050,422.0
Truck79034,508.0
Truck79019,590.0
Truck79011,640.0
Truck79039,501.0
Truck79014,633.0
Truck79075,339.0
Truck79021,611.0
Truck79045,491.0
Truck79022,608.0
Truck79031,564.0
Truck79027,586.0
Truck79067,391.0
Truck79035,553.0
Truck79062,435.0
Truck79049,509.0
Truck79048,521.0
Truck79042,553.0
Truck79084,347.0
Truck79041,566.0
Truck79037,589.0
Truck79033,610.0
Truck79038,586.0
Truck79013,721.0
Truck79059,495.0
Truck79032,638.0
Truck79073,434.0
Truck79056,524.0
Truck79046,581.0
Truck79030,680.0
Truck79057,549.0
Truck79076,463.0
Truck79044,624.0
Truck79026,716.0
Truck79063,539.0
Truck79078,468.0
Truck79051,610.0
Truck79052,607.0
Truck79060,567.0
Truck79055,595.0
Truck79047,641.0
Truck79066,552.0
Truck79072,526.0
Truck79093,423.0
Truck79065,564.0
Truck79090,440.0
Truck79043,687.0
Truck79070,556.0
Truck79069,562.0
Truck79074,548.0
Truck79058,632.0
Truck79061,629.0
Truck79081,542.0
Truck79087,519.0
Truck79068,615.0
Truck79053,691.0
Truck79079,576.0
Truck79116,398.0
Truck79077,595.0
Truck79094,512.0
Truck79071,634.0
Truck79089,550.0
Truck79054,726.0
Truck79206,424.0
Truck79212,442.0
Truck79205,493.0
Truck79218,436.0
Truck79201,539.0
Truck79202,534.0
Truck79204,528.0
Truck79208,510.0
Truck79200,554.0
Truck79241,353.0
Truck79224,441.0
Truck79227,442.0
Truck79217,494.0
Truck79229,438.0
Truck79221,492.0
Truck79243,384.0
Truck79245,374.0
Truck79207,570.0
Truck79215,534.0
Truck79244,393.0
Truck79225,493.0
Truck79222,527.0
Truck79228,500.0
Truck79213,576.0
Truck79230,496.0
Truck79235,482.0
Truck79211,608.0
Truck79233,500.0
Truck79203,661.0
Truck79231,522.0
Truck79260,391.0
Truck79209,647.0
Truck79232,533.0
Truck79234,525.0
Truck79238,520.0
Truck79246,480.0
Truck79240,520.0
Truck79251,471.0
Truck79258,441.0
Truck79254,466.0
Truck79220,637.0
Truck79226,607.0
Truck79250,511.0
Truck79237,590.0
Truck79247,553.0
Truck79239,598.0
Truck79269,459.0
Truck79278,420.0
Truck79256,532.0
Truck79236,636.0
Truck79261,516.0
Truck79255,548.0
Truck79219,732.0
Truck79266,498.0
Truck79263,521.0
Truck79289,392.0
Truck79273,481.0
Truck79248,618.0
Truck79210,811.0
Truck79257,579.0
Truck79268,524.0
Truck79252,607.0
Truck79253,604.0
Truck79288,430.0
Truck79282,467.0
Truck79297,406.0
Truck79281,492.0
Truck79296,417.0
Truck79274,533.0
Truck79287,470.0
Truck79259,616.0
Truck79262,609.0
Truck79264,600.0
Truck79283,506.0
Truck79271,567.0
Truck79242,717.0
Truck79284,512.0
Truck79214,864.0
Truck79249,689.0
Truck79290,491.0
Truck79279,553.0
Truck79304,434.0
Truck79223,842.0
Truck79265,637.0
Truck79291,513.0
Truck79317,386.0
Truck79270,637.0
Truck79267,654.0
Truck79216,910.0
Truck79318,402.0
Truck79277,616.0
Truck79314,431.0
Truck79316,427.0
Truck79293,549.0
Truck79327,380.0
Truck79308,478.0
Truck79301,518.0
Truck79300,525.0
Truck79310,476.0
Truck79294,562.0
Truck79286,603.0
Truck79276,654.0
Truck79299,555.0
Truck79292,598.0
Truck79298,569.0
Truck79272,720.0
Truck79275,706.0
Truck79341,379.0
Truck79315,512.0
Truck79313,524.0
Truck79295,617.0
Truck79320,499.0
Truck79323,485.0
Truck79311,546.0
Truck79307,581.0
Truck79333,452.0
Truck79280,722.0
Truck79321,519.0
Truck79322,517.0
Truck79329,482.0
Truck79330,485.0
Truck79319,548.0
Truck79306,616.0
Truck79343,431.0
Truck79344,433.0
Truck79303,647.0
Truck79324,550.0
Truck79358,380.0
Truck79351,416.0
Truck79309,652.0
Truck79331,543.0
Truck79340,500.0
Truck79325,581.0
Truck79345,489.0
Truck79312,671.0
Truck79336,560.0
Truck79354,471.0
Truck79350,499.0
Truck79332,591.0
Truck79352,497.0
Truck79326,628.0
Truck79328,620.0
Truck79339,565.0
Truck79337,578.0
Truck79346,534.0
Truck79357,487.0
Truck79285,852.0
Truck79302,767.0
Truck79305,752.0
Truck79366,451.0
Truck79342,586.0
Truck79356,517.0
Truck79334,629.0
Truck79367,469.0
Truck79335,630.0
Truck79387,375.0
Truck79361,507.0
Truck79368,472.0
Truck79359,525.0
Truck79373,455.0
Truck79353,564.0
Truck79363,516.0
Truck79348,595.0
Truck79401,359.0
Truck79370,539.0
Truck79369,546.0
Truck79374,522.0
Truck79371,549.0
Truck79355,641.0
Truck79347,686.0
Truck79365,599.0
Truck79364,609.0
Truck79375,554.0
Truck79384,509.0
Truck79381,534.0
Truck79379,551.0
Truck79386,516.0
Truck79407,416.0
Truck79406,436.0
Truck79377,585.0
Truck79402,461.0
Truck79383,560.0
Truck79416,395.0
Truck79376,598.0
Truck79390,534.0
Truck79360,697.0
Truck79382,587.0
Truck79385,572.0
Truck79391,556.0
Truck79393,549.0
Truck79414,449.0
Truck79400,526.0
Truck79421,426.0
Truck79413,468.0
Truck79378,644.0
Truck79392,574.0
Truck79408,494.0
Truck79389,592.0
Truck79396,571.0
Truck79397,567.0
Truck79338,864.0
Truck79380,664.0
Truck79372,705.0
Truck79424,447.0
Truck79394,602.0
Truck79349,834.0
Truck79419,488.0
Truck79437,408.0
Truck79399,599.0
Truck79410,553.0
Truck79427,478.0
Truck79395,643.0
Truck79405,595.0
Truck79362,818.0
Truck79431,474.0
Truck79417,546.0
Truck79388,693.0
Truck79420,533.0
Truck79415,560.0
Truck79409,592.0
Truck79428,498.0
Truck79441,434.0
Truck79423,527.0
Truck79444,445.0
Truck79403,655.0
Truck79433,507.0
Truck79422,566.0
Truck79430,535.0
Truck79434,515.0
Truck79411,634.0
Truck79442,481.0
Truck79432,532.0
Truck79438,505.0
Truck79450,451.0
Truck79452,443.0
Truck79456,425.0
Truck79425,586.0
Truck79468,371.0
Truck79436,537.0
Truck79398,730.0
Truck79445,501.0
Truck79439,537.0
Truck79429,588.0
Truck79467,406.0
Truck79404,725.0
Truck79454,475.0
Truck79418,660.0
Truck79446,523.0
Truck79426,636.0
Truck79451,513.0
Truck79458,481.0
Truck79447,544.0
Truck79464,462.0
Truck79469,456.0
Truck79412,745.0
Truck79453,542.0
Truck79461,510.0
Truck79475,442.0
Truck79476,449.0
Truck79481,429.0
Truck79435,661.0
Truck79470,493.0
Truck79449,614.0
Truck79457,586.0
Truck79479,482.0
Truck79477,497.0
Truck79440,686.0
Truck79462,581.0
Truck79480,493.0
Truck79491,442.0
Truck79465,576.0
Truck79460,610.0
Truck79443,697.0
Truck79502,402.0
Truck79448,674.0
Truck79459,621.0
Truck79482,515.0
Truck79463,619.0
Truck79497,459.0
Truck79484,541.0
Truck79487,543.0
Truck79489,538.0
Truck79500,485.0
Truck79499,504.0
Truck79496,522.0
Truck79471,655.0
Truck79490,562.0
Truck79488,574.0
Truck79455,744.0
Truck79473,660.0
Truck79472,673.0
Truck79492,573.0
Truck79509,493.0
Truck79498,549.0
Truck79466,714.0
Truck79517,472.0
Truck79486,630.0
Truck79495,607.0
Truck79549,339.0
Truck79510,535.0
Truck79540,385.0
Truck79506,567.0
Truck79485,679.0
Truck79493,641.0
Truck79494,639.0
Truck79478,722.0
Truck79501,608.0
Truck79518,523.0
Truck79504,595.0
Truck79505,594.0
Truck79525,497.0
Truck79523,510.0
Truck79483,723.0
Truck79508,601.0
Truck79474,776.0
Truck79524,527.0
Truck79543,432.0
Truck79531,497.0
Truck79539,464.0
Truck79513,597.0
Truck79536,492.0
Truck79515,601.0
Truck79530,533.0
Truck79527,552.0
Truck79507,663.0
Truck79512,639.0
Truck79538,521.0
Truck79519,617.0
Truck79516,652.0
Truck79544,516.0
Truck79542,532.0
Truck79520,643.0
Truck79533,579.0
Truck79548,511.0
Truck79565,427.0
Truck79554,488.0
Truck79503,745.0
Truck79555,489.0
Truck79535,590.0
Truck79521,665.0
Truck79547,537.0
Truck79576,393.0
Truck79563,460.0
Truck79526,648.0
Truck79561,475.0
Truck79522,674.0
Truck79559,497.0
Truck79514,733.0
Truck79537,624.0
Truck79551,555.0
Truck79558,520.0
Truck79556,532.0
Truck79528,673.0
Truck79570,465.0
Truck79529,671.0
Truck79550,566.0
Truck79562,506.0
Truck79557,547.0
Truck79546,604.0
Truck79560,534.0
Truck79584,433.0
Truck79511,800.0
Truck79574,491.0
Truck79577,477.0
Truck79545,643.0
Truck79572,510.0
Truck79534,701.0
Truck79566,553.0
Truck79593,418.0
Truck79587,449.0
Truck79564,567.0
Truck79567,554.0
Truck79571,535.0
Truck79568,561.0
Truck79532,748.0
Truck79607,377.0
Truck79541,727.0
Truck79583,519.0
Truck79580,535.0
Truck79573,592.0
Truck79591,502.0
Truck79552,705.0
Truck79578,587.0
Truck79553,713.0
Truck79569,639.0
Truck79605,469.0
Truck79595,526.0
Truck79581,599.0
Truck79597,525.0
Truck79579,630.0
Truck79582,632.0
Truck79594,580.0
Truck79600,550.0
Truck79609,508.0
Truck79585,635.0
Truck79599,566.0
Truck79608,522.0
Truck79625,439.0
Truck79619,472.0
Truck79614,500.0
Truck79610,525.0
Truck79606,549.0
Truck79592,621.0
Truck79611,527.0
Truck79589,639.0
Truck79630,437.0
Truck79602,578.0
Truck79617,503.0
Truck79647,357.0
Truck79586,682.0
Truck79575,740.0
Truck79645,390.0
Truck79623,506.0
Truck79612,566.0
Truck79618,537.0
Truck79637,443.0
Truck79588,695.0
Truck79603,623.0
Truck79613,577.0
Truck79620,547.0
Truck79622,544.0
Truck79629,509.0
Truck79621,561.0
Truck79636,487.0
Truck79590,734.0
Truck79604,666.0
Truck79627,554.0
Truck79634,519.0
Truck79662,379.0
Truck79640,493.0
Truck79631,540.0
Truck79635,525.0
Truck79643,494.0
Truck79624,591.0
Truck79596,732.0
Truck79650,470.0
Truck79660,421.0
Truck79615,649.0
Truck79628,596.0
Truck79633,574.0
Truck79626,610.0
Truck79657,475.0
Truck79639,568.0
Truck79598,774.0
Truck79654,498.0
Truck79661,464.0
Truck79673,405.0
Truck79655,497.0
Truck79681,370.0
Truck79632,616.0
Truck79642,566.0
Truck79653,530.0
Truck79668,478.0
Truck79648,579.0
Truck79601,817.0
Truck79659,529.0
Truck79671,470.0
Truck79658,537.0
Truck79665,506.0
Truck79652,572.0
Truck79644,624.0
Truck79656,567.0
Truck79638,658.0
Truck79641,663.0
Truck79687,433.0
Truck79690,423.0
Truck79676,508.0
Truck79678,498.0
Truck79651,642.0
Truck79674,527.0
Truck79680,497.0
Truck79705,372.0
Truck79701,395.0
Truck79685,480.0
Truck79679,525.0
Truck79616,845.0
Truck79667,592.0
Truck79646,698.0
Truck79691,487.0
Truck79649,700.0
Truck79697,467.0
Truck79692,493.0
Truck79675,581.0
Truck79708,418.0
Truck79684,544.0
Truck79666,639.0
Truck79664,656.0
Truck79677,597.0
Truck79707,447.0
Truck79682,580.0
Truck79715,416.0
Truck79669,652.0
Truck79672,640.0
Truck79688,563.0
Truck79703,493.0
Truck79693,550.0
Truck79670,668.0
Truck79700,518.0
Truck79725,415.0
Truck79702,531.0
Truck79686,613.0
Truck79683,638.0
Truck79663,742.0
Truck79721,462.0
Truck79724,453.0
Truck79717,496.0
Truck79714,513.0
Truck79696,605.0
Truck79732,425.0
Truck79698,597.0
Truck79694,620.0
Truck79713,525.0
Truck79719,515.0
Truck79704,591.0
Truck79710,569.0
Truck79699,629.0
Truck79706,594.0
Truck79727,493.0
Truck79746,399.0
Truck79709,589.0
Truck79730,494.0
Truck79747,423.0
Truck79689,716.0
Truck79726,542.0
Truck79729,535.0
Truck79695,712.0
Truck79711,635.0
Truck79762,380.0
Truck79728,552.0
Truck79738,515.0
Truck79731,554.0
Truck79718,625.0
Truck79742,508.0
Truck79745,496.0
Truck79716,645.0
Truck79754,459.0
Truck79735,574.0
Truck79763,439.0
Truck79748,522.0
Truck79712,709.0
Truck79733,605.0
Truck79722,662.0
Truck79723,659.0
Truck79766,448.0
Truck79757,500.0
Truck79743,571.0
Truck79739,592.0
Truck79736,609.0
Truck79740,589.0
Truck79769,454.0
Truck79744,580.0
Truck79752,541.0
Truck79784,384.0
Truck79773,447.0
Truck79720,713.0
Truck79776,444.0
Truck79777,454.0
Truck79737,655.0
Truck79755,574.0
Truck79756,571.0
Truck79781,460.0
Truck79749,621.0
Truck79767,539.0
Truck79759,590.0
Truck79793,422.0
Truck79786,462.0
Truck79760,593.0
Truck79734,727.0
Truck79778,507.0
Truck79790,458.0
Truck79779,514.0
Truck79751,655.0
Truck79797,433.0
Truck79801,415.0
Truck79780,523.0
Truck79802,417.0
Truck79810,379.0
Truck79741,731.0
Truck79785,512.0
Truck79768,601.0
Truck79761,645.0
Truck79750,702.0
Truck79758,667.0
Truck79799,462.0
Truck79774,605.0
Truck79775,606.0
Truck79792,521.0
Truck79794,511.0
Truck79771,628.0
Truck79782,578.0
Truck79805,464.0
Truck79753,725.0
Truck79813,430.0
Truck79764,677.0
Truck79796,521.0
Truck79770,656.0
Truck79783,591.0
Truck79789,590.0
Truck79798,546.0
Truck79788,600.0
Truck79812,486.0
Truck79829,413.0
Truck79772,704.0
Truck79787,630.0
Truck79811,521.0
Truck79817,493.0
Truck79804,560.0
Truck79824,488.0
Truck79818,519.0
Truck79830,475.0
Truck79807,605.0
Truck79765,820.0
Truck79834,480.0
Truck79795,680.0
Truck79816,575.0
Truck79828,518.0
Truck79806,634.0
Truck79819,569.0
Truck79809,624.0
Truck79839,475.0
Truck79850,422.0
Truck79838,483.0
Truck79814,608.0
Truck79831,524.0
Truck79836,500.0
Truck79803,667.0
Truck79843,474.0
Truck79825,574.0
Truck79848,467.0
Truck79823,601.0
Truck79840,524.0
Truck79791,775.0
Truck79800,733.0
Truck79826,605.0
Truck79867,402.0
Truck79827,610.0
Truck79858,459.0
Truck79855,477.0
Truck79841,550.0
Truck79854,494.0
Truck79847,533.0
Truck79865,450.0
Truck79808,740.0
Truck79820,683.0
Truck79869,439.0
Truck79852,529.0
Truck79833,625.0
Truck79861,493.0
Truck79846,573.0
Truck79822,694.0
Truck79872,447.0
Truck79856,528.0
Truck79815,750.0
Truck79835,650.0
Truck79837,640.0
Truck79821,723.0
Truck79851,579.0
Truck79853,574.0
Truck79864,522.0
Truck79866,514.0
Truck79832,686.0
Truck79859,553.0
Truck79863,542.0
Truck79857,575.0
Truck79844,644.0
Truck79874,500.0
Truck79886,441.0
Truck79888,442.0
Truck79892,422.0
Truck79842,674.0
Truck79845,666.0
Truck79871,543.0
Truck79878,513.0
Truck79885,478.0
Truck79891,450.0
Truck79889,463.0
Truck79895,435.0
Truck79877,527.0
Truck79868,576.0
Truck79894,446.0
Truck79870,567.0
Truck79875,560.0
Truck79860,645.0
Truck79879,556.0
Truck79881,551.0
Truck79873,593.0
Truck79898,487.0
Truck79901,474.0
Truck79890,531.0
Truck79849,743.0
Truck79882,589.0
Truck79876,638.0
Truck79896,541.0
Truck79893,557.0
Truck79883,617.0
Truck79884,612.0
Truck79862,725.0
Truck79910,485.0
Truck79887,605.0
Truck79918,450.0
Truck79915,502.0
Truck79907,551.0
Truck79922,486.0
Truck79880,697.0
Truck79905,577.0
Truck79925,480.0
Truck79930,455.0
Truck79900,606.0
Truck79926,478.0
Truck79911,554.0
Truck79903,595.0
Truck79913,559.0
Truck79912,567.0
Truck79935,455.0
Truck79899,636.0
Truck79919,538.0
Truck79897,654.0
Truck79920,539.0
Truck79928,506.0
Truck79937,481.0
Truck79954,399.0
Truck79909,628.0
Truck79904,656.0
Truck79906,647.0
Truck79944,463.0
Truck79927,552.0
Truck79936,507.0
Truck79940,490.0
Truck79943,483.0
Truck79934,535.0
Truck79933,543.0
Truck79914,650.0
Truck79923,606.0
Truck79902,719.0
Truck79963,414.0
Truck79916,650.0
Truck79917,653.0
Truck79951,486.0
Truck79921,641.0
Truck79929,604.0
Truck79947,516.0
Truck79941,552.0
Truck79958,470.0
Truck79939,569.0
Truck79974,395.0
Truck79924,648.0
Truck79948,536.0
Truck79931,637.0
Truck79942,591.0
Truck79908,787.0
Truck79956,549.0
Truck79961,525.0
Truck79969,490.0
Truck79964,516.0
Truck79970,488.0
Truck79967,510.0
Truck79966,518.0
Truck79972,488.0
Truck79977,463.0
Truck79962,540.0
Truck79975,489.0
Truck79968,526.0
Truck79957,584.0
Truck79999,375.0
Truck79984,454.0
Truck79982,470.0
Truck79949,643.0
Truck79965,563.0
Truck79976,510.0
Truck79971,542.0
Truck79952,651.0
Truck79955,647.0
Truck79959,637.0
Truck80010,390.0
Truck80002,434.0
Truck79938,755.0
Truck79960,652.0
Truck79989,512.0
Truck79981,554.0
Truck79986,529.0
Truck79979,568.0
Truck79992,522.0
Truck80004,465.0
Truck79985,561.0
Truck80025,364.0
Truck79932,830.0
Truck79946,763.0
Truck79980,594.0
Truck79998,504.0
Truck79994,525.0
Truck79950,751.0
Truck80018,417.0
Truck80022,398.0
Truck79978,623.0
Truck79993,551.0
Truck79991,562.0
Truck79973,658.0
Truck80009,478.0
Truck79953,766.0
Truck79996,557.0
Truck80000,542.0
Truck79983,628.0
Truck80011,502.0
Truck79945,833.0
Truck80006,528.0
Truck79988,629.0
Truck79997,584.0
Truck80024,456.0
Truck80014,508.0
Truck80017,496.0
Truck80034,413.0
Truck80032,437.0
Truck80005,581.0
Truck80039,414.0
Truck79987,679.0
Truck80028,475.0
Truck79990,667.0
Truck79995,646.0
Truck80015,546.0
Truck80023,509.0
Truck80026,494.0
Truck80016,555.0
Truck80019,542.0
Truck80007,611.0
Truck80008,633.0
Truck80001,682.0
Truck80044,474.0
Truck80003,680.0
Truck80021,590.0
Truck80013,643.0
Truck80029,576.0
Truck80027,587.0
Truck80037,542.0
Truck80067,398.0
Truck80031,585.0
Truck80057,458.0
Truck80046,530.0
Truck80053,498.0
Truck80055,488.0
Truck80020,664.0
Truck80035,589.0
Truck80061,473.0
Truck80012,721.0
Truck80069,436.0
Truck80038,595.0
Truck80030,638.0
Truck80040,592.0
Truck80068,455.0
Truck80072,445.0
Truck80041,603.0
Truck80048,570.0
Truck80070,460.0
Truck80065,489.0
Truck80033,660.0
Truck80056,559.0
Truck80049,595.0
Truck80082,431.0
Truck80080,442.0
Truck80063,530.0
Truck80084,431.0
Truck80054,591.0
Truck80078,478.0
Truck80075,504.0
Truck80064,570.0
Truck80073,525.0
Truck80060,591.0
Truck80047,666.0
Truck80050,654.0
Truck80052,646.0
Truck80079,512.0
Truck80043,693.0
Truck80066,582.0
Truck80077,527.0
Truck80051,667.0
Truck80090,472.0
Truck80062,614.0
Truck80045,700.0
Truck80085,504.0
Truck80042,722.0
Truck80036,767.0
Truck80095,476.0
Truck80088,520.0
Truck80087,526.0
Truck80109,418.0
Truck80071,627.0
Truck80103,467.0
Truck80086,553.0
Truck80058,695.0
Truck80092,528.0
Truck80137,305.0
Truck80097,509.0
Truck80101,492.0
Truck80074,628.0
Truck80076,626.0
Truck80119,428.0
Truck80081,623.0
Truck80114,461.0
Truck80126,401.0
Truck80089,590.0
Truck80113,477.0
Truck80120,443.0
Truck80111,491.0
Truck80102,553.0
Truck80115,491.0
Truck80116,488.0
Truck80107,542.0
Truck80108,543.0
Truck80083,671.0
Truck80098,600.0
Truck80099,599.0
Truck80129,449.0
Truck80139,399.0
Truck80112,537.0
Truck80143,382.0
Truck80059,821.0
Truck80132,460.0
Truck80117,539.0
Truck80093,662.0
Truck80122,520.0
Truck80105,611.0
Truck80121,534.0
Truck80147,420.0
Truck80123,542.0
Truck80124,542.0
Truck80110,613.0
Truck80136,485.0
Truck80094,702.0
Truck80125,548.0
Truck80145,460.0
Truck80127,551.0
Truck80091,732.0
Truck80100,693.0
Truck80146,465.0
Truck80106,667.0
Truck80096,718.0
Truck80149,480.0
Truck80134,573.0
Truck80133,590.0
Truck80160,476.0
Truck80118,690.0
Truck80164,466.0
Truck80128,647.0
Truck80152,531.0
Truck80151,538.0
Truck80169,461.0
Truck80163,494.0
Truck80138,623.0
Truck80150,566.0
Truck80135,642.0
Truck80155,546.0
Truck80165,497.0
Truck80154,559.0
Truck80162,519.0
Truck80157,554.0
Truck80174,471.0
Truck80141,639.0
Truck80167,518.0
Truck80140,654.0
Truck80171,503.0
Truck80161,560.0
Truck80207,334.0
Truck80158,585.0
Truck80159,581.0
Truck80144,658.0
Truck80130,730.0
Truck80179,489.0
Truck80177,503.0
Truck80180,489.0
Truck80148,656.0
Truck80104,886.0
Truck80142,699.0
Truck80153,645.0
Truck80194,440.0
Truck80156,631.0
Truck80175,546.0
Truck80184,505.0
Truck80193,464.0
Truck80181,528.0
Truck80201,435.0
Truck80168,601.0
Truck80191,489.0
Truck80185,531.0
Truck80187,531.0
Truck80199,475.0
Truck80188,531.0
Truck80166,652.0
Truck80170,632.0
Truck80183,571.0
Truck80178,598.0
Truck80198,503.0
Truck80213,429.0
Truck80192,535.0
Truck80186,571.0
Truck80190,558.0
Truck80173,650.0
Truck80189,571.0
Truck80182,612.0
Truck80215,448.0
Truck80172,669.0
Truck80195,555.0
Truck80203,527.0
Truck80131,905.0
Truck80202,563.0
Truck80221,468.0
Truck80205,549.0
Truck80210,525.0
Truck80220,489.0
Truck80196,617.0
Truck80231,443.0
Truck80222,492.0
Truck80223,492.0
Truck80200,610.0
Truck80197,626.0
Truck80214,541.0
Truck80209,569.0
Truck80176,736.0
Truck80218,526.0
Truck80237,432.0
Truck80227,498.0
Truck80225,511.0
Truck80212,582.0
Truck80219,557.0
Truck80253,395.0
Truck80234,491.0
Truck80217,578.0
Truck80240,464.0
Truck80235,494.0
Truck80243,459.0
Truck80208,635.0
Truck80224,572.0
Truck80206,691.0
Truck80211,667.0
Truck80241,517.0
Truck80204,703.0
Truck80254,456.0
Truck80232,580.0
Truck80216,661.0
Truck80230,594.0
Truck80249,500.0
Truck80260,445.0
Truck80229,601.0
Truck80252,487.0
Truck80270,400.0
Truck80279,356.0
Truck80269,412.0
Truck80233,594.0
Truck80250,514.0
Truck80258,484.0
Truck80275,426.0
Truck80226,673.0
Truck80236,630.0
Truck80257,532.0
Truck80266,487.0
Truck80259,524.0
Truck80261,514.0
Truck80239,630.0
Truck80291,371.0
Truck80246,599.0
Truck80255,560.0
Truck80278,446.0
Truck80228,709.0
Truck80248,611.0
Truck80268,519.0
Truck80285,434.0
Truck80247,628.0
Truck80264,545.0
Truck80271,513.0
Truck80267,536.0
Truck80256,597.0
Truck80238,688.0
Truck80294,419.0
Truck80262,595.0
Truck80284,485.0
Truck80272,547.0
Truck80242,704.0
Truck80290,467.0
Truck80263,603.0
Truck80316,341.0
Truck80251,670.0
Truck80301,429.0
Truck80282,545.0
Truck80276,578.0
Truck80277,575.0
Truck80293,501.0
Truck80244,752.0
Truck80286,543.0
Truck80287,539.0
Truck80292,515.0
Truck80296,496.0
Truck80281,573.0
Truck80300,493.0
Truck80297,510.0
Truck80308,461.0
Truck80302,493.0
Truck80306,478.0
Truck80295,537.0
Truck80309,477.0
Truck80273,673.0
Truck80318,453.0
Truck80299,552.0
Truck80245,824.0
Truck80312,498.0
Truck80283,650.0
Truck80274,696.0
Truck80310,516.0
Truck80280,672.0
Truck80324,462.0
Truck80265,766.0
Truck80351,337.0
Truck80314,530.0
Truck80328,462.0
Truck80311,548.0
Truck80319,513.0
Truck80345,395.0
Truck80320,533.0
Truck80298,645.0
Truck80321,530.0
Truck80304,620.0
Truck80289,705.0
Truck80313,589.0
Truck80288,718.0
Truck80322,550.0
Truck80337,475.0
Truck80315,593.0
Truck80326,543.0
Truck80325,549.0
Truck80348,442.0
Truck80343,472.0
Truck80353,436.0
Truck80354,431.0
Truck80327,567.0
Truck80305,680.0
Truck80347,476.0
Truck80323,600.0
Truck80330,566.0
Truck80376,346.0
Truck80341,522.0
Truck80349,485.0
Truck80317,647.0
Truck80360,434.0
Truck80359,441.0
Truck80329,597.0
Truck80352,485.0
Truck80332,586.0
Truck80335,572.0
Truck80373,388.0
Truck80339,569.0
Truck80334,596.0
Truck80344,546.0
Truck80367,433.0
Truck80333,604.0
Truck80342,564.0
Truck80350,526.0
Truck80338,591.0
Truck80346,553.0
Truck80361,481.0
Truck80303,776.0
Truck80362,482.0
Truck80331,648.0
Truck80377,418.0
Truck80336,634.0
Truck80372,459.0
Truck80364,525.0
Truck80307,811.0
Truck80387,415.0
Truck80381,446.0
Truck80358,562.0
Truck80365,528.0
Truck80356,577.0
Truck80389,433.0
Truck80393,425.0
Truck80375,522.0
Truck80384,488.0
Truck80340,719.0
Truck80383,505.0
Truck80401,417.0
Truck80357,641.0
Truck80379,531.0
Truck80392,468.0
Truck80394,465.0
Truck80395,463.0
Truck80371,591.0
Truck80382,545.0
Truck80404,446.0
Truck80406,437.0
Truck80378,584.0
Truck80403,466.0
Truck80386,553.0
Truck80385,559.0
Truck80399,498.0
Truck80405,468.0
Truck80417,409.0
Truck80368,658.0
Truck80412,446.0
Truck80390,559.0
Truck80363,705.0
Truck80366,692.0
Truck80398,538.0
Truck80396,549.0
Truck80380,638.0
Truck80420,440.0
Truck80409,501.0
Truck80400,550.0
Truck80408,513.0
Truck80419,462.0
Truck80370,710.0
Truck80418,479.0
Truck80369,727.0
Truck80407,545.0
Truck80388,654.0
Truck80413,538.0
Truck80402,598.0
Truck80397,625.0
Truck80355,836.0
Truck80411,556.0
Truck80434,442.0
Truck80415,538.0
Truck80436,447.0
Truck80449,398.0
Truck80424,524.0
Truck80374,776.0
Truck80391,701.0
Truck80435,481.0
Truck80423,543.0
Truck80416,586.0
Truck80433,502.0
Truck80448,427.0
Truck80439,477.0
Truck80442,463.0
Truck80410,629.0
Truck80414,614.0
Truck80437,504.0
Truck80421,587.0
Truck80451,443.0
Truck80455,427.0
Truck80432,547.0
Truck80450,462.0
Truck80441,510.0
Truck80427,585.0
Truck80422,612.0
Truck80445,508.0
Truck80438,553.0
Truck80456,463.0
Truck80446,515.0
Truck80440,555.0
Truck80426,635.0
Truck80471,416.0
Truck80452,517.0
Truck80466,456.0
Truck80444,569.0
Truck80431,639.0
Truck80428,655.0
Truck80429,652.0
Truck80457,515.0
Truck80453,536.0
Truck80473,445.0
Truck80461,507.0
Truck80454,552.0
Truck80459,530.0
Truck80447,594.0
Truck80430,683.0
Truck80468,499.0
Truck80458,552.0
Truck80475,474.0
Truck80484,453.0
Truck80465,570.0
Truck80486,467.0
Truck80463,584.0
Truck80485,474.0
Truck80464,589.0
Truck80472,557.0
Truck80480,523.0
Truck80425,801.0
Truck80467,601.0
Truck80497,451.0
Truck80460,656.0
Truck80492,496.0
Truck80494,486.0
Truck80499,464.0
Truck80462,658.0
Truck80479,575.0
Truck80500,470.0
Truck80504,454.0
Truck80512,416.0
Truck80487,553.0
Truck80502,480.0
Truck80517,406.0
Truck80443,783.0
Truck80481,600.0
Truck80474,637.0
Truck80488,572.0
Truck80537,333.0
Truck80478,630.0
Truck80483,606.0
Truck80505,502.0
Truck80470,682.0
Truck80509,489.0
Truck80491,580.0
Truck80490,587.0
Truck80515,466.0
Truck80469,699.0
Truck80495,572.0
Truck80489,608.0
Truck80477,669.0
Truck80530,419.0
Truck80476,690.0
Truck80513,505.0
Truck80498,597.0
Truck80496,609.0
Truck80536,416.0
Truck80506,574.0
Truck80528,466.0
Truck80482,705.0
Truck80503,619.0
Truck80514,573.0
Truck80493,684.0
Truck80529,504.0
Truck80534,486.0
Truck80524,537.0
Truck80525,533.0
Truck80522,549.0
Truck80540,467.0
Truck80511,617.0
Truck80548,435.0
Truck80510,630.0
Truck80538,493.0
Truck80508,657.0
Truck80564,379.0
Truck80658,355.0
Truck80654,402.0
Truck80648,433.0
Truck80655,412.0
Truck80645,476.0
Truck80644,545.0
Truck80659,470.0
Truck80656,501.0
Truck80663,466.0
Truck80657,499.0
Truck80666,456.0
Truck80643,591.0
Truck80646,576.0
Truck80653,542.0
Truck80650,572.0
Truck80679,435.0
Truck80642,623.0
Truck80670,492.0
Truck80665,519.0
Truck80673,485.0
Truck80660,554.0
Truck80649,610.0
Truck80667,522.0
Truck80662,551.0
Truck80677,482.0
Truck80686,442.0
Truck80682,465.0
Truck80641,685.0
Truck80681,486.0
Truck80664,586.0
Truck80676,532.0
Truck80652,665.0
Truck80707,394.0
Truck80678,540.0
Truck80697,446.0
Truck80710,392.0
Truck80675,568.0
Truck80693,478.0
Truck80713,386.0
Truck80689,507.0
Truck80703,439.0
Truck80698,465.0
Truck80716,380.0
Truck80647,736.0
Truck80680,573.0
Truck80708,435.0
Truck80668,638.0
Truck80651,727.0
Truck80669,637.0
Truck80685,558.0
Truck80691,528.0
Truck80683,584.0
Truck80719,406.0
Truck80712,455.0
Truck80688,576.0
Truck80706,492.0
Truck80699,532.0
Truck80702,517.0
Truck80687,594.0
Truck80695,558.0
Truck80640,835.0
Truck80705,513.0
Truck80730,388.0
Truck80731,385.0
Truck80671,689.0
Truck80701,542.0
Truck80684,637.0
Truck80696,584.0
Truck80672,710.0
Truck80674,700.0
Truck80724,457.0
Truck80718,490.0
Truck80717,505.0
Truck80692,639.0
Truck80732,448.0
Truck80704,589.0
Truck80714,539.0
Truck80661,807.0
Truck80745,389.0
Truck80740,425.0
Truck80694,657.0
Truck80690,678.0
Truck80711,582.0
Truck80742,442.0
Truck80729,509.0
Truck80749,418.0
Truck80720,579.0
Truck80715,608.0
Truck80722,573.0
Truck80746,455.0
Truck80721,588.0
Truck80726,567.0
Truck80728,570.0
Truck80741,508.0
Truck80755,441.0
Truck80700,719.0
Truck80743,504.0
Truck80737,536.0
Truck80764,406.0
Truck80709,688.0
Truck80739,542.0
Truck80744,518.0
Truck80759,448.0
Truck80752,491.0
Truck80725,627.0
Truck80733,598.0
Truck80761,463.0
Truck80735,594.0
Truck80723,656.0
Truck80734,606.0
Truck80747,542.0
Truck80738,589.0
Truck80754,516.0
Truck80750,568.0
Truck80769,481.0
Truck80781,430.0
Truck80762,531.0
Truck80775,470.0
Truck80763,531.0
Truck80748,623.0
Truck80765,538.0
Truck80794,401.0
Truck80757,598.0
Truck80782,479.0
Truck80777,513.0
Truck80770,551.0
Truck80758,614.0
Truck80786,477.0
Truck80773,545.0
Truck80751,656.0
Truck80753,648.0
Truck80766,583.0
Truck80727,784.0
Truck80767,590.0
Truck80780,530.0
Truck80808,390.0
Truck80789,491.0
Truck80798,449.0
Truck80774,570.0
Truck80797,464.0
Truck80796,478.0
Truck80760,663.0
Truck80813,403.0
Truck80792,516.0
Truck80783,564.0
Truck80785,557.0
Truck80788,551.0
Truck80790,545.0
Truck80736,816.0
Truck80812,442.0
Truck80787,569.0
Truck80784,585.0
Truck80776,628.0
Truck80768,669.0
Truck80801,511.0
Truck80799,523.0
Truck80772,667.0
Truck80815,453.0
Truck80806,512.0
Truck80778,653.0
Truck80820,445.0
Truck80791,603.0
Truck80817,497.0
Truck80809,544.0
Truck80802,583.0
Truck80756,817.0
Truck80845,383.0
Truck80807,582.0
Truck80819,527.0
Truck80804,605.0
Truck80836,445.0
Truck80779,732.0
Truck80839,435.0
Truck80810,585.0
Truck80818,545.0
Truck80821,532.0
Truck80833,480.0
Truck80800,653.0
Truck80834,488.0
Truck80814,589.0
Truck80805,636.0
Truck80811,606.0
Truck80793,697.0
Truck80824,542.0
Truck80803,655.0
Truck80831,516.0
Truck80838,482.0
Truck80825,551.0
Truck80771,829.0
Truck80822,579.0
Truck80826,577.0
Truck80816,630.0
Truck80835,536.0
Truck80827,577.0
Truck80832,553.0
Truck80795,740.0
Truck80852,470.0
Truck80861,426.0
Truck80848,493.0
Truck80828,598.0
Truck80841,539.0
Truck80842,551.0
Truck80846,533.0
Truck80829,638.0
Truck80860,486.0
Truck80876,408.0
Truck80843,575.0
Truck80864,472.0
Truck80868,457.0
Truck80880,403.0
Truck80830,659.0
Truck80853,550.0
Truck80857,534.0
Truck80837,637.0
Truck80867,496.0
Truck80858,546.0
Truck80856,561.0
Truck80875,468.0
Truck80889,406.0
Truck80840,654.0
Truck80854,585.0
Truck80883,445.0
Truck80870,512.0
Truck80863,550.0
Truck80879,476.0
Truck80888,438.0
Truck80873,523.0
Truck80847,655.0
Truck80886,464.0
Truck80850,653.0
Truck80892,452.0
Truck80823,799.0
Truck80849,671.0
Truck80862,611.0
Truck80871,567.0
Truck80912,363.0
Truck80887,491.0
Truck80884,507.0
Truck80882,519.0
Truck80903,416.0
Truck80878,545.0
Truck80855,661.0
Truck80897,456.0
Truck80885,518.0
Truck80899,451.0
Truck80877,574.0
Truck80866,633.0
Truck80890,516.0
Truck80865,643.0
Truck80874,601.0
Truck80851,717.0
Truck80859,680.0
Truck80911,444.0
Truck80844,781.0
Truck80898,513.0
Truck80869,663.0
Truck80904,498.0
Truck80906,495.0
Truck80895,552.0
Truck80901,522.0
Truck80914,465.0
Truck80921,431.0
Truck80913,484.0
Truck80910,501.0
Truck80918,465.0
Truck80900,562.0
Truck80920,462.0
Truck80891,610.0
Truck80919,479.0
Truck80881,676.0
Truck80896,606.0
Truck80872,730.0
Truck80927,459.0
Truck80940,401.0
Truck80916,522.0
Truck80893,641.0
Truck80902,604.0
Truck80894,646.0
Truck80926,488.0
Truck80941,416.0
Truck80915,550.0
Truck80935,457.0
Truck80923,521.0
Truck80925,514.0
Truck80922,538.0
Truck80929,508.0
Truck80952,402.0
Truck80934,500.0
Truck80958,384.0
Truck80908,635.0
Truck80930,526.0
Truck80905,654.0
Truck80957,398.0
Truck80907,655.0
Truck80932,533.0
Truck80931,542.0
Truck80943,492.0
Truck80945,483.0
Truck80969,374.0
Truck80938,534.0
Truck80951,474.0
Truck80947,495.0
Truck80956,451.0
Truck80933,567.0
Truck80937,558.0
Truck80909,704.0
Truck80939,562.0
Truck80955,487.0
Truck80970,422.0
Truck80944,557.0
Truck80968,441.0
Truck80936,611.0
Truck80942,584.0
Truck80971,450.0
Truck80928,672.0
Truck80963,497.0
Truck80949,577.0
Truck80924,703.0
Truck80948,585.0
Truck80964,507.0
Truck80917,752.0
Truck80962,532.0
Truck80961,546.0
Truck80978,461.0
Truck80967,521.0
Truck80984,436.0
Truck80979,467.0
Truck80959,580.0
Truck80987,455.0
Truck80997,413.0
Truck80960,600.0
Truck80975,529.0
Truck80950,656.0
Truck80973,543.0
Truck80991,454.0
Truck80985,495.0
Truck80953,674.0
Truck80992,484.0
Truck80965,620.0
Truck80980,550.0
Truck80946,721.0
Truck81009,410.0
Truck80982,546.0
Truck80981,553.0
Truck80998,470.0
Truck81001,467.0
Truck80986,554.0
Truck80977,608.0
Truck80989,548.0
Truck80966,665.0
Truck80988,557.0
Truck80993,536.0
Truck80972,642.0
Truck80995,527.0
Truck81002,492.0
Truck80976,625.0
Truck81004,495.0
Truck81018,437.0
Truck80983,613.0
Truck81023,431.0
Truck80999,553.0
Truck81016,470.0
Truck81005,526.0
Truck80954,782.0
Truck80994,585.0
Truck81024,443.0
Truck80974,697.0
Truck81010,517.0
Truck81029,428.0
Truck80996,603.0
Truck81000,585.0
Truck81028,448.0
Truck80990,640.0
Truck81008,574.0
Truck81020,526.0
Truck81041,426.0
Truck81013,573.0
Truck81038,451.0
Truck81021,542.0
Truck81036,476.0
Truck81048,417.0
Truck81055,392.0
Truck81011,613.0
Truck81022,566.0
Truck81033,514.0
Truck81026,552.0
Truck81025,571.0
Truck81056,422.0
Truck81014,635.0
Truck81053,442.0
Truck81040,509.0
Truck81035,540.0
Truck81003,707.0
Truck81032,569.0
Truck81051,474.0
Truck81007,701.0
Truck81037,551.0
Truck81031,593.0
Truck81049,506.0
Truck81054,488.0
Truck81042,550.0
Truck81039,577.0
Truck81046,547.0
Truck81012,722.0
Truck81044,564.0
Truck81067,459.0
Truck81060,498.0
Truck81063,485.0
Truck81074,432.0
Truck81076,425.0
Truck81019,712.0
Truck81045,587.0
Truck81068,472.0
Truck81030,664.0
Truck81017,733.0
Truck81050,569.0
Truck81043,605.0
Truck81047,588.0
Truck81064,504.0
Truck81062,522.0
Truck81027,698.0
Truck81015,765.0
Truck81092,396.0
Truck81071,505.0
Truck81006,837.0
Truck81087,442.0
Truck81034,713.0
Truck81089,439.0
Truck81065,566.0
Truck81069,555.0
Truck81105,392.0
Truck81073,557.0
Truck81078,534.0
Truck81081,522.0
Truck81057,645.0
Truck81097,445.0
Truck81052,671.0
Truck81084,513.0
Truck81070,587.0
Truck81072,579.0
Truck81059,646.0
Truck81077,574.0
Truck81058,677.0
Truck81090,522.0
Truck81080,575.0
Truck81098,496.0
Truck81114,423.0
Truck81061,698.0
Truck81095,528.0
Truck81100,504.0
Truck81083,591.0
Truck81088,568.0
Truck81103,493.0
Truck81104,501.0
Truck81093,563.0
Truck81116,455.0
Truck81131,380.0
Truck81121,447.0
Truck81113,490.0
Truck81099,567.0
Truck81115,491.0
Truck81118,476.0
Truck81082,669.0
Truck81102,571.0
Truck81123,471.0
Truck81079,694.0
Truck81130,440.0
Truck81101,586.0
Truck81141,398.0
Truck81075,730.0
Truck81109,576.0
Truck81111,566.0
Truck81066,803.0
Truck81132,477.0
Truck81086,712.0
Truck81120,544.0
Truck81122,538.0
Truck81137,466.0
Truck81091,697.0
Truck81094,685.0
Truck81128,517.0
Truck81146,433.0
Truck81126,540.0
Truck81149,432.0
Truck81140,480.0
Truck81108,641.0
Truck81151,441.0
Truck81147,479.0
Truck81143,504.0
Truck81117,636.0
Truck81096,742.0
Truck81129,581.0
Truck81165,405.0
Truck81136,560.0
Truck81156,460.0
Truck81145,516.0
Truck81124,628.0
Truck81119,656.0
Truck81159,459.0
Truck81133,592.0
Truck81148,518.0
Truck81110,709.0
Truck81135,584.0
Truck81139,565.0
Truck81166,449.0
Truck81142,574.0
Truck81107,752.0
Truck81152,534.0
Truck81172,435.0
Truck81163,484.0
Truck81134,630.0
Truck81112,741.0
Truck81085,880.0
Truck81167,475.0
Truck81162,507.0
Truck81150,570.0
Truck81164,506.0
Truck81153,562.0
Truck81160,531.0
Truck81168,507.0
Truck81169,506.0
Truck81127,732.0
Truck81144,647.0
Truck81196,389.0
Truck81125,748.0
Truck81154,611.0
Truck81192,422.0
Truck81161,578.0
Truck81158,596.0
Truck81184,466.0
Truck81174,520.0
Truck81197,413.0
Truck81200,405.0
Truck81157,622.0
Truck81138,719.0
Truck81198,424.0
Truck81106,888.0
Truck81183,506.0
Truck81155,648.0
Truck81189,482.0
Truck81178,553.0
Truck81187,515.0
Truck81170,604.0
Truck81173,598.0
Truck81182,554.0
Truck81195,497.0
Truck81191,519.0
Truck81204,456.0
Truck81176,597.0
Truck81206,447.0
Truck81179,593.0
Truck81188,552.0
Truck81190,542.0
Truck81194,546.0
Truck81231,363.0
Truck81177,635.0
Truck81185,623.0
Truck81229,414.0
Truck81186,636.0
Truck81201,568.0
Truck81175,700.0
Truck81234,409.0
Truck81171,725.0
Truck81180,680.0
Truck81220,483.0
Truck81215,512.0
Truck81226,457.0
Truck81207,556.0
Truck81199,598.0
Truck81223,479.0
Truck81213,530.0
Truck81181,697.0
Truck81210,554.0
Truck81216,524.0
Truck81212,565.0
Truck81209,584.0
Truck81246,402.0
Truck81203,619.0
Truck81222,545.0
Truck81217,576.0
Truck81205,641.0
Truck81211,611.0
Truck81202,657.0
Truck81232,514.0
Truck81193,711.0
Truck81208,638.0
Truck81228,553.0
Truck81239,517.0
Truck81227,579.0
Truck81236,544.0
Truck81254,454.0
Truck81233,561.0
Truck81218,639.0
Truck81245,514.0
Truck81214,670.0
Truck81251,486.0
Truck81247,509.0
Truck81224,625.0
Truck81230,602.0
Truck81248,527.0
Truck81260,467.0
Truck81219,674.0
Truck81225,646.0
Truck81249,532.0
Truck81244,566.0
Truck81255,513.0
Truck81243,577.0
Truck81256,513.0
Truck81221,691.0
Truck81235,634.0
Truck81241,613.0
Truck81253,570.0
Truck81237,652.0
Truck81269,497.0
Truck81242,634.0
Truck81263,534.0
Truck81287,415.0
Truck81259,564.0
Truck81267,526.0
Truck81294,398.0
Truck81266,540.0
Truck81240,677.0
Truck81252,620.0
Truck81279,485.0
Truck81274,519.0
Truck81264,575.0
Truck81262,587.0
Truck81265,583.0
Truck81292,449.0
Truck81257,626.0
Truck81273,547.0
Truck81270,568.0
Truck81268,595.0
Truck81250,690.0
Truck81291,493.0
Truck81238,759.0
Truck81261,651.0
Truck81298,467.0
Truck81290,511.0
Truck81258,685.0
Truck81276,596.0
Truck81289,531.0
Truck81275,605.0
Truck81285,558.0
Truck81304,463.0
Truck81284,574.0
Truck81288,554.0
Truck81277,611.0
Truck81300,497.0
Truck81302,502.0
Truck81283,601.0
Truck81297,539.0
Truck81303,512.0
Truck81305,534.0
Truck81317,479.0
Truck81301,560.0
Truck81337,380.0
Truck81296,589.0
Truck81318,479.0
Truck81272,717.0
Truck81280,677.0
Truck81295,616.0
Truck81314,522.0
Truck81308,556.0
Truck81332,438.0
Truck81306,573.0
Truck81299,610.0
Truck81281,706.0
Truck81271,761.0
Truck81312,557.0
Truck81334,451.0
Truck81320,527.0
Truck81311,575.0
Truck81278,741.0
Truck81347,405.0
Truck81323,526.0
Truck81307,608.0
Truck81293,693.0
Truck81335,486.0
Truck81310,622.0
Truck81286,750.0
Truck81282,778.0
Truck81316,611.0
Truck81333,529.0
Truck81342,491.0
Truck81354,435.0
Truck81331,557.0
Truck81362,404.0
Truck81359,421.0
Truck81350,467.0
Truck81315,643.0
Truck81344,503.0
Truck81324,607.0
Truck81328,588.0
Truck81338,543.0
Truck81341,540.0
Truck81357,462.0
Truck81353,483.0
Truck81372,390.0
Truck81336,572.0
Truck81348,527.0
Truck81363,453.0
Truck81313,704.0
Truck81361,467.0
Truck81360,475.0
Truck81325,654.0
Truck81366,452.0
Truck81349,545.0
Truck81368,459.0
Truck81319,706.0
Truck81326,676.0
Truck81321,703.0
Truck81339,614.0
Truck81329,666.0
Truck81327,677.0
Truck81346,587.0
Truck81309,774.0
Truck81330,672.0
Truck81340,631.0
Truck81345,607.0
Truck81364,512.0
Truck81375,457.0
Truck81377,447.0
Truck81322,737.0
Truck81352,588.0
Truck81376,469.0
Truck81343,635.0
Truck81373,500.0
Truck81382,474.0
Truck81400,389.0
Truck81374,536.0
Truck81386,485.0
Truck81383,501.0
Truck81378,535.0
Truck81388,493.0
Truck81365,609.0
Truck81384,537.0
Truck81399,472.0
Truck81355,693.0
Truck81358,679.0
Truck81356,691.0
Truck81379,576.0
Truck81433,317.0
Truck81398,494.0
Truck81401,480.0
Truck81391,536.0
Truck81396,515.0
Truck81385,574.0
Truck81369,656.0
Truck81371,654.0
Truck81394,542.0
Truck81389,571.0
Truck81351,762.0
Truck81370,673.0
Truck81380,631.0
Truck81392,575.0
Truck81412,485.0
Truck81418,455.0
Truck81403,540.0
Truck81407,520.0
Truck81393,591.0
Truck81402,552.0
Truck81367,729.0
Truck81409,522.0
Truck81413,505.0
Truck81421,470.0
Truck81387,641.0
Truck81405,552.0
Truck81424,459.0
Truck81427,455.0
Truck81429,452.0
Truck81422,494.0
Truck81406,575.0
Truck81410,563.0
Truck81419,532.0
Truck81404,609.0
Truck81417,554.0
Truck81430,492.0
Truck81395,668.0
Truck81414,587.0
Truck81439,466.0
Truck81408,644.0
Truck81381,784.0
Truck81411,635.0
Truck81390,741.0
Truck81426,568.0
Truck81440,504.0
Truck81435,530.0
Truck81455,431.0
Truck81431,557.0
Truck81442,515.0
Truck81432,569.0
Truck81434,559.0
Truck81437,545.0
Truck81420,631.0
Truck81452,471.0
Truck81450,484.0
Truck81443,526.0
Truck81428,616.0
Truck81425,632.0
Truck81441,553.0
Truck81397,774.0
Truck81436,580.0
Truck81438,573.0
Truck81454,498.0
Truck81449,528.0
Truck81459,480.0
Truck81451,529.0
Truck81481,381.0
Truck81445,572.0
Truck81416,719.0
Truck81495,333.0
Truck81462,505.0
Truck81485,395.0
Truck81461,523.0
Truck81444,616.0
Truck81468,500.0
Truck81470,493.0
Truck81457,564.0
Truck81482,442.0
Truck81453,592.0
Truck81479,478.0
Truck81472,519.0
Truck81463,566.0
Truck81478,491.0
Truck81460,583.0
Truck81446,658.0
Truck81448,649.0
Truck81415,819.0
Truck81423,779.0
Truck81466,574.0
Truck81477,536.0
Truck81456,647.0
Truck81467,600.0
Truck81473,570.0
Truck81488,497.0
Truck81480,539.0
Truck81464,627.0
Truck81510,405.0
Truck81507,423.0
Truck81471,604.0
Truck81498,469.0
Truck81508,420.0
Truck81493,501.0
Truck81469,625.0
Truck81506,440.0
Truck81474,604.0
Truck81487,546.0
Truck81490,531.0
Truck81447,750.0
Truck81502,476.0
Truck81505,474.0
Truck81500,503.0
Truck81512,453.0
Truck81499,526.0
Truck81475,650.0
Truck81526,400.0
Truck81491,586.0
Truck81517,458.0
Truck81527,418.0
Truck81458,768.0
Truck81525,438.0
Truck81484,650.0
Truck81496,595.0
Truck81528,439.0
Truck81509,535.0
Truck81518,492.0
Truck81516,513.0
Truck81524,474.0
Truck81497,610.0
Truck81465,772.0
Truck81521,493.0
Truck81522,490.0
Truck81486,673.0
Truck81504,584.0
Truck81513,542.0
Truck81532,451.0
Truck81519,517.0
Truck81489,670.0
Truck81492,655.0
Truck81511,564.0
Truck81483,713.0
Truck81503,615.0
Truck81538,445.0
Truck81543,422.0
Truck81476,771.0
Truck81501,671.0
Truck81529,543.0
Truck81535,513.0
Truck81546,458.0
Truck81514,624.0
Truck81563,392.0
Truck81515,633.0
Truck81494,753.0
Truck81553,459.0
Truck81530,578.0
Truck81550,481.0
Truck81562,432.0
Truck81520,646.0
Truck81523,637.0
Truck81556,478.0
Truck81545,540.0
Truck81541,574.0
Truck81558,493.0
Truck81551,529.0
Truck81555,509.0
Truck81537,603.0
Truck81549,544.0
Truck81573,427.0
Truck81554,528.0
Truck81533,654.0
Truck81579,424.0
Truck81542,610.0
Truck81536,642.0
Truck81547,588.0
Truck81540,626.0
Truck81534,663.0
Truck81561,528.0
Truck81544,623.0
Truck81576,480.0
Truck81570,524.0
Truck81580,480.0
Truck81584,475.0
Truck81569,554.0
Truck81548,665.0
Truck81595,433.0
Truck81583,500.0
Truck81600,417.0
Truck81581,514.0
Truck81568,583.0
Truck81572,565.0
Truck81552,667.0
Truck81567,594.0
Truck81591,476.0
Truck81610,389.0
Truck81539,755.0
Truck81608,416.0
Truck81578,571.0
Truck81571,607.0
Truck81557,680.0
Truck81589,524.0
Truck81531,816.0
Truck81602,462.0
Truck81574,612.0
Truck81560,689.0
Truck81565,664.0
Truck81585,565.0
Truck81582,584.0
Truck81559,705.0
Truck81601,498.0
Truck81566,675.0
Truck81598,520.0
Truck81607,479.0
Truck81586,600.0
Truck81577,655.0
Truck81587,610.0
Truck81575,671.0
Truck81599,554.0
Truck81596,570.0
Truck81605,534.0
Truck81606,530.0
Truck81638,372.0
Truck81627,429.0
Truck81588,630.0
Truck81622,460.0
Truck81623,465.0
Truck81609,546.0
Truck81617,508.0
Truck81618,505.0
Truck81646,369.0
Truck81564,786.0
Truck81593,647.0
Truck81597,627.0
Truck81615,541.0
Truck81614,564.0
Truck81604,619.0
Truck81619,544.0
Truck81592,682.0
Truck81616,565.0
Truck81644,425.0
Truck81647,411.0
Truck81637,468.0
Truck81630,508.0
Truck81625,535.0
Truck81590,712.0
Truck81611,609.0
Truck81594,704.0
Truck81643,464.0
Truck81651,424.0
Truck81621,583.0
Truck81657,405.0
Truck81633,531.0
Truck81666,370.0
Truck81603,689.0
Truck81636,532.0
Truck81612,667.0
Truck81631,573.0
Truck81649,506.0
Truck81628,622.0
Truck81663,449.0
Truck81645,543.0
Truck81660,471.0
Truck81626,657.0
Truck81613,723.0
Truck81634,623.0
Truck81652,533.0
Truck81694,334.0
Truck81654,541.0
Truck81658,521.0
Truck81641,609.0
Truck81681,411.0
Truck81659,522.0
Truck81635,657.0
Truck81640,635.0
Truck81624,736.0
Truck81661,557.0
Truck81642,655.0
Truck81670,518.0
Truck81629,735.0
Truck81668,542.0
Truck81632,723.0
Truck81683,476.0
Truck81667,559.0
Truck81665,574.0
Truck81655,625.0
Truck81688,467.0
Truck81650,658.0
Truck81620,820.0
Truck81691,470.0
Truck81680,538.0
Truck81648,699.0
Truck81686,509.0
Truck81669,595.0
Truck81671,587.0
Truck81687,507.0
Truck81714,373.0
Truck81656,664.0
Truck81676,570.0
Truck81639,771.0
Truck81685,543.0
Truck81718,380.0
Truck81674,606.0
Truck81662,670.0
Truck81678,594.0
Truck81684,568.0
Truck81704,471.0
Truck81708,455.0
Truck81653,736.0
Truck81664,683.0
Truck81682,594.0
Truck81672,645.0
Truck81689,563.0
Truck81692,550.0
Truck81700,513.0
Truck81705,494.0
Truck81717,437.0
Truck81701,519.0
Truck81673,663.0
Truck81722,418.0
Truck81716,450.0
Truck81706,522.0
Truck81699,561.0
Truck81693,596.0
Truck81725,438.0
Truck81729,418.0
Truck81709,525.0
Truck81695,607.0
Truck81712,524.0
Truck81721,485.0
Truck81696,611.0
Truck81690,645.0
Truck81711,542.0
Truck81728,457.0
Truck81737,416.0
Truck81731,451.0
Truck81735,434.0
Truck81726,489.0
Truck81698,632.0
Truck81703,612.0
Truck81719,537.0
Truck81677,748.0
Truck81697,648.0
Truck81733,471.0
Truck81707,608.0
Truck81734,473.0
Truck81720,549.0
Truck81723,538.0
Truck81675,782.0
Truck81724,544.0
Truck81741,466.0
Truck81710,635.0
Truck81713,629.0
Truck81730,553.0
Truck81757,418.0
Truck81745,487.0
Truck81774,365.0
Truck81679,850.0
Truck81732,589.0
Truck81766,426.0
Truck81702,749.0
Truck81740,561.0
Truck81743,549.0
Truck81751,509.0
Truck81759,475.0
Truck81753,514.0
Truck81738,590.0
Truck81736,602.0
Truck81764,463.0
Truck81744,564.0
Truck81750,540.0
Truck81752,530.0
Truck81754,527.0
Truck81746,569.0
Truck81739,606.0
Truck81748,577.0
Truck81727,684.0
Truck81765,495.0
Truck81782,412.0
Truck81769,482.0
Truck81749,595.0
Truck81772,486.0
Truck81755,580.0
Truck81715,787.0
Truck81767,533.0
Truck81794,407.0
Truck81790,431.0
Truck81760,592.0
Truck81777,507.0
Truck81762,584.0
Truck81747,664.0
Truck81776,522.0
Truck81742,700.0
Truck81768,574.0
Truck81786,494.0
Truck81789,497.0
Truck81788,504.0
Truck81781,555.0
Truck81763,660.0
Truck81761,671.0
Truck81815,402.0
Truck81783,563.0
Truck81775,605.0
Truck81793,524.0
Truck81778,604.0
Truck81808,454.0
Truck81797,513.0
Truck81779,610.0
Truck81799,510.0
Truck81807,471.0
Truck81780,609.0
Truck81805,485.0
Truck81758,724.0
Truck81806,489.0
Truck81756,747.0
Truck81835,354.0
Truck81787,599.0
Truck81771,682.0
Truck81792,578.0
Truck81800,538.0
Truck81810,490.0
Truck81795,577.0
Truck81816,472.0
Truck81823,439.0
Truck81804,535.0
Truck81796,578.0
Truck81773,694.0
Truck81784,650.0
Truck81838,393.0
Truck81801,579.0
Truck81813,520.0
Truck81814,515.0
Truck81791,631.0
Truck81818,497.0
Truck81770,741.0
Truck81827,463.0
Truck81803,599.0
Truck81825,491.0
Truck81785,699.0
Truck81819,543.0
Truck81821,534.0
Truck81811,589.0
Truck81834,475.0
Truck81839,450.0
Truck81820,548.0
Truck81828,520.0
Truck81841,459.0
Truck81812,650.0
Truck81843,498.0
Truck81802,707.0
Truck81817,633.0
Truck81842,510.0
Truck81846,490.0
Truck81809,676.0
Truck81798,735.0
Truck81864,406.0
Truck81826,600.0
Truck81850,482.0
Truck81857,451.0
Truck81847,504.0
Truck81855,488.0
Truck81859,482.0
Truck81840,598.0
Truck81868,460.0
Truck81858,511.0
Truck81822,700.0
Truck81845,587.0
Truck81844,596.0
Truck81852,559.0
Truck81829,678.0
Truck81866,496.0
Truck81831,679.0
Truck81865,509.0
Truck81853,570.0
Truck81836,659.0
Truck81830,691.0
Truck81881,449.0
Truck81837,670.0
Truck81848,629.0
Truck81860,569.0
Truck81832,712.0
Truck81861,569.0
Truck81851,621.0
Truck81896,407.0
Truck81874,518.0
Truck81891,439.0
Truck81862,586.0
Truck81854,631.0
Truck81833,744.0
Truck81872,553.0
Truck81910,364.0
Truck81873,554.0
Truck81867,586.0
Truck81886,492.0
Truck81863,611.0
Truck81894,457.0
Truck81824,813.0
Truck81892,476.0
Truck81878,547.0
Truck81877,557.0
Truck81856,667.0
Truck81883,537.0
Truck81887,520.0
Truck81901,451.0
Truck81870,609.0
Truck81898,470.0
Truck81879,567.0
Truck81869,620.0
Truck81849,721.0
Truck81880,566.0
Truck81893,512.0
Truck81911,424.0
Truck81889,539.0
Truck81905,466.0
Truck81897,508.0
Truck81900,501.0
Truck81913,437.0
Truck81902,510.0
Truck81875,646.0
Truck81885,602.0
Truck81888,590.0
Truck81903,519.0
Truck81923,421.0
Truck81916,482.0
Truck81922,456.0
Truck81909,525.0
Truck81895,598.0
Truck81871,719.0
Truck81927,440.0
Truck81926,455.0
Truck81920,497.0
Truck81884,686.0
Truck81907,576.0
Truck81876,737.0
Truck81917,532.0
Truck81925,492.0
Truck81904,603.0
Truck81912,566.0
Truck81924,506.0
Truck81890,691.0
Truck81915,569.0
Truck81906,630.0
Truck81882,754.0
Truck81932,526.0
Truck81939,493.0
Truck81964,368.0
Truck81956,414.0
Truck81937,516.0
Truck81949,457.0
Truck81935,529.0
Truck81930,557.0
Truck81943,512.0
Truck81908,689.0
Truck81947,498.0
Truck81940,545.0
Truck81973,391.0
Truck81955,483.0
Truck81929,616.0
Truck81931,610.0
Truck81958,476.0
Truck81959,472.0
Truck81899,775.0
Truck81961,465.0
Truck81921,671.0
Truck81933,619.0
Truck81962,481.0
Truck81936,612.0
Truck81952,532.0
Truck81945,577.0
Truck81934,633.0
Truck81950,558.0
Truck81960,510.0
Truck81914,741.0
Truck81944,592.0
Truck81918,732.0
Truck81966,492.0
Truck81969,478.0
Truck81954,557.0
Truck81951,579.0
Truck81942,627.0
Truck81987,404.0
Truck81953,575.0
Truck81970,490.0
Truck81985,418.0
Truck81938,655.0
Truck81946,616.0
Truck81986,421.0
Truck81941,647.0
Truck81971,499.0
Truck81976,476.0
Truck81928,731.0
Truck81965,550.0
Truck81982,469.0
Truck81972,520.0
Truck81977,495.0
Truck81974,517.0
Truck82084,400.0
Truck82091,378.0
Truck82080,447.0
Truck82087,416.0
Truck82081,498.0
Truck82097,419.0
Truck82085,483.0
Truck82108,372.0
Truck82088,490.0
Truck82083,531.0
Truck82095,475.0
Truck82098,471.0
Truck82090,517.0
Truck82102,459.0
Truck82092,517.0
Truck82082,568.0
Truck82086,573.0
Truck82096,525.0
Truck82125,385.0
Truck82107,480.0
Truck82101,529.0
Truck82114,470.0
Truck82126,413.0
Truck82089,604.0
Truck82119,460.0
Truck82099,561.0
Truck82106,543.0
Truck82093,610.0
Truck82105,553.0
Truck82122,469.0
Truck82110,541.0
Truck82094,624.0
Truck82103,590.0
Truck82123,493.0
Truck82109,567.0
Truck82111,558.0
Truck82133,449.0
Truck82112,555.0
Truck82115,545.0
Truck82134,455.0
Truck82113,562.0
Truck82116,549.0
Truck82127,497.0
Truck82142,448.0
Truck82132,505.0
Truck82147,432.0
Truck82100,673.0
Truck82128,548.0
Truck82136,510.0
Truck82131,536.0
Truck82124,573.0
Truck82155,418.0
Truck82104,678.0
Truck82152,438.0
Truck82117,616.0
Truck82135,526.0
Truck82121,616.0
Truck82143,506.0
Truck82118,639.0
Truck82144,511.0
Truck82150,486.0
Truck82138,561.0
Truck82129,617.0
Truck82140,566.0
Truck82151,512.0
Truck82148,532.0
Truck82163,460.0
Truck82141,572.0
Truck82170,430.0
Truck82156,505.0
Truck82161,481.0
Truck82130,656.0
Truck82146,577.0
Truck82162,498.0
Truck82173,450.0
Truck82137,642.0
Truck82172,471.0
Truck82160,538.0
Truck82177,454.0
Truck82153,578.0
Truck82166,515.0
Truck82139,656.0
Truck82164,539.0
Truck82187,431.0
Truck82168,534.0
Truck82165,555.0
Truck82120,783.0
Truck82195,411.0
Truck82154,625.0
Truck82174,526.0
Truck82186,473.0
Truck82149,659.0
Truck82199,409.0
Truck82181,503.0
Truck82167,576.0
Truck82190,461.0
Truck82208,372.0
Truck82159,629.0
Truck82200,425.0
Truck82183,526.0
Truck82178,564.0
Truck82204,434.0
Truck82171,601.0
Truck82197,475.0
Truck82158,676.0
Truck82179,572.0
Truck82205,453.0
Truck82189,548.0
Truck82145,773.0
Truck82213,445.0
Truck82206,488.0
Truck82184,608.0
Truck82201,532.0
Truck82192,578.0
Truck82175,671.0
Truck82188,617.0
Truck82157,773.0
Truck82169,716.0
Truck82228,421.0
Truck82193,598.0
Truck82207,529.0
Truck82216,485.0
Truck82222,455.0
Truck82217,481.0
Truck82203,554.0
Truck82180,678.0
Truck82209,541.0
Truck82221,481.0
Truck82198,603.0
Truck82225,472.0
Truck82232,444.0
Truck82202,596.0
Truck82212,546.0
Truck82223,492.0
Truck82233,443.0
Truck82210,563.0
Truck82191,660.0
Truck82194,648.0
Truck82176,744.0
Truck82246,394.0
Truck82242,416.0
Truck82220,531.0
Truck82214,570.0
Truck82245,429.0
Truck82238,470.0
Truck82219,569.0
Truck82196,685.0
Truck82185,746.0
Truck82211,617.0
Truck82244,453.0
Truck82250,424.0
Truck82226,545.0
Truck82234,507.0
Truck82241,477.0
Truck82229,541.0
Truck82230,542.0
Truck82182,804.0
Truck82257,429.0
Truck82215,641.0
Truck82224,619.0
Truck82247,509.0
Truck82231,591.0
Truck82259,460.0
Truck82243,547.0
Truck82235,598.0
Truck82258,489.0
Truck82256,504.0
Truck82249,543.0
Truck82266,465.0
Truck82264,479.0
Truck82239,609.0
Truck82252,547.0
Truck82273,449.0
Truck82270,467.0
Truck82254,552.0
Truck82237,642.0
Truck82260,527.0
Truck82268,490.0
Truck82267,496.0
Truck82236,655.0
Truck82274,469.0
Truck82271,490.0
Truck82285,421.0
Truck82218,757.0
Truck82262,543.0
Truck82251,601.0
Truck82278,481.0
Truck82255,600.0
Truck82290,426.0
Truck82263,567.0
Truck82293,427.0
Truck82227,763.0
Truck82261,594.0
Truck82265,587.0
Truck82294,442.0
Truck82253,652.0
Truck82284,498.0
Truck82248,679.0
Truck82313,358.0
Truck82279,529.0
Truck82317,345.0
Truck82282,524.0
Truck82281,535.0
Truck82288,500.0
Truck82269,599.0
Truck82291,492.0
Truck82302,438.0
Truck82277,567.0
Truck82240,770.0
Truck82272,617.0
Truck82275,606.0
Truck82300,485.0
Truck82316,417.0
Truck82287,564.0
Truck82289,554.0
Truck82301,497.0
Truck82283,598.0
Truck82325,397.0
Truck82315,450.0
Truck82299,531.0
Truck82280,631.0
Truck82292,571.0
Truck82297,546.0
Truck82322,429.0
Truck82296,576.0
Truck82308,518.0
Truck82309,515.0
Truck82318,470.0
Truck82329,416.0
Truck82307,532.0
Truck82312,510.0
Truck82332,416.0
Truck82310,535.0
Truck82305,569.0
Truck82298,606.0
Truck82306,569.0
Truck82330,464.0
Truck82335,439.0
Truck82311,561.0
Truck82303,609.0
Truck82354,368.0
Truck82276,765.0
Truck82327,517.0
Truck82286,723.0
Truck82320,554.0
Truck82321,557.0
Truck82295,693.0
Truck82341,464.0
Truck82342,466.0
Truck82304,659.0
Truck82336,516.0
Truck82345,475.0
Truck82343,491.0
Truck82339,513.0
Truck82324,589.0
Truck82350,462.0
Truck82319,618.0
Truck82344,508.0
Truck82328,592.0
Truck82337,551.0
Truck82355,466.0
Truck82347,508.0
Truck82326,614.0
Truck82340,548.0
Truck82351,502.0
Truck82333,600.0
Truck82331,612.0
Truck82368,427.0
Truck82338,579.0
Truck82334,602.0
Truck82357,501.0
Truck82349,549.0
Truck82375,430.0
Truck82352,547.0
Truck82356,528.0
Truck82370,464.0
Truck82348,579.0
Truck82369,474.0
Truck82387,398.0
Truck82365,514.0
Truck82363,529.0
Truck82383,433.0
Truck82388,414.0
Truck82379,462.0
Truck82314,795.0
Truck82381,461.0
Truck82364,550.0
Truck82377,485.0
Truck82360,575.0
Truck82358,588.0
Truck82371,523.0
Truck82380,478.0
Truck82384,467.0
Truck82366,563.0
Truck82410,343.0
Truck82373,531.0
Truck82353,633.0
Truck82361,599.0
Truck82378,516.0
Truck82372,548.0
Truck82399,419.0
Truck82362,605.0
Truck82346,686.0
Truck82374,554.0
Truck82367,590.0
Truck82385,505.0
Truck82397,448.0
Truck82376,567.0
Truck82323,844.0
Truck82414,405.0
Truck82400,480.0
Truck82401,476.0
Truck82392,526.0
Truck82411,437.0
Truck82389,551.0
Truck82395,523.0
Truck82398,520.0
Truck82390,562.0
Truck82396,538.0
Truck82386,592.0
Truck82359,735.0
Truck82393,569.0
Truck82418,447.0
Truck82421,448.0
Truck82424,438.0
Truck82413,495.0
Truck82382,659.0
Truck82406,540.0
Truck82402,566.0
Truck82403,562.0
Truck82409,536.0
Truck82394,613.0
Truck82430,451.0
Truck82423,500.0
Truck82405,594.0
Truck82408,583.0
Truck82422,514.0
Truck82420,528.0
Truck82451,379.0
Truck82391,681.0
Truck82419,550.0
Truck82404,629.0
Truck82437,466.0
Truck82433,493.0
Truck82435,492.0
Truck82407,633.0
Truck82431,513.0
Truck82428,529.0
Truck82425,548.0
Truck82432,525.0
Truck82434,520.0
Truck82417,616.0
Truck82416,637.0
Truck82429,573.0
Truck82472,358.0
Truck82440,519.0
Truck82450,475.0
Truck82446,497.0
Truck82444,510.0
Truck82442,521.0
Truck82426,609.0
Truck82427,607.0
Truck82463,430.0
Truck82412,686.0
Truck82460,449.0
Truck82454,483.0
Truck82457,475.0
Truck82465,436.0
Truck82439,568.0
Truck82447,530.0
Truck82445,543.0
Truck82453,510.0
Truck82438,595.0
Truck82462,491.0
Truck82466,499.0
Truck82415,759.0
Truck82461,532.0
Truck82467,520.0
Truck82456,578.0
Truck82495,385.0
Truck82484,455.0
Truck82436,697.0
Truck82449,632.0
Truck82476,498.0
Truck82480,485.0
Truck82481,480.0
Truck82470,540.0
Truck82478,502.0
Truck82477,509.0
Truck82459,603.0
Truck82464,578.0
Truck82448,659.0
Truck82441,708.0
Truck82489,470.0
Truck82443,701.0
Truck82482,513.0
Truck82468,586.0
Truck82474,558.0
Truck82499,433.0
Truck82452,672.0
Truck82483,517.0
Truck82500,434.0
Truck82486,508.0
Truck82494,477.0
Truck82479,581.0
Truck82455,707.0
Truck82505,469.0
Truck82506,465.0
Truck82471,641.0
Truck82501,491.0
Truck82469,652.0
Truck82496,519.0
Truck82502,489.0
Truck82458,715.0
Truck82491,560.0
Truck82498,531.0
Truck82475,650.0
Truck82490,578.0
Truck82508,498.0
Truck82503,532.0
Truck82509,507.0
Truck82473,689.0
Truck82507,531.0
Truck82537,408.0
Truck82485,670.0
Truck82504,585.0
Truck82487,671.0
Truck82519,511.0
Truck82492,650.0
Truck82534,442.0
Truck82547,378.0
Truck82525,490.0
Truck82515,542.0
Truck82488,682.0
Truck82511,576.0
Truck82521,529.0
Truck82514,578.0
Truck82522,542.0
Truck82529,512.0
Truck82518,568.0
Truck82532,504.0
Truck82550,414.0
Truck82556,387.0
Truck82523,556.0
Truck82557,390.0
Truck82541,472.0
Truck82543,464.0
Truck82493,722.0
Truck82526,562.0
Truck82516,613.0
Truck82510,647.0
Truck82524,579.0
Truck82536,521.0
Truck82520,602.0
Truck82552,442.0
Truck82568,369.0
Truck82527,579.0
Truck82517,635.0
Truck82513,659.0
Truck82512,668.0
Truck82533,565.0
Truck82564,413.0
Truck82566,417.0
Truck82535,578.0
Truck82531,601.0
Truck82544,540.0
Truck82549,517.0
Truck82528,632.0
Truck82558,489.0
Truck82554,510.0
Truck82548,541.0
Truck82497,808.0
Truck82530,644.0
Truck82555,521.0
Truck82545,582.0
Truck82569,463.0
Truck82539,616.0
Truck82567,485.0
Truck82582,416.0
Truck82546,610.0
Truck82561,542.0
Truck82583,432.0
Truck82540,655.0
Truck82559,563.0
Truck82571,515.0
Truck82570,526.0
Truck82577,491.0
Truck82604,368.0
Truck82578,501.0
Truck82574,529.0
Truck82573,536.0
Truck82542,694.0
Truck82560,607.0
Truck82576,528.0
Truck82565,585.0
Truck82587,478.0
Truck82551,659.0
Truck82553,655.0
Truck82588,484.0
Truck82584,509.0
Truck82575,557.0
Truck82612,379.0
Truck82562,631.0
Truck82538,779.0
Truck82607,436.0
Truck82600,473.0
Truck82592,519.0
Truck82599,486.0
Truck82594,514.0
Truck82563,680.0
Truck82593,530.0
Truck82627,360.0
Truck82581,595.0
Truck82619,407.0
Truck82585,580.0
Truck82596,530.0
Truck82609,466.0
Truck82624,391.0
Truck82602,512.0
Truck82620,423.0
Truck82597,545.0
Truck82615,459.0
Truck82590,585.0
Truck82572,676.0
Truck82606,509.0
Truck82586,631.0
Truck82589,634.0
Truck82632,424.0
Truck82601,580.0
Truck82605,564.0
Truck82614,527.0
Truck82579,704.0
Truck82610,549.0
Truck82603,589.0
Truck82626,477.0
Truck82617,523.0
Truck82635,439.0
Truck82621,528.0
Truck82631,486.0
Truck82622,537.0
Truck82611,597.0
Truck82634,483.0
Truck82595,698.0
Truck82613,617.0
Truck82598,694.0
Truck82591,732.0
Truck82580,794.0
Truck82655,424.0
Truck82650,470.0
Truck82662,411.0
Truck82628,596.0
Truck82649,497.0
Truck82618,658.0
Truck82630,598.0
Truck82616,669.0
Truck82623,634.0
Truck82670,399.0
Truck82657,468.0
Truck82629,612.0
Truck82639,579.0
Truck82672,417.0
Truck82663,469.0
Truck82608,745.0
Truck82674,417.0
Truck82678,397.0
Truck82648,555.0
Truck82660,495.0
Truck82637,611.0
Truck82658,513.0
Truck82641,602.0
Truck82636,629.0
Truck82644,590.0
Truck82676,438.0
Truck82664,506.0
Truck82651,574.0
Truck82638,651.0
Truck82683,429.0
Truck82665,525.0
Truck82659,556.0
Truck82673,487.0
Truck82692,403.0
Truck82677,481.0
Truck82701,365.0
Truck82625,751.0
Truck82652,617.0
Truck82654,612.0
Truck82645,662.0
Truck82682,479.0
Truck82646,661.0
Truck82688,457.0
Truck82693,438.0
Truck82680,520.0
Truck82666,596.0
Truck82653,664.0
Truck82706,406.0
Truck82699,444.0
Truck82684,529.0
Truck82691,496.0
Truck82642,746.0
Truck82687,521.0
Truck82647,728.0
Truck82716,390.0
Truck82671,617.0
Truck82681,570.0
Truck82702,466.0
Truck82690,535.0
Truck82640,788.0
Truck82697,507.0
Truck82633,828.0
Truck82679,611.0
Truck82707,478.0
Truck82661,712.0
Truck82669,672.0
Truck82667,684.0
Truck82675,652.0
Truck82668,697.0
Truck82643,824.0
Truck82711,486.0
Truck82714,477.0
Truck82656,782.0
Truck82705,540.0
Truck82685,642.0
Truck82709,523.0
Truck82715,503.0
Truck82696,600.0
Truck82722,473.0
Truck82689,654.0
Truck82719,505.0
Truck82737,415.0
Truck82720,502.0
Truck82694,633.0
Truck82686,675.0
Truck82712,549.0
Truck82700,620.0
Truck82695,647.0
Truck82698,632.0
Truck82717,542.0
Truck82732,479.0
Truck82708,602.0
Truck82743,433.0
Truck82755,373.0
Truck82703,636.0
Truck82718,566.0
Truck82710,608.0
Truck82742,450.0
Truck82744,440.0
Truck82751,406.0
Truck82731,507.0
Truck82704,648.0
Truck82727,556.0
Truck82735,519.0
Truck82738,506.0
Truck82728,558.0
Truck82750,449.0
Truck82752,443.0
Truck82713,647.0
Truck82730,565.0
Truck82736,547.0
Truck82729,583.0
Truck82748,506.0
Truck82733,590.0
Truck82739,565.0
Truck82723,649.0
Truck82774,405.0
Truck82726,658.0
Truck82747,554.0
Truck82764,476.0
Truck82725,679.0
Truck82767,469.0
Truck82745,581.0
Truck82762,497.0
Truck82724,688.0
Truck82754,539.0
Truck82734,650.0
Truck82749,590.0
Truck82768,502.0
Truck82753,583.0
Truck82757,566.0
Truck82740,652.0
Truck82781,458.0
Truck82775,489.0
Truck82721,762.0
Truck82758,579.0
Truck82785,447.0
Truck82770,527.0
Truck82773,517.0
Truck82784,468.0
Truck82746,669.0
Truck82760,599.0
Truck82795,425.0
Truck82793,439.0
Truck82766,576.0
Truck82780,516.0
Truck82797,434.0
Truck82756,648.0
Truck82805,405.0
Truck82778,552.0
Truck82790,492.0
Truck82759,650.0
Truck82772,594.0
Truck82792,500.0
Truck82769,622.0
Truck82786,540.0
Truck82803,461.0
Truck82794,510.0
Truck82800,482.0
Truck82761,699.0
Truck82801,506.0
Truck82741,807.0
Truck82796,532.0
Truck82810,464.0
Truck82765,693.0
Truck82771,674.0
Truck82802,528.0
Truck82804,520.0
Truck82789,596.0
Truck82817,459.0
Truck82807,510.0
Truck82763,731.0
Truck82779,661.0
Truck82787,625.0
Truck82809,525.0
Truck82799,579.0
Truck82782,671.0
Truck82788,641.0
Truck82830,434.0
Truck82813,527.0
Truck82823,480.0
Truck82819,510.0
Truck82777,731.0
Truck82776,738.0
Truck82837,435.0
Truck82816,552.0
Truck82815,563.0
Truck82818,552.0
Truck82811,589.0
Truck82814,574.0
Truck82812,594.0
Truck82808,615.0
Truck82829,510.0
Truck82843,445.0
Truck82821,562.0
Truck82824,547.0
Truck82806,644.0
Truck82798,687.0
Truck82844,458.0
Truck82791,726.0
Truck82783,780.0
Truck82863,382.0
Truck82831,545.0
Truck82820,606.0
Truck82854,438.0
Truck82835,540.0
Truck82853,452.0
Truck82865,403.0
Truck82832,570.0
Truck82857,446.0
Truck82851,490.0
Truck82836,571.0
Truck82846,522.0
Truck82845,529.0
Truck82826,627.0
Truck82822,661.0
Truck82841,575.0
Truck82842,578.0
Truck82827,656.0
Truck82833,627.0
Truck82839,601.0
Truck82849,552.0
Truck82838,608.0
Truck82828,660.0
Truck82872,447.0
Truck82834,642.0
Truck82868,479.0
Truck82862,510.0
Truck82856,546.0
Truck82874,461.0
Truck82855,566.0
Truck82860,550.0
Truck82864,532.0
Truck82891,405.0
Truck82850,615.0
Truck82873,502.0
Truck82852,608.0
Truck82825,746.0
Truck82896,396.0
Truck82847,644.0
Truck82870,531.0
Truck82893,416.0
Truck82880,483.0
Truck82886,457.0
Truck82888,454.0
Truck82881,496.0
Truck82890,457.0
Truck82858,618.0
Truck82869,567.0
Truck82879,520.0
Truck82875,559.0
Truck82878,553.0
Truck82848,704.0
Truck82840,748.0
Truck82884,528.0
Truck82867,620.0
Truck82859,673.0
Truck82876,589.0
Truck82885,545.0
Truck82882,561.0
Truck82883,562.0
Truck82906,449.0
Truck82877,595.0
Truck82861,678.0
Truck82897,508.0
Truck82907,474.0
Truck82928,381.0
Truck82895,554.0
Truck82871,681.0
Truck82917,456.0
Truck82911,487.0
Truck82866,714.0
Truck82900,562.0
Truck82949,317.0
Truck82909,522.0
Truck82921,476.0
Truck82903,572.0
Truck82913,522.0
Truck82894,622.0
Truck82926,462.0
Truck82923,478.0
Truck82887,660.0
Truck82925,477.0
Truck82933,440.0
Truck82899,612.0
Truck82905,583.0
Truck82924,497.0
Truck82938,427.0
Truck82912,558.0
Truck82892,663.0
Truck82915,551.0
Truck82904,607.0
Truck82889,685.0
Truck82901,625.0
Truck82931,477.0
Truck82908,596.0
Truck82916,559.0
Truck82962,329.0
Truck82943,429.0
Truck82902,648.0
Truck82919,564.0
Truck82937,474.0
Truck82918,574.0
Truck82935,493.0
Truck82914,602.0
Truck82927,550.0
Truck82941,496.0
Truck82940,511.0
Truck82929,570.0
Truck82936,539.0
Truck82954,452.0
Truck82947,491.0
Truck82944,512.0
Truck82922,625.0
Truck82957,459.0
Truck82898,762.0
Truck82955,484.0
Truck82939,573.0
Truck82945,543.0
Truck82932,618.0
Truck82958,490.0
Truck82965,458.0
Truck82910,736.0
Truck82920,691.0
Truck82967,481.0
Truck82951,569.0
Truck82930,678.0
Truck82977,448.0
Truck82985,412.0
Truck82980,440.0
Truck82973,487.0
Truck82950,605.0
Truck82984,446.0
Truck82946,640.0
Truck82983,461.0
Truck82998,407.0
Truck82987,464.0
Truck82956,625.0
Truck82966,586.0
Truck82981,511.0
Truck82953,652.0
Truck82993,452.0
Truck82961,615.0
Truck82969,580.0
Truck82976,545.0
Truck82974,563.0
Truck83017,348.0
Truck82972,580.0
Truck82986,516.0
Truck82968,607.0
Truck82991,502.0
Truck83003,444.0
Truck82999,471.0
Truck82948,734.0
Truck82964,656.0
Truck82996,499.0
Truck82971,628.0
Truck82934,824.0
Truck83006,466.0
Truck82975,622.0
Truck82970,654.0
Truck82978,619.0
Truck82942,801.0
Truck82990,569.0
Truck83024,407.0
Truck83009,487.0
Truck83005,517.0
Truck83018,453.0
Truck82960,744.0
Truck82959,750.0
Truck83028,407.0
Truck82963,737.0
Truck82988,618.0
Truck82979,680.0
Truck83020,479.0
Truck82992,621.0
Truck83001,588.0
Truck83004,573.0
Truck83012,536.0
Truck83015,523.0
Truck82952,840.0
Truck83029,457.0
Truck83008,563.0
Truck83025,480.0
Truck83033,448.0
Truck83013,549.0
Truck82989,672.0
Truck83010,567.0
Truck82997,634.0
Truck83026,506.0
Truck83046,407.0
Truck82982,732.0
Truck82994,674.0
Truck83019,554.0
Truck83034,482.0
Truck83011,610.0
Truck83022,556.0
Truck83030,521.0
Truck83007,641.0
Truck82995,705.0
Truck83040,485.0
Truck83021,592.0
Truck83049,465.0
Truck83054,442.0
Truck83002,705.0
Truck83032,561.0
Truck83056,446.0
Truck83053,463.0
Truck83038,540.0
Truck83048,490.0
Truck83067,395.0
Truck83043,525.0
Truck83016,664.0
Truck83041,539.0
Truck83064,426.0
Truck83037,565.0
Truck83052,495.0
Truck83027,626.0
Truck83069,417.0
Truck83042,554.0
Truck83059,472.0
Truck83039,574.0
Truck83051,523.0
Truck83000,787.0
Truck83023,674.0
Truck83047,555.0
Truck83068,456.0
Truck83014,730.0
Truck83050,554.0
Truck83045,581.0
Truck83061,502.0
Truck83031,662.0
Truck83035,656.0
Truck83079,443.0
Truck83060,554.0
Truck83076,488.0
Truck83077,485.0
Truck83081,466.0
Truck83078,482.0
Truck83065,558.0
Truck83057,599.0
Truck83082,477.0
Truck83063,577.0
Truck83091,444.0
Truck83058,617.0
Truck83089,472.0
Truck83102,414.0
Truck83044,707.0
Truck83066,597.0
Truck83055,653.0
Truck83036,757.0
Truck83084,519.0
Truck83109,405.0
Truck83073,591.0
Truck83062,647.0
Truck83101,457.0
Truck83072,604.0
Truck83080,565.0
Truck83071,612.0
Truck83075,593.0
Truck83115,394.0
Truck83088,538.0
Truck83070,629.0
Truck83092,521.0
Truck83083,578.0
Truck83096,522.0
Truck83086,577.0
Truck83105,488.0
Truck83074,647.0
Truck83097,541.0
Truck83104,509.0
Truck83108,505.0
Truck83122,451.0
Truck83110,512.0
Truck83118,475.0
Truck83113,505.0
Truck83087,637.0
Truck83085,658.0
Truck83116,508.0
Truck83095,614.0
Truck83130,441.0
Truck83098,604.0
Truck83107,562.0
Truck83106,570.0
Truck83138,413.0
Truck83124,486.0
Truck83094,638.0
Truck83126,478.0
Truck83125,489.0
Truck83146,385.0
Truck83099,623.0
Truck83111,572.0
Truck83128,492.0
Truck83112,573.0
Truck83090,685.0
Truck83119,542.0
Truck83100,642.0
Truck83147,420.0
Truck83123,541.0
Truck83127,530.0
Truck83137,498.0
Truck83156,403.0
Truck83151,434.0
Truck83114,625.0
Truck83121,590.0
Truck83117,628.0
Truck83132,556.0
Truck83129,580.0
Truck83141,520.0
Truck83163,415.0
Truck83136,556.0
Truck83139,544.0
Truck83167,409.0
Truck83135,573.0
Truck83165,424.0
Truck83103,741.0
Truck83148,519.0
Truck83142,564.0
Truck83166,448.0
Truck83093,814.0
Truck83154,521.0
Truck83157,510.0
Truck83149,558.0
Truck83170,453.0
Truck83120,706.0
Truck83193,344.0
Truck83144,594.0
Truck83152,556.0
Truck83145,599.0
Truck83179,433.0
Truck83169,493.0
Truck83143,626.0
Truck83133,682.0
Truck83171,493.0
Truck83131,694.0
Truck83159,556.0
Truck83178,465.0
Truck83140,659.0
Truck83196,380.0
Truck83164,543.0
Truck83190,427.0
Truck83175,507.0
Truck83183,468.0
Truck83173,519.0
Truck83162,578.0
Truck83155,619.0
Truck83153,632.0
Truck83134,730.0
Truck83168,566.0
Truck83198,426.0
Truck83185,502.0
Truck83150,679.0
Truck83205,405.0
Truck83201,427.0
Truck83177,564.0
Truck83174,587.0
Truck83188,521.0
Truck83206,434.0
Truck83214,403.0
Truck83203,460.0
Truck83176,603.0
Truck83192,528.0
Truck83161,691.0
Truck83172,639.0
Truck83187,572.0
Truck83191,554.0
Truck83158,730.0
Truck83197,536.0
Truck83216,444.0
Truck83210,478.0
Truck83160,748.0
Truck83200,550.0
Truck83181,664.0
Truck83224,453.0
Truck83209,534.0
Truck83204,565.0
Truck83194,616.0
Truck83236,406.0
Truck83182,677.0
Truck83212,533.0
Truck83220,494.0
Truck83199,610.0
Truck83207,573.0
Truck83235,440.0
Truck83202,609.0
Truck83186,692.0
Truck83213,561.0
Truck83215,553.0
Truck83195,655.0
Truck83184,715.0
Truck83189,690.0
Truck83233,474.0
Truck83221,535.0
Truck83259,353.0
Truck83242,441.0
Truck83219,558.0
Truck83249,425.0
Truck83208,637.0
Truck83251,423.0
Truck83180,779.0
Truck83232,521.0
Truck83256,410.0
Truck83252,433.0
Truck83246,464.0
Truck83211,642.0
Truck83230,555.0
Truck83218,620.0
Truck83217,626.0
Truck83225,589.0
Truck83222,605.0
Truck83229,574.0
Truck83245,496.0
Truck83234,564.0
Truck83227,606.0
Truck83244,537.0
Truck83231,604.0
Truck83240,563.0
Truck83238,577.0
Truck83237,584.0
Truck83262,459.0
Truck83279,401.0
Truck83226,672.0
Truck83239,612.0
Truck83254,550.0
Truck83248,599.0
Truck83257,558.0
Truck83288,409.0
Truck83286,420.0
Truck83223,738.0
Truck83268,518.0
Truck83269,517.0
Truck83258,574.0
Truck83271,512.0
Truck83289,422.0
Truck83243,659.0
Truck83261,576.0
Truck83291,432.0
Truck83275,515.0
Truck83278,500.0
Truck83267,564.0
Truck83280,506.0
Truck83250,661.0
Truck83264,595.0
Truck83265,590.0
Truck83247,682.0
Truck83276,544.0
Truck83282,520.0
Truck83272,574.0
Truck83298,449.0
Truck83270,592.0
Truck83255,671.0
Truck83292,488.0
Truck83274,582.0
Truck83304,438.0
Truck83290,509.0
Truck83241,755.0
Truck83316,389.0
Truck83277,598.0
Truck83300,497.0
Truck83285,575.0
Truck83295,534.0
Truck83314,442.0
Truck83294,547.0
Truck83296,545.0
Truck83319,433.0
Truck83273,665.0
Truck83266,708.0
Truck83281,639.0
Truck83323,432.0
Truck83325,427.0
Truck83311,502.0
Truck83299,567.0
Truck83302,558.0
Truck83263,759.0
Truck83283,667.0
Truck83329,439.0
Truck83228,949.0
Truck83301,587.0
Truck83321,487.0
Truck83260,794.0
Truck83324,477.0
Truck83307,563.0
Truck83253,835.0
Truck83315,529.0
Truck83317,520.0
Truck83343,392.0
Truck83358,317.0
Truck83293,643.0
Truck83284,698.0
Truck83313,555.0
Truck83308,585.0
Truck83318,536.0
Truck83348,386.0
Truck83287,695.0
Truck83312,579.0
Truck83345,422.0
Truck83309,615.0
Truck83303,647.0
Truck83297,679.0
Truck83332,505.0
Truck83310,634.0
Truck83322,580.0
Truck83328,552.0
Truck83333,547.0
Truck83337,527.0
Truck83363,405.0
Truck83335,547.0
Truck83340,525.0
Truck83356,448.0
Truck83347,494.0
Truck83346,501.0
Truck83334,564.0
Truck83341,529.0
Truck83339,542.0
Truck83350,487.0
Truck83320,638.0
Truck83373,374.0
Truck83351,488.0
Truck83327,610.0
Truck83355,474.0
Truck83344,542.0
Truck83338,588.0
Truck83349,542.0
Truck83366,457.0
Truck83326,660.0
Truck83342,580.0
Truck83369,452.0
Truck83372,443.0
Truck83331,649.0
Truck83378,424.0
Truck83365,495.0
Truck83352,583.0
Truck83377,458.0
Truck83387,408.0
Truck83306,814.0
Truck83305,820.0
Truck83367,522.0
Truck83353,593.0
Truck83354,600.0
Truck83360,572.0
Truck83402,371.0
Truck83381,477.0
Truck83359,595.0
Truck83379,506.0
Truck83396,427.0
Truck83385,483.0
Truck83374,545.0
Truck83361,628.0
Truck83336,759.0
Truck83398,457.0
Truck83357,669.0
Truck83384,541.0
Truck83386,546.0
Truck83418,390.0
Truck83383,569.0
Truck83389,539.0
Truck83393,519.0
Truck83395,513.0
Truck83364,670.0
Truck83382,584.0
Truck83391,539.0
Truck83413,434.0
Truck83392,545.0
Truck83399,513.0
Truck83375,636.0
Truck83400,512.0
Truck83394,543.0
Truck83388,575.0
Truck83380,616.0
Truck83397,538.0
Truck83390,574.0
Truck83330,883.0
Truck83407,501.0
Truck83371,686.0
Truck83406,513.0
Truck83368,721.0
Truck83370,712.0
Truck83414,518.0
Truck83416,512.0
Truck83404,576.0
Truck83521,450.0
Truck83525,461.0
Truck83528,466.0
Truck83529,491.0
Truck83537,452.0
Truck83520,539.0
Truck83523,530.0
Truck83540,464.0
Truck83544,449.0
Truck83546,453.0
Truck83531,541.0
Truck83554,434.0
Truck83555,435.0
Truck83539,519.0
Truck83533,550.0
Truck83568,376.0
Truck83534,554.0
Truck83535,551.0
Truck83522,626.0
Truck83548,497.0
Truck83547,506.0
Truck83541,554.0
Truck83526,633.0
Truck83543,548.0
Truck83532,605.0
Truck83530,622.0
Truck83559,487.0
Truck83565,457.0
Truck83556,503.0
Truck83536,612.0
Truck83549,547.0
Truck83527,673.0
Truck83561,507.0
Truck83538,626.0
Truck83566,487.0
Truck83588,382.0
Truck83587,391.0
Truck83567,500.0
Truck83524,719.0
Truck83550,593.0
Truck83572,483.0
Truck83573,489.0
Truck83581,459.0
Truck83542,656.0
Truck83557,584.0
Truck83564,554.0
Truck83551,624.0
Truck83545,659.0
Truck83570,539.0
Truck83580,497.0
Truck83562,589.0
Truck83563,591.0
Truck83605,385.0
Truck83589,466.0
Truck83552,656.0
Truck83604,412.0
Truck83575,562.0
Truck83583,526.0
Truck83594,473.0
Truck83553,679.0
Truck83569,602.0
Truck83586,520.0
Truck83593,487.0
Truck83608,413.0
Truck83584,538.0
Truck83612,409.0
Truck83610,423.0
Truck83577,590.0
Truck83599,481.0
Truck83582,570.0
Truck83609,438.0
Truck83619,390.0
Truck83614,418.0
Truck83591,534.0
Truck83576,614.0
Truck83618,406.0
Truck83606,476.0
Truck83597,532.0
Truck83633,358.0
Truck83560,727.0
Truck83596,556.0
Truck83571,690.0
Truck83631,395.0
Truck83600,551.0
Truck83627,424.0
Truck83558,770.0
Truck83592,600.0
Truck83595,586.0
Truck83613,498.0
Truck83601,565.0
Truck83574,702.0
Truck83585,661.0
Truck83622,477.0
Truck83637,407.0
Truck83616,516.0
Truck83636,418.0
Truck83620,501.0
Truck83617,528.0
Truck83644,394.0
Truck83607,584.0
Truck83625,496.0
Truck83623,510.0
Truck83642,417.0
Truck83611,593.0
Truck83590,702.0
Truck83656,373.0
Truck83602,644.0
Truck83648,414.0
Truck83603,640.0
Truck83615,586.0
Truck83639,473.0
Truck83628,533.0
Truck83578,796.0
Truck83667,351.0
Truck83629,546.0
Truck83626,562.0
Truck83654,435.0
Truck83579,811.0
Truck83632,561.0
Truck83634,564.0
Truck83650,488.0
Truck83598,752.0
Truck83635,572.0
Truck83646,520.0
Truck83630,611.0
Truck83645,540.0
Truck83641,570.0
Truck83659,484.0
Truck83643,565.0
Truck83652,520.0
Truck83664,473.0
Truck83661,489.0
Truck83673,429.0
Truck83657,520.0
Truck83658,516.0
Truck83669,461.0
Truck83621,705.0
Truck83638,627.0
Truck83647,588.0
Truck83674,459.0
Truck83663,517.0
Truck83640,634.0
Truck83649,595.0
Truck83651,594.0
Truck83678,465.0
Truck83682,461.0
Truck83653,618.0
Truck83676,515.0
Truck83689,451.0
Truck83675,525.0
Truck83624,786.0
Truck83687,473.0
Truck83670,561.0
Truck83684,491.0
Truck83697,432.0
Truck83665,595.0
Truck83680,524.0
Truck83671,578.0
Truck83683,522.0
Truck83708,400.0
Truck83681,538.0
Truck83692,485.0
Truck83672,588.0
Truck83722,346.0
Truck83688,523.0
Truck83715,389.0
Truck83662,661.0
Truck83696,494.0
Truck83700,477.0
Truck83702,467.0
Truck83655,703.0
Truck83666,649.0
Truck83690,535.0
Truck83701,488.0
Truck83677,609.0
Truck83705,478.0
Truck83660,706.0
Truck83706,480.0
Truck83737,339.0
Truck83679,643.0
Truck83713,473.0
Truck83693,579.0
Truck83699,552.0
Truck83694,581.0
Truck83686,622.0
Truck83703,540.0
Truck83719,466.0
Truck83698,589.0
Truck83718,494.0
Truck83714,520.0
Truck83695,617.0
Truck83739,406.0
Truck83712,547.0
Truck83735,436.0
Truck83668,782.0
Truck83704,607.0
Truck83717,555.0
Truck83691,698.0
Truck83710,606.0
Truck83728,535.0
Truck83740,475.0
Truck83709,631.0
Truck83731,528.0
Truck83760,384.0
Truck83745,462.0
Truck83707,657.0
Truck83744,478.0
Truck83759,413.0
Truck83755,436.0
Truck83732,552.0
Truck83756,437.0
Truck83746,491.0
Truck83685,798.0
Truck83734,556.0
Truck83742,518.0
Truck83723,614.0
Truck83725,610.0
Truck83720,637.0
Truck83738,570.0
Truck83768,429.0
Truck83762,460.0
Truck83779,375.0
Truck83726,641.0
Truck83743,560.0
Truck83752,516.0
Truck83771,427.0
Truck83730,635.0
Truck83736,611.0
Truck83748,556.0
Truck83778,406.0
Truck83733,638.0
Truck83780,404.0
Truck83763,500.0
Truck83729,672.0
Truck83727,693.0
Truck83716,751.0
Truck83711,777.0
Truck83775,457.0
Truck83753,569.0
Truck83761,529.0
Truck83782,424.0
Truck83741,634.0
Truck83757,564.0
Truck83797,367.0
Truck83766,525.0
Truck83721,756.0
Truck83790,414.0
Truck83792,408.0
Truck83758,579.0
Truck83767,538.0
Truck83750,624.0
Truck83769,535.0
Truck83770,530.0
Truck83773,525.0
Truck83754,625.0
Truck83786,467.0
Truck83802,389.0
Truck83751,665.0
Truck83772,562.0
Truck83765,606.0
Truck83749,687.0
Truck83777,549.0
Truck83820,335.0
Truck83774,572.0
Truck83799,469.0
Truck83724,859.0
Truck83787,566.0
Truck83791,550.0
Truck83812,454.0
Truck83784,597.0
Truck83781,620.0
Truck83783,617.0
Truck83793,568.0
Truck83764,717.0
Truck83821,441.0
Truck83747,812.0
Truck83805,524.0
Truck83785,634.0
Truck83816,481.0
Truck83814,493.0
Truck83808,524.0
Truck83776,685.0
Truck83796,585.0
Truck83818,479.0
Truck83807,535.0
Truck83804,554.0
Truck83811,520.0
Truck83788,640.0
Truck83819,488.0
Truck83813,519.0
Truck83795,610.0
Truck83789,642.0
Truck83800,591.0
Truck83852,338.0
Truck83806,573.0
Truck83833,448.0
Truck83809,569.0
Truck83838,430.0
Truck83817,543.0
Truck83832,481.0
Truck83826,519.0
Truck83810,600.0
Truck83862,350.0
Truck83815,590.0
Truck83801,663.0
Truck83803,654.0
Truck83834,501.0
Truck83798,683.0
Truck83846,451.0
Truck83831,530.0
Truck83836,509.0
Truck83794,720.0
Truck83827,560.0
Truck83837,514.0
Truck83823,608.0
Truck83856,443.0
Truck83859,433.0
Truck83847,498.0
Truck83844,525.0
Truck83829,623.0
Truck83857,483.0
Truck83855,502.0
Truck83848,538.0
Truck83885,353.0
Truck83825,656.0
Truck83824,662.0
Truck83849,541.0
Truck83851,535.0
Truck83873,429.0
Truck83860,496.0
Truck83863,507.0
Truck83870,479.0
Truck83872,470.0
Truck83843,618.0
Truck83864,525.0
Truck83865,530.0
Truck83835,683.0
Truck83880,459.0
Truck83892,419.0
Truck83881,481.0
Truck83888,457.0
Truck83840,698.0
Truck83861,597.0
Truck83842,693.0
Truck83854,635.0
Truck83850,657.0
Truck83869,565.0
Truck83871,557.0
Truck83867,581.0
Truck83886,490.0
Truck83907,390.0
Truck83828,787.0
Truck83913,367.0
Truck83866,603.0
Truck83874,563.0
Truck83858,647.0
Truck83822,829.0
Truck83901,439.0
Truck83879,551.0
Truck83894,482.0
Truck83900,454.0
Truck83853,691.0
Truck83868,622.0
Truck83920,369.0
Truck83878,580.0
Truck83895,498.0
Truck83916,397.0
Truck83904,459.0
Truck83889,536.0
Truck83899,491.0
Truck83882,579.0
Truck83830,844.0
Truck83884,582.0
Truck83896,527.0
Truck83876,631.0
Truck83908,472.0
Truck83877,634.0
Truck83902,509.0
Truck83934,366.0
Truck83845,817.0
Truck83839,855.0
Truck83898,572.0
Truck83897,586.0
Truck83924,451.0
Truck83914,506.0
Truck83875,711.0
Truck83905,562.0
Truck83841,884.0
Truck83891,645.0
Truck83929,456.0
Truck83911,557.0
Truck83912,555.0
Truck83909,580.0
Truck83919,537.0
Truck83906,603.0
Truck83926,503.0
Truck83903,621.0
Truck83890,694.0
Truck83893,681.0
Truck83923,531.0
Truck83932,486.0
Truck83936,466.0
Truck83915,574.0
Truck83887,720.0
Truck83918,580.0
Truck83921,571.0
Truck83928,547.0
Truck83935,520.0
Truck83917,617.0
Truck83942,498.0
Truck83950,458.0
Truck83944,490.0
Truck83971,371.0
Truck83943,513.0
Truck83949,486.0
Truck83962,421.0
Truck83922,626.0
Truck83883,830.0
Truck83937,560.0
Truck83945,527.0
Truck83948,524.0
Truck83933,608.0
Truck83965,465.0
Truck83957,506.0
Truck83975,419.0
Truck83959,503.0
Truck83961,493.0
Truck83986,368.0
Truck83910,750.0
Truck83968,461.0
Truck83940,602.0
Truck83927,675.0
Truck83966,482.0
Truck83976,434.0
Truck83925,693.0
Truck83956,546.0
Truck83931,676.0
Truck83951,577.0
Truck83954,563.0
Truck83981,435.0
Truck83955,574.0
Truck83941,647.0
Truck83963,549.0
Truck83973,502.0
Truck83978,480.0
Truck83991,426.0
Truck83974,513.0
Truck83938,696.0
Truck83964,572.0
Truck83939,702.0
Truck83947,670.0
Truck83984,489.0
Truck83970,562.0
Truck83982,521.0
Truck83930,785.0
Truck83946,713.0
Truck84000,446.0
Truck83958,658.0
Truck83967,613.0
Truck83972,589.0
Truck83998,460.0
Truck84012,390.0
Truck83969,611.0
Truck84011,401.0
Truck84007,423.0
Truck83953,708.0
Truck83992,513.0
Truck83979,603.0
Truck84001,496.0
Truck83990,552.0
Truck83983,588.0
Truck84009,460.0
Truck83989,564.0
Truck83995,537.0
Truck84013,454.0
Truck84005,503.0
Truck83999,539.0
Truck84031,381.0
Truck83994,578.0
Truck84006,520.0
Truck84002,542.0
Truck84016,474.0
Truck83977,675.0
Truck83980,672.0
Truck84017,495.0
Truck84008,542.0
Truck83997,600.0
Truck84026,457.0
Truck84036,408.0
Truck83985,687.0
Truck84010,562.0
Truck84004,594.0
Truck84015,542.0
Truck84020,518.0
Truck84048,383.0
Truck84003,610.0
Truck83987,695.0
Truck84025,507.0
Truck84024,518.0
Truck83960,849.0
Truck83993,684.0
Truck84014,582.0
Truck84022,542.0
Truck84039,465.0
Truck83996,692.0
Truck84018,584.0
Truck84028,534.0
Truck83988,738.0
Truck84058,418.0
Truck84032,550.0
Truck83952,951.0
Truck84038,527.0
Truck84019,625.0
Truck84027,586.0
Truck84065,403.0
Truck84043,516.0
Truck84023,625.0
Truck84030,592.0
Truck84059,449.0
Truck84077,359.0
Truck84021,655.0
Truck84056,487.0
Truck84071,412.0
Truck84035,594.0
Truck84044,549.0
Truck84033,607.0
Truck84034,603.0
Truck84029,632.0
Truck84041,580.0
Truck84052,526.0
Truck84055,512.0
Truck84063,475.0
Truck84054,521.0
Truck84062,483.0
Truck84050,547.0
Truck84046,572.0
Truck84042,597.0
Truck84086,380.0
Truck84067,483.0
Truck84040,629.0
Truck84045,620.0
Truck84051,591.0
Truck84047,613.0
Truck84037,671.0
Truck84061,553.0
Truck84066,538.0
Truck84053,604.0
Truck84064,550.0
Truck84070,520.0
Truck84049,628.0
Truck84078,514.0
Truck84076,536.0
Truck84060,625.0
Truck84091,470.0
Truck84093,482.0
Truck84087,514.0
Truck84084,534.0
Truck84083,540.0
Truck84099,463.0
Truck84075,590.0
Truck84082,555.0
Truck84057,686.0
Truck84080,573.0
Truck84069,629.0
Truck84100,488.0
Truck84089,553.0
Truck84068,662.0
Truck84085,584.0
Truck84107,475.0
Truck84088,571.0
Truck84090,566.0
Truck84073,653.0
Truck84104,498.0
Truck84072,668.0
Truck84079,646.0
Truck84116,463.0
Truck84103,537.0
Truck84095,589.0
Truck84098,576.0
Truck84118,478.0
Truck84109,531.0
Truck84122,471.0
Truck84081,682.0
Truck84094,620.0
Truck84121,486.0
Truck84117,508.0
Truck84145,377.0
Truck84105,579.0
Truck84125,482.0
Truck84074,745.0
Truck84097,630.0
Truck84150,367.0
Truck84132,459.0
Truck84141,417.0
Truck84096,648.0
Truck84128,494.0
Truck84124,517.0
Truck84120,538.0
Truck84113,576.0
Truck84101,639.0
Truck84110,607.0
Truck84115,583.0
Truck84131,506.0
Truck84134,500.0
Truck84135,497.0
Truck84140,474.0
Truck84138,485.0
Truck84160,384.0
Truck84143,479.0
Truck84133,530.0
Truck84126,569.0
Truck84144,483.0
Truck84111,649.0
Truck84155,433.0
Truck84151,464.0
Truck84129,577.0
Truck84137,537.0
Truck84108,693.0
Truck84161,437.0
Truck84154,476.0
Truck84168,407.0
Truck84102,748.0
Truck84158,468.0
Truck84179,374.0
Truck84153,505.0
Truck84106,741.0
Truck84147,537.0
Truck84169,434.0
Truck84119,697.0
Truck84114,727.0
Truck84112,740.0
Truck84136,627.0
Truck84092,855.0
Truck84123,708.0
Truck84174,463.0
Truck84152,578.0
Truck84163,523.0
Truck84139,649.0
Truck84142,638.0
Truck84175,483.0
Truck84162,557.0
Truck84146,643.0
Truck84156,594.0
Truck84180,481.0
Truck84148,643.0
Truck84130,740.0
Truck84170,546.0
Truck84182,488.0
Truck84196,422.0
Truck84173,556.0
Truck84189,480.0
Truck84157,661.0
Truck84190,497.0
Truck84186,521.0
Truck84159,657.0
Truck84149,711.0
Truck84178,576.0
Truck84185,550.0
Truck84181,575.0
Truck84183,565.0
Truck84201,479.0
Truck84177,600.0
Truck84171,631.0
Truck84127,856.0
Truck84192,532.0
Truck84187,568.0
Truck84204,487.0
Truck84211,452.0
Truck84191,568.0
Truck84176,644.0
Truck84205,500.0
Truck84202,520.0
Truck84197,551.0
Truck84198,553.0
Truck84167,715.0
Truck84199,563.0
Truck84166,735.0
Truck84203,557.0
Truck84200,573.0
Truck84216,493.0
Truck84218,488.0
Truck84231,424.0
Truck84188,641.0
Truck84209,539.0
Truck84165,760.0
Truck84193,636.0
Truck84225,477.0
Truck84195,637.0
Truck84230,465.0
Truck84228,477.0
Truck84224,505.0
Truck84172,771.0
Truck84184,720.0
Truck84220,545.0
Truck84226,518.0
Truck84206,621.0
Truck84234,486.0
Truck84194,689.0
Truck84208,619.0
Truck84245,436.0
Truck84236,482.0
Truck84229,523.0
Truck84213,611.0
Truck84215,604.0
Truck84223,565.0
Truck84239,485.0
Truck84164,875.0
Truck84212,642.0
Truck84244,496.0
Truck84250,473.0
Truck84235,552.0
Truck84238,545.0
Truck84243,520.0
Truck84207,709.0
Truck84222,638.0
Truck84240,548.0
Truck84259,462.0
Truck84210,712.0
Truck84219,678.0
Truck84262,469.0
Truck84252,530.0
Truck84257,507.0
Truck84221,690.0
Truck84217,712.0
Truck84214,732.0
Truck84242,597.0
Truck84253,542.0
Truck84258,520.0
Truck84267,476.0
Truck84233,662.0
Truck84232,668.0
Truck84227,700.0
Truck84268,497.0
Truck84280,442.0
Truck84263,529.0
Truck84282,434.0
Truck84256,565.0
Truck84291,397.0
Truck84247,619.0
Truck84273,490.0
Truck84249,612.0
Truck84251,606.0
Truck84260,562.0
Truck84254,606.0
Truck84241,675.0
Truck84271,526.0
Truck84297,405.0
Truck84292,453.0
Truck84264,602.0
Truck84255,652.0
Truck84308,387.0
Truck84237,749.0
Truck84275,561.0
Truck84284,516.0
Truck84248,699.0
Truck84287,505.0
Truck84279,546.0
Truck84293,478.0
Truck84318,353.0
Truck84269,599.0
Truck84278,555.0
Truck84246,720.0
Truck84265,630.0
Truck84306,425.0
Truck84272,605.0
Truck84299,470.0
Truck84294,507.0
Truck84285,557.0
Truck84296,506.0
Truck84300,488.0
Truck84321,385.0
Truck84302,485.0
Truck84289,558.0
Truck84304,484.0
Truck84314,438.0
Truck84286,584.0
Truck84303,510.0
Truck84312,465.0
Truck84276,653.0
Truck84277,648.0
Truck84261,732.0
Truck84295,581.0
Truck84290,608.0
Truck84288,619.0
Truck84316,481.0
Truck84311,513.0
Truck84329,423.0
Truck84337,385.0
Truck84298,582.0
Truck84305,561.0
Truck84307,553.0
Truck84319,499.0
Truck84270,752.0
Truck84313,537.0
Truck84274,734.0
Truck84301,600.0
Truck84346,378.0
Truck84338,419.0
Truck84310,561.0
Truck84322,503.0
Truck84309,576.0
Truck84334,461.0
Truck84330,495.0
Truck84323,534.0
Truck84326,527.0
Truck84283,754.0
Truck84281,768.0
Truck84328,535.0
Truck84315,609.0
Truck84357,402.0
Truck84317,608.0
Truck84348,456.0
Truck84320,599.0
Truck84325,579.0
Truck84324,599.0
Truck84345,497.0
Truck84336,543.0
Truck84355,450.0
Truck84356,451.0
Truck84333,576.0
Truck84359,447.0
Truck84331,590.0
Truck84367,423.0
Truck84327,629.0
Truck84335,589.0
Truck84344,547.0
Truck84366,437.0
Truck84340,570.0
Truck84368,434.0
Truck84266,945.0
Truck84341,580.0
Truck84380,406.0
Truck84350,559.0
Truck84351,557.0
Truck84369,468.0
Truck84342,620.0
Truck84372,479.0
Truck84349,596.0
Truck84364,525.0
Truck84379,462.0
Truck84373,495.0
Truck84361,559.0
Truck84382,457.0
Truck84354,600.0
Truck84378,482.0
Truck84353,608.0
Truck84363,567.0
Truck84332,729.0
Truck84362,580.0
Truck84339,697.0
Truck84408,354.0
Truck84343,694.0
Truck84347,679.0
Truck84365,597.0
Truck84406,392.0
Truck84385,501.0
Truck84370,588.0
Truck84376,566.0
Truck84394,493.0
Truck84399,471.0
Truck84400,469.0
Truck84371,616.0
Truck84401,470.0
Truck84414,413.0
Truck84397,499.0
Truck84398,502.0
Truck84403,477.0
Truck84387,559.0
Truck84390,552.0
Truck84392,556.0
Truck84352,758.0
Truck84419,426.0
Truck84360,722.0
Truck84358,743.0
Truck84374,664.0
Truck84381,639.0
Truck84384,624.0
Truck84391,594.0
Truck84411,500.0
Truck84404,540.0
Truck84393,601.0
Truck84396,590.0
Truck84429,425.0
Truck84395,597.0
Truck84410,531.0
Truck84383,670.0
Truck84375,720.0
Truck84389,650.0
Truck84423,481.0
Truck84386,668.0
Truck84409,558.0
Truck84449,358.0
Truck84377,720.0
Truck84415,546.0
Truck84418,533.0
Truck84424,504.0
Truck84417,551.0
Truck84431,483.0
Truck84430,489.0
Truck84447,410.0
Truck84402,636.0
Truck84405,621.0
Truck84412,586.0
Truck84443,431.0
Truck84407,612.0
Truck84432,488.0
Truck84421,552.0
Truck84413,595.0
Truck84433,503.0
Truck84416,596.0
Truck84436,498.0
Truck84426,551.0
Truck84446,459.0
Truck84428,555.0
Truck84452,454.0
Truck84435,544.0
Truck84427,585.0
Truck84388,783.0
Truck84434,553.0
Truck84439,529.0
Truck84440,524.0
Truck84463,409.0
Truck84437,560.0
Truck84448,508.0
Truck84458,459.0
Truck84441,564.0
Truck84450,524.0
Truck84445,554.0
Truck84478,393.0
Truck84461,479.0
Truck84467,450.0
Truck84425,662.0
Truck84470,438.0
Truck84438,602.0
Truck84444,576.0
Truck84460,507.0
Truck84468,474.0
Truck84481,409.0
Truck84472,459.0
Truck84469,475.0
Truck84475,449.0
Truck84442,617.0
Truck84457,549.0
Truck84420,737.0
Truck84459,545.0
Truck84422,731.0
Truck84473,485.0
Truck84464,541.0
Truck84482,455.0
Truck84484,455.0
Truck84474,508.0
Truck84453,617.0
Truck84480,499.0
Truck84486,473.0
Truck84471,552.0
Truck84492,463.0
Truck84451,683.0
Truck84465,620.0
Truck84516,370.0
Truck84485,528.0
Truck84479,559.0
Truck84454,687.0
Truck84495,489.0
Truck84455,692.0
Truck84493,514.0
Truck84462,673.0
Truck84507,449.0
Truck84519,389.0
Truck84476,607.0
Truck84466,659.0
Truck84477,607.0
Truck84517,409.0
Truck84494,528.0
Truck84508,466.0
Truck84515,434.0
Truck84456,732.0
Truck84500,517.0
Truck84498,529.0
Truck84510,469.0
Truck84513,458.0
Truck84514,455.0
Truck84506,500.0
Truck84501,527.0
Truck84487,598.0
Truck84504,537.0
Truck84523,445.0
Truck84490,612.0
Truck84483,649.0
Truck84526,449.0
Truck84489,639.0
Truck84491,637.0
Truck84496,614.0
Truck84505,575.0
Truck84537,416.0
Truck84497,619.0
Truck84527,475.0
Truck84532,453.0
Truck84521,519.0
Truck84509,586.0
Truck84548,395.0
Truck84535,469.0
Truck84502,635.0
Truck84511,595.0
Truck84512,602.0
Truck84533,501.0
Truck84520,577.0
Truck84538,490.0
Truck84528,541.0
Truck84531,531.0
Truck84534,516.0
Truck84499,708.0
Truck84544,488.0
Truck84554,444.0
Truck84540,515.0
Truck84539,523.0
Truck84530,571.0
Truck84536,541.0
Truck84488,783.0
Truck84545,500.0
Truck84542,516.0
Truck84551,480.0
Truck84547,502.0
Truck84558,461.0
Truck84503,737.0
Truck84525,627.0
Truck84560,460.0
Truck84546,536.0
Truck84518,678.0
Truck84529,624.0
Truck84568,429.0
Truck84559,477.0
Truck84524,654.0
Truck84575,405.0
Truck84552,525.0
Truck84522,677.0
Truck84553,525.0
Truck84541,594.0
Truck84583,390.0
Truck84550,556.0
Truck84562,501.0
Truck84574,442.0
Truck84564,499.0
Truck84543,608.0
Truck84549,581.0
Truck84566,503.0
Truck84563,522.0
Truck84567,521.0
Truck84582,452.0
Truck84576,488.0
Truck84577,483.0
Truck84596,423.0
Truck84555,634.0
Truck84580,512.0
Truck84561,609.0
Truck84578,527.0
Truck84604,398.0
Truck84569,577.0
Truck84571,569.0
Truck84565,607.0
Truck84603,424.0
Truck84608,399.0
Truck84587,506.0
Truck84573,577.0
Truck84572,590.0
Truck84581,549.0
Truck84556,683.0
Truck84594,498.0
Truck84590,524.0
Truck84609,430.0
Truck84584,567.0
Truck84597,503.0
Truck84606,467.0
Truck84619,402.0
Truck84570,651.0
Truck84601,498.0
Truck84599,512.0
Truck84585,586.0
Truck84586,586.0
Truck84591,563.0
Truck84624,405.0
Truck84557,774.0
Truck84607,532.0
Truck84636,388.0
Truck84588,633.0
Truck84598,583.0
Truck84628,433.0
Truck84595,601.0
Truck84616,497.0
Truck84640,385.0
Truck84579,697.0
Truck84620,492.0
Truck84592,638.0
Truck84632,440.0
Truck84593,641.0
Truck84612,550.0
Truck84600,619.0
Truck84623,510.0
Truck84622,516.0
Truck84613,562.0
Truck84589,694.0
Truck84610,591.0
Truck84618,554.0
Truck84617,566.0
Truck84639,456.0
Truck84602,653.0
Truck84644,454.0
Truck84627,550.0
Truck84637,501.0
Truck84661,384.0
Truck84625,569.0
Truck84631,570.0
Truck84638,535.0
Truck84621,622.0
Truck84645,502.0
Truck84660,434.0
Truck84650,486.0
Truck84635,562.0
Truck84611,684.0
Truck84629,602.0
Truck84615,675.0
Truck84634,580.0
Truck84633,588.0
Truck84653,495.0
Truck84658,471.0
Truck84649,524.0
Truck84647,538.0
Truck84683,364.0
Truck84643,570.0
Truck84626,681.0
Truck84659,517.0
Truck84654,548.0
Truck84646,605.0
Truck84630,686.0
Truck84657,552.0
Truck84669,493.0
Truck84648,604.0
Truck84642,636.0
Truck84664,528.0
Truck84605,824.0
Truck84680,454.0
Truck84663,547.0
Truck84614,795.0
Truck84641,663.0
Truck84679,478.0
Truck84690,430.0
Truck84651,629.0
Truck84656,612.0
Truck84670,542.0
Truck84662,585.0
Truck84672,545.0
Truck84691,455.0
Truck84700,419.0
Truck84665,596.0
Truck84696,441.0
Truck84655,651.0
Truck84673,562.0
Truck84678,546.0
Truck84685,530.0
Truck84675,587.0
Truck84666,635.0
Truck84668,625.0
Truck84707,437.0
Truck84715,397.0
Truck84682,568.0
Truck84689,533.0
Truck84674,615.0
Truck84676,609.0
Truck84702,482.0
Truck84716,422.0
Truck84709,458.0
Truck84714,437.0
Truck84706,479.0
Truck84705,487.0
Truck84684,594.0
Truck84688,574.0
Truck84667,688.0
Truck84699,529.0
Truck84697,543.0
Truck84693,573.0
Truck84687,604.0
Truck84721,439.0
Truck84703,533.0
Truck84677,668.0
Truck84713,490.0
Truck84694,590.0
Truck84686,635.0
Truck84719,471.0
Truck84711,512.0
Truck84748,333.0
Truck84718,485.0
Truck84704,564.0
Truck84671,751.0
Truck84695,631.0
Truck84738,419.0
Truck84731,455.0
Truck84712,552.0
Truck84717,539.0
Truck84744,411.0
Truck84652,873.0
Truck84742,435.0
Truck84729,526.0
Truck84698,682.0
Truck84720,574.0
Truck84723,560.0
Truck84735,501.0
Truck84739,506.0
Truck84701,698.0
Truck84726,573.0
Truck84710,659.0
Truck84681,824.0
Truck84734,562.0
Truck84773,370.0
Truck84727,613.0
Truck84728,620.0
Truck84745,538.0
Truck84757,480.0
Truck84740,570.0
Truck84754,502.0
Truck84750,528.0
Truck84746,550.0
Truck84725,666.0
Truck84753,526.0
Truck84764,475.0
Truck84749,554.0
Truck84756,519.0
Truck84741,598.0
Truck84761,506.0
Truck84732,653.0
Truck84708,775.0
Truck84765,493.0
Truck84747,587.0
Truck84767,489.0
Truck84755,551.0
Truck84722,724.0
Truck84751,582.0
Truck84758,547.0
Truck84730,692.0
Truck84759,549.0
Truck84737,661.0
Truck84783,432.0
Truck84769,511.0
Truck84771,503.0
Truck84736,685.0
Truck84733,701.0
Truck84692,907.0
Truck84763,561.0
Truck84766,547.0
Truck84789,432.0
Truck84724,758.0
Truck84784,465.0
Truck84782,485.0
Truck84777,521.0
Truck84791,455.0
Truck84775,537.0
Truck84762,608.0
Truck84752,659.0
Truck84779,539.0
Truck84793,472.0
Truck84772,578.0
Truck84743,727.0
Truck84778,559.0
Truck84785,524.0
Truck84797,482.0
Truck84770,622.0
Truck84794,506.0
Truck84806,448.0
Truck84781,574.0
Truck84800,480.0
Truck84809,439.0
Truck84798,497.0
Truck84792,529.0
Truck84788,550.0
Truck84802,483.0
Truck84768,661.0
Truck84776,622.0
Truck84796,524.0
Truck84821,405.0
Truck84799,527.0
Truck84774,653.0
Truck84795,548.0
Truck84786,595.0
Truck84780,645.0
Truck84810,506.0
Truck84823,446.0
Truck84790,614.0
Truck84813,511.0
Truck84834,408.0
Truck84811,526.0
Truck84836,408.0
Truck84843,377.0
Truck84807,558.0
Truck84829,452.0
Truck84787,665.0
Truck84824,485.0
Truck84815,532.0
Truck84814,538.0
Truck84825,486.0
Truck84828,474.0
Truck84850,375.0
Truck84818,551.0
Truck84842,434.0
Truck84803,637.0
Truck84854,383.0
Truck84844,435.0
Truck84827,522.0
Truck84760,858.0
Truck84816,578.0
Truck84801,654.0
Truck84817,576.0
Truck84845,445.0
Truck84804,651.0
Truck84822,562.0
Truck84831,518.0
Truck84864,358.0
Truck84826,552.0
Truck84840,483.0
Truck84833,529.0
Truck84835,519.0
Truck84863,381.0
Truck84847,469.0
Truck84830,556.0
Truck84808,677.0
Truck84853,452.0
Truck84838,533.0
Truck84859,436.0
Truck84872,372.0
Truck84812,673.0
Truck84851,483.0
Truck84855,464.0
Truck84857,455.0
Truck84805,720.0
Truck84819,678.0
Truck84832,620.0
Truck84841,576.0
Truck84878,391.0
Truck84839,601.0
Truck84820,699.0
Truck84961,411.0
Truck84960,458.0
Truck84976,406.0
Truck84965,497.0
Truck84975,458.0
Truck84967,534.0
Truck84994,400.0
Truck84992,414.0
Truck84997,391.0
Truck85006,348.0
Truck85005,368.0
Truck84987,461.0
Truck84990,446.0
Truck84964,577.0
Truck85004,384.0
Truck84970,560.0
Truck84974,540.0
Truck84977,527.0
Truck84988,472.0
Truck85009,378.0
Truck84962,616.0
Truck84978,537.0
Truck84983,520.0
Truck84982,529.0
Truck84971,586.0
Truck84969,599.0
Truck85013,387.0
Truck84980,561.0
Truck84981,560.0
Truck84985,548.0
Truck84963,663.0
Truck84999,489.0
Truck85000,494.0
Truck84972,638.0
Truck85017,414.0
Truck84993,542.0
Truck85011,467.0
Truck84995,548.0
Truck85003,509.0
Truck85010,477.0
Truck84968,688.0
Truck85007,497.0
Truck84984,614.0
Truck84986,606.0
Truck84979,645.0
Truck84991,593.0
Truck85039,364.0
Truck85019,472.0
Truck84966,753.0
Truck85030,438.0
Truck84973,732.0
Truck84996,624.0
Truck85001,599.0
Truck84998,622.0
Truck84989,673.0
Truck85024,505.0
Truck85022,520.0
Truck85002,624.0
Truck85025,516.0
Truck85029,497.0
Truck85018,553.0
Truck85026,513.0
Truck85035,473.0
Truck85027,522.0
Truck85048,422.0
Truck85014,606.0
Truck85046,457.0
Truck85037,506.0
Truck85053,438.0
Truck85033,541.0
Truck85012,657.0
Truck85032,559.0
Truck85049,480.0
Truck85023,611.0
Truck85028,589.0
Truck85036,549.0
Truck85050,486.0
Truck85038,552.0
Truck85031,591.0
Truck85052,491.0
Truck85059,456.0
Truck85008,713.0
Truck85040,553.0
Truck85020,658.0
Truck85042,553.0
Truck85021,665.0
Truck85041,568.0
Truck85058,483.0
Truck85016,708.0
Truck85056,508.0
Truck85045,566.0
Truck85034,623.0
Truck85047,565.0
Truck85072,442.0
Truck85080,406.0
Truck85044,587.0
Truck85073,448.0
Truck85069,497.0
Truck85055,576.0
Truck85015,783.0
Truck85068,523.0
Truck85054,606.0
Truck85065,551.0
Truck85057,594.0
Truck85099,388.0
Truck85043,676.0
Truck85074,523.0
Truck85062,587.0
Truck85060,599.0
Truck85070,558.0
Truck85051,654.0
Truck85088,473.0
Truck85061,622.0
Truck85095,458.0
Truck85075,563.0
Truck85084,518.0
Truck85067,609.0
Truck85098,463.0
Truck85106,431.0
Truck85085,541.0
Truck85100,470.0
Truck85064,658.0
Truck85082,573.0
Truck85089,538.0
Truck85071,630.0
Truck85083,573.0
Truck85104,474.0
Truck85066,673.0
Truck85125,380.0
Truck85087,572.0
Truck85063,703.0
Truck85093,553.0
Truck85079,626.0
Truck85077,637.0
Truck85090,580.0
Truck85097,546.0
Truck85094,564.0
Truck85092,581.0
Truck85086,618.0
Truck85120,464.0
Truck85076,687.0
Truck85119,472.0
Truck85109,524.0
Truck85117,494.0
Truck85101,582.0
Truck85112,529.0
Truck85107,559.0
Truck85103,588.0
Truck85110,553.0
Truck85116,523.0
Truck85105,589.0
Truck85108,576.0
Truck85133,458.0
Truck85122,516.0
Truck85114,562.0
Truck85121,529.0
Truck85102,625.0
Truck85132,480.0
Truck85139,445.0
Truck85113,582.0
Truck85141,457.0
Truck85138,482.0
Truck85081,777.0
Truck85091,741.0
Truck85126,570.0
Truck85157,416.0
Truck85096,727.0
Truck85143,493.0
Truck85124,592.0
Truck85137,528.0
Truck85135,543.0
Truck85147,483.0
Truck85152,458.0
Truck85160,422.0
Truck85158,434.0
Truck85150,480.0
Truck85111,677.0
Truck85162,423.0
Truck85130,584.0
Truck85128,600.0
Truck85131,585.0
Truck85151,490.0
Truck85146,518.0
Truck85154,482.0
Truck85167,421.0
Truck85168,420.0
Truck85115,687.0
Truck85136,582.0
Truck85134,602.0
Truck85149,538.0
Truck85127,653.0
Truck85163,474.0
Truck85173,424.0
Truck85166,476.0
Truck85183,398.0
Truck85159,526.0
Truck85171,478.0
Truck85169,489.0
Truck85153,571.0
Truck85164,518.0
Truck85170,490.0
Truck85129,700.0
Truck85155,573.0
Truck85161,543.0
Truck85140,650.0
Truck85156,571.0
Truck85078,969.0
Truck85174,493.0
Truck85184,449.0
Truck85142,661.0
Truck85144,655.0
Truck85123,769.0
Truck85172,526.0
Truck85165,564.0
Truck85182,488.0
Truck85200,430.0
Truck85204,416.0
Truck85145,713.0
Truck85191,487.0
Truck85148,705.0
Truck85181,541.0
Truck85180,558.0
Truck85201,455.0
Truck85206,430.0
Truck85217,378.0
Truck85210,420.0
Truck85188,538.0
Truck85190,536.0
Truck85178,602.0
Truck85212,435.0
Truck85209,465.0
Truck85202,504.0
Truck85196,539.0
Truck85192,562.0
Truck85179,628.0
Truck85175,649.0
Truck85195,561.0
Truck85185,614.0
Truck85193,579.0
Truck85189,601.0
Truck85118,963.0
Truck85224,437.0
Truck85225,434.0
Truck85208,535.0
Truck85211,528.0
Truck85197,599.0
Truck85177,703.0
Truck85226,472.0
Truck85187,669.0
Truck85216,524.0
Truck85227,470.0
Truck85215,535.0
Truck85219,516.0
Truck85222,507.0
Truck85194,652.0
Truck85186,696.0
Truck85207,591.0
Truck85232,466.0
Truck85221,535.0
Truck85246,416.0
Truck85213,582.0
Truck85231,493.0
Truck85220,560.0
Truck85218,572.0
Truck85198,677.0
Truck85203,652.0
Truck85176,788.0
Truck85228,536.0
Truck85248,447.0
Truck85250,442.0
Truck85235,529.0
Truck85234,538.0
Truck85205,689.0
Truck85257,429.0
Truck85229,571.0
Truck85214,658.0
Truck85253,469.0
Truck85238,546.0
Truck85236,567.0
Truck85242,537.0
Truck85256,467.0
Truck85199,753.0
Truck85237,565.0
Truck85244,538.0
Truck85258,477.0
Truck85252,518.0
Truck85261,473.0
Truck85241,575.0
Truck85230,631.0
Truck85254,514.0
Truck85263,479.0
Truck85243,580.0
Truck85269,454.0
Truck85247,569.0
Truck85239,610.0
Truck85271,451.0
Truck85255,532.0
Truck85280,409.0
Truck85233,648.0
Truck85260,527.0
Truck85281,435.0
Truck85245,619.0
Truck85270,494.0
Truck85240,655.0
Truck85297,384.0
Truck85273,524.0
Truck85262,581.0
Truck85267,568.0
Truck85249,661.0
Truck85223,793.0
Truck85259,615.0
Truck85295,438.0
Truck85272,558.0
Truck85301,415.0
Truck85268,585.0
Truck85300,428.0
Truck85277,545.0
Truck85266,620.0
Truck85309,409.0
Truck85265,630.0
Truck85278,575.0
Truck85276,588.0
Truck85279,577.0
Truck85282,564.0
Truck85286,546.0
Truck85285,559.0
Truck85294,514.0
Truck85298,495.0
Truck85284,568.0
Truck85288,553.0
Truck85274,629.0
Truck85283,590.0
Truck85275,633.0
Truck85308,473.0
Truck85287,581.0
Truck85251,763.0
Truck85312,464.0
Truck85299,532.0
Truck85325,417.0
Truck85290,597.0
Truck85317,464.0
Truck85296,570.0
Truck85292,599.0
Truck85304,545.0
Truck85305,547.0
Truck85293,609.0
Truck85313,509.0
Truck85303,561.0
Truck85291,625.0
Truck85330,434.0
Truck85310,535.0
Truck85335,414.0
Truck85316,514.0
Truck85324,478.0
Truck85289,665.0
Truck85318,526.0
Truck85302,610.0
Truck85355,345.0
Truck85264,809.0
Truck85338,450.0
Truck85306,618.0
Truck85336,472.0
Truck85326,530.0
Truck85332,503.0
Truck85347,431.0
Truck85307,641.0
Truck85359,383.0
Truck85343,465.0
Truck85319,595.0
Truck85329,547.0
Truck85345,473.0
Truck85350,460.0
Truck85348,474.0
Truck85353,451.0
Truck85314,655.0
Truck85321,620.0
Truck85331,575.0
Truck85375,356.0
Truck85351,480.0
Truck85361,430.0
Truck85333,573.0
Truck85357,462.0
Truck85342,538.0
Truck85368,413.0
Truck85322,645.0
Truck85367,426.0
Truck85362,462.0
Truck85315,705.0
Truck85369,439.0
Truck85354,518.0
Truck85373,427.0
Truck85379,398.0
Truck85358,507.0
Truck85320,703.0
Truck85328,664.0
Truck85311,752.0
Truck85371,475.0
Truck85349,586.0
Truck85374,461.0
Truck85346,602.0
Truck85323,722.0
Truck85339,642.0
Truck85334,669.0
Truck85340,642.0
Truck85337,667.0
Truck85327,718.0
Truck85360,562.0
Truck85380,462.0
Truck85393,402.0
Truck85356,590.0
Truck85344,654.0
Truck85352,623.0
Truck85365,561.0
Truck85389,446.0
Truck85392,433.0
Truck85364,581.0
Truck85377,516.0
Truck85384,483.0
Truck85341,713.0
Truck85366,589.0
Truck85386,495.0
Truck85400,426.0
Truck85387,498.0
Truck85381,531.0
Truck85363,636.0
Truck85372,602.0
Truck85378,572.0
Truck85413,402.0
Truck85390,519.0
Truck85385,545.0
Truck85403,455.0
Truck85408,436.0
Truck85394,507.0
Truck85412,424.0
Truck85397,500.0
Truck85382,576.0
Truck85409,455.0
Truck85416,420.0
Truck85370,666.0
Truck85405,501.0
Truck85388,593.0
Truck85391,591.0
Truck85417,466.0
Truck85421,456.0
Truck85404,547.0
Truck85401,563.0
Truck85395,594.0
Truck85420,472.0
Truck85383,666.0
Truck85422,473.0
Truck85396,608.0
Truck85418,505.0
Truck85411,541.0
Truck85414,528.0
Truck85376,731.0
Truck85423,496.0
Truck85432,452.0
Truck85399,618.0
Truck85426,483.0
Truck85445,394.0
Truck85398,634.0
Truck85425,510.0
Truck85402,639.0
Truck85429,506.0
Truck85456,374.0
Truck85410,610.0
Truck85407,634.0
Truck85428,530.0
Truck85406,641.0
Truck85444,460.0
Truck85415,606.0
Truck85438,511.0
Truck85443,496.0
Truck85419,620.0
Truck85427,585.0
Truck85473,356.0
Truck85451,484.0
Truck85430,593.0
Truck85435,576.0
Truck85450,503.0
Truck85466,430.0
Truck85431,607.0
Truck85424,646.0
Truck85469,424.0
Truck85439,576.0
Truck85465,462.0
Truck85448,552.0
Truck85454,530.0
Truck85442,592.0
Truck85462,501.0
Truck85452,558.0
Truck85461,518.0
Truck85483,408.0
Truck85446,595.0
Truck85447,591.0
Truck85434,657.0
Truck85449,591.0
Truck85467,503.0
Truck85499,343.0
Truck85453,577.0
Truck85464,545.0
Truck85460,569.0
Truck85472,514.0
Truck85433,710.0
Truck85437,698.0
Truck85478,493.0
Truck85455,619.0
Truck85490,457.0
Truck85492,447.0
Truck85457,633.0
Truck85471,563.0
Truck85440,724.0
Truck85441,720.0
Truck85468,586.0
Truck85515,352.0
Truck85487,495.0
Truck85474,562.0
Truck85475,559.0
Truck85477,551.0
Truck85488,496.0
Truck85504,417.0
Truck85459,645.0
Truck85496,472.0
Truck85458,663.0
Truck85498,466.0
Truck85507,422.0
Truck85511,405.0
Truck85480,568.0
Truck85436,793.0
Truck85494,506.0
Truck85479,604.0
Truck85489,562.0
Truck85470,658.0
Truck85463,694.0
Truck85486,587.0
Truck85501,513.0
Truck85482,617.0
Truck85491,572.0
Truck85485,609.0
Truck85527,403.0
Truck85497,557.0
Truck85519,447.0
Truck85500,543.0
Truck85481,639.0
Truck85505,519.0
Truck85506,521.0
Truck85512,497.0
Truck85508,520.0
Truck85520,470.0
Truck85476,697.0
Truck85514,517.0
Truck85523,484.0
Truck85549,361.0
Truck85545,390.0
Truck85547,382.0
Truck85503,605.0
Truck85493,658.0
Truck85484,714.0
Truck85557,351.0
Truck85552,378.0
Truck85513,574.0
Truck85529,500.0
Truck85542,465.0
Truck85509,631.0
Truck85537,499.0
Truck85518,610.0
Truck85510,651.0
Truck85517,617.0
Truck85548,464.0
Truck85528,566.0
Truck85533,544.0
Truck85538,519.0
Truck85524,591.0
Truck85556,431.0
Truck85530,567.0
Truck85541,519.0
Truck85525,605.0
Truck85536,557.0
Truck85555,462.0
Truck85544,524.0
Truck85535,576.0
Truck85565,426.0
Truck85522,644.0
Truck85526,624.0
Truck85495,782.0
Truck85540,557.0
Truck85532,598.0
Truck85559,466.0
Truck85561,469.0
Truck85539,584.0
Truck85567,444.0
Truck85550,531.0
Truck85573,425.0
Truck85563,489.0
Truck85553,546.0
Truck85590,361.0
Truck85521,716.0
Truck85516,747.0
Truck85564,512.0
Truck85558,556.0
Truck85577,470.0
Truck85534,690.0
Truck85586,437.0
Truck85551,617.0
Truck85502,863.0
Truck85569,534.0
Truck85554,611.0
Truck85546,658.0
Truck85597,403.0
Truck85581,488.0
Truck85531,754.0
Truck85543,698.0
Truck85578,525.0
Truck85588,482.0
Truck85562,615.0
Truck85574,557.0
Truck85594,458.0
Truck85592,474.0
Truck85566,609.0
Truck85620,352.0
Truck85576,573.0
Truck85601,449.0
Truck85593,496.0
Truck85587,533.0
Truck85616,400.0
Truck85610,434.0
Truck85585,563.0
Truck85570,644.0
Truck85619,402.0
Truck85568,666.0
Truck85579,611.0
Truck85575,632.0
Truck85599,512.0
Truck85604,495.0
Truck85583,605.0
Truck85607,485.0
Truck85600,526.0
Truck85591,573.0
Truck85602,523.0
Truck85598,548.0
Truck85613,478.0
Truck85609,503.0
Truck85560,756.0
Truck85572,711.0
Truck85571,721.0
Truck85595,602.0
Truck85606,555.0
Truck85582,677.0
Truck85603,582.0
Truck85612,546.0
Truck85596,629.0
Truck85622,499.0
Truck85618,526.0
Truck85623,503.0
Truck85605,605.0
Truck85584,716.0
Truck85621,531.0
Truck85647,404.0
Truck85630,491.0
Truck85628,504.0
Truck85648,406.0
Truck85644,427.0
Truck85580,750.0
Truck85614,582.0
Truck85626,525.0
Truck85617,571.0
Truck85608,618.0
Truck85615,585.0
Truck85642,456.0
Truck85629,524.0
Truck85635,496.0
Truck85639,486.0
Truck85636,509.0
Truck85669,352.0
Truck85662,397.0
Truck85624,590.0
Truck85670,361.0
Truck85625,587.0
Truck85643,498.0
Truck85589,771.0
Truck85627,581.0
Truck85640,520.0
Truck85632,582.0
Truck85645,524.0
Truck85641,548.0
Truck85646,534.0
Truck85611,717.0
Truck85661,472.0
Truck85656,498.0
Truck85634,609.0
Truck85633,615.0
Truck85689,337.0
Truck85660,487.0
Truck85638,599.0
Truck85653,525.0
Truck85674,422.0
Truck85684,372.0
Truck85655,521.0
Truck85665,474.0
Truck85676,447.0
Truck85637,644.0
Truck85631,678.0
Truck85663,537.0
Truck85650,603.0
Truck85654,593.0
Truck85668,536.0
Truck85671,538.0
Truck85666,581.0
Truck85696,432.0
Truck85651,660.0
Truck85672,560.0
Truck85658,635.0
Truck85681,523.0
Truck85652,669.0
Truck85667,601.0
Truck85690,493.0
Truck85673,579.0
Truck85682,534.0
Truck85694,475.0
Truck85679,554.0
Truck85704,429.0
Truck85688,521.0
Truck85657,678.0
Truck85675,590.0
Truck85664,647.0
Truck85715,395.0
Truck85649,738.0
Truck85701,480.0
Truck85697,505.0
Truck85677,612.0
Truck85703,482.0
Truck85683,583.0
Truck85659,709.0
Truck85680,604.0
Truck85685,584.0
Truck85686,583.0
Truck85700,527.0
Truck85711,472.0
Truck85707,496.0
Truck85699,545.0
Truck85693,581.0
Truck85698,561.0
Truck85718,468.0
Truck85719,473.0
Truck85678,679.0
Truck85687,634.0
Truck85705,545.0
Truck85691,629.0
Truck85710,544.0
Truck85713,552.0
Truck85714,547.0
Truck85708,584.0
Truck85720,524.0
Truck85739,429.0
Truck85702,618.0
Truck85692,680.0
Truck85706,623.0
Truck85712,594.0
Truck85729,509.0
Truck85722,547.0
Truck85717,580.0
Truck85730,517.0
Truck85695,698.0
Truck85746,446.0
Truck85734,512.0
Truck85732,525.0
Truck85727,553.0
Truck85756,408.0
Truck85726,562.0
Truck85733,533.0
Truck85716,623.0
Truck85741,500.0
Truck85723,591.0
Truck85758,416.0
Truck85728,568.0
Truck85724,591.0
Truck85759,416.0
Truck85747,478.0
Truck85743,502.0
Truck85763,405.0
Truck85755,452.0
Truck85750,481.0
Truck85748,496.0
Truck85757,465.0
Truck85709,710.0
Truck85725,639.0
Truck85768,434.0
Truck85721,683.0
Truck85735,614.0
Truck85744,569.0
Truck85740,590.0
Truck85742,581.0
Truck85774,427.0
Truck85753,541.0
Truck85752,569.0
Truck85766,503.0
Truck85731,679.0
Truck85745,618.0
Truck85767,509.0
Truck85737,663.0
Truck85783,434.0
Truck85764,538.0
Truck85762,563.0
Truck85787,439.0
Truck85736,696.0
Truck85770,535.0
Truck85775,514.0
Truck85751,639.0
Truck85784,481.0
Truck85761,598.0
Truck85789,479.0
Truck85801,421.0
Truck85796,450.0
Truck85795,459.0
Truck85777,554.0
Truck85771,586.0
Truck85738,755.0
Truck85799,452.0
Truck85779,555.0
Truck85781,548.0
Truck85786,529.0
Truck85806,440.0
Truck85814,406.0
Truck85807,454.0
Truck85805,469.0
Truck85794,528.0
Truck85792,540.0
Truck85765,676.0
Truck85760,702.0
Truck85791,551.0
Truck85808,469.0
Truck85749,773.0
Truck85773,658.0
Truck85772,664.0
Truck85769,683.0
Truck85813,469.0
Truck85754,765.0
Truck85788,598.0
Truck85797,554.0
Truck85810,501.0
Truck85826,426.0
Truck85827,421.0
Truck85802,547.0
Truck85780,663.0
Truck85823,457.0
Truck85782,675.0
Truck85822,478.0
Truck85831,434.0
Truck85812,532.0
Truck85800,599.0
Truck85776,721.0
Truck85834,446.0
Truck85844,397.0
Truck85825,496.0
Truck85816,542.0
Truck85840,428.0
Truck85818,543.0
Truck85804,615.0
Truck85848,398.0
Truck85846,410.0
Truck85830,501.0
Truck85819,564.0
Truck85849,414.0
Truck85856,379.0
Truck85798,670.0
Truck85778,773.0
Truck85821,567.0
Truck85817,588.0
Truck85815,601.0
Truck85838,494.0
Truck85803,674.0
Truck85839,495.0
Truck85824,576.0
Truck85833,535.0
Truck85790,751.0
Truck85785,777.0
Truck85863,392.0
Truck85829,563.0
Truck85854,443.0
Truck85858,428.0
Truck85852,462.0
Truck85836,552.0
Truck85841,528.0
Truck85820,634.0
Truck85835,571.0
Truck85847,514.0
Truck85853,492.0
Truck85811,710.0
Truck85851,510.0
Truck85793,801.0
Truck85809,727.0
Truck85870,426.0
Truck85842,568.0
Truck85869,435.0
Truck85874,423.0
Truck85843,583.0
Truck85832,651.0
Truck85864,511.0
Truck85861,527.0
Truck85867,505.0
Truck85855,585.0
Truck85859,568.0
Truck85865,541.0
Truck85886,436.0
Truck85880,470.0
Truck85883,456.0
Truck85888,436.0
Truck85857,618.0
Truck85887,471.0
Truck85900,407.0
Truck85906,396.0
Truck85837,744.0
Truck85875,559.0
Truck85860,635.0
Truck85892,480.0
Truck85828,812.0
Truck85862,644.0
Truck85873,589.0
Truck85872,607.0
Truck85876,589.0
Truck85881,569.0
Truck85914,419.0
Truck85902,481.0
Truck85884,577.0
Truck85918,408.0
Truck85901,495.0
Truck85909,456.0
Truck85850,754.0
Truck85868,675.0
Truck85899,528.0
Truck85866,694.0
Truck85905,501.0
Truck85894,571.0
Truck85882,636.0
Truck85911,497.0
Truck85878,664.0
Truck85879,663.0
Truck85907,526.0
Truck85891,617.0
Truck85871,721.0
Truck85893,613.0
Truck85930,430.0
Truck85890,635.0
Truck85897,601.0
Truck85923,473.0
Truck85889,647.0
Truck85924,472.0
Truck85912,534.0
Truck85845,881.0
Truck85916,530.0
Truck85933,451.0
Truck85925,493.0
Truck85934,449.0
Truck85931,470.0
Truck85942,417.0
Truck85885,710.0
Truck85896,655.0
Truck85917,551.0
Truck85904,620.0
Truck85895,670.0
Truck85920,545.0
Truck85927,510.0
Truck85913,586.0
Truck85945,430.0
Truck85898,666.0
Truck85877,775.0
Truck85939,486.0
Truck85908,650.0
Truck85944,477.0
Truck85952,440.0
Truck85928,563.0
Truck85938,514.0
Truck85935,538.0
Truck85929,569.0
Truck85922,605.0
Truck85919,622.0
Truck85903,709.0
Truck85950,475.0
Truck85921,625.0
Truck85926,600.0
Truck85955,455.0
Truck85949,495.0
Truck85967,405.0
Truck85937,557.0
Truck85964,440.0
Truck85958,471.0
Truck85957,480.0
Truck85940,569.0
Truck85915,701.0
Truck85977,394.0
Truck85943,570.0
Truck85946,566.0
Truck85965,471.0
Truck85941,594.0
Truck85982,395.0
Truck85936,626.0
Truck85953,543.0
Truck85947,577.0
Truck85956,545.0
Truck85988,389.0
Truck85961,526.0
Truck85951,580.0
Truck85963,525.0
Truck85910,801.0
Truck85948,613.0
Truck85959,567.0
Truck85966,545.0
Truck85971,530.0
Truck85973,537.0
Truck85993,439.0
Truck85960,608.0
Truck85970,561.0
Truck85954,642.0
Truck85972,556.0
Truck85932,759.0
Truck85962,626.0
Truck85974,566.0
Truck86004,429.0
Truck85983,555.0
Truck85980,573.0
Truck85976,595.0
Truck85984,556.0
Truck85981,577.0
Truck85969,639.0
Truck85978,605.0
Truck85994,537.0
Truck85979,615.0
Truck85989,569.0
Truck85985,592.0
Truck85995,546.0
Truck85997,539.0
Truck86000,534.0
Truck85986,623.0
Truck86026,423.0
Truck85992,594.0
Truck86010,507.0
Truck86001,556.0
Truck86035,386.0
Truck86005,543.0
Truck85990,623.0
Truck85968,737.0
Truck86019,486.0
Truck86007,549.0
Truck86037,401.0
Truck85987,652.0
Truck86022,477.0
Truck86028,459.0
Truck86002,590.0
Truck86029,457.0
Truck86012,547.0
Truck85999,614.0
Truck85998,629.0
Truck86023,512.0
Truck86025,504.0
Truck85991,686.0
Truck86018,551.0
Truck86014,574.0
Truck85975,770.0
Truck86011,591.0
Truck86006,623.0
Truck86013,596.0
Truck86044,454.0
Truck86009,639.0
Truck86030,549.0
Truck86016,623.0
Truck86021,598.0
Truck85996,731.0
Truck86040,515.0
Truck86008,677.0
Truck86049,476.0
Truck86051,468.0
Truck86017,640.0
Truck86066,400.0
Truck86041,538.0
Truck86071,397.0
Truck86003,739.0
Truck86039,564.0
Truck86055,484.0
Truck86015,686.0
Truck86045,547.0
Truck86038,583.0
Truck86052,514.0
Truck86034,615.0
Truck86020,688.0
Truck86027,653.0
Truck86031,634.0
Truck86033,629.0
Truck86024,679.0
Truck86048,559.0
Truck86067,465.0
Truck86056,531.0
Truck86062,502.0
Truck86036,634.0
Truck86043,602.0
Truck86061,517.0
Truck86032,665.0
Truck86053,570.0
Truck86070,486.0
Truck86059,560.0
Truck86046,628.0
Truck86054,590.0
Truck86058,580.0
Truck86077,485.0
Truck86082,473.0
Truck86094,416.0
Truck86079,500.0
Truck86042,690.0
Truck86057,615.0
Truck86100,402.0
Truck86091,448.0
Truck86073,545.0
Truck86084,490.0
Truck86075,539.0
Truck86078,528.0
Truck86072,564.0
Truck86080,534.0
Truck86069,592.0
Truck86096,465.0
Truck86065,622.0
Truck86087,512.0
Truck86074,578.0
Truck86102,438.0
Truck86093,484.0
Truck86064,635.0
Truck86047,726.0
Truck86060,687.0
Truck86081,586.0
Truck86098,501.0
Truck86104,477.0
Truck86089,554.0
Truck86126,369.0
Truck86114,436.0
Truck86063,692.0
Truck86111,453.0
Truck86083,605.0
Truck86099,529.0
Truck86085,603.0
Truck86109,496.0
Truck86088,612.0
Truck86110,504.0
Truck86118,469.0
Truck86076,690.0
Truck86092,622.0
Truck86095,607.0
Truck86105,560.0
Truck86068,746.0
Truck86117,505.0
Truck86132,433.0
Truck86086,664.0
Truck86122,489.0
Truck86121,499.0
Truck86130,483.0
Truck86097,655.0
Truck86112,583.0
Truck86050,896.0
Truck86103,631.0
Truck86139,454.0
Truck86113,586.0
Truck86106,627.0
Truck86137,474.0
Truck86119,565.0
Truck86101,667.0
Truck86143,461.0
Truck86153,419.0
Truck86115,617.0
Truck86116,615.0
Truck86149,456.0
Truck86151,447.0
Truck86108,671.0
Truck86134,544.0
Truck86129,571.0
Truck86142,506.0
Truck86136,544.0
Truck86157,440.0
Truck86124,617.0
Truck86090,800.0
Truck86181,348.0
Truck86147,524.0
Truck86155,486.0
Truck86146,537.0
Truck86125,644.0
Truck86123,658.0
Truck86107,741.0
Truck86144,556.0
Truck86128,648.0
Truck86140,593.0
Truck86135,628.0
Truck86176,429.0
Truck86145,593.0
Truck86141,615.0
Truck86131,668.0
Truck86127,689.0
Truck86163,515.0
Truck86170,480.0
Truck86138,642.0
Truck86164,514.0
Truck86152,576.0
Truck86169,497.0
Truck86156,565.0
Truck86172,489.0
Truck86165,529.0
Truck86120,757.0
Truck86167,533.0
Truck86194,403.0
Truck86186,458.0
Truck86148,657.0
Truck86178,507.0
Truck86185,475.0
Truck86159,619.0
Truck86199,428.0
Truck86175,549.0
Truck86209,386.0
Truck86168,597.0
Truck86177,554.0
Truck86196,459.0
Truck86171,601.0
Truck86154,687.0
Truck86173,596.0
Truck86160,665.0
Truck86197,480.0
Truck86207,432.0
Truck86133,803.0
Truck86150,723.0
Truck86158,695.0
Truck86184,565.0
Truck86193,527.0
Truck86216,417.0
Truck86162,694.0
Truck86192,555.0
Truck86212,456.0
Truck86204,505.0
Truck86189,581.0
Truck86195,551.0
Truck86206,502.0
Truck86180,639.0
Truck86191,591.0
Truck86205,530.0
Truck86188,621.0
Truck86226,432.0
Truck86183,648.0
Truck86190,618.0
Truck86214,501.0
Truck86229,429.0
Truck86166,746.0
Truck86201,572.0
Truck86210,530.0
Truck86187,649.0
Truck86202,584.0
Truck86200,598.0
Truck86243,384.0
Truck86161,795.0
Truck86182,690.0
Truck86228,464.0
Truck86203,592.0
Truck86232,447.0
Truck86224,491.0
Truck86227,487.0
Truck86230,476.0
Truck86213,565.0
Truck86235,458.0
Truck86174,769.0
Truck86219,547.0
Truck86179,748.0
Truck86218,554.0
Truck86222,537.0
Truck86217,573.0
Truck86248,418.0
Truck86231,518.0
Truck86198,687.0
Truck86236,503.0
Truck86215,616.0
Truck86242,490.0
Truck86211,647.0
Truck86247,475.0
Truck86237,532.0
Truck86240,518.0
Truck86246,495.0
Truck86220,628.0
Truck86233,564.0
Truck86250,487.0
Truck86239,545.0
Truck86238,551.0
Truck86244,527.0
Truck86274,391.0
Truck86221,658.0
Truck86234,603.0
Truck86249,545.0
Truck86208,752.0
Truck86225,683.0
Truck86241,608.0
Truck86263,502.0
Truck86252,565.0
Truck86294,380.0
Truck86286,423.0
Truck86283,440.0
Truck86245,638.0
Truck86262,555.0
Truck86304,349.0
Truck86253,606.0
Truck86270,522.0
Truck86298,384.0
Truck86223,766.0
Truck86260,581.0
Truck86254,618.0
Truck86269,549.0
Truck86287,464.0
Truck86295,425.0
Truck86271,546.0
Truck86284,488.0
Truck86267,577.0
Truck86256,636.0
Truck86268,587.0
Truck86303,412.0
Truck86276,553.0
Truck86272,577.0
Truck86258,650.0
Truck86257,656.0
Truck86251,691.0
Truck86255,682.0
Truck86309,429.0
Truck86279,580.0
Truck86301,470.0
Truck86277,593.0
Truck86259,688.0
Truck86291,528.0
Truck86285,562.0
Truck86261,689.0
average,549.9195730607336
