ID,travel_time
Truck14400,291
Truck14401,291
Truck14402,291
Truck14403,291
Truck14404,291
Truck14405,291
Truck14406,291
Truck14407,291
Truck14408,291
Truck14409,291
Truck14410,291
Truck14411,291
Truck14412,291
Truck14413,291
Truck14414,291
Truck14415,291
Truck14416,291
Truck14417,291
Truck14418,291
Truck14419,291
Truck14420,291
Truck14421,291
Truck14422,291
Truck14423,291
Truck14424,291
Truck14425,291
Truck14426,291
Truck14427,291
Truck14428,291
Truck14429,291
Truck14430,291
Truck14431,291
Truck14432,291
Truck14433,291
Truck14434,291
Truck14435,291
Truck14436,291
Truck14437,291
Truck14438,291
Truck14439,291
Truck14440,291
Truck14441,291
Truck14442,291
Truck14443,291
Truck14444,291
Truck14445,291
Truck14446,291
Truck14447,291
Truck14448,291
Truck14449,291
Truck14450,291
Truck14451,291
Truck14452,291
Truck14453,291
Truck14454,291
Truck14455,291
Truck14456,291
Truck14457,291
Truck14458,291
Truck14459,291
Truck14460,291
Truck14461,291
Truck14462,291
Truck14463,291
Truck14464,291
Truck14465,291
Truck14466,291
Truck14467,291
Truck14468,291
Truck14469,291
Truck14470,291
Truck14471,291
Truck14472,291
Truck14473,291
Truck14474,291
Truck14475,291
Truck14476,291
Truck14477,291
Truck14478,291
Truck14479,291
Truck14480,291
Truck14481,291
Truck14482,291
Truck14483,291
Truck14484,291
Truck14485,291
Truck14486,291
Truck14487,291
Truck14488,291
Truck14489,291
Truck14490,291
Truck14491,291
Truck14492,291
Truck14493,291
Truck14494,291
Truck14495,291
Truck14496,291
Truck14497,291
Truck14498,291
Truck14499,291
Truck14500,291
Truck14501,291
Truck14502,291
Truck14503,291
Truck14504,291
Truck14505,291
Truck14506,291
Truck14507,291
Truck14508,291
Truck14509,291
Truck14510,291
Truck14511,291
Truck14512,291
Truck14513,291
Truck14514,291
Truck14515,291
Truck14516,291
Truck14517,291
Truck14518,291
Truck14519,291
Truck14520,291
Truck14521,291
Truck14522,291
Truck14523,291
Truck14524,291
Truck14525,291
Truck14526,291
Truck14527,291
Truck14528,291
Truck14529,291
Truck14530,291
Truck14531,291
Truck14532,291
Truck14533,291
Truck14534,291
Truck14535,291
Truck14536,291
Truck14537,291
Truck14538,291
Truck14539,291
Truck14540,291
Truck14541,291
Truck14542,291
Truck14543,291
Truck14544,291
Truck14545,291
Truck14546,291
Truck14547,291
Truck14548,291
Truck14549,291
Truck14550,291
Truck14551,291
Truck14552,291
Truck14553,291
Truck14554,291
Truck14555,291
Truck14556,291
Truck14557,291
Truck14558,291
Truck14559,291
Truck14560,291
Truck14561,291
Truck14562,291
Truck14563,291
Truck14564,291
Truck14565,291
Truck14566,291
Truck14567,291
Truck14568,291
Truck14569,291
Truck14570,291
Truck14571,291
Truck14572,291
Truck14573,291
Truck14574,291
Truck14575,291
Truck14576,291
Truck14577,291
Truck14578,291
Truck14579,291
Truck14580,291
Truck14581,291
Truck14582,291
Truck14583,291
Truck14584,291
Truck14585,291
Truck14586,291
Truck14587,291
Truck14588,291
Truck14589,291
Truck14590,291
Truck14591,291
Truck14592,291
Truck14593,291
Truck14594,291
Truck14595,291
Truck14596,291
Truck14597,291
Truck14598,291
Truck14599,291
Truck14600,291
Truck14601,291
Truck14602,291
Truck14603,291
Truck14604,291
Truck14605,291
Truck14606,291
Truck14607,291
Truck14608,291
Truck14609,291
Truck14610,291
Truck14611,291
Truck14612,291
Truck14613,291
Truck14614,291
Truck14615,291
Truck14616,291
Truck14617,291
Truck14618,291
Truck14619,291
Truck14620,291
Truck14621,291
Truck14622,291
Truck14623,291
Truck14624,291
Truck14625,291
Truck14626,291
Truck14627,291
Truck14628,291
Truck14629,291
Truck14630,291
Truck14631,291
Truck14632,291
Truck14633,291
Truck14634,291
Truck14635,291
Truck14636,291
Truck14637,291
Truck14638,291
Truck14639,291
Truck14640,291
Truck14641,291
Truck14642,291
Truck14643,291
Truck14644,291
Truck14645,291
Truck14646,291
Truck14647,291
Truck14648,291
Truck14649,291
Truck14650,291
Truck14651,291
Truck14652,291
Truck14653,291
Truck14654,291
Truck14655,291
Truck14656,291
Truck14657,291
Truck14658,291
Truck14659,291
Truck14660,291
Truck14661,291
Truck14662,291
Truck14663,291
Truck14664,291
Truck14665,291
Truck14666,291
Truck14667,291
Truck14668,291
Truck14669,291
Truck14670,291
Truck14671,291
Truck14672,291
Truck14673,291
Truck14674,291
Truck14675,291
Truck14676,291
Truck14677,291
Truck14678,291
Truck14679,291
Truck14680,291
Truck14681,291
Truck14682,291
Truck14683,291
Truck14684,291
Truck14685,291
Truck14686,291
Truck14687,291
Truck14688,291
Truck14689,291
Truck14690,291
Truck14691,291
Truck14692,291
Truck14693,291
Truck14694,291
Truck14695,291
Truck14696,291
Truck14697,291
Truck14698,291
Truck14699,291
Truck14700,291
Truck14701,291
Truck14702,291
Truck14703,291
Truck14704,291
Truck14705,291
Truck14706,291
Truck14707,291
Truck14708,291
Truck14709,291
Truck14710,291
Truck14711,291
Truck14712,291
Truck14713,291
Truck14714,291
Truck14715,291
Truck14716,291
Truck14717,291
Truck14718,291
Truck14719,291
Truck14720,291
Truck14721,291
Truck14722,291
Truck14723,291
Truck14724,291
Truck14725,291
Truck14726,291
Truck14727,291
Truck14728,291
Truck14729,291
Truck14730,291
Truck14731,291
Truck14732,291
Truck14733,291
Truck14734,291
Truck14735,291
Truck14736,291
Truck14737,291
Truck14738,291
Truck14739,291
Truck14740,291
Truck14741,291
Truck14742,291
Truck14743,291
Truck14744,291
Truck14745,291
Truck14746,291
Truck14747,291
Truck14748,291
Truck14749,291
Truck14750,291
Truck14751,291
Truck14752,291
Truck14753,291
Truck14754,291
Truck14755,291
Truck14756,291
Truck14757,291
Truck14758,291
Truck14759,291
Truck14760,291
Truck14761,291
Truck14762,291
Truck14763,291
Truck14764,291
Truck14765,291
Truck14766,291
Truck14767,291
Truck14768,291
Truck14769,291
Truck14770,291
Truck14771,291
Truck14772,291
Truck14773,291
Truck14774,291
Truck14775,291
Truck14776,291
Truck14777,291
Truck14778,291
Truck14779,291
Truck14780,291
Truck14781,291
Truck14782,291
Truck14783,291
Truck14784,291
Truck14785,291
Truck14786,291
Truck14787,291
Truck14788,291
Truck14789,291
Truck14790,291
Truck14791,291
Truck14792,291
Truck14793,291
Truck14794,291
Truck14795,291
Truck14796,291
Truck14797,291
Truck14798,291
Truck14799,291
Truck14800,291
Truck14801,291
Truck14802,291
Truck14803,291
Truck14804,291
Truck14805,291
Truck14806,291
Truck14807,291
Truck14808,291
Truck14809,291
Truck14810,291
Truck14811,291
Truck14812,291
Truck14813,291
Truck14814,291
Truck14815,291
Truck14816,291
Truck14817,291
Truck14818,291
Truck14819,291
Truck14820,291
Truck14821,291
Truck14822,291
Truck14823,291
Truck14824,291
Truck14825,291
Truck14826,291
Truck14827,291
Truck14828,291
Truck14829,291
Truck14830,291
Truck14831,291
Truck14832,291
Truck14833,291
Truck14834,291
Truck14835,291
Truck14836,291
Truck14837,291
Truck14838,291
Truck14839,291
Truck14840,291
Truck14841,291
Truck14842,291
Truck14843,291
Truck14844,291
Truck14845,291
Truck14846,291
Truck14847,291
Truck14848,291
Truck14849,291
Truck14850,291
Truck14851,291
Truck14852,291
Truck14853,291
Truck14854,291
Truck14855,291
Truck14856,291
Truck14857,291
Truck14858,291
Truck14859,291
Truck14860,291
Truck14861,291
Truck14862,291
Truck14863,291
Truck14864,291
Truck14865,291
Truck14866,291
Truck14867,291
Truck14868,291
Truck14869,291
Truck14870,291
Truck14871,291
Truck14872,291
Truck14873,291
Truck14874,291
Truck14875,291
Truck14876,291
Truck14877,291
Truck14878,291
Truck14879,291
Truck14880,291
Truck14881,291
Truck14882,291
Truck14883,291
Truck14884,291
Truck14885,291
Truck14886,291
Truck14887,291
Truck14888,291
Truck14889,291
Truck14890,291
Truck14891,291
Truck14892,291
Truck14893,291
Truck14894,291
Truck14895,291
Truck14896,291
Truck14897,291
Truck14898,291
Truck14899,291
Truck14900,291
Truck14901,291
Truck14902,291
Truck14903,291
Truck14904,291
Truck14905,291
Truck14906,291
Truck14907,291
Truck14908,291
Truck14909,291
Truck14910,291
Truck14911,291
Truck14912,291
Truck14913,291
Truck14914,291
Truck14915,291
Truck14916,291
Truck14917,291
Truck14918,291
Truck14919,291
Truck14920,291
Truck14921,291
Truck14922,291
Truck14923,291
Truck14924,291
Truck14925,291
Truck14926,291
Truck14927,291
Truck14928,291
Truck14929,291
Truck14930,291
Truck14931,291
Truck14932,291
Truck14933,291
Truck14934,291
Truck14935,291
Truck14936,291
Truck14937,291
Truck14938,291
Truck14939,291
Truck14940,291
Truck14941,291
Truck14942,291
Truck14943,291
Truck14944,291
Truck14945,291
Truck14946,291
Truck14947,291
Truck14948,291
Truck14949,291
Truck14950,291
Truck14951,291
Truck14952,291
Truck14953,291
Truck14954,291
Truck14955,291
Truck14956,291
Truck14957,291
Truck14958,291
Truck14959,291
Truck14960,291
Truck14961,291
Truck14962,291
Truck14963,291
Truck14964,291
Truck14965,291
Truck14966,291
Truck14967,291
Truck14968,291
Truck14969,291
Truck14970,291
Truck14971,291
Truck14972,291
Truck14973,291
Truck14974,291
Truck14975,291
Truck14976,291
Truck14977,291
Truck14978,291
Truck14979,291
Truck14980,291
Truck14981,291
Truck14982,291
Truck14983,291
Truck14984,291
Truck14985,291
Truck14986,291
Truck14987,291
Truck14988,291
Truck14989,291
Truck14990,291
Truck14991,291
Truck14992,291
Truck14993,291
Truck14994,291
Truck14995,291
Truck14996,291
Truck14997,291
Truck14998,291
Truck14999,291
Truck15000,291
Truck15001,291
Truck15002,291
Truck15003,291
Truck15004,291
Truck15005,291
Truck15006,291
Truck15007,291
Truck15008,291
Truck15009,291
Truck15010,291
Truck15011,291
Truck15012,291
Truck15013,291
Truck15014,291
Truck15015,291
Truck15016,291
Truck15017,291
Truck15018,291
Truck15019,291
Truck15020,291
Truck15021,291
Truck15022,291
Truck15023,291
Truck15024,291
Truck15025,291
Truck15026,291
Truck15027,291
Truck15028,291
Truck15029,291
Truck15030,291
Truck15031,291
Truck15032,291
Truck15033,291
Truck15034,291
Truck15035,291
Truck15036,291
Truck15037,291
Truck15038,291
Truck15039,291
Truck15040,291
Truck15041,291
Truck15042,291
Truck15043,291
Truck15044,291
Truck15045,291
Truck15046,291
Truck15047,291
Truck15048,291
Truck15049,291
Truck15050,291
Truck15051,291
Truck15052,291
Truck15053,291
Truck15054,291
Truck15055,291
Truck15056,291
Truck15057,291
Truck15058,291
Truck15059,291
Truck15060,291
Truck15061,291
Truck15062,291
Truck15063,291
Truck15064,291
Truck15065,291
Truck15066,291
Truck15067,291
Truck15068,291
Truck15069,291
Truck15070,291
Truck15071,291
Truck15072,291
Truck15073,291
Truck15074,291
Truck15075,291
Truck15076,291
Truck15077,291
Truck15078,291
Truck15079,291
Truck15080,291
Truck15081,291
Truck15082,291
Truck15083,291
Truck15084,291
Truck15085,291
Truck15086,291
Truck15087,291
Truck15088,291
Truck15089,291
Truck15090,291
Truck15091,291
Truck15092,291
Truck15093,291
Truck15094,291
Truck15095,291
Truck15096,291
Truck15097,291
Truck15098,291
Truck15099,291
Truck15100,291
Truck15101,291
Truck15102,291
Truck15103,291
Truck15104,291
Truck15105,291
Truck15106,291
Truck15107,291
Truck15108,291
Truck15109,291
Truck15110,291
Truck15111,291
Truck15112,291
Truck15113,291
Truck15114,291
Truck15115,291
Truck15116,291
Truck15117,291
Truck15118,291
Truck15119,291
Truck15120,291
Truck15121,291
Truck15122,291
Truck15123,291
Truck15124,291
Truck15125,291
Truck15126,291
Truck15127,291
Truck15128,291
Truck15129,291
Truck15130,291
Truck15131,291
Truck15132,291
Truck15133,291
Truck15134,291
Truck15135,291
Truck15136,291
Truck15137,291
Truck15138,291
Truck15139,291
Truck15140,291
Truck15141,291
Truck15142,291
Truck15143,291
Truck15144,291
Truck15145,291
Truck15146,291
Truck15147,291
Truck15148,291
Truck15149,291
Truck15150,291
Truck15151,291
Truck15152,291
Truck15153,291
Truck15154,291
Truck15155,291
Truck15156,291
Truck15157,291
Truck15158,291
Truck15159,291
Truck15160,291
Truck15161,291
Truck15162,291
Truck15163,291
Truck15164,291
Truck15165,291
Truck15166,291
Truck15167,291
Truck15168,291
Truck15169,291
Truck15170,291
Truck15171,291
Truck15172,291
Truck15173,291
Truck15174,291
Truck15175,291
Truck15176,291
Truck15177,291
Truck15178,291
Truck15179,291
Truck15180,291
Truck15181,291
Truck15182,291
Truck15183,291
Truck15184,291
Truck15185,291
Truck15186,291
Truck15187,291
Truck15188,291
Truck15189,291
Truck15190,291
Truck15191,291
Truck15192,291
Truck15193,291
Truck15194,291
Truck15195,291
Truck15196,291
Truck15197,291
Truck15198,291
Truck15199,291
Truck15200,291
Truck15201,291
Truck15202,291
Truck15203,291
Truck15204,291
Truck15205,291
Truck15206,291
Truck15207,291
Truck15208,291
Truck15209,291
Truck15210,291
Truck15211,291
Truck15212,291
Truck15213,291
Truck15214,291
Truck15215,291
Truck15216,291
Truck15217,291
Truck15218,291
Truck15219,291
Truck15220,291
Truck15221,291
Truck15222,291
Truck15223,291
Truck15224,291
Truck15225,291
Truck15226,291
Truck15227,291
Truck15228,291
Truck15229,291
Truck15230,291
Truck15231,291
Truck15232,291
Truck15233,291
Truck15234,291
Truck15235,291
Truck15236,291
Truck15237,291
Truck15238,291
Truck15239,291
Truck15240,291
Truck15241,291
Truck15242,291
Truck15243,291
Truck15244,291
Truck15245,291
Truck15246,291
Truck15247,291
Truck15248,291
Truck15249,291
Truck15250,291
Truck15251,291
Truck15252,291
Truck15253,291
Truck15254,291
Truck15255,291
Truck15256,291
Truck15257,291
Truck15258,291
Truck15259,291
Truck15260,291
Truck15261,291
Truck15262,291
Truck15263,291
Truck15264,291
Truck15265,291
Truck15266,291
Truck15267,291
Truck15268,291
Truck15269,291
Truck15270,291
Truck15271,291
Truck15272,291
Truck15273,291
Truck15274,291
Truck15275,291
Truck15276,291
Truck15277,291
Truck15278,291
Truck15279,291
Truck15280,291
Truck15281,291
Truck15282,291
Truck15283,291
Truck15284,291
Truck15285,291
Truck15286,291
Truck15287,291
Truck15288,291
Truck15289,291
Truck15290,291
Truck15291,291
Truck15292,291
Truck15293,291
Truck15294,291
Truck15295,291
Truck15296,291
Truck15297,291
Truck15298,291
Truck15299,291
Truck15300,291
Truck15301,291
Truck15302,291
Truck15303,291
Truck15304,291
Truck15305,291
Truck15306,291
Truck15307,291
Truck15308,291
Truck15309,291
Truck15310,291
Truck15311,291
Truck15312,291
Truck15313,291
Truck15314,291
Truck15315,291
Truck15316,291
Truck15317,291
Truck15318,291
Truck15319,291
Truck15320,291
Truck15321,291
Truck15322,291
Truck15323,291
Truck15324,291
Truck15325,291
Truck15326,291
Truck15327,291
Truck15328,291
Truck15329,291
Truck15330,291
Truck15331,291
Truck15332,291
Truck15333,291
Truck15334,291
Truck15335,291
Truck15336,291
Truck15337,291
Truck15338,291
Truck15339,291
Truck15340,291
Truck15341,291
Truck15342,291
Truck15343,291
Truck15344,291
Truck15345,291
Truck15346,291
Truck15347,291
Truck15348,291
Truck15349,291
Truck15350,291
Truck15351,291
Truck15352,291
Truck15353,291
Truck15354,291
Truck15355,291
Truck15356,291
Truck15357,291
Truck15358,291
Truck15359,291
Truck15360,291
Truck15361,291
Truck15362,291
Truck15363,291
Truck15364,291
Truck15365,291
Truck15366,291
Truck15367,291
Truck15368,291
Truck15369,291
Truck15370,291
Truck15371,291
Truck15372,291
Truck15373,291
Truck15374,291
Truck15375,291
Truck15376,291
Truck15377,291
Truck15378,291
Truck15379,291
Truck15380,291
Truck15381,291
Truck15382,291
Truck15383,291
Truck15384,291
Truck15385,291
Truck15386,291
Truck15387,291
Truck15388,291
Truck15389,291
Truck15390,291
Truck15391,291
Truck15392,291
Truck15393,291
Truck15394,291
Truck15395,291
Truck15396,291
Truck15397,291
Truck15398,291
Truck15399,291
Truck15400,291
Truck15401,291
Truck15402,291
Truck15403,291
Truck15404,291
Truck15405,291
Truck15406,291
Truck15407,291
Truck15408,291
Truck15409,291
Truck15410,291
Truck15411,291
Truck15412,291
Truck15413,291
Truck15414,291
Truck15415,291
Truck15416,291
Truck15417,291
Truck15418,291
Truck15419,291
Truck15420,291
Truck15421,291
Truck15422,291
Truck15423,291
Truck15424,291
Truck15425,291
Truck15426,291
Truck15427,291
Truck15428,291
Truck15429,291
Truck15430,291
Truck15431,291
Truck15432,291
Truck15433,291
Truck15434,291
Truck15435,291
Truck15436,291
Truck15437,291
Truck15438,291
Truck15439,291
Truck15440,291
Truck15441,291
Truck15442,291
Truck15443,291
Truck15444,291
Truck15445,291
Truck15446,291
Truck15447,291
Truck15448,291
Truck15449,291
Truck15450,291
Truck15451,291
Truck15452,291
Truck15453,291
Truck15454,291
Truck15455,291
Truck15456,291
Truck15457,291
Truck15458,291
Truck15459,291
Truck15460,291
Truck15461,291
Truck15462,291
Truck15463,291
Truck15464,291
Truck15465,291
Truck15466,291
Truck15467,291
Truck15468,291
Truck15469,291
Truck15470,291
Truck15471,291
Truck15472,291
Truck15473,291
Truck15474,291
Truck15475,291
Truck15476,291
Truck15477,291
Truck15478,291
Truck15479,291
Truck15480,291
Truck15481,291
Truck15482,291
Truck15483,291
Truck15484,291
Truck15485,291
Truck15486,291
Truck15487,291
Truck15488,291
Truck15489,291
Truck15490,291
Truck15491,291
Truck15492,291
Truck15493,291
Truck15494,291
Truck15495,291
Truck15496,291
Truck15497,291
Truck15498,291
Truck15499,291
Truck15500,291
Truck15501,291
Truck15502,291
Truck15503,291
Truck15504,291
Truck15505,291
Truck15506,291
Truck15507,291
Truck15508,291
Truck15509,291
Truck15510,291
Truck15511,291
Truck15512,291
Truck15513,291
Truck15514,291
Truck15515,291
Truck15516,291
Truck15517,291
Truck15518,291
Truck15519,291
Truck15520,291
Truck15521,291
Truck15522,291
Truck15523,291
Truck15524,291
Truck15525,291
Truck15526,291
Truck15527,291
Truck15528,291
Truck15529,291
Truck15530,291
Truck15531,291
Truck15532,291
Truck15533,291
Truck15534,291
Truck15535,291
Truck15536,291
Truck15537,291
Truck15538,291
Truck15539,291
Truck15540,291
Truck15541,291
Truck15542,291
Truck15543,291
Truck15544,291
Truck15545,291
Truck15546,291
Truck15547,291
Truck15548,291
Truck15549,291
Truck15550,291
Truck15551,291
Truck15552,291
Truck15553,291
Truck15554,291
Truck15555,291
Truck15556,291
Truck15557,291
Truck15558,291
Truck15559,291
Truck15560,291
Truck15561,291
Truck15562,291
Truck15563,291
Truck15564,291
Truck15565,291
Truck15566,291
Truck15567,291
Truck15568,291
Truck15569,291
Truck15570,291
Truck15571,291
Truck15572,291
Truck15573,291
Truck15574,291
Truck15575,291
Truck15576,291
Truck15577,291
Truck15578,291
Truck15579,291
Truck15580,291
Truck15581,291
Truck15582,291
Truck15583,291
Truck15584,291
Truck15585,291
Truck15586,291
Truck15587,291
Truck15588,291
Truck15589,291
Truck15590,291
Truck15591,291
Truck15592,291
Truck15593,291
Truck15594,291
Truck15595,291
Truck15596,291
Truck15597,291
Truck15598,291
Truck15599,291
Truck15600,291
Truck15601,291
Truck15602,291
Truck15603,291
Truck15604,291
Truck15605,291
Truck15606,291
Truck15607,291
Truck15608,291
Truck15609,291
Truck15610,291
Truck15611,291
Truck15612,291
Truck15613,291
Truck15614,291
Truck15615,291
Truck15616,291
Truck15617,291
Truck15618,291
Truck15619,291
Truck15620,291
Truck15621,291
Truck15622,291
Truck15623,291
Truck15624,291
Truck15625,291
Truck15626,291
Truck15627,291
Truck15628,291
Truck15629,291
Truck15630,291
Truck15631,291
Truck15632,291
Truck15633,291
Truck15634,291
Truck15635,291
Truck15636,291
Truck15637,291
Truck15638,291
Truck15639,291
Truck15640,291
Truck15641,291
Truck15642,291
Truck15643,291
Truck15644,291
Truck15645,291
Truck15646,291
Truck15647,291
Truck15648,291
Truck15649,291
Truck15650,291
Truck15651,291
Truck15652,291
Truck15653,291
Truck15654,291
Truck15655,291
Truck15656,291
Truck15657,291
Truck15658,291
Truck15659,291
Truck15660,291
Truck15661,291
Truck15662,291
Truck15663,291
Truck15664,291
Truck15665,291
Truck15666,291
Truck15667,291
Truck15668,291
Truck15669,291
Truck15670,291
Truck15671,291
Truck15672,291
Truck15673,291
Truck15674,291
Truck15675,291
Truck15676,291
Truck15677,291
Truck15678,291
Truck15679,291
Truck15680,291
Truck15681,291
Truck15682,291
Truck15683,291
Truck15684,291
Truck15685,291
Truck15686,291
Truck15687,291
Truck15688,291
Truck15689,291
Truck15690,291
Truck15691,291
Truck15692,291
Truck15693,291
Truck15694,291
Truck15695,291
Truck15696,291
Truck15697,291
Truck15698,291
Truck15699,291
Truck15700,291
Truck15701,291
Truck15702,291
Truck15703,291
Truck15704,291
Truck15705,291
Truck15706,291
Truck15707,291
Truck15708,291
Truck15709,291
Truck15710,291
Truck15711,291
Truck15712,291
Truck15713,291
Truck15714,291
Truck15715,291
Truck15716,291
Truck15717,291
Truck15718,291
Truck15719,291
Truck15720,291
Truck15721,291
Truck15722,291
Truck15723,291
Truck15724,291
Truck15725,291
Truck15726,291
Truck15727,291
Truck15728,291
Truck15729,291
Truck15730,291
Truck15731,291
Truck15732,291
Truck15733,291
Truck15734,291
Truck15735,291
Truck15736,291
Truck15737,291
Truck15738,291
Truck15739,291
Truck15740,291
Truck15741,291
Truck15742,291
Truck15743,291
Truck15744,291
Truck15745,291
Truck15746,291
Truck15747,291
Truck15748,291
Truck15749,291
Truck15750,291
Truck15751,291
Truck15752,291
Truck15753,291
Truck15754,291
Truck15755,291
Truck15756,291
Truck15757,291
Truck15758,291
Truck15759,291
Truck15760,291
Truck15761,291
Truck15762,291
Truck15763,291
Truck15764,291
Truck15765,291
Truck15766,291
Truck15767,291
Truck15768,291
Truck15769,291
Truck15770,291
Truck15771,291
Truck15772,291
Truck15773,291
Truck15774,291
Truck15775,291
Truck15776,291
Truck15777,291
Truck15778,291
Truck15779,291
Truck15780,291
Truck15781,291
Truck15840,291
Truck15841,291
Truck15842,291
Truck15843,291
Truck15844,291
Truck15845,291
Truck15846,291
Truck15847,291
Truck15848,291
Truck15849,291
Truck15850,291
Truck15851,291
Truck15852,291
Truck15853,291
Truck15854,291
Truck15855,291
Truck15856,291
Truck15857,291
Truck15858,291
Truck15859,291
Truck15860,291
Truck15861,291
Truck15862,291
Truck15863,291
Truck15864,291
Truck15865,291
Truck15866,291
Truck15867,291
Truck15868,291
Truck15869,291
Truck15870,291
Truck15871,291
Truck15872,291
Truck15873,291
Truck15874,291
Truck15875,291
Truck15876,291
Truck15877,291
Truck15878,291
Truck15879,291
Truck15880,291
Truck15881,291
Truck15882,291
Truck15883,291
Truck15884,291
Truck15885,291
Truck15886,291
Truck15887,291
Truck15888,291
Truck15889,291
Truck15890,291
Truck15891,291
Truck15892,291
Truck15893,291
Truck15894,291
Truck15895,291
Truck15896,291
Truck15897,291
Truck15898,291
Truck15899,291
Truck15900,291
Truck15901,291
Truck15902,291
Truck15903,291
Truck15904,291
Truck15905,291
Truck15906,291
Truck15907,291
Truck15908,291
Truck15909,291
Truck15910,291
Truck15911,291
Truck15912,291
Truck15913,291
Truck15914,291
Truck15915,291
Truck15916,291
Truck15917,291
Truck15918,291
Truck15919,291
Truck15920,291
Truck15921,291
Truck15922,291
Truck15923,291
Truck15924,291
Truck15925,291
Truck15926,291
Truck15927,291
Truck15928,291
Truck15929,291
Truck15930,291
Truck15931,291
Truck15932,291
Truck15933,291
Truck15934,291
Truck15935,291
Truck15936,291
Truck15937,291
Truck15938,291
Truck15939,291
Truck15940,291
Truck15941,291
Truck15942,291
Truck15943,291
Truck15944,291
Truck15945,291
Truck15946,291
Truck15947,291
Truck15948,291
Truck15949,291
Truck15950,291
Truck15951,291
Truck15952,291
Truck15953,291
Truck15954,291
Truck15955,291
Truck15956,291
Truck15957,291
Truck15958,291
Truck15959,291
Truck15960,291
Truck15961,291
Truck15962,291
Truck15963,291
Truck15964,291
Truck15965,291
Truck15966,291
Truck15967,291
Truck15968,291
Truck15969,291
Truck15970,291
Truck15971,291
Truck15972,291
Truck15973,291
Truck15974,291
Truck15975,291
Truck15976,291
Truck15977,291
Truck15978,291
Truck15979,291
Truck15980,291
Truck15981,291
Truck15982,291
Truck15983,291
Truck15984,291
Truck15985,291
Truck15986,291
Truck15987,291
Truck15988,291
Truck15989,291
Truck15990,291
Truck15991,291
Truck15992,291
Truck15993,291
Truck15994,291
Truck15995,291
Truck15996,291
Truck15997,291
Truck15998,291
Truck15999,291
Truck16000,291
Truck16001,291
Truck16002,291
Truck16003,291
Truck16004,291
Truck16005,291
Truck16006,291
Truck16007,291
Truck16008,291
Truck16009,291
Truck16010,291
Truck16011,291
Truck16012,291
Truck16013,291
Truck16014,291
Truck16015,291
Truck16016,291
Truck16017,291
Truck16018,291
Truck16019,291
Truck16020,291
Truck16021,291
Truck16022,291
Truck16023,291
Truck16024,291
Truck16025,291
Truck16026,291
Truck16027,291
Truck16028,291
Truck16029,291
Truck16030,291
Truck16031,291
Truck16032,291
Truck16033,291
Truck16034,291
Truck16035,291
Truck16036,291
Truck16037,291
Truck16038,291
Truck16039,291
Truck16040,291
Truck16041,291
Truck16042,291
Truck16043,291
Truck16044,291
Truck16045,291
Truck16046,291
Truck16047,291
Truck16048,291
Truck16049,291
Truck16050,291
Truck16051,291
Truck16052,291
Truck16053,291
Truck16054,291
Truck16055,291
Truck16056,291
Truck16057,291
Truck16058,291
Truck16059,291
Truck16060,291
Truck16061,291
Truck16062,291
Truck16063,291
Truck16064,291
Truck16065,291
Truck16066,291
Truck16067,291
Truck16068,291
Truck16069,291
Truck16070,291
Truck16071,291
Truck16072,291
Truck16073,291
Truck16074,291
Truck16075,291
Truck16076,291
Truck16077,291
Truck16078,291
Truck16079,291
Truck16080,291
Truck16081,291
Truck16082,291
Truck16083,291
Truck16084,291
Truck16085,291
Truck16086,291
Truck16087,291
Truck16088,291
Truck16089,291
Truck16090,291
Truck16091,291
Truck16092,291
Truck16093,291
Truck16094,291
Truck16095,291
Truck16096,291
Truck16097,291
Truck16098,291
Truck16099,291
Truck16100,291
Truck16101,291
Truck16102,291
Truck16103,291
Truck16104,291
Truck16105,291
Truck16106,291
Truck16107,291
Truck16108,291
Truck16109,291
Truck16110,291
Truck16111,291
Truck16112,291
Truck16113,291
Truck16114,291
Truck16115,291
Truck16116,291
Truck16117,291
Truck16118,291
Truck16119,291
Truck16120,291
Truck16121,291
Truck16122,291
Truck16123,291
Truck16124,291
Truck16125,291
Truck16126,291
Truck16127,291
Truck16128,291
Truck16129,291
Truck16130,291
Truck16131,291
Truck16132,291
Truck16133,291
Truck16134,291
Truck16135,291
Truck16136,291
Truck16137,291
Truck16138,291
Truck16139,291
Truck16140,291
Truck16141,291
Truck16142,291
Truck16143,291
Truck16144,291
Truck16145,291
Truck16146,291
Truck16147,291
Truck16148,291
Truck16149,291
Truck16150,291
Truck16151,291
Truck16152,291
Truck16153,291
Truck16154,291
Truck16155,291
Truck16156,291
Truck16157,291
Truck16158,291
Truck16159,291
Truck16160,291
Truck16161,291
Truck16162,291
Truck16163,291
Truck16164,291
Truck16165,291
Truck16166,291
Truck16167,291
Truck16168,291
Truck16169,291
Truck16170,291
Truck16171,291
Truck16172,291
Truck16173,291
Truck16174,291
Truck16175,291
Truck16176,291
Truck16177,291
Truck16178,291
Truck16179,291
Truck16180,291
Truck16181,291
Truck16182,291
Truck16183,291
Truck16184,291
Truck16185,291
Truck16186,291
Truck16187,291
Truck16188,291
Truck16189,291
Truck16190,291
Truck16191,291
Truck16192,291
Truck16193,291
Truck16194,291
Truck16195,291
Truck16196,291
Truck16197,291
Truck16198,291
Truck16199,291
Truck16200,291
Truck16201,291
Truck16202,291
Truck16203,291
Truck16204,291
Truck16205,291
Truck16206,291
Truck16207,291
Truck16208,291
Truck16209,291
Truck16210,291
Truck16211,291
Truck16212,291
Truck16213,291
Truck16214,291
Truck16215,291
Truck16216,291
Truck16217,291
Truck16218,291
Truck16219,291
Truck16220,291
Truck16221,291
Truck16222,291
Truck16223,291
Truck16224,291
Truck16225,291
Truck16226,291
Truck16227,291
Truck16228,291
Truck16229,291
Truck16230,291
Truck16231,291
Truck16232,291
Truck16233,291
Truck16234,291
Truck16235,291
Truck16236,291
Truck16237,291
Truck16238,291
Truck16239,291
Truck16240,291
Truck16241,291
Truck16242,291
Truck16243,291
Truck16244,291
Truck16245,291
Truck16246,291
Truck16247,291
Truck16248,291
Truck16249,291
Truck16250,291
Truck16251,291
Truck16252,291
Truck16253,291
Truck16254,291
Truck16255,291
Truck16256,291
Truck16257,291
Truck16258,291
Truck16259,291
Truck16260,291
Truck16261,291
Truck16262,291
Truck16263,291
Truck16264,291
Truck16265,291
Truck16266,291
Truck16267,291
Truck16268,291
Truck16269,291
Truck16270,291
Truck16271,291
Truck16272,291
Truck16273,291
Truck16274,291
Truck16275,291
Truck16276,291
Truck16277,291
Truck16278,291
Truck16279,291
Truck16280,291
Truck16281,291
Truck16282,291
Truck16283,291
Truck16284,291
Truck16285,291
Truck16286,291
Truck16287,291
Truck16288,291
Truck16289,291
Truck16290,291
Truck16291,291
Truck16292,291
Truck16293,291
Truck16294,291
Truck16295,291
Truck16296,291
Truck16297,291
Truck16298,291
Truck16299,291
Truck16300,291
Truck16301,291
Truck16302,291
Truck16303,291
Truck16304,291
Truck16305,291
Truck16306,291
Truck16307,291
Truck16308,291
Truck16309,291
Truck16310,291
Truck16311,291
Truck16312,291
Truck16313,291
Truck16314,291
Truck16315,291
Truck16316,291
Truck16317,291
Truck16318,291
Truck16319,291
Truck16320,291
Truck16321,291
Truck16322,291
Truck16323,291
Truck16324,291
Truck16325,291
Truck16326,291
Truck16327,291
Truck16328,291
Truck16329,291
Truck16330,291
Truck16331,291
Truck16332,291
Truck16333,291
Truck16334,291
Truck16335,291
Truck16336,291
Truck16337,291
Truck16338,291
Truck16339,291
Truck16340,291
Truck16341,291
Truck16342,291
Truck16343,291
Truck16344,291
Truck16345,291
Truck16346,291
Truck16347,291
Truck16348,291
Truck16349,291
Truck16350,291
Truck16351,291
Truck16352,291
Truck16353,291
Truck16354,291
Truck16355,291
Truck16356,291
Truck16357,291
Truck16358,291
Truck16359,291
Truck16360,291
Truck16361,291
Truck16362,291
Truck16363,291
Truck16364,291
Truck16365,291
Truck16366,291
Truck16367,291
Truck16368,291
Truck16369,291
Truck16370,291
Truck16371,291
Truck16372,291
Truck16373,291
Truck16374,291
Truck16375,291
Truck16376,291
Truck16377,291
Truck16378,291
Truck16379,291
Truck16380,291
Truck16381,291
Truck16382,291
Truck16383,291
Truck16384,291
Truck16385,291
Truck16386,291
Truck16387,291
Truck16388,291
Truck16389,291
Truck16390,291
Truck16391,291
Truck16392,291
Truck16393,291
Truck16394,291
Truck16395,291
Truck16396,291
Truck16397,291
Truck16398,291
Truck16399,291
Truck16400,291
Truck16401,291
Truck16402,291
Truck16403,291
Truck16404,291
Truck16405,291
Truck16406,291
Truck16407,291
Truck16408,291
Truck16409,291
Truck16410,291
Truck16411,291
Truck16412,291
Truck16413,291
Truck16414,291
Truck16415,291
Truck16416,291
Truck16417,291
Truck16418,291
Truck16419,291
Truck16420,291
Truck16421,291
Truck16422,291
Truck16423,291
Truck16424,291
Truck16425,291
Truck16426,291
Truck16427,291
Truck16428,291
Truck16429,291
Truck16430,291
Truck16431,291
Truck16432,291
Truck16433,291
Truck16434,291
Truck16435,291
Truck16436,291
Truck16437,291
Truck16438,291
Truck16439,291
Truck16440,291
Truck16441,291
Truck16442,291
Truck16443,291
Truck16444,291
Truck16445,291
Truck16446,291
Truck16447,291
Truck16448,291
Truck16449,291
Truck16450,291
Truck16451,291
Truck16452,291
Truck16453,291
Truck16454,291
Truck16455,291
Truck16456,291
Truck16457,291
Truck16458,291
Truck16459,291
Truck16460,291
Truck16461,291
Truck16462,291
Truck16463,291
Truck16464,291
Truck16465,291
Truck16466,291
Truck16467,291
Truck16468,291
Truck16469,291
Truck16470,291
Truck16471,291
Truck16472,291
Truck16473,291
Truck16474,291
Truck16475,291
Truck16476,291
Truck16477,291
Truck16478,291
Truck16479,291
Truck16480,291
Truck16481,291
Truck16482,291
Truck16483,291
Truck16484,291
Truck16485,291
Truck16486,291
Truck16487,291
Truck16488,291
Truck16489,291
Truck16490,291
Truck16491,291
Truck16492,291
Truck16493,291
Truck16494,291
Truck16495,291
Truck16496,291
Truck16497,291
Truck16498,291
Truck16499,291
Truck16500,291
Truck16501,291
Truck16502,291
Truck16503,291
Truck16504,291
Truck16505,291
Truck16506,291
Truck16507,291
Truck16508,291
Truck16509,291
Truck16510,291
Truck16511,291
Truck16512,291
Truck16513,291
Truck16514,291
Truck16515,291
Truck16516,291
Truck16517,291
Truck16518,291
Truck16519,291
Truck16520,291
Truck16521,291
Truck16522,291
Truck16523,291
Truck16524,291
Truck16525,291
Truck16526,291
Truck16527,291
Truck16528,291
Truck16529,291
Truck16530,291
Truck16531,291
Truck16532,291
Truck16533,291
Truck16534,291
Truck16535,291
Truck16536,291
Truck16537,291
Truck16538,291
Truck16539,291
Truck16540,291
Truck16541,291
Truck16542,291
Truck16543,291
Truck16544,291
Truck16545,291
Truck16546,291
Truck16547,291
Truck16548,291
Truck16549,291
Truck16550,291
Truck16551,291
Truck16552,291
Truck16553,291
Truck16554,291
Truck16555,291
Truck16556,291
Truck16557,291
Truck16558,291
Truck16559,291
Truck16560,291
Truck16561,291
Truck16562,291
Truck16563,291
Truck16564,291
Truck16565,291
Truck16566,291
Truck16567,291
Truck16568,291
Truck16569,291
Truck16570,291
Truck16571,291
Truck16572,291
Truck16573,291
Truck16574,291
Truck16575,291
Truck16576,291
Truck16577,291
Truck16578,291
Truck16579,291
Truck16580,291
Truck16581,291
Truck16582,291
Truck16583,291
Truck16584,291
Truck16585,291
Truck16586,291
Truck16587,291
Truck16588,291
Truck16589,291
Truck16590,291
Truck16591,291
Truck16592,291
Truck16593,291
Truck16594,291
Truck16595,291
Truck16596,291
Truck16597,291
Truck16598,291
Truck16599,291
Truck16600,291
Truck16601,291
Truck16602,291
Truck16603,291
Truck16604,291
Truck16605,291
Truck16606,291
Truck16607,291
Truck16608,291
Truck16609,291
Truck16610,291
Truck16611,291
Truck16612,291
Truck16613,291
Truck16614,291
Truck16615,291
Truck16616,291
Truck16617,291
Truck16618,291
Truck16619,291
Truck16620,291
Truck16621,291
Truck16622,291
Truck16623,291
Truck16624,291
Truck16625,291
Truck16626,291
Truck16627,291
Truck16628,291
Truck16629,291
Truck16630,291
Truck16631,291
Truck16632,291
Truck16633,291
Truck16634,291
Truck16635,291
Truck16636,291
Truck16637,291
Truck16638,291
Truck16639,291
Truck16640,291
Truck16641,291
Truck16642,291
Truck16643,291
Truck16644,291
Truck16645,291
Truck16646,291
Truck16647,291
Truck16648,291
Truck16649,291
Truck16650,291
Truck16651,291
Truck16652,291
Truck16653,291
Truck16654,291
Truck16655,291
Truck16656,291
Truck16657,291
Truck16658,291
Truck16659,291
Truck16660,291
Truck16661,291
Truck16662,291
Truck16663,291
Truck16664,291
Truck16665,291
Truck16666,291
Truck16667,291
Truck16668,291
Truck16669,291
Truck16670,291
Truck16671,291
Truck16672,291
Truck16673,291
Truck16674,291
Truck16675,291
Truck16676,291
Truck16677,291
Truck16678,291
Truck16679,291
Truck16680,291
Truck16681,291
Truck16682,291
Truck16683,291
Truck16684,291
Truck16685,291
Truck16686,291
Truck16687,291
Truck16688,291
Truck16689,291
Truck16690,291
Truck16691,291
Truck16692,291
Truck16693,291
Truck16694,291
Truck16695,291
Truck16696,291
Truck16697,291
Truck16698,291
Truck16699,291
Truck16700,291
Truck16701,291
Truck16702,291
Truck16703,291
Truck16704,291
Truck16705,291
Truck16706,291
Truck16707,291
Truck16708,291
Truck16709,291
Truck16710,291
Truck16711,291
Truck16712,291
Truck16713,291
Truck16714,291
Truck16715,291
Truck16716,291
Truck16717,291
Truck16718,291
Truck16719,291
Truck16720,291
Truck16721,291
Truck16722,291
Truck16723,291
Truck16724,291
Truck16725,291
Truck16726,291
Truck16727,291
Truck16728,291
Truck16729,291
Truck16730,291
Truck16731,291
Truck16732,291
Truck16733,291
Truck16734,291
Truck16735,291
Truck16736,291
Truck16737,291
Truck16738,291
Truck16739,291
Truck16740,291
Truck16741,291
Truck16742,291
Truck16743,291
Truck16744,291
Truck16745,291
Truck16746,291
Truck16747,291
Truck16748,291
Truck16749,291
Truck16750,291
Truck16751,291
Truck16752,291
Truck16753,291
Truck16754,291
Truck16755,291
Truck16756,291
Truck16757,291
Truck16758,291
Truck16759,291
Truck16760,291
Truck16761,291
Truck16762,291
Truck16763,291
Truck16764,291
Truck16765,291
Truck16766,291
Truck16767,291
Truck16768,291
Truck16769,291
Truck16770,291
Truck16771,291
Truck16772,291
Truck16773,291
Truck16774,291
Truck16775,291
Truck16776,291
Truck16777,291
Truck16778,291
Truck16779,291
Truck16780,291
Truck16781,291
Truck16782,291
Truck16783,291
Truck16784,291
Truck16785,291
Truck16786,291
Truck16787,291
Truck16788,291
Truck16789,291
Truck16790,291
Truck16791,291
Truck16792,291
Truck16793,291
Truck16794,291
Truck16795,291
Truck16796,291
Truck16797,291
Truck16798,291
Truck16799,291
Truck16800,291
Truck16801,291
Truck16802,291
Truck16803,291
Truck16804,291
Truck16805,291
Truck16806,291
Truck16807,291
Truck16808,291
Truck16809,291
Truck16810,291
Truck16811,291
Truck16812,291
Truck16813,291
Truck16814,291
Truck16815,291
Truck16816,291
Truck16817,291
Truck16818,291
Truck16819,291
Truck16820,291
Truck16821,291
Truck16822,291
Truck16823,291
Truck16824,291
Truck16825,291
Truck16826,291
Truck16827,291
Truck16828,291
Truck16829,291
Truck16830,291
Truck16831,291
Truck16832,291
Truck16833,291
Truck16834,291
Truck16835,291
Truck16836,291
Truck16837,291
Truck16838,291
Truck16839,291
Truck16840,291
Truck16841,291
Truck16842,291
Truck16843,291
Truck16844,291
Truck16845,291
Truck16846,291
Truck16847,291
Truck16848,291
Truck16849,291
Truck16850,291
Truck16851,291
Truck16852,291
Truck16853,291
Truck16854,291
Truck16855,291
Truck16856,291
Truck16857,291
Truck16858,291
Truck16859,291
Truck16860,291
Truck16861,291
Truck16862,291
Truck16863,291
Truck16864,291
Truck16865,291
Truck16866,291
Truck16867,291
Truck16868,291
Truck16869,291
Truck16870,291
Truck16871,291
Truck16872,291
Truck16873,291
Truck16874,291
Truck16875,291
Truck16876,291
Truck16877,291
Truck16878,291
Truck16879,291
Truck16880,291
Truck16881,291
Truck16882,291
Truck16883,291
Truck16884,291
Truck16885,291
Truck16886,291
Truck16887,291
Truck16888,291
Truck16889,291
Truck16890,291
Truck16891,291
Truck16892,291
Truck16893,291
Truck16894,291
Truck16895,291
Truck16896,291
Truck16897,291
Truck16898,291
Truck16899,291
Truck16900,291
Truck16901,291
Truck16902,291
Truck16903,291
Truck16904,291
Truck16905,291
Truck16906,291
Truck16907,291
Truck16908,291
Truck16909,291
Truck16910,291
Truck16911,291
Truck16912,291
Truck16913,291
Truck16914,291
Truck16915,291
Truck16916,291
Truck16917,291
Truck16918,291
Truck16919,291
Truck16920,291
Truck16921,291
Truck16922,291
Truck16923,291
Truck16924,291
Truck16925,291
Truck16926,291
Truck16927,291
Truck16928,291
Truck16929,291
Truck16930,291
Truck16931,291
Truck16932,291
Truck16933,291
Truck16934,291
Truck16935,291
Truck16936,291
Truck16937,291
Truck16938,291
Truck16939,291
Truck16940,291
Truck16941,291
Truck16942,291
Truck16943,291
Truck16944,291
Truck16945,291
Truck16946,291
Truck16947,291
Truck16948,291
Truck16949,291
Truck16950,291
Truck16951,291
Truck16952,291
Truck16953,291
Truck16954,291
Truck16955,291
Truck16956,291
Truck16957,291
Truck16958,291
Truck16959,291
Truck16960,291
Truck16961,291
Truck16962,291
Truck16963,291
Truck16964,291
Truck16965,291
Truck16966,291
Truck16967,291
Truck16968,291
Truck16969,291
Truck16970,291
Truck16971,291
Truck16972,291
Truck16973,291
Truck16974,291
Truck16975,291
Truck16976,291
Truck16977,291
Truck16978,291
Truck16979,291
Truck16980,291
Truck16981,291
Truck16982,291
Truck16983,291
Truck16984,291
Truck16985,291
Truck16986,291
Truck16987,291
Truck16988,291
Truck16989,291
Truck16990,291
Truck16991,291
Truck16992,291
Truck16993,291
Truck16994,291
Truck16995,291
Truck16996,291
Truck16997,291
Truck16998,291
Truck16999,291
Truck17000,291
Truck17001,291
Truck17002,291
Truck17003,291
Truck17004,291
Truck17005,291
Truck17006,291
Truck17007,291
Truck17008,291
Truck17009,291
Truck17010,291
Truck17011,291
Truck17012,291
Truck17013,291
Truck17014,291
Truck17015,291
Truck17016,291
Truck17017,291
Truck17018,291
Truck17019,291
Truck17020,291
Truck17021,291
Truck17022,291
Truck17023,291
Truck17024,291
Truck17025,291
Truck17026,291
Truck17027,291
Truck17028,291
Truck17029,291
Truck17030,291
Truck17031,291
Truck17032,291
Truck17033,291
Truck17034,291
Truck17035,291
Truck17036,291
Truck17037,291
Truck17038,291
Truck17039,291
Truck17040,291
Truck17041,291
Truck17042,291
Truck17043,291
Truck17044,291
Truck17045,291
Truck17046,291
Truck17047,291
Truck17048,291
Truck17049,291
Truck17050,291
Truck17051,291
Truck17052,291
Truck17053,291
Truck17054,291
Truck17055,291
Truck17056,291
Truck17057,291
Truck17058,291
Truck17059,291
Truck17060,291
Truck17061,291
Truck17062,291
Truck17063,291
Truck17064,291
Truck17065,291
Truck17066,291
Truck17067,291
Truck17068,291
Truck17069,291
Truck17070,291
Truck17071,291
Truck17072,291
Truck17073,291
Truck17074,291
Truck17075,291
Truck17076,291
Truck17077,291
Truck17078,291
Truck17079,291
Truck17080,291
Truck17081,291
Truck17082,291
Truck17083,291
Truck17084,291
Truck17085,291
Truck17086,291
Truck17087,291
Truck17088,291
Truck17089,291
Truck17090,291
Truck17091,291
Truck17092,291
Truck17093,291
Truck17094,291
Truck17095,291
Truck17096,291
Truck17097,291
Truck17098,291
Truck17099,291
Truck17100,291
Truck17101,291
Truck17102,291
Truck17103,291
Truck17104,291
Truck17105,291
Truck17106,291
Truck17107,291
Truck17108,291
Truck17109,291
Truck17110,291
Truck17111,291
Truck17112,291
Truck17113,291
Truck17114,291
Truck17115,291
Truck17116,291
Truck17117,291
Truck17118,291
Truck17119,291
Truck17120,291
Truck17121,291
Truck17122,291
Truck17123,291
Truck17124,291
Truck17125,291
Truck17126,291
Truck17127,291
Truck17128,291
Truck17129,291
Truck17130,291
Truck17131,291
Truck17132,291
Truck17133,291
Truck17134,291
Truck17135,291
Truck17136,291
Truck17137,291
Truck17138,291
Truck17139,291
Truck17140,291
Truck17141,291
Truck17142,291
Truck17143,291
Truck17144,291
Truck17145,291
Truck17146,291
Truck17147,291
Truck17148,291
Truck17149,291
Truck17150,291
Truck17151,291
Truck17152,291
Truck17153,291
Truck17154,291
Truck17155,291
Truck17156,291
Truck17157,291
Truck17158,291
Truck17159,291
Truck17160,291
Truck17161,291
Truck17162,291
Truck17163,291
Truck17164,291
Truck17165,291
Truck17166,291
Truck17167,291
Truck17168,291
Truck17169,291
Truck17170,291
Truck17171,291
Truck17172,291
Truck17173,291
Truck17174,291
Truck17175,291
Truck17176,291
Truck17177,291
Truck17178,291
Truck17179,291
Truck17180,291
Truck17181,291
Truck17182,291
Truck17183,291
Truck17184,291
Truck17185,291
Truck17186,291
Truck17187,291
Truck17188,291
Truck17189,291
Truck17190,291
Truck17191,291
Truck17192,291
Truck17193,291
Truck17194,291
Truck17195,291
Truck17196,291
Truck17197,291
Truck17198,291
Truck17199,291
Truck17200,291
Truck17201,291
Truck17202,291
Truck17203,291
Truck17204,291
Truck17205,291
Truck17206,291
Truck17207,291
Truck17208,291
Truck17209,291
Truck17210,291
Truck17211,291
Truck17212,291
Truck17213,291
Truck17214,291
Truck17215,291
Truck17216,291
Truck17217,291
Truck17218,291
Truck17219,291
Truck17220,291
Truck17221,291
Truck17280,291
Truck17281,291
Truck17282,291
Truck17283,291
Truck17284,291
Truck17285,291
Truck17286,291
Truck17287,291
Truck17288,291
Truck17289,291
Truck17290,291
Truck17291,291
Truck17292,291
Truck17293,291
Truck17294,291
Truck17295,291
Truck17296,291
Truck17297,291
Truck17298,291
Truck17299,291
Truck17300,291
Truck17301,291
Truck17302,291
Truck17303,291
Truck17304,291
Truck17305,291
Truck17306,291
Truck17307,291
Truck17308,291
Truck17309,291
Truck17310,291
Truck17311,291
Truck17312,291
Truck17313,291
Truck17314,291
Truck17315,291
Truck17316,291
Truck17317,291
Truck17318,291
Truck17319,291
Truck17320,291
Truck17321,291
Truck17322,291
Truck17323,291
Truck17324,291
Truck17325,291
Truck17326,291
Truck17327,291
Truck17328,291
Truck17329,291
Truck17330,291
Truck17331,291
Truck17332,291
Truck17333,291
Truck17334,291
Truck17335,291
Truck17336,291
Truck17337,291
Truck17338,291
Truck17339,291
Truck17340,291
Truck17341,291
Truck17342,291
Truck17343,291
Truck17344,291
Truck17345,291
Truck17346,291
Truck17347,291
Truck17348,291
Truck17349,291
Truck17350,291
Truck17351,291
Truck17352,291
Truck17353,291
Truck17354,291
Truck17355,291
Truck17356,291
Truck17357,291
Truck17358,291
Truck17359,291
Truck17360,291
Truck17361,291
Truck17362,291
Truck17363,291
Truck17364,291
Truck17365,291
Truck17366,291
Truck17367,291
Truck17368,291
Truck17369,291
Truck17370,291
Truck17371,291
Truck17372,291
Truck17373,291
Truck17374,291
Truck17375,291
Truck17376,291
Truck17377,291
Truck17378,291
Truck17379,291
Truck17380,291
Truck17381,291
Truck17382,291
Truck17383,291
Truck17384,291
Truck17385,291
Truck17386,291
Truck17387,291
Truck17388,291
Truck17389,291
Truck17390,291
Truck17391,291
Truck17392,291
Truck17393,291
Truck17394,291
Truck17395,291
Truck17396,291
Truck17397,291
Truck17398,291
Truck17399,291
Truck17400,291
Truck17401,291
Truck17402,291
Truck17403,291
Truck17404,291
Truck17405,291
Truck17406,291
Truck17407,291
Truck17408,291
Truck17409,291
Truck17410,291
Truck17411,291
Truck17412,291
Truck17413,291
Truck17414,291
Truck17415,291
Truck17416,291
Truck17417,291
Truck17418,291
Truck17419,291
Truck17420,291
Truck17421,291
Truck17422,291
Truck17423,291
Truck17424,291
Truck17425,291
Truck17426,291
Truck17427,291
Truck17428,291
Truck17429,291
Truck17430,291
Truck17431,291
Truck17432,291
Truck17433,291
Truck17434,291
Truck17435,291
Truck17436,291
Truck17437,291
Truck17438,291
Truck17439,291
Truck17440,291
Truck17441,291
Truck17442,291
Truck17443,291
Truck17444,291
Truck17445,291
Truck17446,291
Truck17447,291
Truck17448,291
Truck17449,291
Truck17450,291
Truck17451,291
Truck17452,291
Truck17453,291
Truck17454,291
Truck17455,291
Truck17456,291
Truck17457,291
Truck17458,291
Truck17459,291
Truck17460,291
Truck17461,291
Truck17462,291
Truck17463,291
Truck17464,291
Truck17465,291
Truck17466,291
Truck17467,291
Truck17468,291
Truck17469,291
Truck17470,291
Truck17471,291
Truck17472,291
Truck17473,291
Truck17474,291
Truck17475,291
Truck17476,291
Truck17477,291
Truck17478,291
Truck17479,291
Truck17480,291
Truck17481,291
Truck17482,291
Truck17483,291
Truck17484,291
Truck17485,291
Truck17486,291
Truck17487,291
Truck17488,291
Truck17489,291
Truck17490,291
Truck17491,291
Truck17492,291
Truck17493,291
Truck17494,291
Truck17495,291
Truck17496,291
Truck17497,291
Truck17498,291
Truck17499,291
Truck17500,291
Truck17501,291
Truck17502,291
Truck17503,291
Truck17504,291
Truck17505,291
Truck17506,291
Truck17507,291
Truck17508,291
Truck17509,291
Truck17510,291
Truck17511,291
Truck17512,291
Truck17513,291
Truck17514,291
Truck17515,291
Truck17516,291
Truck17517,291
Truck17518,291
Truck17519,291
Truck17520,291
Truck17521,291
Truck17522,291
Truck17523,291
Truck17524,291
Truck17525,291
Truck17526,291
Truck17527,291
Truck17528,291
Truck17529,291
Truck17530,291
Truck17531,291
Truck17532,291
Truck17533,291
Truck17534,291
Truck17535,291
Truck17536,291
Truck17537,291
Truck17538,291
Truck17539,291
Truck17540,291
Truck17541,291
Truck17542,291
Truck17543,291
Truck17544,291
Truck17545,291
Truck17546,291
Truck17547,291
Truck17548,291
Truck17549,291
Truck17550,291
Truck17551,291
Truck17552,291
Truck17553,291
Truck17554,291
Truck17555,291
Truck17556,291
Truck17557,291
Truck17558,291
Truck17559,291
Truck17560,291
Truck17561,291
Truck17562,291
Truck17563,291
Truck17564,291
Truck17565,291
Truck17566,291
Truck17567,291
Truck17568,291
Truck17569,291
Truck17570,291
Truck17571,291
Truck17572,291
Truck17573,291
Truck17574,291
Truck17575,291
Truck17576,291
Truck17577,291
Truck17578,291
Truck17579,291
Truck17580,291
Truck17581,291
Truck17582,291
Truck17583,291
Truck17584,291
Truck17585,291
Truck17586,291
Truck17587,291
Truck17588,291
Truck17589,291
Truck17590,291
Truck17591,291
Truck17592,291
Truck17593,291
Truck17594,291
Truck17595,291
Truck17596,291
Truck17597,291
Truck17598,291
Truck17599,291
Truck17600,291
Truck17601,291
Truck17602,291
Truck17603,291
Truck17604,291
Truck17605,291
Truck17606,291
Truck17607,291
Truck17608,291
Truck17609,291
Truck17610,291
Truck17611,291
Truck17612,291
Truck17613,291
Truck17614,291
Truck17615,291
Truck17616,291
Truck17617,291
Truck17618,291
Truck17619,291
Truck17620,291
Truck17621,291
Truck17622,291
Truck17623,291
Truck17624,291
Truck17625,291
Truck17626,291
Truck17627,291
Truck17628,291
Truck17629,291
Truck17630,291
Truck17631,291
Truck17632,291
Truck17633,291
Truck17634,291
Truck17635,291
Truck17636,291
Truck17637,291
Truck17638,291
Truck17639,291
Truck17640,291
Truck17641,291
Truck17642,291
Truck17643,291
Truck17644,291
Truck17645,291
Truck17646,291
Truck17647,291
Truck17648,291
Truck17649,291
Truck17650,291
Truck17651,291
Truck17652,291
Truck17653,291
Truck17654,291
Truck17655,291
Truck17656,291
Truck17657,291
Truck17658,291
Truck17659,291
Truck17660,291
Truck17661,291
Truck17662,291
Truck17663,291
Truck17664,291
Truck17665,291
Truck17666,291
Truck17667,291
Truck17668,291
Truck17669,291
Truck17670,291
Truck17671,291
Truck17672,291
Truck17673,291
Truck17674,291
Truck17675,291
Truck17676,291
Truck17677,291
Truck17678,291
Truck17679,291
Truck17680,291
Truck17681,291
Truck17682,291
Truck17683,291
Truck17684,291
Truck17685,291
Truck17686,291
Truck17687,291
Truck17688,291
Truck17689,291
Truck17690,291
Truck17691,291
Truck17692,291
Truck17693,291
Truck17694,291
Truck17695,291
Truck17696,291
Truck17697,291
Truck17698,291
Truck17699,291
Truck17700,291
Truck17701,291
Truck17702,291
Truck17703,291
Truck17704,291
Truck17705,291
Truck17706,291
Truck17707,291
Truck17708,291
Truck17709,291
Truck17710,291
Truck17711,291
Truck17712,291
Truck17713,291
Truck17714,291
Truck17715,291
Truck17716,291
Truck17717,291
Truck17718,291
Truck17719,291
Truck17720,291
Truck17721,291
Truck17722,291
Truck17723,291
Truck17724,291
Truck17725,291
Truck17726,291
Truck17727,291
Truck17728,291
Truck17729,291
Truck17730,291
Truck17731,291
Truck17732,291
Truck17733,291
Truck17734,291
Truck17735,291
Truck17736,291
Truck17737,291
Truck17738,291
Truck17739,291
Truck17740,291
Truck17741,291
Truck17742,291
Truck17743,291
Truck17744,291
Truck17745,291
Truck17746,291
Truck17747,291
Truck17748,291
Truck17749,291
Truck17750,291
Truck17751,291
Truck17752,291
Truck17753,291
Truck17754,291
Truck17755,291
Truck17756,291
Truck17757,291
Truck17758,291
Truck17759,291
Truck17760,291
Truck17761,291
Truck17762,291
Truck17763,291
Truck17764,291
Truck17765,291
Truck17766,291
Truck17767,291
Truck17768,291
Truck17769,291
Truck17770,291
Truck17771,291
Truck17772,291
Truck17773,291
Truck17774,291
Truck17775,291
Truck17776,291
Truck17777,291
Truck17778,291
Truck17779,291
Truck17780,291
Truck17781,291
Truck17782,291
Truck17783,291
Truck17784,291
Truck17785,291
Truck17786,291
Truck17787,291
Truck17788,291
Truck17789,291
Truck17790,291
Truck17791,291
Truck17792,291
Truck17793,291
Truck17794,291
Truck17795,291
Truck17796,291
Truck17797,291
Truck17798,291
Truck17799,291
Truck17800,291
Truck17801,291
Truck17802,291
Truck17803,291
Truck17804,291
Truck17805,291
Truck17806,291
Truck17807,291
Truck17808,291
Truck17809,291
Truck17810,291
Truck17811,291
Truck17812,291
Truck17813,291
Truck17814,291
Truck17815,291
Truck17816,291
Truck17817,291
Truck17818,291
Truck17819,291
Truck17820,291
Truck17821,291
Truck17822,291
Truck17823,291
Truck17824,291
Truck17825,291
Truck17826,291
Truck17827,291
Truck17828,291
Truck17829,291
Truck17830,291
Truck17831,291
Truck17832,291
Truck17833,291
Truck17834,291
Truck17835,291
Truck17836,291
Truck17837,291
Truck17838,291
Truck17839,291
Truck17840,291
Truck17841,291
Truck17842,291
Truck17843,291
Truck17844,291
Truck17845,291
Truck17846,291
Truck17847,291
Truck17848,291
Truck17849,291
Truck17850,291
Truck17851,291
Truck17852,291
Truck17853,291
Truck17854,291
Truck17855,291
Truck17856,291
Truck17857,291
Truck17858,291
Truck17859,291
Truck17860,291
Truck17861,291
Truck17862,291
Truck17863,291
Truck17864,291
Truck17865,291
Truck17866,291
Truck17867,291
Truck17868,291
Truck17869,291
Truck17870,291
Truck17871,291
Truck17872,291
Truck17873,291
Truck17874,291
Truck17875,291
Truck17876,291
Truck17877,291
Truck17878,291
Truck17879,291
Truck17880,291
Truck17881,291
Truck17882,291
Truck17883,291
Truck17884,291
Truck17885,291
Truck17886,291
Truck17887,291
Truck17888,291
Truck17889,291
Truck17890,291
Truck17891,291
Truck17892,291
Truck17893,291
Truck17894,291
Truck17895,291
Truck17896,291
Truck17897,291
Truck17898,291
Truck17899,291
Truck17900,291
Truck17901,291
Truck17902,291
Truck17903,291
Truck17904,291
Truck17905,291
Truck17906,291
Truck17907,291
Truck17908,291
Truck17909,291
Truck17910,291
Truck17911,291
Truck17912,291
Truck17913,291
Truck17914,291
Truck17915,291
Truck17916,291
Truck17917,291
Truck17918,291
Truck17919,291
Truck17920,291
Truck17921,291
Truck17922,291
Truck17923,291
Truck17924,291
Truck17925,291
Truck17926,291
Truck17927,291
Truck17928,291
Truck17929,291
Truck17930,291
Truck17931,291
Truck17932,291
Truck17933,291
Truck17934,291
Truck17935,291
Truck17936,291
Truck17937,291
Truck17938,291
Truck17939,291
Truck17940,291
Truck17941,291
Truck17942,291
Truck17943,291
Truck17944,291
Truck17945,291
Truck17946,291
Truck17947,291
Truck17948,291
Truck17949,291
Truck17950,291
Truck17951,291
Truck17952,291
Truck17953,291
Truck17954,291
Truck17955,291
Truck17956,291
Truck17957,291
Truck17958,291
Truck17959,291
Truck17960,291
Truck17961,291
Truck17962,291
Truck17963,291
Truck17964,291
Truck17965,291
Truck17966,291
Truck17967,291
Truck17968,291
Truck17969,291
Truck17970,291
Truck17971,291
Truck17972,291
Truck17973,291
Truck17974,291
Truck17975,291
Truck17976,291
Truck17977,291
Truck17978,291
Truck17979,291
Truck17980,291
Truck17981,291
Truck17982,291
Truck17983,291
Truck17984,291
Truck17985,291
Truck17986,291
Truck17987,291
Truck17988,291
Truck17989,291
Truck17990,291
Truck17991,291
Truck17992,291
Truck17993,291
Truck17994,291
Truck17995,291
Truck17996,291
Truck17997,291
Truck17998,291
Truck17999,291
Truck18000,291
Truck18001,291
Truck18002,291
Truck18003,291
Truck18004,291
Truck18005,291
Truck18006,291
Truck18007,291
Truck18008,291
Truck18009,291
Truck18010,291
Truck18011,291
Truck18012,291
Truck18013,291
Truck18014,291
Truck18015,291
Truck18016,291
Truck18017,291
Truck18018,291
Truck18019,291
Truck18020,291
Truck18021,291
Truck18022,291
Truck18023,291
Truck18024,291
Truck18025,291
Truck18026,291
Truck18027,291
Truck18028,291
Truck18029,291
Truck18030,291
Truck18031,291
Truck18032,291
Truck18033,291
Truck18034,291
Truck18035,291
Truck18036,291
Truck18037,291
Truck18038,291
Truck18039,291
Truck18040,291
Truck18041,291
Truck18042,291
Truck18043,291
Truck18044,291
Truck18045,291
Truck18046,291
Truck18047,291
Truck18048,291
Truck18049,291
Truck18050,291
Truck18051,291
Truck18052,291
Truck18053,291
Truck18054,291
Truck18055,291
Truck18056,291
Truck18057,291
Truck18058,291
Truck18059,291
Truck18060,291
Truck18061,291
Truck18062,291
Truck18063,291
Truck18064,291
Truck18065,291
Truck18066,291
Truck18067,291
Truck18068,291
Truck18069,291
Truck18070,291
Truck18071,291
Truck18072,291
Truck18073,291
Truck18074,291
Truck18075,291
Truck18076,291
Truck18077,291
Truck18078,291
Truck18079,291
Truck18080,291
Truck18081,291
Truck18082,291
Truck18083,291
Truck18084,291
Truck18085,291
Truck18086,291
Truck18087,291
Truck18088,291
Truck18089,291
Truck18090,291
Truck18091,291
Truck18092,291
Truck18093,291
Truck18094,291
Truck18095,291
Truck18096,291
Truck18097,291
Truck18098,291
Truck18099,291
Truck18100,291
Truck18101,291
Truck18102,291
Truck18103,291
Truck18104,291
Truck18105,291
Truck18106,291
Truck18107,291
Truck18108,291
Truck18109,291
Truck18110,291
Truck18111,291
Truck18112,291
Truck18113,291
Truck18114,291
Truck18115,291
Truck18116,291
Truck18117,291
Truck18118,291
Truck18119,291
Truck18120,291
Truck18121,291
Truck18122,291
Truck18123,291
Truck18124,291
Truck18125,291
Truck18126,291
Truck18127,291
Truck18128,291
Truck18129,291
Truck18130,291
Truck18131,291
Truck18132,291
Truck18133,291
Truck18134,291
Truck18135,291
Truck18136,291
Truck18137,291
Truck18138,291
Truck18139,291
Truck18140,291
Truck18141,291
Truck18142,291
Truck18143,291
Truck18144,291
Truck18145,291
Truck18146,291
Truck18147,291
Truck18148,291
Truck18149,291
Truck18150,291
Truck18151,291
Truck18152,291
Truck18153,291
Truck18154,291
Truck18155,291
Truck18156,291
Truck18157,291
Truck18158,291
Truck18159,291
Truck18160,291
Truck18161,291
Truck18162,291
Truck18163,291
Truck18164,291
Truck18165,291
Truck18166,291
Truck18167,291
Truck18168,291
Truck18169,291
Truck18170,291
Truck18171,291
Truck18172,291
Truck18173,291
Truck18174,291
Truck18175,291
Truck18176,291
Truck18177,291
Truck18178,291
Truck18179,291
Truck18180,291
Truck18181,291
Truck18182,291
Truck18183,291
Truck18184,291
Truck18185,291
Truck18186,291
Truck18187,291
Truck18188,291
Truck18189,291
Truck18190,291
Truck18191,291
Truck18192,291
Truck18193,291
Truck18194,291
Truck18195,291
Truck18196,291
Truck18197,291
Truck18198,291
Truck18199,291
Truck18200,291
Truck18201,291
Truck18202,291
Truck18203,291
Truck18204,291
Truck18205,291
Truck18206,291
Truck18207,291
Truck18208,291
Truck18209,291
Truck18210,291
Truck18211,291
Truck18212,291
Truck18213,291
Truck18214,291
Truck18215,291
Truck18216,291
Truck18217,291
Truck18218,291
Truck18219,291
Truck18220,291
Truck18221,291
Truck18222,291
Truck18223,291
Truck18224,291
Truck18225,291
Truck18226,291
Truck18227,291
Truck18228,291
Truck18229,291
Truck18230,291
Truck18231,291
Truck18232,291
Truck18233,291
Truck18234,291
Truck18235,291
Truck18236,291
Truck18237,291
Truck18238,291
Truck18239,291
Truck18240,291
Truck18241,291
Truck18242,291
Truck18243,291
Truck18244,291
Truck18245,291
Truck18246,291
Truck18247,291
Truck18248,291
Truck18249,291
Truck18250,291
Truck18251,291
Truck18252,291
Truck18253,291
Truck18254,291
Truck18255,291
Truck18256,291
Truck18257,291
Truck18258,291
Truck18259,291
Truck18260,291
Truck18261,291
Truck18262,291
Truck18263,291
Truck18264,291
Truck18265,291
Truck18266,291
Truck18267,291
Truck18268,291
Truck18269,291
Truck18270,291
Truck18271,291
Truck18272,291
Truck18273,291
Truck18274,291
Truck18275,291
Truck18276,291
Truck18277,291
Truck18278,291
Truck18279,291
Truck18280,291
Truck18281,291
Truck18282,291
Truck18283,291
Truck18284,291
Truck18285,291
Truck18286,291
Truck18287,291
Truck18288,291
Truck18289,291
Truck18290,291
Truck18291,291
Truck18292,291
Truck18293,291
Truck18294,291
Truck18295,291
Truck18296,291
Truck18297,291
Truck18298,291
Truck18299,291
Truck18300,291
Truck18301,291
Truck18302,291
Truck18303,291
Truck18304,291
Truck18305,291
Truck18306,291
Truck18307,291
Truck18308,291
Truck18309,291
Truck18310,291
Truck18311,291
Truck18312,291
Truck18313,291
Truck18314,291
Truck18315,291
Truck18316,291
Truck18317,291
Truck18318,291
Truck18319,291
Truck18320,291
Truck18321,291
Truck18322,291
Truck18323,291
Truck18324,291
Truck18325,291
Truck18326,291
Truck18327,291
Truck18328,291
Truck18329,291
Truck18330,291
Truck18331,291
Truck18332,291
Truck18333,291
Truck18334,291
Truck18335,291
Truck18336,291
Truck18337,291
Truck18338,291
Truck18339,291
Truck18340,291
Truck18341,291
Truck18342,291
Truck18343,291
Truck18344,291
Truck18345,291
Truck18346,291
Truck18347,291
Truck18348,291
Truck18349,291
Truck18350,291
Truck18351,291
Truck18352,291
Truck18353,291
Truck18354,291
Truck18355,291
Truck18356,291
Truck18357,291
Truck18358,291
Truck18359,291
Truck18360,291
Truck18361,291
Truck18362,291
Truck18363,291
Truck18364,291
Truck18365,291
Truck18366,291
Truck18367,291
Truck18368,291
Truck18369,291
Truck18370,291
Truck18371,291
Truck18372,291
Truck18373,291
Truck18374,291
Truck18375,291
Truck18376,291
Truck18377,291
Truck18378,291
Truck18379,291
Truck18380,291
Truck18381,291
Truck18382,291
Truck18383,291
Truck18384,291
Truck18385,291
Truck18386,291
Truck18387,291
Truck18388,291
Truck18389,291
Truck18390,291
Truck18391,291
Truck18392,291
Truck18393,291
Truck18394,291
Truck18395,291
Truck18396,291
Truck18397,291
Truck18398,291
Truck18399,291
Truck18400,291
Truck18401,291
Truck18402,291
Truck18403,291
Truck18404,291
Truck18405,291
Truck18406,291
Truck18407,291
Truck18408,291
Truck18409,291
Truck18410,291
Truck18411,291
Truck18412,291
Truck18413,291
Truck18414,291
Truck18415,291
Truck18416,291
Truck18417,291
Truck18418,291
Truck18419,291
Truck18420,291
Truck18421,291
Truck18422,291
Truck18423,291
Truck18424,291
Truck18425,291
Truck18426,291
Truck18427,291
Truck18428,291
Truck18429,291
Truck18430,291
Truck18431,291
Truck18432,291
Truck18433,291
Truck18434,291
Truck18435,291
Truck18436,291
Truck18437,291
Truck18438,291
Truck18439,291
Truck18440,291
Truck18441,291
Truck18442,291
Truck18443,291
Truck18444,291
Truck18445,291
Truck18446,291
Truck18447,291
Truck18448,291
Truck18449,291
Truck18450,291
Truck18451,291
Truck18452,291
Truck18453,291
Truck18454,291
Truck18455,291
Truck18456,291
Truck18457,291
Truck18458,291
Truck18459,291
Truck18460,291
Truck18461,291
Truck18462,291
Truck18463,291
Truck18464,291
Truck18465,291
Truck18466,291
Truck18467,291
Truck18468,291
Truck18469,291
Truck18470,291
Truck18471,291
Truck18472,291
Truck18473,291
Truck18474,291
Truck18475,291
Truck18476,291
Truck18477,291
Truck18478,291
Truck18479,291
Truck18480,291
Truck18481,291
Truck18482,291
Truck18483,291
Truck18484,291
Truck18485,291
Truck18486,291
Truck18487,291
Truck18488,291
Truck18489,291
Truck18490,291
Truck18491,291
Truck18492,291
Truck18493,291
Truck18494,291
Truck18495,291
Truck18496,291
Truck18497,291
Truck18498,291
Truck18499,291
Truck18500,291
Truck18501,291
Truck18502,291
Truck18503,291
Truck18504,291
Truck18505,291
Truck18506,291
Truck18507,291
Truck18508,291
Truck18509,291
Truck18510,291
Truck18511,291
Truck18512,291
Truck18513,291
Truck18514,291
Truck18515,291
Truck18516,291
Truck18517,291
Truck18518,291
Truck18519,291
Truck18520,291
Truck18521,291
Truck18522,291
Truck18523,291
Truck18524,291
Truck18525,291
Truck18526,291
Truck18527,291
Truck18528,291
Truck18529,291
Truck18530,291
Truck18531,291
Truck18532,291
Truck18533,291
Truck18534,291
Truck18535,291
Truck18536,291
Truck18537,291
Truck18538,291
Truck18539,291
Truck18540,291
Truck18541,291
Truck18542,291
Truck18543,291
Truck18544,291
Truck18545,291
Truck18546,291
Truck18547,291
Truck18548,291
Truck18549,291
Truck18550,291
Truck18551,291
Truck18552,291
Truck18553,291
Truck18554,291
Truck18555,291
Truck18556,291
Truck18557,291
Truck18558,291
Truck18559,291
Truck18560,291
Truck18561,291
Truck18562,291
Truck18563,291
Truck18564,291
Truck18565,291
Truck18566,291
Truck18567,291
Truck18568,291
Truck18569,291
Truck18570,291
Truck18571,291
Truck18572,291
Truck18573,291
Truck18574,291
Truck18575,291
Truck18576,291
Truck18577,291
Truck18578,291
Truck18579,291
Truck18580,291
Truck18581,291
Truck18582,291
Truck18583,291
Truck18584,291
Truck18585,291
Truck18586,291
Truck18587,291
Truck18588,291
Truck18589,291
Truck18590,291
Truck18591,291
Truck18592,291
Truck18593,291
Truck18594,291
Truck18595,291
Truck18596,291
Truck18597,291
Truck18598,291
Truck18599,291
Truck18600,291
Truck18601,291
Truck18602,291
Truck18603,291
Truck18604,291
Truck18605,291
Truck18606,291
Truck18607,291
Truck18608,291
Truck18609,291
Truck18610,291
Truck18611,291
Truck18612,291
Truck18613,291
Truck18614,291
Truck18615,291
Truck18616,291
Truck18617,291
Truck18618,291
Truck18619,291
Truck18620,291
Truck18621,291
Truck18622,291
Truck18623,291
Truck18624,291
Truck18625,291
Truck18626,291
Truck18627,291
Truck18628,291
Truck18629,291
Truck18630,291
Truck18631,291
Truck18632,291
Truck18633,291
Truck18634,291
Truck18635,291
Truck18636,291
Truck18637,291
Truck18638,291
Truck18639,291
Truck18640,291
Truck18641,291
Truck18642,291
Truck18643,291
Truck18644,291
Truck18645,291
Truck18646,291
Truck18647,291
Truck18648,291
Truck18649,291
Truck18650,291
Truck18651,291
Truck18652,291
Truck18653,291
Truck18654,291
Truck18655,291
Truck18656,291
Truck18657,291
Truck18658,291
Truck18659,291
Truck18660,291
Truck18661,291
Truck18720,291
Truck18721,291
Truck18722,291
Truck18723,291
Truck18724,291
Truck18725,291
Truck18726,291
Truck18727,291
Truck18728,291
Truck18729,291
Truck18730,291
Truck18731,291
Truck18732,291
Truck18733,291
Truck18734,291
Truck18735,291
Truck18736,291
Truck18737,291
Truck18738,291
Truck18739,291
Truck18740,291
Truck18741,291
Truck18742,291
Truck18743,291
Truck18744,291
Truck18745,291
Truck18746,291
Truck18747,291
Truck18748,291
Truck18749,291
Truck18750,291
Truck18751,291
Truck18752,291
Truck18753,291
Truck18754,291
Truck18755,291
Truck18756,291
Truck18757,291
Truck18758,291
Truck18759,291
Truck18760,291
Truck18761,291
Truck18762,291
Truck18763,291
Truck18764,291
Truck18765,291
Truck18766,291
Truck18767,291
Truck18768,291
Truck18769,291
Truck18770,291
Truck18771,291
Truck18772,291
Truck18773,291
Truck18774,291
Truck18775,291
Truck18776,291
Truck18777,291
Truck18778,291
Truck18779,291
Truck18780,291
Truck18781,291
Truck18782,291
Truck18783,291
Truck18784,291
Truck18785,291
Truck18786,291
Truck18787,291
Truck18788,291
Truck18789,291
Truck18790,291
Truck18791,291
Truck18792,291
Truck18793,291
Truck18794,291
Truck18795,291
Truck18796,291
Truck18797,291
Truck18798,291
Truck18799,291
Truck18800,291
Truck18801,291
Truck18802,291
Truck18803,291
Truck18804,291
Truck18805,291
Truck18806,291
Truck18807,291
Truck18808,291
Truck18809,291
Truck18810,291
Truck18811,291
Truck18812,291
Truck18813,291
Truck18814,291
Truck18815,291
Truck18816,291
Truck18817,291
Truck18818,291
Truck18819,291
Truck18820,291
Truck18821,291
Truck18822,291
Truck18823,291
Truck18824,291
Truck18825,291
Truck18826,291
Truck18827,291
Truck18828,291
Truck18829,291
Truck18830,291
Truck18831,291
Truck18832,291
Truck18833,291
Truck18834,291
Truck18835,291
Truck18836,291
Truck18837,291
Truck18838,291
Truck18839,291
Truck18840,291
Truck18841,291
Truck18842,291
Truck18843,291
Truck18844,291
Truck18845,291
Truck18846,291
Truck18847,291
Truck18848,291
Truck18849,291
Truck18850,291
Truck18851,291
Truck18852,291
Truck18853,291
Truck18854,291
Truck18855,291
Truck18856,291
Truck18857,291
Truck18858,291
Truck18859,291
Truck18860,291
Truck18861,291
Truck18862,291
Truck18863,291
Truck18864,291
Truck18865,291
Truck18866,291
Truck18867,291
Truck18868,291
Truck18869,291
Truck18870,291
Truck18871,291
Truck18872,291
Truck18873,291
Truck18874,291
Truck18875,291
Truck18876,291
Truck18877,291
Truck18878,291
Truck18879,291
Truck18880,291
Truck18881,291
Truck18882,291
Truck18883,291
Truck18884,291
Truck18885,291
Truck18886,291
Truck18887,291
Truck18888,291
Truck18889,291
Truck18890,291
Truck18891,291
Truck18892,291
Truck18893,291
Truck18894,291
Truck18895,291
Truck18896,291
Truck18897,291
Truck18898,291
Truck18899,291
Truck18900,291
Truck18901,291
Truck18902,291
Truck18903,291
Truck18904,291
Truck18905,291
Truck18906,291
Truck18907,291
Truck18908,291
Truck18909,291
Truck18910,291
Truck18911,291
Truck18912,291
Truck18913,291
Truck18914,291
Truck18915,291
Truck18916,291
Truck18917,291
Truck18918,291
Truck18919,291
Truck18920,291
Truck18921,291
Truck18922,291
Truck18923,291
Truck18924,291
Truck18925,291
Truck18926,291
Truck18927,291
Truck18928,291
Truck18929,291
Truck18930,291
Truck18931,291
Truck18932,291
Truck18933,291
Truck18934,291
Truck18935,291
Truck18936,291
Truck18937,291
Truck18938,291
Truck18939,291
Truck18940,291
Truck18941,291
Truck18942,291
Truck18943,291
Truck18944,291
Truck18945,291
Truck18946,291
Truck18947,291
Truck18948,291
Truck18949,291
Truck18950,291
Truck18951,291
Truck18952,291
Truck18953,291
Truck18954,291
Truck18955,291
Truck18956,291
Truck18957,291
Truck18958,291
Truck18959,291
Truck18960,291
Truck18961,291
Truck18962,291
Truck18963,291
Truck18964,291
Truck18965,291
Truck18966,291
Truck18967,291
Truck18968,291
Truck18969,291
Truck18970,291
Truck18971,291
Truck18972,291
Truck18973,291
Truck18974,291
Truck18975,291
Truck18976,291
Truck18977,291
Truck18978,291
Truck18979,291
Truck18980,291
Truck18981,291
Truck18982,291
Truck18983,291
Truck18984,291
Truck18985,291
Truck18986,291
Truck18987,291
Truck18988,291
Truck18989,291
Truck18990,291
Truck18991,291
Truck18992,291
Truck18993,291
Truck18994,291
Truck18995,291
Truck18996,291
Truck18997,291
Truck18998,291
Truck18999,291
Truck19000,291
Truck19001,291
Truck19002,291
Truck19003,291
Truck19004,291
Truck19005,291
Truck19006,291
Truck19007,291
Truck19008,291
Truck19009,291
Truck19010,291
Truck19011,291
Truck19012,291
Truck19013,291
Truck19014,291
Truck19015,291
Truck19016,291
Truck19017,291
Truck19018,291
Truck19019,291
Truck19020,291
Truck19021,291
Truck19022,291
Truck19023,291
Truck19024,291
Truck19025,291
Truck19026,291
Truck19027,291
Truck19028,291
Truck19029,291
Truck19030,291
Truck19031,291
Truck19032,291
Truck19033,291
Truck19034,291
Truck19035,291
Truck19036,291
Truck19037,291
Truck19038,291
Truck19039,291
Truck19040,291
Truck19041,291
Truck19042,291
Truck19043,291
Truck19044,291
Truck19045,291
Truck19046,291
Truck19047,291
Truck19048,291
Truck19049,291
Truck19050,291
Truck19051,291
Truck19052,291
Truck19053,291
Truck19054,291
Truck19055,291
Truck19056,291
Truck19057,291
Truck19058,291
Truck19059,291
Truck19060,291
Truck19061,291
Truck19062,291
Truck19063,291
Truck19064,291
Truck19065,291
Truck19066,291
Truck19067,291
Truck19068,291
Truck19069,291
Truck19070,291
Truck19071,291
Truck19072,291
Truck19073,291
Truck19074,291
Truck19075,291
Truck19076,291
Truck19077,291
Truck19078,291
Truck19079,291
Truck19080,291
Truck19081,291
Truck19082,291
Truck19083,291
Truck19084,291
Truck19085,291
Truck19086,291
Truck19087,291
Truck19088,291
Truck19089,291
Truck19090,291
Truck19091,291
Truck19092,291
Truck19093,291
Truck19094,291
Truck19095,291
Truck19096,291
Truck19097,291
Truck19098,291
Truck19099,291
Truck19100,291
Truck19101,291
Truck19102,291
Truck19103,291
Truck19104,291
Truck19105,291
Truck19106,291
Truck19107,291
Truck19108,291
Truck19109,291
Truck19110,291
Truck19111,291
Truck19112,291
Truck19113,291
Truck19114,291
Truck19115,291
Truck19116,291
Truck19117,291
Truck19118,291
Truck19119,291
Truck19120,291
Truck19121,291
Truck19122,291
Truck19123,291
Truck19124,291
Truck19125,291
Truck19126,291
Truck19127,291
Truck19128,291
Truck19129,291
Truck19130,291
Truck19131,291
Truck19132,291
Truck19133,291
Truck19134,291
Truck19135,291
Truck19136,291
Truck19137,291
Truck19138,291
Truck19139,291
Truck19140,291
Truck19141,291
Truck19142,291
Truck19143,291
Truck19144,291
Truck19145,291
Truck19146,291
Truck19147,291
Truck19148,291
Truck19149,291
Truck19150,291
Truck19151,291
Truck19152,291
Truck19153,291
Truck19154,291
Truck19155,291
Truck19156,291
Truck19157,291
Truck19158,291
Truck19159,291
Truck19160,291
Truck19161,291
Truck19162,291
Truck19163,291
Truck19164,291
Truck19165,291
Truck19166,291
Truck19167,291
Truck19168,291
Truck19169,291
Truck19170,291
Truck19171,291
Truck19172,291
Truck19173,291
Truck19174,291
Truck19175,291
Truck19176,291
Truck19177,291
Truck19178,291
Truck19179,291
Truck19180,291
Truck19181,291
Truck19182,291
Truck19183,291
Truck19184,291
Truck19185,291
Truck19186,291
Truck19187,291
Truck19188,291
Truck19189,291
Truck19190,291
Truck19191,291
Truck19192,291
Truck19193,291
Truck19194,291
Truck19195,291
Truck19196,291
Truck19197,291
Truck19198,291
Truck19199,291
Truck19200,291
Truck19201,291
Truck19202,291
Truck19203,291
Truck19204,291
Truck19205,291
Truck19206,291
Truck19207,291
Truck19208,291
Truck19209,291
Truck19210,291
Truck19211,291
Truck19212,291
Truck19213,291
Truck19214,291
Truck19215,291
Truck19216,291
Truck19217,291
Truck19218,291
Truck19219,291
Truck19220,291
Truck19221,291
Truck19222,291
Truck19223,291
Truck19224,291
Truck19225,291
Truck19226,291
Truck19227,291
Truck19228,291
Truck19229,291
Truck19230,291
Truck19231,291
Truck19232,291
Truck19233,291
Truck19234,291
Truck19235,291
Truck19236,291
Truck19237,291
Truck19238,291
Truck19239,291
Truck19240,291
Truck19241,291
Truck19242,291
Truck19243,291
Truck19244,291
Truck19245,291
Truck19246,291
Truck19247,291
Truck19248,291
Truck19249,291
Truck19250,291
Truck19251,291
Truck19252,291
Truck19253,291
Truck19254,291
Truck19255,291
Truck19256,291
Truck19257,291
Truck19258,291
Truck19259,291
Truck19260,291
Truck19261,291
Truck19262,291
Truck19263,291
Truck19264,291
Truck19265,291
Truck19266,291
Truck19267,291
Truck19268,291
Truck19269,291
Truck19270,291
Truck19271,291
Truck19272,291
Truck19273,291
Truck19274,291
Truck19275,291
Truck19276,291
Truck19277,291
Truck19278,291
Truck19279,291
Truck19280,291
Truck19281,291
Truck19282,291
Truck19283,291
Truck19284,291
Truck19285,291
Truck19286,291
Truck19287,291
Truck19288,291
Truck19289,291
Truck19290,291
Truck19291,291
Truck19292,291
Truck19293,291
Truck19294,291
Truck19295,291
Truck19296,291
Truck19297,291
Truck19298,291
Truck19299,291
Truck19300,291
Truck19301,291
Truck19302,291
Truck19303,291
Truck19304,291
Truck19305,291
Truck19306,291
Truck19307,291
Truck19308,291
Truck19309,291
Truck19310,291
Truck19311,291
Truck19312,291
Truck19313,291
Truck19314,291
Truck19315,291
Truck19316,291
Truck19317,291
Truck19318,291
Truck19319,291
Truck19320,291
Truck19321,291
Truck19322,291
Truck19323,291
Truck19324,291
Truck19325,291
Truck19326,291
Truck19327,291
Truck19328,291
Truck19329,291
Truck19330,291
Truck19331,291
Truck19332,291
Truck19333,291
Truck19334,291
Truck19335,291
Truck19336,291
Truck19337,291
Truck19338,291
Truck19339,291
Truck19340,291
Truck19341,291
Truck19342,291
Truck19343,291
Truck19344,291
Truck19345,291
Truck19346,291
Truck19347,291
Truck19348,291
Truck19349,291
Truck19350,291
Truck19351,291
Truck19352,291
Truck19353,291
Truck19354,291
Truck19355,291
Truck19356,291
Truck19357,291
Truck19358,291
Truck19359,291
Truck19360,291
Truck19361,291
Truck19362,291
Truck19363,291
Truck19364,291
Truck19365,291
Truck19366,291
Truck19367,291
Truck19368,291
Truck19369,291
Truck19370,291
Truck19371,291
Truck19372,291
Truck19373,291
Truck19374,291
Truck19375,291
Truck19376,291
Truck19377,291
Truck19378,291
Truck19379,291
Truck19380,291
Truck19381,291
Truck19382,291
Truck19383,291
Truck19384,291
Truck19385,291
Truck19386,291
Truck19387,291
Truck19388,291
Truck19389,291
Truck19390,291
Truck19391,291
Truck19392,291
Truck19393,291
Truck19394,291
Truck19395,291
Truck19396,291
Truck19397,291
Truck19398,291
Truck19399,291
Truck19400,291
Truck19401,291
Truck19402,291
Truck19403,291
Truck19404,291
Truck19405,291
Truck19406,291
Truck19407,291
Truck19408,291
Truck19409,291
Truck19410,291
Truck19411,291
Truck19412,291
Truck19413,291
Truck19414,291
Truck19415,291
Truck19416,291
Truck19417,291
Truck19418,291
Truck19419,291
Truck19420,291
Truck19421,291
Truck19422,291
Truck19423,291
Truck19424,291
Truck19425,291
Truck19426,291
Truck19427,291
Truck19428,291
Truck19429,291
Truck19430,291
Truck19431,291
Truck19432,291
Truck19433,291
Truck19434,291
Truck19435,291
Truck19436,291
Truck19437,291
Truck19438,291
Truck19439,291
Truck19440,291
Truck19441,291
Truck19442,291
Truck19443,291
Truck19444,291
Truck19445,291
Truck19446,291
Truck19447,291
Truck19448,291
Truck19449,291
Truck19450,291
Truck19451,291
Truck19452,291
Truck19453,291
Truck19454,291
Truck19455,291
Truck19456,291
Truck19457,291
Truck19458,291
Truck19459,291
Truck19460,291
Truck19461,291
Truck19462,291
Truck19463,291
Truck19464,291
Truck19465,291
Truck19466,291
Truck19467,291
Truck19468,291
Truck19469,291
Truck19470,291
Truck19471,291
Truck19472,291
Truck19473,291
Truck19474,291
Truck19475,291
Truck19476,291
Truck19477,291
Truck19478,291
Truck19479,291
Truck19480,291
Truck19481,291
Truck19482,291
Truck19483,291
Truck19484,291
Truck19485,291
Truck19486,291
Truck19487,291
Truck19488,291
Truck19489,291
Truck19490,291
Truck19491,291
Truck19492,291
Truck19493,291
Truck19494,291
Truck19495,291
Truck19496,291
Truck19497,291
Truck19498,291
Truck19499,291
Truck19500,291
Truck19501,291
Truck19502,291
Truck19503,291
Truck19504,291
Truck19505,291
Truck19506,291
Truck19507,291
Truck19508,291
Truck19509,291
Truck19510,291
Truck19511,291
Truck19512,291
Truck19513,291
Truck19514,291
Truck19515,291
Truck19516,291
Truck19517,291
Truck19518,291
Truck19519,291
Truck19520,291
Truck19521,291
Truck19522,291
Truck19523,291
Truck19524,291
Truck19525,291
Truck19526,291
Truck19527,291
Truck19528,291
Truck19529,291
Truck19530,291
Truck19531,291
Truck19532,291
Truck19533,291
Truck19534,291
Truck19535,291
Truck19536,291
Truck19537,291
Truck19538,291
Truck19539,291
Truck19540,291
Truck19541,291
Truck19542,291
Truck19543,291
Truck19544,291
Truck19545,291
Truck19546,291
Truck19547,291
Truck19548,291
Truck19549,291
Truck19550,291
Truck19551,291
Truck19552,291
Truck19553,291
Truck19554,291
Truck19555,291
Truck19556,291
Truck19557,291
Truck19558,291
Truck19559,291
Truck19560,291
Truck19561,291
Truck19562,291
Truck19563,291
Truck19564,291
Truck19565,291
Truck19566,291
Truck19567,291
Truck19568,291
Truck19569,291
Truck19570,291
Truck19571,291
Truck19572,291
Truck19573,291
Truck19574,291
Truck19575,291
Truck19576,291
Truck19577,291
Truck19578,291
Truck19579,291
Truck19580,291
Truck19581,291
Truck19582,291
Truck19583,291
Truck19584,291
Truck19585,291
Truck19586,291
Truck19587,291
Truck19588,291
Truck19589,291
Truck19590,291
Truck19591,291
Truck19592,291
Truck19593,291
Truck19594,291
Truck19595,291
Truck19596,291
Truck19597,291
Truck19598,291
Truck19599,291
Truck19600,291
Truck19601,291
Truck19602,291
Truck19603,291
Truck19604,291
Truck19605,291
Truck19606,291
Truck19607,291
Truck19608,291
Truck19609,291
Truck19610,291
Truck19611,291
Truck19612,291
Truck19613,291
Truck19614,291
Truck19615,291
Truck19616,291
Truck19617,291
Truck19618,291
Truck19619,291
Truck19620,291
Truck19621,291
Truck19622,291
Truck19623,291
Truck19624,291
Truck19625,291
Truck19626,291
Truck19627,291
Truck19628,291
Truck19629,291
Truck19630,291
Truck19631,291
Truck19632,291
Truck19633,291
Truck19634,291
Truck19635,291
Truck19636,291
Truck19637,291
Truck19638,291
Truck19639,291
Truck19640,291
Truck19641,291
Truck19642,291
Truck19643,291
Truck19644,291
Truck19645,291
Truck19646,291
Truck19647,291
Truck19648,291
Truck19649,291
Truck19650,291
Truck19651,291
Truck19652,291
Truck19653,291
Truck19654,291
Truck19655,291
Truck19656,291
Truck19657,291
Truck19658,291
Truck19659,291
Truck19660,291
Truck19661,291
Truck19662,291
Truck19663,291
Truck19664,291
Truck19665,291
Truck19666,291
Truck19667,291
Truck19668,291
Truck19669,291
Truck19670,291
Truck19671,291
Truck19672,291
Truck19673,291
Truck19674,291
Truck19675,291
Truck19676,291
Truck19677,291
Truck19678,291
Truck19679,291
Truck19680,291
Truck19681,291
Truck19682,291
Truck19683,291
Truck19684,291
Truck19685,291
Truck19686,291
Truck19687,291
Truck19688,291
Truck19689,291
Truck19690,291
Truck19691,291
Truck19692,291
Truck19693,291
Truck19694,291
Truck19695,291
Truck19696,291
Truck19697,291
Truck19698,291
Truck19699,291
Truck19700,291
Truck19701,291
Truck19702,291
Truck19703,291
Truck19704,291
Truck19705,291
Truck19706,291
Truck19707,291
Truck19708,291
Truck19709,291
Truck19710,291
Truck19711,291
Truck19712,291
Truck19713,291
Truck19714,291
Truck19715,291
Truck19716,291
Truck19717,291
Truck19718,291
Truck19719,291
Truck19720,291
Truck19721,291
Truck19722,291
Truck19723,291
Truck19724,291
Truck19725,291
Truck19726,291
Truck19727,291
Truck19728,291
Truck19729,291
Truck19730,291
Truck19731,291
Truck19732,291
Truck19733,291
Truck19734,291
Truck19735,291
Truck19736,291
Truck19737,291
Truck19738,291
Truck19739,291
Truck19740,291
Truck19741,291
Truck19742,291
Truck19743,291
Truck19744,291
Truck19745,291
Truck19746,291
Truck19747,291
Truck19748,291
Truck19749,291
Truck19750,291
Truck19751,291
Truck19752,291
Truck19753,291
Truck19754,291
Truck19755,291
Truck19756,291
Truck19757,291
Truck19758,291
Truck19759,291
Truck19760,291
Truck19761,291
Truck19762,291
Truck19763,291
Truck19764,291
Truck19765,291
Truck19766,291
Truck19767,291
Truck19768,291
Truck19769,291
Truck19770,291
Truck19771,291
Truck19772,291
Truck19773,291
Truck19774,291
Truck19775,291
Truck19776,291
Truck19777,291
Truck19778,291
Truck19779,291
Truck19780,291
Truck19781,291
Truck19782,291
Truck19783,291
Truck19784,291
Truck19785,291
Truck19786,291
Truck19787,291
Truck19788,291
Truck19789,291
Truck19790,291
Truck19791,291
Truck19792,291
Truck19793,291
Truck19794,291
Truck19795,291
Truck19796,291
Truck19797,291
Truck19798,291
Truck19799,291
Truck19800,291
Truck19801,291
Truck19802,291
Truck19803,291
Truck19804,291
Truck19805,291
Truck19806,291
Truck19807,291
Truck19808,291
Truck19809,291
Truck19810,291
Truck19811,291
Truck19812,291
Truck19813,291
Truck19814,291
Truck19815,291
Truck19816,291
Truck19817,291
Truck19818,291
Truck19819,291
Truck19820,291
Truck19821,291
Truck19822,291
Truck19823,291
Truck19824,291
Truck19825,291
Truck19826,291
Truck19827,291
Truck19828,291
Truck19829,291
Truck19830,291
Truck19831,291
Truck19832,291
Truck19833,291
Truck19834,291
Truck19835,291
Truck19836,291
Truck19837,291
Truck19838,291
Truck19839,291
Truck19840,291
Truck19841,291
Truck19842,291
Truck19843,291
Truck19844,291
Truck19845,291
Truck19846,291
Truck19847,291
Truck19848,291
Truck19849,291
Truck19850,291
Truck19851,291
Truck19852,291
Truck19853,291
Truck19854,291
Truck19855,291
Truck19856,291
Truck19857,291
Truck19858,291
Truck19859,291
Truck19860,291
Truck19861,291
Truck19862,291
Truck19863,291
Truck19864,291
Truck19865,291
Truck19866,291
Truck19867,291
Truck19868,291
Truck19869,291
Truck19870,291
Truck19871,291
Truck19872,291
Truck19873,291
Truck19874,291
Truck19875,291
Truck19876,291
Truck19877,291
Truck19878,291
Truck19879,291
Truck19880,291
Truck19881,291
Truck19882,291
Truck19883,291
Truck19884,291
Truck19885,291
Truck19886,291
Truck19887,291
Truck19888,291
Truck19889,291
Truck19890,291
Truck19891,291
Truck19892,291
Truck19893,291
Truck19894,291
Truck19895,291
Truck19896,291
Truck19897,291
Truck19898,291
Truck19899,291
Truck19900,291
Truck19901,291
Truck19902,291
Truck19903,291
Truck19904,291
Truck19905,291
Truck19906,291
Truck19907,291
Truck19908,291
Truck19909,291
Truck19910,291
Truck19911,291
Truck19912,291
Truck19913,291
Truck19914,291
Truck19915,291
Truck19916,291
Truck19917,291
Truck19918,291
Truck19919,291
Truck19920,291
Truck19921,291
Truck19922,291
Truck19923,291
Truck19924,291
Truck19925,291
Truck19926,291
Truck19927,291
Truck19928,291
Truck19929,291
Truck19930,291
Truck19931,291
Truck19932,291
Truck19933,291
Truck19934,291
Truck19935,291
Truck19936,291
Truck19937,291
Truck19938,291
Truck19939,291
Truck19940,291
Truck19941,291
Truck19942,291
Truck19943,291
Truck19944,291
Truck19945,291
Truck19946,291
Truck19947,291
Truck19948,291
Truck19949,291
Truck19950,291
Truck19951,291
Truck19952,291
Truck19953,291
Truck19954,291
Truck19955,291
Truck19956,291
Truck19957,291
Truck19958,291
Truck19959,291
Truck19960,291
Truck19961,291
Truck19962,291
Truck19963,291
Truck19964,291
Truck19965,291
Truck19966,291
Truck19967,291
Truck19968,291
Truck19969,291
Truck19970,291
Truck19971,291
Truck19972,291
Truck19973,291
Truck19974,291
Truck19975,291
Truck19976,291
Truck19977,291
Truck19978,291
Truck19979,291
Truck19980,291
Truck19981,291
Truck19982,291
Truck19983,291
Truck19984,291
Truck19985,291
Truck19986,291
Truck19987,291
Truck19988,291
Truck19989,291
Truck19990,291
Truck19991,291
Truck19992,291
Truck19993,291
Truck19994,291
Truck19995,291
Truck19996,291
Truck19997,291
Truck19998,291
Truck19999,291
Truck20000,291
Truck20001,291
Truck20002,291
Truck20003,291
Truck20004,291
Truck20005,291
Truck20006,291
Truck20007,291
Truck20008,291
Truck20009,291
Truck20010,291
Truck20011,291
Truck20012,291
Truck20013,291
Truck20014,291
Truck20015,291
Truck20016,291
Truck20017,291
Truck20018,291
Truck20019,291
Truck20020,291
Truck20021,291
Truck20022,291
Truck20023,291
Truck20024,291
Truck20025,291
Truck20026,291
Truck20027,291
Truck20028,291
Truck20029,291
Truck20030,291
Truck20031,291
Truck20032,291
Truck20033,291
Truck20034,291
Truck20035,291
Truck20036,291
Truck20037,291
Truck20038,291
Truck20039,291
Truck20040,291
Truck20041,291
Truck20042,291
Truck20043,291
Truck20044,291
Truck20045,291
Truck20046,291
Truck20047,291
Truck20048,291
Truck20049,291
Truck20050,291
Truck20051,291
Truck20052,291
Truck20053,291
Truck20054,291
Truck20055,291
Truck20056,291
Truck20057,291
Truck20058,291
Truck20059,291
Truck20060,291
Truck20061,291
Truck20062,291
Truck20063,291
Truck20064,291
Truck20065,291
Truck20066,291
Truck20067,291
Truck20068,291
Truck20069,291
Truck20070,291
Truck20071,291
Truck20072,291
Truck20073,291
Truck20074,291
Truck20075,291
Truck20076,291
Truck20077,291
Truck20078,291
Truck20079,291
Truck20080,291
Truck20081,291
Truck20082,291
Truck20083,291
Truck20084,291
Truck20085,291
Truck20086,291
Truck20087,291
Truck20088,291
Truck20089,291
Truck20090,291
Truck20091,291
Truck20092,291
Truck20093,291
Truck20094,291
Truck20095,291
Truck20096,291
Truck20097,291
Truck20098,291
Truck20099,291
Truck20100,291
Truck20101,291
Truck20160,291
Truck20161,291
Truck20162,291
Truck20163,291
Truck20164,291
Truck20165,291
Truck20166,291
Truck20167,291
Truck20168,291
Truck20169,291
Truck20170,291
Truck20171,291
Truck20172,291
Truck20173,291
Truck20174,291
Truck20175,291
Truck20176,291
Truck20177,291
Truck20178,291
Truck20179,291
Truck20180,291
Truck20181,291
Truck20182,291
Truck20183,291
Truck20184,291
Truck20185,291
Truck20186,291
Truck20187,291
Truck20188,291
Truck20189,291
Truck20190,291
Truck20191,291
Truck20192,291
Truck20193,291
Truck20194,291
Truck20195,291
Truck20196,291
Truck20197,291
Truck20198,291
Truck20199,291
Truck20200,291
Truck20201,291
Truck20202,291
Truck20203,291
Truck20204,291
Truck20205,291
Truck20206,291
Truck20207,291
Truck20208,291
Truck20209,291
Truck20210,291
Truck20211,291
Truck20212,291
Truck20213,291
Truck20214,291
Truck20215,291
Truck20216,291
Truck20217,291
Truck20218,291
Truck20219,291
Truck20220,291
Truck20221,291
Truck20222,291
Truck20223,291
Truck20224,291
Truck20225,291
Truck20226,291
Truck20227,291
Truck20228,291
Truck20229,291
Truck20230,291
Truck20231,291
Truck20232,291
Truck20233,291
Truck20234,291
Truck20235,291
Truck20236,291
Truck20237,291
Truck20238,291
Truck20239,291
Truck20240,291
Truck20241,291
Truck20242,291
Truck20243,291
Truck20244,291
Truck20245,291
Truck20246,291
Truck20247,291
Truck20248,291
Truck20249,291
Truck20250,291
Truck20251,291
Truck20252,291
Truck20253,291
Truck20254,291
Truck20255,291
Truck20256,291
Truck20257,291
Truck20258,291
Truck20259,291
Truck20260,291
Truck20261,291
Truck20262,291
Truck20263,291
Truck20264,291
Truck20265,291
Truck20266,291
Truck20267,291
Truck20268,291
Truck20269,291
Truck20270,291
Truck20271,291
Truck20272,291
Truck20273,291
Truck20274,291
Truck20275,291
Truck20276,291
Truck20277,291
Truck20278,291
Truck20279,291
Truck20280,291
Truck20281,291
Truck20282,291
Truck20283,291
Truck20284,291
Truck20285,291
Truck20286,291
Truck20287,291
Truck20288,291
Truck20289,291
Truck20290,291
Truck20291,291
Truck20292,291
Truck20293,291
Truck20294,291
Truck20295,291
Truck20296,291
Truck20297,291
Truck20298,291
Truck20299,291
Truck20300,291
Truck20301,291
Truck20302,291
Truck20303,291
Truck20304,291
Truck20305,291
Truck20306,291
Truck20307,291
Truck20308,291
Truck20309,291
Truck20310,291
Truck20311,291
Truck20312,291
Truck20313,291
Truck20314,291
Truck20315,291
Truck20316,291
Truck20317,291
Truck20318,291
Truck20319,291
Truck20320,291
Truck20321,291
Truck20322,291
Truck20323,291
Truck20324,291
Truck20325,291
Truck20326,291
Truck20327,291
Truck20328,291
Truck20329,291
Truck20330,291
Truck20331,291
Truck20332,291
Truck20333,291
Truck20334,291
Truck20335,291
Truck20336,291
Truck20337,291
Truck20338,291
Truck20339,291
Truck20340,291
Truck20341,291
Truck20342,291
Truck20343,291
Truck20344,291
Truck20345,291
Truck20346,291
Truck20347,291
Truck20348,291
Truck20349,291
Truck20350,291
Truck20351,291
Truck20352,291
Truck20353,291
Truck20354,291
Truck20355,291
Truck20356,291
Truck20357,291
Truck20358,291
Truck20359,291
Truck20360,291
Truck20361,291
Truck20362,291
Truck20363,291
Truck20364,291
Truck20365,291
Truck20366,291
Truck20367,291
Truck20368,291
Truck20369,291
Truck20370,291
Truck20371,291
Truck20372,291
Truck20373,291
Truck20374,291
Truck20375,291
Truck20376,291
Truck20377,291
Truck20378,291
Truck20379,291
Truck20380,291
Truck20381,291
Truck20382,291
Truck20383,291
Truck20384,291
Truck20385,291
Truck20386,291
Truck20387,291
Truck20388,291
Truck20389,291
Truck20390,291
Truck20391,291
Truck20392,291
Truck20393,291
Truck20394,291
Truck20395,291
Truck20396,291
Truck20397,291
Truck20398,291
Truck20399,291
Truck20400,291
Truck20401,291
Truck20402,291
Truck20403,291
Truck20404,291
Truck20405,291
Truck20406,291
Truck20407,291
Truck20408,291
Truck20409,291
Truck20410,291
Truck20411,291
Truck20412,291
Truck20413,291
Truck20414,291
Truck20415,291
Truck20416,291
Truck20417,291
Truck20418,291
Truck20419,291
Truck20420,291
Truck20421,291
Truck20422,291
Truck20423,291
Truck20424,291
Truck20425,291
Truck20426,291
Truck20427,291
Truck20428,291
Truck20429,291
Truck20430,291
Truck20431,291
Truck20432,291
Truck20433,291
Truck20434,291
Truck20435,291
Truck20436,291
Truck20437,291
Truck20438,291
Truck20439,291
Truck20440,291
Truck20441,291
Truck20442,291
Truck20443,291
Truck20444,291
Truck20445,291
Truck20446,291
Truck20447,291
Truck20448,291
Truck20449,291
Truck20450,291
Truck20451,291
Truck20452,291
Truck20453,291
Truck20454,291
Truck20455,291
Truck20456,291
Truck20457,291
Truck20458,291
Truck20459,291
Truck20460,291
Truck20461,291
Truck20462,291
Truck20463,291
Truck20464,291
Truck20465,291
Truck20466,291
Truck20467,291
Truck20468,291
Truck20469,291
Truck20470,291
Truck20471,291
Truck20472,291
Truck20473,291
Truck20474,291
Truck20475,291
Truck20476,291
Truck20477,291
Truck20478,291
Truck20479,291
Truck20480,291
Truck20481,291
Truck20482,291
Truck20483,291
Truck20484,291
Truck20485,291
Truck20486,291
Truck20487,291
Truck20488,291
Truck20489,291
Truck20490,291
Truck20491,291
Truck20492,291
Truck20493,291
Truck20494,291
Truck20495,291
Truck20496,291
Truck20497,291
Truck20498,291
Truck20499,291
Truck20500,291
Truck20501,291
Truck20502,291
Truck20503,291
Truck20504,291
Truck20505,291
Truck20506,291
Truck20507,291
Truck20508,291
Truck20509,291
Truck20510,291
Truck20511,291
Truck20512,291
Truck20513,291
Truck20514,291
Truck20515,291
Truck20516,291
Truck20517,291
Truck20518,291
Truck20519,291
Truck20520,291
Truck20521,291
Truck20522,291
Truck20523,291
Truck20524,291
Truck20525,291
Truck20526,291
Truck20527,291
Truck20528,291
Truck20529,291
Truck20530,291
Truck20531,291
Truck20532,291
Truck20533,291
Truck20534,291
Truck20535,291
Truck20536,291
Truck20537,291
Truck20538,291
Truck20539,291
Truck20540,291
Truck20541,291
Truck20542,291
Truck20543,291
Truck20544,291
Truck20545,291
Truck20546,291
Truck20547,291
Truck20548,291
Truck20549,291
Truck20550,291
Truck20551,291
Truck20552,291
Truck20553,291
Truck20554,291
Truck20555,291
Truck20556,291
Truck20557,291
Truck20558,291
Truck20559,291
Truck20560,291
Truck20561,291
Truck20562,291
Truck20563,291
Truck20564,291
Truck20565,291
Truck20566,291
Truck20567,291
Truck20568,291
Truck20569,291
Truck20570,291
Truck20571,291
Truck20572,291
Truck20573,291
Truck20574,291
Truck20575,291
Truck20576,291
Truck20577,291
Truck20578,291
Truck20579,291
Truck20580,291
Truck20581,291
Truck20582,291
Truck20583,291
Truck20584,291
Truck20585,291
Truck20586,291
Truck20587,291
Truck20588,291
Truck20589,291
Truck20590,291
Truck20591,291
Truck20592,291
Truck20593,291
Truck20594,291
Truck20595,291
Truck20596,291
Truck20597,291
Truck20598,291
Truck20599,291
Truck20600,291
Truck20601,291
Truck20602,291
Truck20603,291
Truck20604,291
Truck20605,291
Truck20606,291
Truck20607,291
Truck20608,291
Truck20609,291
Truck20610,291
Truck20611,291
Truck20612,291
Truck20613,291
Truck20614,291
Truck20615,291
Truck20616,291
Truck20617,291
Truck20618,291
Truck20619,291
Truck20620,291
Truck20621,291
Truck20622,291
Truck20623,291
Truck20624,291
Truck20625,291
Truck20626,291
Truck20627,291
Truck20628,291
Truck20629,291
Truck20630,291
Truck20631,291
Truck20632,291
Truck20633,291
Truck20634,291
Truck20635,291
Truck20636,291
Truck20637,291
Truck20638,291
Truck20639,291
Truck20640,291
Truck20641,291
Truck20642,291
Truck20643,291
Truck20644,291
Truck20645,291
Truck20646,291
Truck20647,291
Truck20648,291
Truck20649,291
Truck20650,291
Truck20651,291
Truck20652,291
Truck20653,291
Truck20654,291
Truck20655,291
Truck20656,291
Truck20657,291
Truck20658,291
Truck20659,291
Truck20660,291
Truck20661,291
Truck20662,291
Truck20663,291
Truck20664,291
Truck20665,291
Truck20666,291
Truck20667,291
Truck20668,291
Truck20669,291
Truck20670,291
Truck20671,291
Truck20672,291
Truck20673,291
Truck20674,291
Truck20675,291
Truck20676,291
Truck20677,291
Truck20678,291
Truck20679,291
Truck20680,291
Truck20681,291
Truck20682,291
Truck20683,291
Truck20684,291
Truck20685,291
Truck20686,291
Truck20687,291
Truck20688,291
Truck20689,291
Truck20690,291
Truck20691,291
Truck20692,291
Truck20693,291
Truck20694,291
Truck20695,291
Truck20696,291
Truck20697,291
Truck20698,291
Truck20699,291
Truck20700,291
Truck20701,291
Truck20702,291
Truck20703,291
Truck20704,291
Truck20705,291
Truck20706,291
Truck20707,291
Truck20708,291
Truck20709,291
Truck20710,291
Truck20711,291
Truck20712,291
Truck20713,291
Truck20714,291
Truck20715,291
Truck20716,291
Truck20717,291
Truck20718,291
Truck20719,291
Truck20720,291
Truck20721,291
Truck20722,291
Truck20723,291
Truck20724,291
Truck20725,291
Truck20726,291
Truck20727,291
Truck20728,291
Truck20729,291
Truck20730,291
Truck20731,291
Truck20732,291
Truck20733,291
Truck20734,291
Truck20735,291
Truck20736,291
Truck20737,291
Truck20738,291
Truck20739,291
Truck20740,291
Truck20741,291
Truck20742,291
Truck20743,291
Truck20744,291
Truck20745,291
Truck20746,291
Truck20747,291
Truck20748,291
Truck20749,291
Truck20750,291
Truck20751,291
Truck20752,291
Truck20753,291
Truck20754,291
Truck20755,291
Truck20756,291
Truck20757,291
Truck20758,291
Truck20759,291
Truck20760,291
Truck20761,291
Truck20762,291
Truck20763,291
Truck20764,291
Truck20765,291
Truck20766,291
Truck20767,291
Truck20768,291
Truck20769,291
Truck20770,291
Truck20771,291
Truck20772,291
Truck20773,291
Truck20774,291
Truck20775,291
Truck20776,291
Truck20777,291
Truck20778,291
Truck20779,291
Truck20780,291
Truck20781,291
Truck20782,291
Truck20783,291
Truck20784,291
Truck20785,291
Truck20786,291
Truck20787,291
Truck20788,291
Truck20789,291
Truck20790,291
Truck20791,291
Truck20792,291
Truck20793,291
Truck20794,291
Truck20795,291
Truck20796,291
Truck20797,291
Truck20798,291
Truck20799,291
Truck20800,291
Truck20801,291
Truck20802,291
Truck20803,291
Truck20804,291
Truck20805,291
Truck20806,291
Truck20807,291
Truck20808,291
Truck20809,291
Truck20810,291
Truck20811,291
Truck20812,291
Truck20813,291
Truck20814,291
Truck20815,291
Truck20816,291
Truck20817,291
Truck20818,291
Truck20819,291
Truck20820,291
Truck20821,291
Truck20822,291
Truck20823,291
Truck20824,291
Truck20825,291
Truck20826,291
Truck20827,291
Truck20828,291
Truck20829,291
Truck20830,291
Truck20831,291
Truck20832,291
Truck20833,291
Truck20834,291
Truck20835,291
Truck20836,291
Truck20837,291
Truck20838,291
Truck20839,291
Truck20840,291
Truck20841,291
Truck20842,291
Truck20843,291
Truck20844,291
Truck20845,291
Truck20846,291
Truck20847,291
Truck20848,291
Truck20849,291
Truck20850,291
Truck20851,291
Truck20852,291
Truck20853,291
Truck20854,291
Truck20855,291
Truck20856,291
Truck20857,291
Truck20858,291
Truck20859,291
Truck20860,291
Truck20861,291
Truck20862,291
Truck20863,291
Truck20864,291
Truck20865,291
Truck20866,291
Truck20867,291
Truck20868,291
Truck20869,291
Truck20870,291
Truck20871,291
Truck20872,291
Truck20873,291
Truck20874,291
Truck20875,291
Truck20876,291
Truck20877,291
Truck20878,291
Truck20879,291
Truck20880,291
Truck20881,291
Truck20882,291
Truck20883,291
Truck20884,291
Truck20885,291
Truck20886,291
Truck20887,291
Truck20888,291
Truck20889,291
Truck20890,291
Truck20891,291
Truck20892,291
Truck20893,291
Truck20894,291
Truck20895,291
Truck20896,291
Truck20897,291
Truck20898,291
Truck20899,291
Truck20900,291
Truck20901,291
Truck20902,291
Truck20903,291
Truck20904,291
Truck20905,291
Truck20906,291
Truck20907,291
Truck20908,291
Truck20909,291
Truck20910,291
Truck20911,291
Truck20912,291
Truck20913,291
Truck20914,291
Truck20915,291
Truck20916,291
Truck20917,291
Truck20918,291
Truck20919,291
Truck20920,291
Truck20921,291
Truck20922,291
Truck20923,291
Truck20924,291
Truck20925,291
Truck20926,291
Truck20927,291
Truck20928,291
Truck20929,291
Truck20930,291
Truck20931,291
Truck20932,291
Truck20933,291
Truck20934,291
Truck20935,291
Truck20936,291
Truck20937,291
Truck20938,291
Truck20939,291
Truck20940,291
Truck20941,291
Truck20942,291
Truck20943,291
Truck20944,291
Truck20945,291
Truck20946,291
Truck20947,291
Truck20948,291
Truck20949,291
Truck20950,291
Truck20951,291
Truck20952,291
Truck20953,291
Truck20954,291
Truck20955,291
Truck20956,291
Truck20957,291
Truck20958,291
Truck20959,291
Truck20960,291
Truck20961,291
Truck20962,291
Truck20963,291
Truck20964,291
Truck20965,291
Truck20966,291
Truck20967,291
Truck20968,291
Truck20969,291
Truck20970,291
Truck20971,291
Truck20972,291
Truck20973,291
Truck20974,291
Truck20975,291
Truck20976,291
Truck20977,291
Truck20978,291
Truck20979,291
Truck20980,291
Truck20981,291
Truck20982,291
Truck20983,291
Truck20984,291
Truck20985,291
Truck20986,291
Truck20987,291
Truck20988,291
Truck20989,291
Truck20990,291
Truck20991,291
Truck20992,291
Truck20993,291
Truck20994,291
Truck20995,291
Truck20996,291
Truck20997,291
Truck20998,291
Truck20999,291
Truck21000,291
Truck21001,291
Truck21002,291
Truck21003,291
Truck21004,291
Truck21005,291
Truck21006,291
Truck21007,291
Truck21008,291
Truck21009,291
Truck21010,291
Truck21011,291
Truck21012,291
Truck21013,291
Truck21014,291
Truck21015,291
Truck21016,291
Truck21017,291
Truck21018,291
Truck21019,291
Truck21020,291
Truck21021,291
Truck21022,291
Truck21023,291
Truck21024,291
Truck21025,291
Truck21026,291
Truck21027,291
Truck21028,291
Truck21029,291
Truck21030,291
Truck21031,291
Truck21032,291
Truck21033,291
Truck21034,291
Truck21035,291
Truck21036,291
Truck21037,291
Truck21038,291
Truck21039,291
Truck21040,291
Truck21041,291
Truck21042,291
Truck21043,291
Truck21044,291
Truck21045,291
Truck21046,291
Truck21047,291
Truck21048,291
Truck21049,291
Truck21050,291
Truck21051,291
Truck21052,291
Truck21053,291
Truck21054,291
Truck21055,291
Truck21056,291
Truck21057,291
Truck21058,291
Truck21059,291
Truck21060,291
Truck21061,291
Truck21062,291
Truck21063,291
Truck21064,291
Truck21065,291
Truck21066,291
Truck21067,291
Truck21068,291
Truck21069,291
Truck21070,291
Truck21071,291
Truck21072,291
Truck21073,291
Truck21074,291
Truck21075,291
Truck21076,291
Truck21077,291
Truck21078,291
Truck21079,291
Truck21080,291
Truck21081,291
Truck21082,291
Truck21083,291
Truck21084,291
Truck21085,291
Truck21086,291
Truck21087,291
Truck21088,291
Truck21089,291
Truck21090,291
Truck21091,291
Truck21092,291
Truck21093,291
Truck21094,291
Truck21095,291
Truck21096,291
Truck21097,291
Truck21098,291
Truck21099,291
Truck21100,291
Truck21101,291
Truck21102,291
Truck21103,291
Truck21104,291
Truck21105,291
Truck21106,291
Truck21107,291
Truck21108,291
Truck21109,291
Truck21110,291
Truck21111,291
Truck21112,291
Truck21113,291
Truck21114,291
Truck21115,291
Truck21116,291
Truck21117,291
Truck21118,291
Truck21119,291
Truck21120,291
Truck21121,291
Truck21122,291
Truck21123,291
Truck21124,291
Truck21125,291
Truck21126,291
Truck21127,291
Truck21128,291
Truck21129,291
Truck21130,291
Truck21131,291
Truck21132,291
Truck21133,291
Truck21134,291
Truck21135,291
Truck21136,291
Truck21137,291
Truck21138,291
Truck21139,291
Truck21140,291
Truck21141,291
Truck21142,291
Truck21143,291
Truck21144,291
Truck21145,291
Truck21146,291
Truck21147,291
Truck21148,291
Truck21149,291
Truck21150,291
Truck21151,291
Truck21152,291
Truck21153,291
Truck21154,291
Truck21155,291
Truck21156,291
Truck21157,291
Truck21158,291
Truck21159,291
Truck21160,291
Truck21161,291
Truck21162,291
Truck21163,291
Truck21164,291
Truck21165,291
Truck21166,291
Truck21167,291
Truck21168,291
Truck21169,291
Truck21170,291
Truck21171,291
Truck21172,291
Truck21173,291
Truck21174,291
Truck21175,291
Truck21176,291
Truck21177,291
Truck21178,291
Truck21179,291
Truck21180,291
Truck21181,291
Truck21182,291
Truck21183,291
Truck21184,291
Truck21185,291
Truck21186,291
Truck21187,291
Truck21188,291
Truck21189,291
Truck21190,291
Truck21191,291
Truck21192,291
Truck21193,291
Truck21194,291
Truck21195,291
Truck21196,291
Truck21197,291
Truck21198,291
Truck21199,291
Truck21200,291
Truck21201,291
Truck21202,291
Truck21203,291
Truck21204,291
Truck21205,291
Truck21206,291
Truck21207,291
Truck21208,291
Truck21209,291
Truck21210,291
Truck21211,291
Truck21212,291
Truck21213,291
Truck21214,291
Truck21215,291
Truck21216,291
Truck21217,291
Truck21218,291
Truck21219,291
Truck21220,291
Truck21221,291
Truck21222,291
Truck21223,291
Truck21224,291
Truck21225,291
Truck21226,291
Truck21227,291
Truck21228,291
Truck21229,291
Truck21230,291
Truck21231,291
Truck21232,291
Truck21233,291
Truck21234,291
Truck21235,291
Truck21236,291
Truck21237,291
Truck21238,291
Truck21239,291
Truck21240,291
Truck21241,291
Truck21242,291
Truck21243,291
Truck21244,291
Truck21245,291
Truck21246,291
Truck21247,291
Truck21248,291
Truck21249,291
Truck21250,291
Truck21251,291
Truck21252,291
Truck21253,291
Truck21254,291
Truck21255,291
Truck21256,291
Truck21257,291
Truck21258,291
Truck21259,291
Truck21260,291
Truck21261,291
Truck21262,291
Truck21263,291
Truck21264,291
Truck21265,291
Truck21266,291
Truck21267,291
Truck21268,291
Truck21269,291
Truck21270,291
Truck21271,291
Truck21272,291
Truck21273,291
Truck21274,291
Truck21275,291
Truck21276,291
Truck21277,291
Truck21278,291
Truck21279,291
Truck21280,291
Truck21281,291
Truck21282,291
Truck21283,291
Truck21284,291
Truck21285,291
Truck21286,291
Truck21287,291
Truck21288,291
Truck21289,291
Truck21290,291
Truck21291,291
Truck21292,291
Truck21293,291
Truck21294,291
Truck21295,291
Truck21296,291
Truck21297,291
Truck21298,291
Truck21299,291
Truck21300,291
Truck21301,291
Truck21302,291
Truck21303,291
Truck21304,291
Truck21305,291
Truck21306,291
Truck21307,291
Truck21308,291
Truck21309,291
Truck21310,291
Truck21311,291
Truck21312,291
Truck21313,291
Truck21314,291
Truck21315,291
Truck21316,291
Truck21317,291
Truck21318,291
Truck21319,291
Truck21320,291
Truck21321,291
Truck21322,291
Truck21323,291
Truck21324,291
Truck21325,291
Truck21326,291
Truck21327,291
Truck21328,291
Truck21329,291
Truck21330,291
Truck21331,291
Truck21332,291
Truck21333,291
Truck21334,291
Truck21335,291
Truck21336,291
Truck21337,291
Truck21338,291
Truck21339,291
Truck21340,291
Truck21341,291
Truck21342,291
Truck21343,291
Truck21344,291
Truck21345,291
Truck21346,291
Truck21347,291
Truck21348,291
Truck21349,291
Truck21350,291
Truck21351,291
Truck21352,291
Truck21353,291
Truck21354,291
Truck21355,291
Truck21356,291
Truck21357,291
Truck21358,291
Truck21359,291
Truck21360,291
Truck21361,291
Truck21362,291
Truck21363,291
Truck21364,291
Truck21365,291
Truck21366,291
Truck21367,291
Truck21368,291
Truck21369,291
Truck21370,291
Truck21371,291
Truck21372,291
Truck21373,291
Truck21374,291
Truck21375,291
Truck21376,291
Truck21377,291
Truck21378,291
Truck21379,291
Truck21380,291
Truck21381,291
Truck21382,291
Truck21383,291
Truck21384,291
Truck21385,291
Truck21386,291
Truck21387,291
Truck21388,291
Truck21389,291
Truck21390,291
Truck21391,291
Truck21392,291
Truck21393,291
Truck21394,291
Truck21395,291
Truck21396,291
Truck21397,291
Truck21398,291
Truck21399,291
Truck21400,291
Truck21401,291
Truck21402,291
Truck21403,291
Truck21404,291
Truck21405,291
Truck21406,291
Truck21407,291
Truck21408,291
Truck21409,291
Truck21410,291
Truck21411,291
Truck21412,291
Truck21413,291
Truck21414,291
Truck21415,291
Truck21416,291
Truck21417,291
Truck21418,291
Truck21419,291
Truck21420,291
Truck21421,291
Truck21422,291
Truck21423,291
Truck21424,291
Truck21425,291
Truck21426,291
Truck21427,291
Truck21428,291
Truck21429,291
Truck21430,291
Truck21431,291
Truck21432,291
Truck21433,291
Truck21434,291
Truck21435,291
Truck21436,291
Truck21437,291
Truck21438,291
Truck21439,291
Truck21440,291
Truck21441,291
Truck21442,291
Truck21443,291
Truck21444,291
Truck21445,291
Truck21446,291
Truck21447,291
Truck21448,291
Truck21449,291
Truck21450,291
Truck21451,291
Truck21452,291
Truck21453,291
Truck21454,291
Truck21455,291
Truck21456,291
Truck21457,291
Truck21458,291
Truck21459,291
Truck21460,291
Truck21461,291
Truck21462,291
Truck21463,291
Truck21464,291
Truck21465,291
Truck21466,291
Truck21467,291
Truck21468,291
Truck21469,291
Truck21470,291
Truck21471,291
Truck21472,291
Truck21473,291
Truck21474,291
Truck21475,291
Truck21476,291
Truck21477,291
Truck21478,291
Truck21479,291
Truck21480,291
Truck21481,291
Truck21482,291
Truck21483,291
Truck21484,291
Truck21485,291
Truck21486,291
Truck21487,291
Truck21488,291
Truck21489,291
Truck21490,291
Truck21491,291
Truck21492,291
Truck21493,291
Truck21494,291
Truck21495,291
Truck21496,291
Truck21497,291
Truck21498,291
Truck21499,291
Truck21500,291
Truck21501,291
Truck21502,291
Truck21503,291
Truck21504,291
Truck21505,291
Truck21506,291
Truck21507,291
Truck21508,291
Truck21509,291
Truck21510,291
Truck21511,291
Truck21512,291
Truck21513,291
Truck21514,291
Truck21515,291
Truck21516,291
Truck21517,291
Truck21518,291
Truck21519,291
Truck21520,291
Truck21521,291
Truck21522,291
Truck21523,291
Truck21524,291
Truck21525,291
Truck21526,291
Truck21527,291
Truck21528,291
Truck21529,291
Truck21530,291
Truck21531,291
Truck21532,291
Truck21533,291
Truck21534,291
Truck21535,291
Truck21536,291
Truck21537,291
Truck21538,291
Truck21539,291
Truck21540,291
Truck21541,291
Truck21600,291
Truck21601,291
Truck21602,291
Truck21603,291
Truck21604,291
Truck21605,291
Truck21606,291
Truck21607,291
Truck21608,291
Truck21609,291
Truck21610,291
Truck21611,291
Truck21612,291
Truck21613,291
Truck21614,291
Truck21615,291
Truck21616,291
Truck21617,291
Truck21618,291
Truck21619,291
Truck21620,291
Truck21621,291
Truck21622,291
Truck21623,291
Truck21624,291
Truck21625,291
Truck21626,291
Truck21627,291
Truck21628,291
Truck21629,291
Truck21630,291
Truck21631,291
Truck21632,291
Truck21633,291
Truck21634,291
Truck21635,291
Truck21636,291
Truck21637,291
Truck21638,291
Truck21639,291
Truck21640,291
Truck21641,291
Truck21642,291
Truck21643,291
Truck21644,291
Truck21645,291
Truck21646,291
Truck21647,291
Truck21648,291
Truck21649,291
Truck21650,291
Truck21651,291
Truck21652,291
Truck21653,291
Truck21654,291
Truck21655,291
Truck21656,291
Truck21657,291
Truck21658,291
Truck21659,291
Truck21660,291
Truck21661,291
Truck21662,291
Truck21663,291
Truck21664,291
Truck21665,291
Truck21666,291
Truck21667,291
Truck21668,291
Truck21669,291
Truck21670,291
Truck21671,291
Truck21672,291
Truck21673,291
Truck21674,291
Truck21675,291
Truck21676,291
Truck21677,291
Truck21678,291
Truck21679,291
Truck21680,291
Truck21681,291
Truck21682,291
Truck21683,291
Truck21684,291
Truck21685,291
Truck21686,291
Truck21687,291
Truck21688,291
Truck21689,291
Truck21690,291
Truck21691,291
Truck21692,291
Truck21693,291
Truck21694,291
Truck21695,291
Truck21696,291
Truck21697,291
Truck21698,291
Truck21699,291
Truck21700,291
Truck21701,291
Truck21702,291
Truck21703,291
Truck21704,291
Truck21705,291
Truck21706,291
Truck21707,291
Truck21708,291
Truck21709,291
Truck21710,291
Truck21711,291
Truck21712,291
Truck21713,291
Truck21714,291
Truck21715,291
Truck21716,291
Truck21717,291
Truck21718,291
Truck21719,291
Truck21720,291
Truck21721,291
Truck21722,291
Truck21723,291
Truck21724,291
Truck21725,291
Truck21726,291
Truck21727,291
Truck21728,291
Truck21729,291
Truck21730,291
Truck21731,291
Truck21732,291
Truck21733,291
Truck21734,291
Truck21735,291
Truck21736,291
Truck21737,291
Truck21738,291
Truck21739,291
Truck21740,291
Truck21741,291
Truck21742,291
Truck21743,291
Truck21744,291
Truck21745,291
Truck21746,291
Truck21747,291
Truck21748,291
Truck21749,291
Truck21750,291
Truck21751,291
Truck21752,291
Truck21753,291
Truck21754,291
Truck21755,291
Truck21756,291
Truck21757,291
Truck21758,291
Truck21759,291
Truck21760,291
Truck21761,291
Truck21762,291
Truck21763,291
Truck21764,291
Truck21765,291
Truck21766,291
Truck21767,291
Truck21768,291
Truck21769,291
Truck21770,291
Truck21771,291
Truck21772,291
Truck21773,291
Truck21774,291
Truck21775,291
Truck21776,291
Truck21777,291
Truck21778,291
Truck21779,291
Truck21780,291
Truck21781,291
Truck21782,291
Truck21783,291
Truck21784,291
Truck21785,291
Truck21786,291
Truck21787,291
Truck21788,291
Truck21789,291
Truck21790,291
Truck21791,291
Truck21792,291
Truck21793,291
Truck21794,291
Truck21795,291
Truck21796,291
Truck21797,291
Truck21798,291
Truck21799,291
Truck21800,291
Truck21801,291
Truck21802,291
Truck21803,291
Truck21804,291
Truck21805,291
Truck21806,291
Truck21807,291
Truck21808,291
Truck21809,291
Truck21810,291
Truck21811,291
Truck21812,291
Truck21813,291
Truck21814,291
Truck21815,291
Truck21816,291
Truck21817,291
Truck21818,291
Truck21819,291
Truck21820,291
Truck21821,291
Truck21822,291
Truck21823,291
Truck21824,291
Truck21825,291
Truck21826,291
Truck21827,291
Truck21828,291
Truck21829,291
Truck21830,291
Truck21831,291
Truck21832,291
Truck21833,291
Truck21834,291
Truck21835,291
Truck21836,291
Truck21837,291
Truck21838,291
Truck21839,291
Truck21840,291
Truck21841,291
Truck21842,291
Truck21843,291
Truck21844,291
Truck21845,291
Truck21846,291
Truck21847,291
Truck21848,291
Truck21849,291
Truck21850,291
Truck21851,291
Truck21852,291
Truck21853,291
Truck21854,291
Truck21855,291
Truck21856,291
Truck21857,291
Truck21858,291
Truck21859,291
Truck21860,291
Truck21861,291
Truck21862,291
Truck21863,291
Truck21864,291
Truck21865,291
Truck21866,291
Truck21867,291
Truck21868,291
Truck21869,291
Truck21870,291
Truck21871,291
Truck21872,291
Truck21873,291
Truck21874,291
Truck21875,291
Truck21876,291
Truck21877,291
Truck21878,291
Truck21879,291
Truck21880,291
Truck21881,291
Truck21882,291
Truck21883,291
Truck21884,291
Truck21885,291
Truck21886,291
Truck21887,291
Truck21888,291
Truck21889,291
Truck21890,291
Truck21891,291
Truck21892,291
Truck21893,291
Truck21894,291
Truck21895,291
Truck21896,291
Truck21897,291
Truck21898,291
Truck21899,291
Truck21900,291
Truck21901,291
Truck21902,291
Truck21903,291
Truck21904,291
Truck21905,291
Truck21906,291
Truck21907,291
Truck21908,291
Truck21909,291
Truck21910,291
Truck21911,291
Truck21912,291
Truck21913,291
Truck21914,291
Truck21915,291
Truck21916,291
Truck21917,291
Truck21918,291
Truck21919,291
Truck21920,291
Truck21921,291
Truck21922,291
Truck21923,291
Truck21924,291
Truck21925,291
Truck21926,291
Truck21927,291
Truck21928,291
Truck21929,291
Truck21930,291
Truck21931,291
Truck21932,291
Truck21933,291
Truck21934,291
Truck21935,291
Truck21936,291
Truck21937,291
Truck21938,291
Truck21939,291
Truck21940,291
Truck21941,291
Truck21942,291
Truck21943,291
Truck21944,291
Truck21945,291
Truck21946,291
Truck21947,291
Truck21948,291
Truck21949,291
Truck21950,291
Truck21951,291
Truck21952,291
Truck21953,291
Truck21954,291
Truck21955,291
Truck21956,291
Truck21957,291
Truck21958,291
Truck21959,291
Truck21960,291
Truck21961,291
Truck21962,291
Truck21963,291
Truck21964,291
Truck21965,291
Truck21966,291
Truck21967,291
Truck21968,291
Truck21969,291
Truck21970,291
Truck21971,291
Truck21972,291
Truck21973,291
Truck21974,291
Truck21975,291
Truck21976,291
Truck21977,291
Truck21978,291
Truck21979,291
Truck21980,291
Truck21981,291
Truck21982,291
Truck21983,291
Truck21984,291
Truck21985,291
Truck21986,291
Truck21987,291
Truck21988,291
Truck21989,291
Truck21990,291
Truck21991,291
Truck21992,291
Truck21993,291
Truck21994,291
Truck21995,291
Truck21996,291
Truck21997,291
Truck21998,291
Truck21999,291
Truck22000,291
Truck22001,291
Truck22002,291
Truck22003,291
Truck22004,291
Truck22005,291
Truck22006,291
Truck22007,291
Truck22008,291
Truck22009,291
Truck22010,291
Truck22011,291
Truck22012,291
Truck22013,291
Truck22014,291
Truck22015,291
Truck22016,291
Truck22017,291
Truck22018,291
Truck22019,291
Truck22020,291
Truck22021,291
Truck22022,291
Truck22023,291
Truck22024,291
Truck22025,291
Truck22026,291
Truck22027,291
Truck22028,291
Truck22029,291
Truck22030,291
Truck22031,291
Truck22032,291
Truck22033,291
Truck22034,291
Truck22035,291
Truck22036,291
Truck22037,291
Truck22038,291
Truck22039,291
Truck22040,291
Truck22041,291
Truck22042,291
Truck22043,291
Truck22044,291
Truck22045,291
Truck22046,291
Truck22047,291
Truck22048,291
Truck22049,291
Truck22050,291
Truck22051,291
Truck22052,291
Truck22053,291
Truck22054,291
Truck22055,291
Truck22056,291
Truck22057,291
Truck22058,291
Truck22059,291
Truck22060,291
Truck22061,291
Truck22062,291
Truck22063,291
Truck22064,291
Truck22065,291
Truck22066,291
Truck22067,291
Truck22068,291
Truck22069,291
Truck22070,291
Truck22071,291
Truck22072,291
Truck22073,291
Truck22074,291
Truck22075,291
Truck22076,291
Truck22077,291
Truck22078,291
Truck22079,291
Truck22080,291
Truck22081,291
Truck22082,291
Truck22083,291
Truck22084,291
Truck22085,291
Truck22086,291
Truck22087,291
Truck22088,291
Truck22089,291
Truck22090,291
Truck22091,291
Truck22092,291
Truck22093,291
Truck22094,291
Truck22095,291
Truck22096,291
Truck22097,291
Truck22098,291
Truck22099,291
Truck22100,291
Truck22101,291
Truck22102,291
Truck22103,291
Truck22104,291
Truck22105,291
Truck22106,291
Truck22107,291
Truck22108,291
Truck22109,291
Truck22110,291
Truck22111,291
Truck22112,291
Truck22113,291
Truck22114,291
Truck22115,291
Truck22116,291
Truck22117,291
Truck22118,291
Truck22119,291
Truck22120,291
Truck22121,291
Truck22122,291
Truck22123,291
Truck22124,291
Truck22125,291
Truck22126,291
Truck22127,291
Truck22128,291
Truck22129,291
Truck22130,291
Truck22131,291
Truck22132,291
Truck22133,291
Truck22134,291
Truck22135,291
Truck22136,291
Truck22137,291
Truck22138,291
Truck22139,291
Truck22140,291
Truck22141,291
Truck22142,291
Truck22143,291
Truck22144,291
Truck22145,291
Truck22146,291
Truck22147,291
Truck22148,291
Truck22149,291
Truck22150,291
Truck22151,291
Truck22152,291
Truck22153,291
Truck22154,291
Truck22155,291
Truck22156,291
Truck22157,291
Truck22158,291
Truck22159,291
Truck22160,291
Truck22161,291
Truck22162,291
Truck22163,291
Truck22164,291
Truck22165,291
Truck22166,291
Truck22167,291
Truck22168,291
Truck22169,291
Truck22170,291
Truck22171,291
Truck22172,291
Truck22173,291
Truck22174,291
Truck22175,291
Truck22176,291
Truck22177,291
Truck22178,291
Truck22179,291
Truck22180,291
Truck22181,291
Truck22182,291
Truck22183,291
Truck22184,291
Truck22185,291
Truck22186,291
Truck22187,291
Truck22188,291
Truck22189,291
Truck22190,291
Truck22191,291
Truck22192,291
Truck22193,291
Truck22194,291
Truck22195,291
Truck22196,291
Truck22197,291
Truck22198,291
Truck22199,291
Truck22200,291
Truck22201,291
Truck22202,291
Truck22203,291
Truck22204,291
Truck22205,291
Truck22206,291
Truck22207,291
Truck22208,291
Truck22209,291
Truck22210,291
Truck22211,291
Truck22212,291
Truck22213,291
Truck22214,291
Truck22215,291
Truck22216,291
Truck22217,291
Truck22218,291
Truck22219,291
Truck22220,291
Truck22221,291
Truck22222,291
Truck22223,291
Truck22224,291
Truck22225,291
Truck22226,291
Truck22227,291
Truck22228,291
Truck22229,291
Truck22230,291
Truck22231,291
Truck22232,291
Truck22233,291
Truck22234,291
Truck22235,291
Truck22236,291
Truck22237,291
Truck22238,291
Truck22239,291
Truck22240,291
Truck22241,291
Truck22242,291
Truck22243,291
Truck22244,291
Truck22245,291
Truck22246,291
Truck22247,291
Truck22248,291
Truck22249,291
Truck22250,291
Truck22251,291
Truck22252,291
Truck22253,291
Truck22254,291
Truck22255,291
Truck22256,291
Truck22257,291
Truck22258,291
Truck22259,291
Truck22260,291
Truck22261,291
Truck22262,291
Truck22263,291
Truck22264,291
Truck22265,291
Truck22266,291
Truck22267,291
Truck22268,291
Truck22269,291
Truck22270,291
Truck22271,291
Truck22272,291
Truck22273,291
Truck22274,291
Truck22275,291
Truck22276,291
Truck22277,291
Truck22278,291
Truck22279,291
Truck22280,291
Truck22281,291
Truck22282,291
Truck22283,291
Truck22284,291
Truck22285,291
Truck22286,291
Truck22287,291
Truck22288,291
Truck22289,291
Truck22290,291
Truck22291,291
Truck22292,291
Truck22293,291
Truck22294,291
Truck22295,291
Truck22296,291
Truck22297,291
Truck22298,291
Truck22299,291
Truck22300,291
Truck22301,291
Truck22302,291
Truck22303,291
Truck22304,291
Truck22305,291
Truck22306,291
Truck22307,291
Truck22308,291
Truck22309,291
Truck22310,291
Truck22311,291
Truck22312,291
Truck22313,291
Truck22314,291
Truck22315,291
Truck22316,291
Truck22317,291
Truck22318,291
Truck22319,291
Truck22320,291
Truck22321,291
Truck22322,291
Truck22323,291
Truck22324,291
Truck22325,291
Truck22326,291
Truck22327,291
Truck22328,291
Truck22329,291
Truck22330,291
Truck22331,291
Truck22332,291
Truck22333,291
Truck22334,291
Truck22335,291
Truck22336,291
Truck22337,291
Truck22338,291
Truck22339,291
Truck22340,291
Truck22341,291
Truck22342,291
Truck22343,291
Truck22344,291
Truck22345,291
Truck22346,291
Truck22347,291
Truck22348,291
Truck22349,291
Truck22350,291
Truck22351,291
Truck22352,291
Truck22353,291
Truck22354,291
Truck22355,291
Truck22356,291
Truck22357,291
Truck22358,291
Truck22359,291
Truck22360,291
Truck22361,291
Truck22362,291
Truck22363,291
Truck22364,291
Truck22365,291
Truck22366,291
Truck22367,291
Truck22368,291
Truck22369,291
Truck22370,291
Truck22371,291
Truck22372,291
Truck22373,291
Truck22374,291
Truck22375,291
Truck22376,291
Truck22377,291
Truck22378,291
Truck22379,291
Truck22380,291
Truck22381,291
Truck22382,291
Truck22383,291
Truck22384,291
Truck22385,291
Truck22386,291
Truck22387,291
Truck22388,291
Truck22389,291
Truck22390,291
Truck22391,291
Truck22392,291
Truck22393,291
Truck22394,291
Truck22395,291
Truck22396,291
Truck22397,291
Truck22398,291
Truck22399,291
Truck22400,291
Truck22401,291
Truck22402,291
Truck22403,291
Truck22404,291
Truck22405,291
Truck22406,291
Truck22407,291
Truck22408,291
Truck22409,291
Truck22410,291
Truck22411,291
Truck22412,291
Truck22413,291
Truck22414,291
Truck22415,291
Truck22416,291
Truck22417,291
Truck22418,291
Truck22419,291
Truck22420,291
Truck22421,291
Truck22422,291
Truck22423,291
Truck22424,291
Truck22425,291
Truck22426,291
Truck22427,291
Truck22428,291
Truck22429,291
Truck22430,291
Truck22431,291
Truck22432,291
Truck22433,291
Truck22434,291
Truck22435,291
Truck22436,291
Truck22437,291
Truck22438,291
Truck22439,291
Truck22440,291
Truck22441,291
Truck22442,291
Truck22443,291
Truck22444,291
Truck22445,291
Truck22446,291
Truck22447,291
Truck22448,291
Truck22449,291
Truck22450,291
Truck22451,291
Truck22452,291
Truck22453,291
Truck22454,291
Truck22455,291
Truck22456,291
Truck22457,291
Truck22458,291
Truck22459,291
Truck22460,291
Truck22461,291
Truck22462,291
Truck22463,291
Truck22464,291
Truck22465,291
Truck22466,291
Truck22467,291
Truck22468,291
Truck22469,291
Truck22470,291
Truck22471,291
Truck22472,291
Truck22473,291
Truck22474,291
Truck22475,291
Truck22476,291
Truck22477,291
Truck22478,291
Truck22479,291
Truck22480,291
Truck22481,291
Truck22482,291
Truck22483,291
Truck22484,291
Truck22485,291
Truck22486,291
Truck22487,291
Truck22488,291
Truck22489,291
Truck22490,291
Truck22491,291
Truck22492,291
Truck22493,291
Truck22494,291
Truck22495,291
Truck22496,291
Truck22497,291
Truck22498,291
Truck22499,291
Truck22500,291
Truck22501,291
Truck22502,291
Truck22503,291
Truck22504,291
Truck22505,291
Truck22506,291
Truck22507,291
Truck22508,291
Truck22509,291
Truck22510,291
Truck22511,291
Truck22512,291
Truck22513,291
Truck22514,291
Truck22515,291
Truck22516,291
Truck22517,291
Truck22518,291
Truck22519,291
Truck22520,291
Truck22521,291
Truck22522,291
Truck22523,291
Truck22524,291
Truck22525,291
Truck22526,291
Truck22527,291
Truck22528,291
Truck22529,291
Truck22530,291
Truck22531,291
Truck22532,291
Truck22533,291
Truck22534,291
Truck22535,291
Truck22536,291
Truck22537,291
Truck22538,291
Truck22539,291
Truck22540,291
Truck22541,291
Truck22542,291
Truck22543,291
Truck22544,291
Truck22545,291
Truck22546,291
Truck22547,291
Truck22548,291
Truck22549,291
Truck22550,291
Truck22551,291
Truck22552,291
Truck22553,291
Truck22554,291
Truck22555,291
Truck22556,291
Truck22557,291
Truck22558,291
Truck22559,291
Truck22560,291
Truck22561,291
Truck22562,291
Truck22563,291
Truck22564,291
Truck22565,291
Truck22566,291
Truck22567,291
Truck22568,291
Truck22569,291
Truck22570,291
Truck22571,291
Truck22572,291
Truck22573,291
Truck22574,291
Truck22575,291
Truck22576,291
Truck22577,291
Truck22578,291
Truck22579,291
Truck22580,291
Truck22581,291
Truck22582,291
Truck22583,291
Truck22584,291
Truck22585,291
Truck22586,291
Truck22587,291
Truck22588,291
Truck22589,291
Truck22590,291
Truck22591,291
Truck22592,291
Truck22593,291
Truck22594,291
Truck22595,291
Truck22596,291
Truck22597,291
Truck22598,291
Truck22599,291
Truck22600,291
Truck22601,291
Truck22602,291
Truck22603,291
Truck22604,291
Truck22605,291
Truck22606,291
Truck22607,291
Truck22608,291
Truck22609,291
Truck22610,291
Truck22611,291
Truck22612,291
Truck22613,291
Truck22614,291
Truck22615,291
Truck22616,291
Truck22617,291
Truck22618,291
Truck22619,291
Truck22620,291
Truck22621,291
Truck22622,291
Truck22623,291
Truck22624,291
Truck22625,291
Truck22626,291
Truck22627,291
Truck22628,291
Truck22629,291
Truck22630,291
Truck22631,291
Truck22632,291
Truck22633,291
Truck22634,291
Truck22635,291
Truck22636,291
Truck22637,291
Truck22638,291
Truck22639,291
Truck22640,291
Truck22641,291
Truck22642,291
Truck22643,291
Truck22644,291
Truck22645,291
Truck22646,291
Truck22647,291
Truck22648,291
Truck22649,291
Truck22650,291
Truck22651,291
Truck22652,291
Truck22653,291
Truck22654,291
Truck22655,291
Truck22656,291
Truck22657,291
Truck22658,291
Truck22659,291
Truck22660,291
Truck22661,291
Truck22662,291
Truck22663,291
Truck22664,291
Truck22665,291
Truck22666,291
Truck22667,291
Truck22668,291
Truck22669,291
Truck22670,291
Truck22671,291
Truck22672,291
Truck22673,291
Truck22674,291
Truck22675,291
Truck22676,291
Truck22677,291
Truck22678,291
Truck22679,291
Truck22680,291
Truck22681,291
Truck22682,291
Truck22683,291
Truck22684,291
Truck22685,291
Truck22686,291
Truck22687,291
Truck22688,291
Truck22689,291
Truck22690,291
Truck22691,291
Truck22692,291
Truck22693,291
Truck22694,291
Truck22695,291
Truck22696,291
Truck22697,291
Truck22698,291
Truck22699,291
Truck22700,291
Truck22701,291
Truck22702,291
Truck22703,291
Truck22704,291
Truck22705,291
Truck22706,291
Truck22707,291
Truck22708,291
Truck22709,291
Truck22710,291
Truck22711,291
Truck22712,291
Truck22713,291
Truck22714,291
Truck22715,291
Truck22716,291
Truck22717,291
Truck22718,291
Truck22719,291
Truck22720,291
Truck22721,291
Truck22722,291
Truck22723,291
Truck22724,291
Truck22725,291
Truck22726,291
Truck22727,291
Truck22728,291
Truck22729,291
Truck22730,291
Truck22731,291
Truck22732,291
Truck22733,291
Truck22734,291
Truck22735,291
Truck22736,291
Truck22737,291
Truck22738,291
Truck22739,291
Truck22740,291
Truck22741,291
Truck22742,291
Truck22743,291
Truck22744,291
Truck22745,291
Truck22746,291
Truck22747,291
Truck22748,291
Truck22749,291
Truck22750,291
Truck22751,291
Truck22752,291
Truck22753,291
Truck22754,291
Truck22755,291
Truck22756,291
Truck22757,291
Truck22758,291
Truck22759,291
Truck22760,291
Truck22761,291
Truck22762,291
Truck22763,291
Truck22764,291
Truck22765,291
Truck22766,291
Truck22767,291
Truck22768,291
Truck22769,291
Truck22770,291
Truck22771,291
Truck22772,291
Truck22773,291
Truck22774,291
Truck22775,291
Truck22776,291
Truck22777,291
Truck22778,291
Truck22779,291
Truck22780,291
Truck22781,291
Truck22782,291
Truck22783,291
Truck22784,291
Truck22785,291
Truck22786,291
Truck22787,291
Truck22788,291
Truck22789,291
Truck22790,291
Truck22791,291
Truck22792,291
Truck22793,291
Truck22794,291
Truck22795,291
Truck22796,291
Truck22797,291
Truck22798,291
Truck22799,291
Truck22800,291
Truck22801,291
Truck22802,291
Truck22803,291
Truck22804,291
Truck22805,291
Truck22806,291
Truck22807,291
Truck22808,291
Truck22809,291
Truck22810,291
Truck22811,291
Truck22812,291
Truck22813,291
Truck22814,291
Truck22815,291
Truck22816,291
Truck22817,291
Truck22818,291
Truck22819,291
Truck22820,291
Truck22821,291
Truck22822,291
Truck22823,291
Truck22824,291
Truck22825,291
Truck22826,291
Truck22827,291
Truck22828,291
Truck22829,291
Truck22830,291
Truck22831,291
Truck22832,291
Truck22833,291
Truck22834,291
Truck22835,291
Truck22836,291
Truck22837,291
Truck22838,291
Truck22839,291
Truck22840,291
Truck22841,291
Truck22842,291
Truck22843,291
Truck22844,291
Truck22845,291
Truck22846,291
Truck22847,291
Truck22848,291
Truck22849,291
Truck22850,291
Truck22851,291
Truck22852,291
Truck22853,291
Truck22854,291
Truck22855,291
Truck22856,291
Truck22857,291
Truck22858,291
Truck22859,291
Truck22860,291
Truck22861,291
Truck22862,291
Truck22863,291
Truck22864,291
Truck22865,291
Truck22866,291
Truck22867,291
Truck22868,291
Truck22869,291
Truck22870,291
Truck22871,291
Truck22872,291
Truck22873,291
Truck22874,291
Truck22875,291
Truck22876,291
Truck22877,291
Truck22878,291
Truck22879,291
Truck22880,291
Truck22881,291
Truck22882,291
Truck22883,291
Truck22884,291
Truck22885,291
Truck22886,291
Truck22887,291
Truck22888,291
Truck22889,291
Truck22890,291
Truck22891,291
Truck22892,291
Truck22893,291
Truck22894,291
Truck22895,291
Truck22896,291
Truck22897,291
Truck22898,291
Truck22899,291
Truck22900,291
Truck22901,291
Truck22902,291
Truck22903,291
Truck22904,291
Truck22905,291
Truck22906,291
Truck22907,291
Truck22908,291
Truck22909,291
Truck22910,291
Truck22911,291
Truck22912,291
Truck22913,291
Truck22914,291
Truck22915,291
Truck22916,291
Truck22917,291
Truck22918,291
Truck22919,291
Truck22920,291
Truck22921,291
Truck22922,291
Truck22923,291
Truck22924,291
Truck22925,291
Truck22926,291
Truck22927,291
Truck22928,291
Truck22929,291
Truck22930,291
Truck22931,291
Truck22932,291
Truck22933,291
Truck22934,291
Truck22935,291
Truck22936,291
Truck22937,291
Truck22938,291
Truck22939,291
Truck22940,291
Truck22941,291
Truck22942,291
Truck22943,291
Truck22944,291
Truck22945,291
Truck22946,291
Truck22947,291
Truck22948,291
Truck22949,291
Truck22950,291
Truck22951,291
Truck22952,291
Truck22953,291
Truck22954,291
Truck22955,291
Truck22956,291
Truck22957,291
Truck22958,291
Truck22959,291
Truck22960,291
Truck22961,291
Truck22962,291
Truck22963,291
Truck22964,291
Truck22965,291
Truck22966,291
Truck22967,291
Truck22968,291
Truck22969,291
Truck22970,291
Truck22971,291
Truck22972,291
Truck22973,291
Truck22974,291
Truck22975,291
Truck22976,291
Truck22977,291
Truck22978,291
Truck22979,291
Truck22980,291
Truck22981,291
Truck23040,291
Truck23041,291
Truck23042,291
Truck23043,291
Truck23044,291
Truck23045,291
Truck23046,291
Truck23047,291
Truck23048,291
Truck23049,291
Truck23050,291
Truck23051,291
Truck23052,291
Truck23053,291
Truck23054,291
Truck23055,291
Truck23056,291
Truck23057,291
Truck23058,291
Truck23059,291
Truck23060,291
Truck23061,291
Truck23062,291
Truck23063,291
Truck23064,291
Truck23065,291
Truck23066,291
Truck23067,291
Truck23068,291
Truck23069,291
Truck23070,291
Truck23071,291
Truck23072,291
Truck23073,291
Truck23074,291
Truck23075,291
Truck23076,291
Truck23077,291
Truck23078,291
Truck23079,291
Truck23080,291
Truck23081,291
Truck23082,291
Truck23083,291
Truck23084,291
Truck23085,291
Truck23086,291
Truck23087,291
Truck23088,291
Truck23089,291
Truck23090,291
Truck23091,291
Truck23092,291
Truck23093,291
Truck23094,291
Truck23095,291
Truck23096,291
Truck23097,291
Truck23098,291
Truck23099,291
Truck23100,291
Truck23101,291
Truck23102,291
Truck23103,291
Truck23104,291
Truck23105,291
Truck23106,291
Truck23107,291
Truck23108,291
Truck23109,291
Truck23110,291
Truck23111,291
Truck23112,291
Truck23113,291
Truck23114,291
Truck23115,291
Truck23116,291
Truck23117,291
Truck23118,291
Truck23119,291
Truck23120,291
Truck23121,291
Truck23122,291
Truck23123,291
Truck23124,291
Truck23125,291
Truck23126,291
Truck23127,291
Truck23128,291
Truck23129,291
Truck23130,291
Truck23131,291
Truck23132,291
Truck23133,291
Truck23134,291
Truck23135,291
Truck23136,291
Truck23137,291
Truck23138,291
Truck23139,291
Truck23140,291
Truck23141,291
Truck23142,291
Truck23143,291
Truck23144,291
Truck23145,291
Truck23146,291
Truck23147,291
Truck23148,291
Truck23149,291
Truck23150,291
Truck23151,291
Truck23152,291
Truck23153,291
Truck23154,291
Truck23155,291
Truck23156,291
Truck23157,291
Truck23158,291
Truck23159,291
Truck23160,291
Truck23161,291
Truck23162,291
Truck23163,291
Truck23164,291
Truck23165,291
Truck23166,291
Truck23167,291
Truck23168,291
Truck23169,291
Truck23170,291
Truck23171,291
Truck23172,291
Truck23173,291
Truck23174,291
Truck23175,291
Truck23176,291
Truck23177,291
Truck23178,291
Truck23179,291
Truck23180,291
Truck23181,291
Truck23182,291
Truck23183,291
Truck23184,291
Truck23185,291
Truck23186,291
Truck23187,291
Truck23188,291
Truck23189,291
Truck23190,291
Truck23191,291
Truck23192,291
Truck23193,291
Truck23194,291
Truck23195,291
Truck23196,291
Truck23197,291
Truck23198,291
Truck23199,291
Truck23200,291
Truck23201,291
Truck23202,291
Truck23203,291
Truck23204,291
Truck23205,291
Truck23206,291
Truck23207,291
Truck23208,291
Truck23209,291
Truck23210,291
Truck23211,291
Truck23212,291
Truck23213,291
Truck23214,291
Truck23215,291
Truck23216,291
Truck23217,291
Truck23218,291
Truck23219,291
Truck23220,291
Truck23221,291
Truck23222,291
Truck23223,291
Truck23224,291
Truck23225,291
Truck23226,291
Truck23227,291
Truck23228,291
Truck23229,291
Truck23230,291
Truck23231,291
Truck23232,291
Truck23233,291
Truck23234,291
Truck23235,291
Truck23236,291
Truck23237,291
Truck23238,291
Truck23239,291
Truck23240,291
Truck23241,291
Truck23242,291
Truck23243,291
Truck23244,291
Truck23245,291
Truck23246,291
Truck23247,291
Truck23248,291
Truck23249,291
Truck23250,291
Truck23251,291
Truck23252,291
Truck23253,291
Truck23254,291
Truck23255,291
Truck23256,291
Truck23257,291
Truck23258,291
Truck23259,291
Truck23260,291
Truck23261,291
Truck23262,291
Truck23263,291
Truck23264,291
Truck23265,291
Truck23266,291
Truck23267,291
Truck23268,291
Truck23269,291
Truck23270,291
Truck23271,291
Truck23272,291
Truck23273,291
Truck23274,291
Truck23275,291
Truck23276,291
Truck23277,291
Truck23278,291
Truck23279,291
Truck23280,291
Truck23281,291
Truck23282,291
Truck23283,291
Truck23284,291
Truck23285,291
Truck23286,291
Truck23287,291
Truck23288,291
Truck23289,291
Truck23290,291
Truck23291,291
Truck23292,291
Truck23293,291
Truck23294,291
Truck23295,291
Truck23296,291
Truck23297,291
Truck23298,291
Truck23299,291
Truck23300,291
Truck23301,291
Truck23302,291
Truck23303,291
Truck23304,291
Truck23305,291
Truck23306,291
Truck23307,291
Truck23308,291
Truck23309,291
Truck23310,291
Truck23311,291
Truck23312,291
Truck23313,291
Truck23314,291
Truck23315,291
Truck23316,291
Truck23317,291
Truck23318,291
Truck23319,291
Truck23320,291
Truck23321,291
Truck23322,291
Truck23323,291
Truck23324,291
Truck23325,291
Truck23326,291
Truck23327,291
Truck23328,291
Truck23329,291
Truck23330,291
Truck23331,291
Truck23332,291
Truck23333,291
Truck23334,291
Truck23335,291
Truck23336,291
Truck23337,291
Truck23338,291
Truck23339,291
Truck23340,291
Truck23341,291
Truck23342,291
Truck23343,291
Truck23344,291
Truck23345,291
Truck23346,291
Truck23347,291
Truck23348,291
Truck23349,291
Truck23350,291
Truck23351,291
Truck23352,291
Truck23353,291
Truck23354,291
Truck23355,291
Truck23356,291
Truck23357,291
Truck23358,291
Truck23359,291
Truck23360,291
Truck23361,291
Truck23362,291
Truck23363,291
Truck23364,291
Truck23365,291
Truck23366,291
Truck23367,291
Truck23368,291
Truck23369,291
Truck23370,291
Truck23371,291
Truck23372,291
Truck23373,291
Truck23374,291
Truck23375,291
Truck23376,291
Truck23377,291
Truck23378,291
Truck23379,291
Truck23380,291
Truck23381,291
Truck23382,291
Truck23383,291
Truck23384,291
Truck23385,291
Truck23386,291
Truck23387,291
Truck23388,291
Truck23389,291
Truck23390,291
Truck23391,291
Truck23392,291
Truck23393,291
Truck23394,291
Truck23395,291
Truck23396,291
Truck23397,291
Truck23398,291
Truck23399,291
Truck23400,291
Truck23401,291
Truck23402,291
Truck23403,291
Truck23404,291
Truck23405,291
Truck23406,291
Truck23407,291
Truck23408,291
Truck23409,291
Truck23410,291
Truck23411,291
Truck23412,291
Truck23413,291
Truck23414,291
Truck23415,291
Truck23416,291
Truck23417,291
Truck23418,291
Truck23419,291
Truck23420,291
Truck23421,291
Truck23422,291
Truck23423,291
Truck23424,291
Truck23425,291
Truck23426,291
Truck23427,291
Truck23428,291
Truck23429,291
Truck23430,291
Truck23431,291
Truck23432,291
Truck23433,291
Truck23434,291
Truck23435,291
Truck23436,291
Truck23437,291
Truck23438,291
Truck23439,291
Truck23440,291
Truck23441,291
Truck23442,291
Truck23443,291
Truck23444,291
Truck23445,291
Truck23446,291
Truck23447,291
Truck23448,291
Truck23449,291
Truck23450,291
Truck23451,291
Truck23452,291
Truck23453,291
Truck23454,291
Truck23455,291
Truck23456,291
Truck23457,291
Truck23458,291
Truck23459,291
Truck23460,291
Truck23461,291
Truck23462,291
Truck23463,291
Truck23464,291
Truck23465,291
Truck23466,291
Truck23467,291
Truck23468,291
Truck23469,291
Truck23470,291
Truck23471,291
Truck23472,291
Truck23473,291
Truck23474,291
Truck23475,291
Truck23476,291
Truck23477,291
Truck23478,291
Truck23479,291
Truck23480,291
Truck23481,291
Truck23482,291
Truck23483,291
Truck23484,291
Truck23485,291
Truck23486,291
Truck23487,291
Truck23488,291
Truck23489,291
Truck23490,291
Truck23491,291
Truck23492,291
Truck23493,291
Truck23494,291
Truck23495,291
Truck23496,291
Truck23497,291
Truck23498,291
Truck23499,291
Truck23500,291
Truck23501,291
Truck23502,291
Truck23503,291
Truck23504,291
Truck23505,291
Truck23506,291
Truck23507,291
Truck23508,291
Truck23509,291
Truck23510,291
Truck23511,291
Truck23512,291
Truck23513,291
Truck23514,291
Truck23515,291
Truck23516,291
Truck23517,291
Truck23518,291
Truck23519,291
Truck23520,291
Truck23521,291
Truck23522,291
Truck23523,291
Truck23524,291
Truck23525,291
Truck23526,291
Truck23527,291
Truck23528,291
Truck23529,291
Truck23530,291
Truck23531,291
Truck23532,291
Truck23533,291
Truck23534,291
Truck23535,291
Truck23536,291
Truck23537,291
Truck23538,291
Truck23539,291
Truck23540,291
Truck23541,291
Truck23542,291
Truck23543,291
Truck23544,291
Truck23545,291
Truck23546,291
Truck23547,291
Truck23548,291
Truck23549,291
Truck23550,291
Truck23551,291
Truck23552,291
Truck23553,291
Truck23554,291
Truck23555,291
Truck23556,291
Truck23557,291
Truck23558,291
Truck23559,291
Truck23560,291
Truck23561,291
Truck23562,291
Truck23563,291
Truck23564,291
Truck23565,291
Truck23566,291
Truck23567,291
Truck23568,291
Truck23569,291
Truck23570,291
Truck23571,291
Truck23572,291
Truck23573,291
Truck23574,291
Truck23575,291
Truck23576,291
Truck23577,291
Truck23578,291
Truck23579,291
Truck23580,291
Truck23581,291
Truck23582,291
Truck23583,291
Truck23584,291
Truck23585,291
Truck23586,291
Truck23587,291
Truck23588,291
Truck23589,291
Truck23590,291
Truck23591,291
Truck23592,291
Truck23593,291
Truck23594,291
Truck23595,291
Truck23596,291
Truck23597,291
Truck23598,291
Truck23599,291
Truck23600,291
Truck23601,291
Truck23602,291
Truck23603,291
Truck23604,291
Truck23605,291
Truck23606,291
Truck23607,291
Truck23608,291
Truck23609,291
Truck23610,291
Truck23611,291
Truck23612,291
Truck23613,291
Truck23614,291
Truck23615,291
Truck23616,291
Truck23617,291
Truck23618,291
Truck23619,291
Truck23620,291
Truck23621,291
Truck23622,291
Truck23623,291
Truck23624,291
Truck23625,291
Truck23626,291
Truck23627,291
Truck23628,291
Truck23629,291
Truck23630,291
Truck23631,291
Truck23632,291
Truck23633,291
Truck23634,291
Truck23635,291
Truck23636,291
Truck23637,291
Truck23638,291
Truck23639,291
Truck23640,291
Truck23641,291
Truck23642,291
Truck23643,291
Truck23644,291
Truck23645,291
Truck23646,291
Truck23647,291
Truck23648,291
Truck23649,291
Truck23650,291
Truck23651,291
Truck23652,291
Truck23653,291
Truck23654,291
Truck23655,291
Truck23656,291
Truck23657,291
Truck23658,291
Truck23659,291
Truck23660,291
Truck23661,291
Truck23662,291
Truck23663,291
Truck23664,291
Truck23665,291
Truck23666,291
Truck23667,291
Truck23668,291
Truck23669,291
Truck23670,291
Truck23671,291
Truck23672,291
Truck23673,291
Truck23674,291
Truck23675,291
Truck23676,291
Truck23677,291
Truck23678,291
Truck23679,291
Truck23680,291
Truck23681,291
Truck23682,291
Truck23683,291
Truck23684,291
Truck23685,291
Truck23686,291
Truck23687,291
Truck23688,291
Truck23689,291
Truck23690,291
Truck23691,291
Truck23692,291
Truck23693,291
Truck23694,291
Truck23695,291
Truck23696,291
Truck23697,291
Truck23698,291
Truck23699,291
Truck23700,291
Truck23701,291
Truck23702,291
Truck23703,291
Truck23704,291
Truck23705,291
Truck23706,291
Truck23707,291
Truck23708,291
Truck23709,291
Truck23710,291
Truck23711,291
Truck23712,291
Truck23713,291
Truck23714,291
Truck23715,291
Truck23716,291
Truck23717,291
Truck23718,291
Truck23719,291
Truck23720,291
Truck23721,291
Truck23722,291
Truck23723,291
Truck23724,291
Truck23725,291
Truck23726,291
Truck23727,291
Truck23728,291
Truck23729,291
Truck23730,291
Truck23731,291
Truck23732,291
Truck23733,291
Truck23734,291
Truck23735,291
Truck23736,291
Truck23737,291
Truck23738,291
Truck23739,291
Truck23740,291
Truck23741,291
Truck23742,291
Truck23743,291
Truck23744,291
Truck23745,291
Truck23746,291
Truck23747,291
Truck23748,291
Truck23749,291
Truck23750,291
Truck23751,291
Truck23752,291
Truck23753,291
Truck23754,291
Truck23755,291
Truck23756,291
Truck23757,291
Truck23758,291
Truck23759,291
Truck23760,291
Truck23761,291
Truck23762,291
Truck23763,291
Truck23764,291
Truck23765,291
Truck23766,291
Truck23767,291
Truck23768,291
Truck23769,291
Truck23770,291
Truck23771,291
Truck23772,291
Truck23773,291
Truck23774,291
Truck23775,291
Truck23776,291
Truck23777,291
Truck23778,291
Truck23779,291
Truck23780,291
Truck23781,291
Truck23782,291
Truck23783,291
Truck23784,291
Truck23785,291
Truck23786,291
Truck23787,291
Truck23788,291
Truck23789,291
Truck23790,291
Truck23791,291
Truck23792,291
Truck23793,291
Truck23794,291
Truck23795,291
Truck23796,291
Truck23797,291
Truck23798,291
Truck23799,291
Truck23800,291
Truck23801,291
Truck23802,291
Truck23803,291
Truck23804,291
Truck23805,291
Truck23806,291
Truck23807,291
Truck23808,291
Truck23809,291
Truck23810,291
Truck23811,291
Truck23812,291
Truck23813,291
Truck23814,291
Truck23815,291
Truck23816,291
Truck23817,291
Truck23818,291
Truck23819,291
Truck23820,291
Truck23821,291
Truck23822,291
Truck23823,291
Truck23824,291
Truck23825,291
Truck23826,291
Truck23827,291
Truck23828,291
Truck23829,291
Truck23830,291
Truck23831,291
Truck23832,291
Truck23833,291
Truck23834,291
Truck23835,291
Truck23836,291
Truck23837,291
Truck23838,291
Truck23839,291
Truck23840,291
Truck23841,291
Truck23842,291
Truck23843,291
Truck23844,291
Truck23845,291
Truck23846,291
Truck23847,291
Truck23848,291
Truck23849,291
Truck23850,291
Truck23851,291
Truck23852,291
Truck23853,291
Truck23854,291
Truck23855,291
Truck23856,291
Truck23857,291
Truck23858,291
Truck23859,291
Truck23860,291
Truck23861,291
Truck23862,291
Truck23863,291
Truck23864,291
Truck23865,291
Truck23866,291
Truck23867,291
Truck23868,291
Truck23869,291
Truck23870,291
Truck23871,291
Truck23872,291
Truck23873,291
Truck23874,291
Truck23875,291
Truck23876,291
Truck23877,291
Truck23878,291
Truck23879,291
Truck23880,291
Truck23881,291
Truck23882,291
Truck23883,291
Truck23884,291
Truck23885,291
Truck23886,291
Truck23887,291
Truck23888,291
Truck23889,291
Truck23890,291
Truck23891,291
Truck23892,291
Truck23893,291
Truck23894,291
Truck23895,291
Truck23896,291
Truck23897,291
Truck23898,291
Truck23899,291
Truck23900,291
Truck23901,291
Truck23902,291
Truck23903,291
Truck23904,291
Truck23905,291
Truck23906,291
Truck23907,291
Truck23908,291
Truck23909,291
Truck23910,291
Truck23911,291
Truck23912,291
Truck23913,291
Truck23914,291
Truck23915,291
Truck23916,291
Truck23917,291
Truck23918,291
Truck23919,291
Truck23920,291
Truck23921,291
Truck23922,291
Truck23923,291
Truck23924,291
Truck23925,291
Truck23926,291
Truck23927,291
Truck23928,291
Truck23929,291
Truck23930,291
Truck23931,291
Truck23932,291
Truck23933,291
Truck23934,291
Truck23935,291
Truck23936,291
Truck23937,291
Truck23938,291
Truck23939,291
Truck23940,291
Truck23941,291
Truck23942,291
Truck23943,291
Truck23944,291
Truck23945,291
Truck23946,291
Truck23947,291
Truck23948,291
Truck23949,291
Truck23950,291
Truck23951,291
Truck23952,291
Truck23953,291
Truck23954,291
Truck23955,291
Truck23956,291
Truck23957,291
Truck23958,291
Truck23959,291
Truck23960,291
Truck23961,291
Truck23962,291
Truck23963,291
Truck23964,291
Truck23965,291
Truck23966,291
Truck23967,291
Truck23968,291
Truck23969,291
Truck23970,291
Truck23971,291
Truck23972,291
Truck23973,291
Truck23974,291
Truck23975,291
Truck23976,291
Truck23977,291
Truck23978,291
Truck23979,291
Truck23980,291
Truck23981,291
Truck23982,291
Truck23983,291
Truck23984,291
Truck23985,291
Truck23986,291
Truck23987,291
Truck23988,291
Truck23989,291
Truck23990,291
Truck23991,291
Truck23992,291
Truck23993,291
Truck23994,291
Truck23995,291
Truck23996,291
Truck23997,291
Truck23998,291
Truck23999,291
Truck24000,291
Truck24001,291
Truck24002,291
Truck24003,291
Truck24004,291
Truck24005,291
Truck24006,291
Truck24007,291
Truck24008,291
Truck24009,291
Truck24010,291
Truck24011,291
Truck24012,291
Truck24013,291
Truck24014,291
Truck24015,291
Truck24016,291
Truck24017,291
Truck24018,291
Truck24019,291
Truck24020,291
Truck24021,291
Truck24022,291
Truck24023,291
Truck24024,291
Truck24025,291
Truck24026,291
Truck24027,291
Truck24028,291
Truck24029,291
Truck24030,291
Truck24031,291
Truck24032,291
Truck24033,291
Truck24034,291
Truck24035,291
Truck24036,291
Truck24037,291
Truck24038,291
Truck24039,291
Truck24040,291
Truck24041,291
Truck24042,291
Truck24043,291
Truck24044,291
Truck24045,291
Truck24046,291
Truck24047,291
Truck24048,291
Truck24049,291
Truck24050,291
Truck24051,291
Truck24052,291
Truck24053,291
Truck24054,291
Truck24055,291
Truck24056,291
Truck24057,291
Truck24058,291
Truck24059,291
Truck24060,291
Truck24061,291
Truck24062,291
Truck24063,291
Truck24064,291
Truck24065,291
Truck24066,291
Truck24067,291
Truck24068,291
Truck24069,291
Truck24070,291
Truck24071,291
Truck24072,291
Truck24073,291
Truck24074,291
Truck24075,291
Truck24076,291
Truck24077,291
Truck24078,291
Truck24079,291
Truck24080,291
Truck24081,291
Truck24082,291
Truck24083,291
Truck24084,291
Truck24085,291
Truck24086,291
Truck24087,291
Truck24088,291
Truck24089,291
Truck24090,291
Truck24091,291
Truck24092,291
Truck24093,291
Truck24094,291
Truck24095,291
Truck24096,291
Truck24097,291
Truck24098,291
Truck24099,291
Truck24100,291
Truck24101,291
Truck24102,291
Truck24103,291
Truck24104,291
Truck24105,291
Truck24106,291
Truck24107,291
Truck24108,291
Truck24109,291
Truck24110,291
Truck24111,291
Truck24112,291
Truck24113,291
Truck24114,291
Truck24115,291
Truck24116,291
Truck24117,291
Truck24118,291
Truck24119,291
Truck24120,291
Truck24121,291
Truck24122,291
Truck24123,291
Truck24124,291
Truck24125,291
Truck24126,291
Truck24127,291
Truck24128,291
Truck24129,291
Truck24130,291
Truck24131,291
Truck24132,291
Truck24133,291
Truck24134,291
Truck24135,291
Truck24136,291
Truck24137,291
Truck24138,291
Truck24139,291
Truck24140,291
Truck24141,291
Truck24142,291
Truck24143,291
Truck24144,291
Truck24145,291
Truck24146,291
Truck24147,291
Truck24148,291
Truck24149,291
Truck24150,291
Truck24151,291
Truck24152,291
Truck24153,291
Truck24154,291
Truck24155,291
Truck24156,291
Truck24157,291
Truck24158,291
Truck24159,291
Truck24160,291
Truck24161,291
Truck24162,291
Truck24163,291
Truck24164,291
Truck24165,291
Truck24166,291
Truck24167,291
Truck24168,291
Truck24169,291
Truck24170,291
Truck24171,291
Truck24172,291
Truck24173,291
Truck24174,291
Truck24175,291
Truck24176,291
Truck24177,291
Truck24178,291
Truck24179,291
Truck24180,291
Truck24181,291
Truck24182,291
Truck24183,291
Truck24184,291
Truck24185,291
Truck24186,291
Truck24187,291
Truck24188,291
Truck24189,291
Truck24190,291
Truck24191,291
Truck24192,291
Truck24193,291
Truck24194,291
Truck24195,291
Truck24196,291
Truck24197,291
Truck24198,291
Truck24199,291
Truck24200,291
Truck24201,291
Truck24202,291
Truck24203,291
Truck24204,291
Truck24205,291
Truck24206,291
Truck24207,291
Truck24208,291
Truck24209,291
Truck24210,291
Truck24211,291
Truck24212,291
Truck24213,291
Truck24214,291
Truck24215,291
Truck24216,291
Truck24217,291
Truck24218,291
Truck24219,291
Truck24220,291
Truck24221,291
Truck24222,291
Truck24223,291
Truck24224,291
Truck24225,291
Truck24226,291
Truck24227,291
Truck24228,291
Truck24229,291
Truck24230,291
Truck24231,291
Truck24232,291
Truck24233,291
Truck24234,291
Truck24235,291
Truck24236,291
Truck24237,291
Truck24238,291
Truck24239,291
Truck24240,291
Truck24241,291
Truck24242,291
Truck24243,291
Truck24244,291
Truck24245,291
Truck24246,291
Truck24247,291
Truck24248,291
Truck24249,291
Truck24250,291
Truck24251,291
Truck24252,291
Truck24253,291
Truck24254,291
Truck24255,291
Truck24256,291
Truck24257,291
Truck24258,291
Truck24259,291
Truck24260,291
Truck24261,291
Truck24262,291
Truck24263,291
Truck24264,291
Truck24265,291
Truck24266,291
Truck24267,291
Truck24268,291
Truck24269,291
Truck24270,291
Truck24271,291
Truck24272,291
Truck24273,291
Truck24274,291
Truck24275,291
Truck24276,291
Truck24277,291
Truck24278,291
Truck24279,291
Truck24280,291
Truck24281,291
Truck24282,291
Truck24283,291
Truck24284,291
Truck24285,291
Truck24286,291
Truck24287,291
Truck24288,291
Truck24289,291
Truck24290,291
Truck24291,291
Truck24292,291
Truck24293,291
Truck24294,291
Truck24295,291
Truck24296,291
Truck24297,291
Truck24298,291
Truck24299,291
Truck24300,291
Truck24301,291
Truck24302,291
Truck24303,291
Truck24304,291
Truck24305,291
Truck24306,291
Truck24307,291
Truck24308,291
Truck24309,291
Truck24310,291
Truck24311,291
Truck24312,291
Truck24313,291
Truck24314,291
Truck24315,291
Truck24316,291
Truck24317,291
Truck24318,291
Truck24319,291
Truck24320,291
Truck24321,291
Truck24322,291
Truck24323,291
Truck24324,291
Truck24325,291
Truck24326,291
Truck24327,291
Truck24328,291
Truck24329,291
Truck24330,291
Truck24331,291
Truck24332,291
Truck24333,291
Truck24334,291
Truck24335,291
Truck24336,291
Truck24337,291
Truck24338,291
Truck24339,291
Truck24340,291
Truck24341,291
Truck24342,291
Truck24343,291
Truck24344,291
Truck24345,291
Truck24346,291
Truck24347,291
Truck24348,291
Truck24349,291
Truck24350,291
Truck24351,291
Truck24352,291
Truck24353,291
Truck24354,291
Truck24355,291
Truck24356,291
Truck24357,291
Truck24358,291
Truck24359,291
Truck24360,291
Truck24361,291
Truck24362,291
Truck24363,291
Truck24364,291
Truck24365,291
Truck24366,291
Truck24367,291
Truck24368,291
Truck24369,291
Truck24370,291
Truck24371,291
Truck24372,291
Truck24373,291
Truck24374,291
Truck24375,291
Truck24376,291
Truck24377,291
Truck24378,291
Truck24379,291
Truck24380,291
Truck24381,291
Truck24382,291
Truck24383,291
Truck24384,291
Truck24385,291
Truck24386,291
Truck24387,291
Truck24388,291
Truck24389,291
Truck24390,291
Truck24391,291
Truck24392,291
Truck24393,291
Truck24394,291
Truck24395,291
Truck24396,291
Truck24397,291
Truck24398,291
Truck24399,291
Truck24400,291
Truck24401,291
Truck24402,291
Truck24403,291
Truck24404,291
Truck24405,291
Truck24406,291
Truck24407,291
Truck24408,291
Truck24409,291
Truck24410,291
Truck24411,291
Truck24412,291
Truck24413,291
Truck24414,291
Truck24415,291
Truck24416,291
Truck24417,291
Truck24418,291
Truck24419,291
Truck24420,291
Truck24421,291
Truck24480,291
Truck24481,291
Truck24482,291
Truck24483,291
Truck24484,291
Truck24485,291
Truck24486,291
Truck24487,291
Truck24488,291
Truck24489,291
Truck24490,291
Truck24491,291
Truck24492,291
Truck24493,291
Truck24494,291
Truck24495,291
Truck24496,291
Truck24497,291
Truck24498,291
Truck24499,291
Truck24500,291
Truck24501,291
Truck24502,291
Truck24503,291
Truck24504,291
Truck24505,291
Truck24506,291
Truck24507,291
Truck24508,291
Truck24509,291
Truck24510,291
Truck24511,291
Truck24512,291
Truck24513,291
Truck24514,291
Truck24515,291
Truck24516,291
Truck24517,291
Truck24518,291
Truck24519,291
Truck24520,291
Truck24521,291
Truck24522,291
Truck24523,291
Truck24524,291
Truck24525,291
Truck24526,291
Truck24527,291
Truck24528,291
Truck24529,291
Truck24530,291
Truck24531,291
Truck24532,291
Truck24533,291
Truck24534,291
Truck24535,291
Truck24536,291
Truck24537,291
Truck24538,291
Truck24539,291
Truck24540,291
Truck24541,291
Truck24542,291
Truck24543,291
Truck24544,291
Truck24545,291
Truck24546,291
Truck24547,291
Truck24548,291
Truck24549,291
Truck24550,291
Truck24551,291
Truck24552,291
Truck24553,291
Truck24554,291
Truck24555,291
Truck24556,291
Truck24557,291
Truck24558,291
Truck24559,291
Truck24560,291
Truck24561,291
Truck24562,291
Truck24563,291
Truck24564,291
Truck24565,291
Truck24566,291
Truck24567,291
Truck24568,291
Truck24569,291
Truck24570,291
Truck24571,291
Truck24572,291
Truck24573,291
Truck24574,291
Truck24575,291
Truck24576,291
Truck24577,291
Truck24578,291
Truck24579,291
Truck24580,291
Truck24581,291
Truck24582,291
Truck24583,291
Truck24584,291
Truck24585,291
Truck24586,291
Truck24587,291
Truck24588,291
Truck24589,291
Truck24590,291
Truck24591,291
Truck24592,291
Truck24593,291
Truck24594,291
Truck24595,291
Truck24596,291
Truck24597,291
Truck24598,291
Truck24599,291
Truck24600,291
Truck24601,291
Truck24602,291
Truck24603,291
Truck24604,291
Truck24605,291
Truck24606,291
Truck24607,291
Truck24608,291
Truck24609,291
Truck24610,291
Truck24611,291
Truck24612,291
Truck24613,291
Truck24614,291
Truck24615,291
Truck24616,291
Truck24617,291
Truck24618,291
Truck24619,291
Truck24620,291
Truck24621,291
Truck24622,291
Truck24623,291
Truck24624,291
Truck24625,291
Truck24626,291
Truck24627,291
Truck24628,291
Truck24629,291
Truck24630,291
Truck24631,291
Truck24632,291
Truck24633,291
Truck24634,291
Truck24635,291
Truck24636,291
Truck24637,291
Truck24638,291
Truck24639,291
Truck24640,291
Truck24641,291
Truck24642,291
Truck24643,291
Truck24644,291
Truck24645,291
Truck24646,291
Truck24647,291
Truck24648,291
Truck24649,291
Truck24650,291
Truck24651,291
Truck24652,291
Truck24653,291
Truck24654,291
Truck24655,291
Truck24656,291
Truck24657,291
Truck24658,291
Truck24659,291
Truck24660,291
Truck24661,291
Truck24662,291
Truck24663,291
Truck24664,291
Truck24665,291
Truck24666,291
Truck24667,291
Truck24668,291
Truck24669,291
Truck24670,291
Truck24671,291
Truck24672,291
Truck24673,291
Truck24674,291
Truck24675,291
Truck24676,291
Truck24677,291
Truck24678,291
Truck24679,291
Truck24680,291
Truck24681,291
Truck24682,291
Truck24683,291
Truck24684,291
Truck24685,291
Truck24686,291
Truck24687,291
Truck24688,291
Truck24689,291
Truck24690,291
Truck24691,291
Truck24692,291
Truck24693,291
Truck24694,291
Truck24695,291
Truck24696,291
Truck24697,291
Truck24698,291
Truck24699,291
Truck24700,291
Truck24701,291
Truck24702,291
Truck24703,291
Truck24704,291
Truck24705,291
Truck24706,291
Truck24707,291
Truck24708,291
Truck24709,291
Truck24710,291
Truck24711,291
Truck24712,291
Truck24713,291
Truck24714,291
Truck24715,291
Truck24716,291
Truck24717,291
Truck24718,291
Truck24719,291
Truck24720,291
Truck24721,291
Truck24722,291
Truck24723,291
Truck24724,291
Truck24725,291
Truck24726,291
Truck24727,291
Truck24728,291
Truck24729,291
Truck24730,291
Truck24731,291
Truck24732,291
Truck24733,291
Truck24734,291
Truck24735,291
Truck24736,291
Truck24737,291
Truck24738,291
Truck24739,291
Truck24740,291
Truck24741,291
Truck24742,291
Truck24743,291
Truck24744,291
Truck24745,291
Truck24746,291
Truck24747,291
Truck24748,291
Truck24749,291
Truck24750,291
Truck24751,291
Truck24752,291
Truck24753,291
Truck24754,291
Truck24755,291
Truck24756,291
Truck24757,291
Truck24758,291
Truck24759,291
Truck24760,291
Truck24761,291
Truck24762,291
Truck24763,291
Truck24764,291
Truck24765,291
Truck24766,291
Truck24767,291
Truck24768,291
Truck24769,291
Truck24770,291
Truck24771,291
Truck24772,291
Truck24773,291
Truck24774,291
Truck24775,291
Truck24776,291
Truck24777,291
Truck24778,291
Truck24779,291
Truck24780,291
Truck24781,291
Truck24782,291
Truck24783,291
Truck24784,291
Truck24785,291
Truck24786,291
Truck24787,291
Truck24788,291
Truck24789,291
Truck24790,291
Truck24791,291
Truck24792,291
Truck24793,291
Truck24794,291
Truck24795,291
Truck24796,291
Truck24797,291
Truck24798,291
Truck24799,291
Truck24800,291
Truck24801,291
Truck24802,291
Truck24803,291
Truck24804,291
Truck24805,291
Truck24806,291
Truck24807,291
Truck24808,291
Truck24809,291
Truck24810,291
Truck24811,291
Truck24812,291
Truck24813,291
Truck24814,291
Truck24815,291
Truck24816,291
Truck24817,291
Truck24818,291
Truck24819,291
Truck24820,291
Truck24821,291
Truck24822,291
Truck24823,291
Truck24824,291
Truck24825,291
Truck24826,291
Truck24827,291
Truck24828,291
Truck24829,291
Truck24830,291
Truck24831,291
Truck24832,291
Truck24833,291
Truck24834,291
Truck24835,291
Truck24836,291
Truck24837,291
Truck24838,291
Truck24839,291
Truck24840,291
Truck24841,291
Truck24842,291
Truck24843,291
Truck24844,291
Truck24845,291
Truck24846,291
Truck24847,291
Truck24848,291
Truck24849,291
Truck24850,291
Truck24851,291
Truck24852,291
Truck24853,291
Truck24854,291
Truck24855,291
Truck24856,291
Truck24857,291
Truck24858,291
Truck24859,291
Truck24860,291
Truck24861,291
Truck24862,291
Truck24863,291
Truck24864,291
Truck24865,291
Truck24866,291
Truck24867,291
Truck24868,291
Truck24869,291
Truck24870,291
Truck24871,291
Truck24872,291
Truck24873,291
Truck24874,291
Truck24875,291
Truck24876,291
Truck24877,291
Truck24878,291
Truck24879,291
Truck24880,291
Truck24881,291
Truck24882,291
Truck24883,291
Truck24884,291
Truck24885,291
Truck24886,291
Truck24887,291
Truck24888,291
Truck24889,291
Truck24890,291
Truck24891,291
Truck24892,291
Truck24893,291
Truck24894,291
Truck24895,291
Truck24896,291
Truck24897,291
Truck24898,291
Truck24899,291
Truck24900,291
Truck24901,291
Truck24902,291
Truck24903,291
Truck24904,291
Truck24905,291
Truck24906,291
Truck24907,291
Truck24908,291
Truck24909,291
Truck24910,291
Truck24911,291
Truck24912,291
Truck24913,291
Truck24914,291
Truck24915,291
Truck24916,291
Truck24917,291
Truck24918,291
Truck24919,291
Truck24920,291
Truck24921,291
Truck24922,291
Truck24923,291
Truck24924,291
Truck24925,291
Truck24926,291
Truck24927,291
Truck24928,291
Truck24929,291
Truck24930,291
Truck24931,291
Truck24932,291
Truck24933,291
Truck24934,291
Truck24935,291
Truck24936,291
Truck24937,291
Truck24938,291
Truck24939,291
Truck24940,291
Truck24941,291
Truck24942,291
Truck24943,291
Truck24944,291
Truck24945,291
Truck24946,291
Truck24947,291
Truck24948,291
Truck24949,291
Truck24950,291
Truck24951,291
Truck24952,291
Truck24953,291
Truck24954,291
Truck24955,291
Truck24956,291
Truck24957,291
Truck24958,291
Truck24959,291
Truck24960,291
Truck24961,291
Truck24962,291
Truck24963,291
Truck24964,291
Truck24965,291
Truck24966,291
Truck24967,291
Truck24968,291
Truck24969,291
Truck24970,291
Truck24971,291
Truck24972,291
Truck24973,291
Truck24974,291
Truck24975,291
Truck24976,291
Truck24977,291
Truck24978,291
Truck24979,291
Truck24980,291
Truck24981,291
Truck24982,291
Truck24983,291
Truck24984,291
Truck24985,291
Truck24986,291
Truck24987,291
Truck24988,291
Truck24989,291
Truck24990,291
Truck24991,291
Truck24992,291
Truck24993,291
Truck24994,291
Truck24995,291
Truck24996,291
Truck24997,291
Truck24998,291
Truck24999,291
Truck25000,291
Truck25001,291
Truck25002,291
Truck25003,291
Truck25004,291
Truck25005,291
Truck25006,291
Truck25007,291
Truck25008,291
Truck25009,291
Truck25010,291
Truck25011,291
Truck25012,291
Truck25013,291
Truck25014,291
Truck25015,291
Truck25016,291
Truck25017,291
Truck25018,291
Truck25019,291
Truck25020,291
Truck25021,291
Truck25022,291
Truck25023,291
Truck25024,291
Truck25025,291
Truck25026,291
Truck25027,291
Truck25028,291
Truck25029,291
Truck25030,291
Truck25031,291
Truck25032,291
Truck25033,291
Truck25034,291
Truck25035,291
Truck25036,291
Truck25037,291
Truck25038,291
Truck25039,291
Truck25040,291
Truck25041,291
Truck25042,291
Truck25043,291
Truck25044,291
Truck25045,291
Truck25046,291
Truck25047,291
Truck25048,291
Truck25049,291
Truck25050,291
Truck25051,291
Truck25052,291
Truck25053,291
Truck25054,291
Truck25055,291
Truck25056,291
Truck25057,291
Truck25058,291
Truck25059,291
Truck25060,291
Truck25061,291
Truck25062,291
Truck25063,291
Truck25064,291
Truck25065,291
Truck25066,291
Truck25067,291
Truck25068,291
Truck25069,291
Truck25070,291
Truck25071,291
Truck25072,291
Truck25073,291
Truck25074,291
Truck25075,291
Truck25076,291
Truck25077,291
Truck25078,291
Truck25079,291
Truck25080,291
Truck25081,291
Truck25082,291
Truck25083,291
Truck25084,291
Truck25085,291
Truck25086,291
Truck25087,291
Truck25088,291
Truck25089,291
Truck25090,291
Truck25091,291
Truck25092,291
Truck25093,291
Truck25094,291
Truck25095,291
Truck25096,291
Truck25097,291
Truck25098,291
Truck25099,291
Truck25100,291
Truck25101,291
Truck25102,291
Truck25103,291
Truck25104,291
Truck25105,291
Truck25106,291
Truck25107,291
Truck25108,291
Truck25109,291
Truck25110,291
Truck25111,291
Truck25112,291
Truck25113,291
Truck25114,291
Truck25115,291
Truck25116,291
Truck25117,291
Truck25118,291
Truck25119,291
Truck25120,291
Truck25121,291
Truck25122,291
Truck25123,291
Truck25124,291
Truck25125,291
Truck25126,291
Truck25127,291
Truck25128,291
Truck25129,291
Truck25130,291
Truck25131,291
Truck25132,291
Truck25133,291
Truck25134,291
Truck25135,291
Truck25136,291
Truck25137,291
Truck25138,291
Truck25139,291
Truck25140,291
Truck25141,291
Truck25142,291
Truck25143,291
Truck25144,291
Truck25145,291
Truck25146,291
Truck25147,291
Truck25148,291
Truck25149,291
Truck25150,291
Truck25151,291
Truck25152,291
Truck25153,291
Truck25154,291
Truck25155,291
Truck25156,291
Truck25157,291
Truck25158,291
Truck25159,291
Truck25160,291
Truck25161,291
Truck25162,291
Truck25163,291
Truck25164,291
Truck25165,291
Truck25166,291
Truck25167,291
Truck25168,291
Truck25169,291
Truck25170,291
Truck25171,291
Truck25172,291
Truck25173,291
Truck25174,291
Truck25175,291
Truck25176,291
Truck25177,291
Truck25178,291
Truck25179,291
Truck25180,291
Truck25181,291
Truck25182,291
Truck25183,291
Truck25184,291
Truck25185,291
Truck25186,291
Truck25187,291
Truck25188,291
Truck25189,291
Truck25190,291
Truck25191,291
Truck25192,291
Truck25193,291
Truck25194,291
Truck25195,291
Truck25196,291
Truck25197,291
Truck25198,291
Truck25199,291
Truck25200,291
Truck25201,291
Truck25202,291
Truck25203,291
Truck25204,291
Truck25205,291
Truck25206,291
Truck25207,291
Truck25208,291
Truck25209,291
Truck25210,291
Truck25211,291
Truck25212,291
Truck25213,291
Truck25214,291
Truck25215,291
Truck25216,291
Truck25217,291
Truck25218,291
Truck25219,291
Truck25220,291
Truck25221,291
Truck25222,291
Truck25223,291
Truck25224,291
Truck25225,291
Truck25226,291
Truck25227,291
Truck25228,291
Truck25229,291
Truck25230,291
Truck25231,291
Truck25232,291
Truck25233,291
Truck25234,291
Truck25235,291
Truck25236,291
Truck25237,291
Truck25238,291
Truck25239,291
Truck25240,291
Truck25241,291
Truck25242,291
Truck25243,291
Truck25244,291
Truck25245,291
Truck25246,291
Truck25247,291
Truck25248,291
Truck25249,291
Truck25250,291
Truck25251,291
Truck25252,291
Truck25253,291
Truck25254,291
Truck25255,291
Truck25256,291
Truck25257,291
Truck25258,291
Truck25259,291
Truck25260,291
Truck25261,291
Truck25262,291
Truck25263,291
Truck25264,291
Truck25265,291
Truck25266,291
Truck25267,291
Truck25268,291
Truck25269,291
Truck25270,291
Truck25271,291
Truck25272,291
Truck25273,291
Truck25274,291
Truck25275,291
Truck25276,291
Truck25277,291
Truck25278,291
Truck25279,291
Truck25280,291
Truck25281,291
Truck25282,291
Truck25283,291
Truck25284,291
Truck25285,291
Truck25286,291
Truck25287,291
Truck25288,291
Truck25289,291
Truck25290,291
Truck25291,291
Truck25292,291
Truck25293,291
Truck25294,291
Truck25295,291
Truck25296,291
Truck25297,291
Truck25298,291
Truck25299,291
Truck25300,291
Truck25301,291
Truck25302,291
Truck25303,291
Truck25304,291
Truck25305,291
Truck25306,291
Truck25307,291
Truck25308,291
Truck25309,291
Truck25310,291
Truck25311,291
Truck25312,291
Truck25313,291
Truck25314,291
Truck25315,291
Truck25316,291
Truck25317,291
Truck25318,291
Truck25319,291
Truck25320,291
Truck25321,291
Truck25322,291
Truck25323,291
Truck25324,291
Truck25325,291
Truck25326,291
Truck25327,291
Truck25328,291
Truck25329,291
Truck25330,291
Truck25331,291
Truck25332,291
Truck25333,291
Truck25334,291
Truck25335,291
Truck25336,291
Truck25337,291
Truck25338,291
Truck25339,291
Truck25340,291
Truck25341,291
Truck25342,291
Truck25343,291
Truck25344,291
Truck25345,291
Truck25346,291
Truck25347,291
Truck25348,291
Truck25349,291
Truck25350,291
Truck25351,291
Truck25352,291
Truck25353,291
Truck25354,291
Truck25355,291
Truck25356,291
Truck25357,291
Truck25358,291
Truck25359,291
Truck25360,291
Truck25361,291
Truck25362,291
Truck25363,291
Truck25364,291
Truck25365,291
Truck25366,291
Truck25367,291
Truck25368,291
Truck25369,291
Truck25370,291
Truck25371,291
Truck25372,291
Truck25373,291
Truck25374,291
Truck25375,291
Truck25376,291
Truck25377,291
Truck25378,291
Truck25379,291
Truck25380,291
Truck25381,291
Truck25382,291
Truck25383,291
Truck25384,291
Truck25385,291
Truck25386,291
Truck25387,291
Truck25388,291
Truck25389,291
Truck25390,291
Truck25391,291
Truck25392,291
Truck25393,291
Truck25394,291
Truck25395,291
Truck25396,291
Truck25397,291
Truck25398,291
Truck25399,291
Truck25400,291
Truck25401,291
Truck25402,291
Truck25403,291
Truck25404,291
Truck25405,291
Truck25406,291
Truck25407,291
Truck25408,291
Truck25409,291
Truck25410,291
Truck25411,291
Truck25412,291
Truck25413,291
Truck25414,291
Truck25415,291
Truck25416,291
Truck25417,291
Truck25418,291
Truck25419,291
Truck25420,291
Truck25421,291
Truck25422,291
Truck25423,291
Truck25424,291
Truck25425,291
Truck25426,291
Truck25427,291
Truck25428,291
Truck25429,291
Truck25430,291
Truck25431,291
Truck25432,291
Truck25433,291
Truck25434,291
Truck25435,291
Truck25436,291
Truck25437,291
Truck25438,291
Truck25439,291
Truck25440,291
Truck25441,291
Truck25442,291
Truck25443,291
Truck25444,291
Truck25445,291
Truck25446,291
Truck25447,291
Truck25448,291
Truck25449,291
Truck25450,291
Truck25451,291
Truck25452,291
Truck25453,291
Truck25454,291
Truck25455,291
Truck25456,291
Truck25457,291
Truck25458,291
Truck25459,291
Truck25460,291
Truck25461,291
Truck25462,291
Truck25463,291
Truck25464,291
Truck25465,291
Truck25466,291
Truck25467,291
Truck25468,291
Truck25469,291
Truck25470,291
Truck25471,291
Truck25472,291
Truck25473,291
Truck25474,291
Truck25475,291
Truck25476,291
Truck25477,291
Truck25478,291
Truck25479,291
Truck25480,291
Truck25481,291
Truck25482,291
Truck25483,291
Truck25484,291
Truck25485,291
Truck25486,291
Truck25487,291
Truck25488,291
Truck25489,291
Truck25490,291
Truck25491,291
Truck25492,291
Truck25493,291
Truck25494,291
Truck25495,291
Truck25496,291
Truck25497,291
Truck25498,291
Truck25499,291
Truck25500,291
Truck25501,291
Truck25502,291
Truck25503,291
Truck25504,291
Truck25505,291
Truck25506,291
Truck25507,291
Truck25508,291
Truck25509,291
Truck25510,291
Truck25511,291
Truck25512,291
Truck25513,291
Truck25514,291
Truck25515,291
Truck25516,291
Truck25517,291
Truck25518,291
Truck25519,291
Truck25520,291
Truck25521,291
Truck25522,291
Truck25523,291
Truck25524,291
Truck25525,291
Truck25526,291
Truck25527,291
Truck25528,291
Truck25529,291
Truck25530,291
Truck25531,291
Truck25532,291
Truck25533,291
Truck25534,291
Truck25535,291
Truck25536,291
Truck25537,291
Truck25538,291
Truck25539,291
Truck25540,291
Truck25541,291
Truck25542,291
Truck25543,291
Truck25544,291
Truck25545,291
Truck25546,291
Truck25547,291
Truck25548,291
Truck25549,291
Truck25550,291
Truck25551,291
Truck25552,291
Truck25553,291
Truck25554,291
Truck25555,291
Truck25556,291
Truck25557,291
Truck25558,291
Truck25559,291
Truck25560,291
Truck25561,291
Truck25562,291
Truck25563,291
Truck25564,291
Truck25565,291
Truck25566,291
Truck25567,291
Truck25568,291
Truck25569,291
Truck25570,291
Truck25571,291
Truck25572,291
Truck25573,291
Truck25574,291
Truck25575,291
Truck25576,291
Truck25577,291
Truck25578,291
Truck25579,291
Truck25580,291
Truck25581,291
Truck25582,291
Truck25583,291
Truck25584,291
Truck25585,291
Truck25586,291
Truck25587,291
Truck25588,291
Truck25589,291
Truck25590,291
Truck25591,291
Truck25592,291
Truck25593,291
Truck25594,291
Truck25595,291
Truck25596,291
Truck25597,291
Truck25598,291
Truck25599,291
Truck25600,291
Truck25601,291
Truck25602,291
Truck25603,291
Truck25604,291
Truck25605,291
Truck25606,291
Truck25607,291
Truck25608,291
Truck25609,291
Truck25610,291
Truck25611,291
Truck25612,291
Truck25613,291
Truck25614,291
Truck25615,291
Truck25616,291
Truck25617,291
Truck25618,291
Truck25619,291
Truck25620,291
Truck25621,291
Truck25622,291
Truck25623,291
Truck25624,291
Truck25625,291
Truck25626,291
Truck25627,291
Truck25628,291
Truck25629,291
Truck25630,291
Truck25631,291
Truck25632,291
Truck25633,291
Truck25634,291
Truck25635,291
Truck25636,291
Truck25637,291
Truck25638,291
Truck25639,291
Truck25640,291
Truck25641,291
Truck25642,291
Truck25643,291
Truck25644,291
Truck25645,291
Truck25646,291
Truck25647,291
Truck25648,291
Truck25649,291
Truck25650,291
Truck25651,291
Truck25652,291
Truck25653,291
Truck25654,291
Truck25655,291
Truck25656,291
Truck25657,291
Truck25658,291
Truck25659,291
Truck25660,291
Truck25661,291
Truck25662,291
Truck25663,291
Truck25664,291
Truck25665,291
Truck25666,291
Truck25667,291
Truck25668,291
Truck25669,291
Truck25670,291
Truck25671,291
Truck25672,291
Truck25673,291
Truck25674,291
Truck25675,291
Truck25676,291
Truck25677,291
Truck25678,291
Truck25679,291
Truck25680,291
Truck25681,291
Truck25682,291
Truck25683,291
Truck25684,291
Truck25685,291
Truck25686,291
Truck25687,291
Truck25688,291
Truck25689,291
Truck25690,291
Truck25691,291
Truck25692,291
Truck25693,291
Truck25694,291
Truck25695,291
Truck25696,291
Truck25697,291
Truck25698,291
Truck25699,291
Truck25700,291
Truck25701,291
Truck25702,291
Truck25703,291
Truck25704,291
Truck25705,291
Truck25706,291
Truck25707,291
Truck25708,291
Truck25709,291
Truck25710,291
Truck25711,291
Truck25712,291
Truck25713,291
Truck25714,291
Truck25715,291
Truck25716,291
Truck25717,291
Truck25718,291
Truck25719,291
Truck25720,291
Truck25721,291
Truck25722,291
Truck25723,291
Truck25724,291
Truck25725,291
Truck25726,291
Truck25727,291
Truck25728,291
Truck25729,291
Truck25730,291
Truck25731,291
Truck25732,291
Truck25733,291
Truck25734,291
Truck25735,291
Truck25736,291
Truck25737,291
Truck25738,291
Truck25739,291
Truck25740,291
Truck25741,291
Truck25742,291
Truck25743,291
Truck25744,291
Truck25745,291
Truck25746,291
Truck25747,291
Truck25748,291
Truck25749,291
Truck25750,291
Truck25751,291
Truck25752,291
Truck25753,291
Truck25754,291
Truck25755,291
Truck25756,291
Truck25757,291
Truck25758,291
Truck25759,291
Truck25760,291
Truck25761,291
Truck25762,291
Truck25763,291
Truck25764,291
Truck25765,291
Truck25766,291
Truck25767,291
Truck25768,291
Truck25769,291
Truck25770,291
Truck25771,291
Truck25772,291
Truck25773,291
Truck25774,291
Truck25775,291
Truck25776,291
Truck25777,291
Truck25778,291
Truck25779,291
Truck25780,291
Truck25781,291
Truck25782,291
Truck25783,291
Truck25784,291
Truck25785,291
Truck25786,291
Truck25787,291
Truck25788,291
Truck25789,291
Truck25790,291
Truck25791,291
Truck25792,291
Truck25793,291
Truck25794,291
Truck25795,291
Truck25796,291
Truck25797,291
Truck25798,291
Truck25799,291
Truck25800,291
Truck25801,291
Truck25802,291
Truck25803,291
Truck25804,291
Truck25805,291
Truck25806,291
Truck25807,291
Truck25808,291
Truck25809,291
Truck25810,291
Truck25811,291
Truck25812,291
Truck25813,291
Truck25814,291
Truck25815,291
Truck25816,291
Truck25817,291
Truck25818,291
Truck25819,291
Truck25820,291
Truck25821,291
Truck25822,291
Truck25823,291
Truck25824,291
Truck25825,291
Truck25826,291
Truck25827,291
Truck25828,291
Truck25829,291
Truck25830,291
Truck25831,291
Truck25832,291
Truck25833,291
Truck25834,291
Truck25835,291
Truck25836,291
Truck25837,291
Truck25838,291
Truck25839,291
Truck25840,291
Truck25841,291
Truck25842,291
Truck25843,291
Truck25844,291
Truck25845,291
Truck25846,291
Truck25847,291
Truck25848,291
Truck25849,291
Truck25850,291
Truck25851,291
Truck25852,291
Truck25853,291
Truck25854,291
Truck25855,291
Truck25856,291
Truck25857,291
Truck25858,291
Truck25859,291
Truck25860,291
Truck25861,291
Truck25920,291
Truck25921,291
Truck25922,291
Truck25923,291
Truck25924,291
Truck25925,291
Truck25926,291
Truck25927,291
Truck25928,291
Truck25929,291
Truck25930,291
Truck25931,291
Truck25932,291
Truck25933,291
Truck25934,291
Truck25935,291
Truck25936,291
Truck25937,291
Truck25938,291
Truck25939,291
Truck25940,291
Truck25941,291
Truck25942,291
Truck25943,291
Truck25944,291
Truck25945,291
Truck25946,291
Truck25947,291
Truck25948,291
Truck25949,291
Truck25950,291
Truck25951,291
Truck25952,291
Truck25953,291
Truck25954,291
Truck25955,291
Truck25956,291
Truck25957,291
Truck25958,291
Truck25959,291
Truck25960,291
Truck25961,291
Truck25962,291
Truck25963,291
Truck25964,291
Truck25965,291
Truck25966,291
Truck25967,291
Truck25968,291
Truck25969,291
Truck25970,291
Truck25971,291
Truck25972,291
Truck25973,291
Truck25974,291
Truck25975,291
Truck25976,291
Truck25977,291
Truck25978,291
Truck25979,291
Truck25980,291
Truck25981,291
Truck25982,291
Truck25983,291
Truck25984,291
Truck25985,291
Truck25986,291
Truck25987,291
Truck25988,291
Truck25989,291
Truck25990,291
Truck25991,291
Truck25992,291
Truck25993,291
Truck25994,291
Truck25995,291
Truck25996,291
Truck25997,291
Truck25998,291
Truck25999,291
Truck26000,291
Truck26001,291
Truck26002,291
Truck26003,291
Truck26004,291
Truck26005,291
Truck26006,291
Truck26007,291
Truck26008,291
Truck26009,291
Truck26010,291
Truck26011,291
Truck26012,291
Truck26013,291
Truck26014,291
Truck26015,291
Truck26016,291
Truck26017,291
Truck26018,291
Truck26019,291
Truck26020,291
Truck26021,291
Truck26022,291
Truck26023,291
Truck26024,291
Truck26025,291
Truck26026,291
Truck26027,291
Truck26028,291
Truck26029,291
Truck26030,291
Truck26031,291
Truck26032,291
Truck26033,291
Truck26034,291
Truck26035,291
Truck26036,291
Truck26037,291
Truck26038,291
Truck26039,291
Truck26040,291
Truck26041,291
Truck26042,291
Truck26043,291
Truck26044,291
Truck26045,291
Truck26046,291
Truck26047,291
Truck26048,291
Truck26049,291
Truck26050,291
Truck26051,291
Truck26052,291
Truck26053,291
Truck26054,291
Truck26055,291
Truck26056,291
Truck26057,291
Truck26058,291
Truck26059,291
Truck26060,291
Truck26061,291
Truck26062,291
Truck26063,291
Truck26064,291
Truck26065,291
Truck26066,291
Truck26067,291
Truck26068,291
Truck26069,291
Truck26070,291
Truck26071,291
Truck26072,291
Truck26073,291
Truck26074,291
Truck26075,291
Truck26076,291
Truck26077,291
Truck26078,291
Truck26079,291
Truck26080,291
Truck26081,291
Truck26082,291
Truck26083,291
Truck26084,291
Truck26085,291
Truck26086,291
Truck26087,291
Truck26088,291
Truck26089,291
Truck26090,291
Truck26091,291
Truck26092,291
Truck26093,291
Truck26094,291
Truck26095,291
Truck26096,291
Truck26097,291
Truck26098,291
Truck26099,291
Truck26100,291
Truck26101,291
Truck26102,291
Truck26103,291
Truck26104,291
Truck26105,291
Truck26106,291
Truck26107,291
Truck26108,291
Truck26109,291
Truck26110,291
Truck26111,291
Truck26112,291
Truck26113,291
Truck26114,291
Truck26115,291
Truck26116,291
Truck26117,291
Truck26118,291
Truck26119,291
Truck26120,291
Truck26121,291
Truck26122,291
Truck26123,291
Truck26124,291
Truck26125,291
Truck26126,291
Truck26127,291
Truck26128,291
Truck26129,291
Truck26130,291
Truck26131,291
Truck26132,291
Truck26133,291
Truck26134,291
Truck26135,291
Truck26136,291
Truck26137,291
Truck26138,291
Truck26139,291
Truck26140,291
Truck26141,291
Truck26142,291
Truck26143,291
Truck26144,291
Truck26145,291
Truck26146,291
Truck26147,291
Truck26148,291
Truck26149,291
Truck26150,291
Truck26151,291
Truck26152,291
Truck26153,291
Truck26154,291
Truck26155,291
Truck26156,291
Truck26157,291
Truck26158,291
Truck26159,291
Truck26160,291
Truck26161,291
Truck26162,291
Truck26163,291
Truck26164,291
Truck26165,291
Truck26166,291
Truck26167,291
Truck26168,291
Truck26169,291
Truck26170,291
Truck26171,291
Truck26172,291
Truck26173,291
Truck26174,291
Truck26175,291
Truck26176,291
Truck26177,291
Truck26178,291
Truck26179,291
Truck26180,291
Truck26181,291
Truck26182,291
Truck26183,291
Truck26184,291
Truck26185,291
Truck26186,291
Truck26187,291
Truck26188,291
Truck26189,291
Truck26190,291
Truck26191,291
Truck26192,291
Truck26193,291
Truck26194,291
Truck26195,291
Truck26196,291
Truck26197,291
Truck26198,291
Truck26199,291
Truck26200,291
Truck26201,291
Truck26202,291
Truck26203,291
Truck26204,291
Truck26205,291
Truck26206,291
Truck26207,291
Truck26208,291
Truck26209,291
Truck26210,291
Truck26211,291
Truck26212,291
Truck26213,291
Truck26214,291
Truck26215,291
Truck26216,291
Truck26217,291
Truck26218,291
Truck26219,291
Truck26220,291
Truck26221,291
Truck26222,291
Truck26223,291
Truck26224,291
Truck26225,291
Truck26226,291
Truck26227,291
Truck26228,291
Truck26229,291
Truck26230,291
Truck26231,291
Truck26232,291
Truck26233,291
Truck26234,291
Truck26235,291
Truck26236,291
Truck26237,291
Truck26238,291
Truck26239,291
Truck26240,291
Truck26241,291
Truck26242,291
Truck26243,291
Truck26244,291
Truck26245,291
Truck26246,291
Truck26247,291
Truck26248,291
Truck26249,291
Truck26250,291
Truck26251,291
Truck26252,291
Truck26253,291
Truck26254,291
Truck26255,291
Truck26256,291
Truck26257,291
Truck26258,291
Truck26259,291
Truck26260,291
Truck26261,291
Truck26262,291
Truck26263,291
Truck26264,291
Truck26265,291
Truck26266,291
Truck26267,291
Truck26268,291
Truck26269,291
Truck26270,291
Truck26271,291
Truck26272,291
Truck26273,291
Truck26274,291
Truck26275,291
Truck26276,291
Truck26277,291
Truck26278,291
Truck26279,291
Truck26280,291
Truck26281,291
Truck26282,291
Truck26283,291
Truck26284,291
Truck26285,291
Truck26286,291
Truck26287,291
Truck26288,291
Truck26289,291
Truck26290,291
Truck26291,291
Truck26292,291
Truck26293,291
Truck26294,291
Truck26295,291
Truck26296,291
Truck26297,291
Truck26298,291
Truck26299,291
Truck26300,291
Truck26301,291
Truck26302,291
Truck26303,291
Truck26304,291
Truck26305,291
Truck26306,291
Truck26307,291
Truck26308,291
Truck26309,291
Truck26310,291
Truck26311,291
Truck26312,291
Truck26313,291
Truck26314,291
Truck26315,291
Truck26316,291
Truck26317,291
Truck26318,291
Truck26319,291
Truck26320,291
Truck26321,291
Truck26322,291
Truck26323,291
Truck26324,291
Truck26325,291
Truck26326,291
Truck26327,291
Truck26328,291
Truck26329,291
Truck26330,291
Truck26331,291
Truck26332,291
Truck26333,291
Truck26334,291
Truck26335,291
Truck26336,291
Truck26337,291
Truck26338,291
Truck26339,291
Truck26340,291
Truck26341,291
Truck26342,291
Truck26343,291
Truck26344,291
Truck26345,291
Truck26346,291
Truck26347,291
Truck26348,291
Truck26349,291
Truck26350,291
Truck26351,291
Truck26352,291
Truck26353,291
Truck26354,291
Truck26355,291
Truck26356,291
Truck26357,291
Truck26358,291
Truck26359,291
Truck26360,291
Truck26361,291
Truck26362,291
Truck26363,291
Truck26364,291
Truck26365,291
Truck26366,291
Truck26367,291
Truck26368,291
Truck26369,291
Truck26370,291
Truck26371,291
Truck26372,291
Truck26373,291
Truck26374,291
Truck26375,291
Truck26376,291
Truck26377,291
Truck26378,291
Truck26379,291
Truck26380,291
Truck26381,291
Truck26382,291
Truck26383,291
Truck26384,291
Truck26385,291
Truck26386,291
Truck26387,291
Truck26388,291
Truck26389,291
Truck26390,291
Truck26391,291
Truck26392,291
Truck26393,291
Truck26394,291
Truck26395,291
Truck26396,291
Truck26397,291
Truck26398,291
Truck26399,291
Truck26400,291
Truck26401,291
Truck26402,291
Truck26403,291
Truck26404,291
Truck26405,291
Truck26406,291
Truck26407,291
Truck26408,291
Truck26409,291
Truck26410,291
Truck26411,291
Truck26412,291
Truck26413,291
Truck26414,291
Truck26415,291
Truck26416,291
Truck26417,291
Truck26418,291
Truck26419,291
Truck26420,291
Truck26421,291
Truck26422,291
Truck26423,291
Truck26424,291
Truck26425,291
Truck26426,291
Truck26427,291
Truck26428,291
Truck26429,291
Truck26430,291
Truck26431,291
Truck26432,291
Truck26433,291
Truck26434,291
Truck26435,291
Truck26436,291
Truck26437,291
Truck26438,291
Truck26439,291
Truck26440,291
Truck26441,291
Truck26442,291
Truck26443,291
Truck26444,291
Truck26445,291
Truck26446,291
Truck26447,291
Truck26448,291
Truck26449,291
Truck26450,291
Truck26451,291
Truck26452,291
Truck26453,291
Truck26454,291
Truck26455,291
Truck26456,291
Truck26457,291
Truck26458,291
Truck26459,291
Truck26460,291
Truck26461,291
Truck26462,291
Truck26463,291
Truck26464,291
Truck26465,291
Truck26466,291
Truck26467,291
Truck26468,291
Truck26469,291
Truck26470,291
Truck26471,291
Truck26472,291
Truck26473,291
Truck26474,291
Truck26475,291
Truck26476,291
Truck26477,291
Truck26478,291
Truck26479,291
Truck26480,291
Truck26481,291
Truck26482,291
Truck26483,291
Truck26484,291
Truck26485,291
Truck26486,291
Truck26487,291
Truck26488,291
Truck26489,291
Truck26490,291
Truck26491,291
Truck26492,291
Truck26493,291
Truck26494,291
Truck26495,291
Truck26496,291
Truck26497,291
Truck26498,291
Truck26499,291
Truck26500,291
Truck26501,291
Truck26502,291
Truck26503,291
Truck26504,291
Truck26505,291
Truck26506,291
Truck26507,291
Truck26508,291
Truck26509,291
Truck26510,291
Truck26511,291
Truck26512,291
Truck26513,291
Truck26514,291
Truck26515,291
Truck26516,291
Truck26517,291
Truck26518,291
Truck26519,291
Truck26520,291
Truck26521,291
Truck26522,291
Truck26523,291
Truck26524,291
Truck26525,291
Truck26526,291
Truck26527,291
Truck26528,291
Truck26529,291
Truck26530,291
Truck26531,291
Truck26532,291
Truck26533,291
Truck26534,291
Truck26535,291
Truck26536,291
Truck26537,291
Truck26538,291
Truck26539,291
Truck26540,291
Truck26541,291
Truck26542,291
Truck26543,291
Truck26544,291
Truck26545,291
Truck26546,291
Truck26547,291
Truck26548,291
Truck26549,291
Truck26550,291
Truck26551,291
Truck26552,291
Truck26553,291
Truck26554,291
Truck26555,291
Truck26556,291
Truck26557,291
Truck26558,291
Truck26559,291
Truck26560,291
Truck26561,291
Truck26562,291
Truck26563,291
Truck26564,291
Truck26565,291
Truck26566,291
Truck26567,291
Truck26568,291
Truck26569,291
Truck26570,291
Truck26571,291
Truck26572,291
Truck26573,291
Truck26574,291
Truck26575,291
Truck26576,291
Truck26577,291
Truck26578,291
Truck26579,291
Truck26580,291
Truck26581,291
Truck26582,291
Truck26583,291
Truck26584,291
Truck26585,291
Truck26586,291
Truck26587,291
Truck26588,291
Truck26589,291
Truck26590,291
Truck26591,291
Truck26592,291
Truck26593,291
Truck26594,291
Truck26595,291
Truck26596,291
Truck26597,291
Truck26598,291
Truck26599,291
Truck26600,291
Truck26601,291
Truck26602,291
Truck26603,291
Truck26604,291
Truck26605,291
Truck26606,291
Truck26607,291
Truck26608,291
Truck26609,291
Truck26610,291
Truck26611,291
Truck26612,291
Truck26613,291
Truck26614,291
Truck26615,291
Truck26616,291
Truck26617,291
Truck26618,291
Truck26619,291
Truck26620,291
Truck26621,291
Truck26622,291
Truck26623,291
Truck26624,291
Truck26625,291
Truck26626,291
Truck26627,291
Truck26628,291
Truck26629,291
Truck26630,291
Truck26631,291
Truck26632,291
Truck26633,291
Truck26634,291
Truck26635,291
Truck26636,291
Truck26637,291
Truck26638,291
Truck26639,291
Truck26640,291
Truck26641,291
Truck26642,291
Truck26643,291
Truck26644,291
Truck26645,291
Truck26646,291
Truck26647,291
Truck26648,291
Truck26649,291
Truck26650,291
Truck26651,291
Truck26652,291
Truck26653,291
Truck26654,291
Truck26655,291
Truck26656,291
Truck26657,291
Truck26658,291
Truck26659,291
Truck26660,291
Truck26661,291
Truck26662,291
Truck26663,291
Truck26664,291
Truck26665,291
Truck26666,291
Truck26667,291
Truck26668,291
Truck26669,291
Truck26670,291
Truck26671,291
Truck26672,291
Truck26673,291
Truck26674,291
Truck26675,291
Truck26676,291
Truck26677,291
Truck26678,291
Truck26679,291
Truck26680,291
Truck26681,291
Truck26682,291
Truck26683,291
Truck26684,291
Truck26685,291
Truck26686,291
Truck26687,291
Truck26688,291
Truck26689,291
Truck26690,291
Truck26691,291
Truck26692,291
Truck26693,291
Truck26694,291
Truck26695,291
Truck26696,291
Truck26697,291
Truck26698,291
Truck26699,291
Truck26700,291
Truck26701,291
Truck26702,291
Truck26703,291
Truck26704,291
Truck26705,291
Truck26706,291
Truck26707,291
Truck26708,291
Truck26709,291
Truck26710,291
Truck26711,291
Truck26712,291
Truck26713,291
Truck26714,291
Truck26715,291
Truck26716,291
Truck26717,291
Truck26718,291
Truck26719,291
Truck26720,291
Truck26721,291
Truck26722,291
Truck26723,291
Truck26724,291
Truck26725,291
Truck26726,291
Truck26727,291
Truck26728,291
Truck26729,291
Truck26730,291
Truck26731,291
Truck26732,291
Truck26733,291
Truck26734,291
Truck26735,291
Truck26736,291
Truck26737,291
Truck26738,291
Truck26739,291
Truck26740,291
Truck26741,291
Truck26742,291
Truck26743,291
Truck26744,291
Truck26745,291
Truck26746,291
Truck26747,291
Truck26748,291
Truck26749,291
Truck26750,291
Truck26751,291
Truck26752,291
Truck26753,291
Truck26754,291
Truck26755,291
Truck26756,291
Truck26757,291
Truck26758,291
Truck26759,291
Truck26760,291
Truck26761,291
Truck26762,291
Truck26763,291
Truck26764,291
Truck26765,291
Truck26766,291
Truck26767,291
Truck26768,291
Truck26769,291
Truck26770,291
Truck26771,291
Truck26772,291
Truck26773,291
Truck26774,291
Truck26775,291
Truck26776,291
Truck26777,291
Truck26778,291
Truck26779,291
Truck26780,291
Truck26781,291
Truck26782,291
Truck26783,291
Truck26784,291
Truck26785,291
Truck26786,291
Truck26787,291
Truck26788,291
Truck26789,291
Truck26790,291
Truck26791,291
Truck26792,291
Truck26793,291
Truck26794,291
Truck26795,291
Truck26796,291
Truck26797,291
Truck26798,291
Truck26799,291
Truck26800,291
Truck26801,291
Truck26802,291
Truck26803,291
Truck26804,291
Truck26805,291
Truck26806,291
Truck26807,291
Truck26808,291
Truck26809,291
Truck26810,291
Truck26811,291
Truck26812,291
Truck26813,291
Truck26814,291
Truck26815,291
Truck26816,291
Truck26817,291
Truck26818,291
Truck26819,291
Truck26820,291
Truck26821,291
Truck26822,291
Truck26823,291
Truck26824,291
Truck26825,291
Truck26826,291
Truck26827,291
Truck26828,291
Truck26829,291
Truck26830,291
Truck26831,291
Truck26832,291
Truck26833,291
Truck26834,291
Truck26835,291
Truck26836,291
Truck26837,291
Truck26838,291
Truck26839,291
Truck26840,291
Truck26841,291
Truck26842,291
Truck26843,291
Truck26844,291
Truck26845,291
Truck26846,291
Truck26847,291
Truck26848,291
Truck26849,291
Truck26850,291
Truck26851,291
Truck26852,291
Truck26853,291
Truck26854,291
Truck26855,291
Truck26856,291
Truck26857,291
Truck26858,291
Truck26859,291
Truck26860,291
Truck26861,291
Truck26862,291
Truck26863,291
Truck26864,291
Truck26865,291
Truck26866,291
Truck26867,291
Truck26868,291
Truck26869,291
Truck26870,291
Truck26871,291
Truck26872,291
Truck26873,291
Truck26874,291
Truck26875,291
Truck26876,291
Truck26877,291
Truck26878,291
Truck26879,291
Truck26880,291
Truck26881,291
Truck26882,291
Truck26883,291
Truck26884,291
Truck26885,291
Truck26886,291
Truck26887,291
Truck26888,291
Truck26889,291
Truck26890,291
Truck26891,291
Truck26892,291
Truck26893,291
Truck26894,291
Truck26895,291
Truck26896,291
Truck26897,291
Truck26898,291
Truck26899,291
Truck26900,291
Truck26901,291
Truck26902,291
Truck26903,291
Truck26904,291
Truck26905,291
Truck26906,291
Truck26907,291
Truck26908,291
Truck26909,291
Truck26910,291
Truck26911,291
Truck26912,291
Truck26913,291
Truck26914,291
Truck26915,291
Truck26916,291
Truck26917,291
Truck26918,291
Truck26919,291
Truck26920,291
Truck26921,291
Truck26922,291
Truck26923,291
Truck26924,291
Truck26925,291
Truck26926,291
Truck26927,291
Truck26928,291
Truck26929,291
Truck26930,291
Truck26931,291
Truck26932,291
Truck26933,291
Truck26934,291
Truck26935,291
Truck26936,291
Truck26937,291
Truck26938,291
Truck26939,291
Truck26940,291
Truck26941,291
Truck26942,291
Truck26943,291
Truck26944,291
Truck26945,291
Truck26946,291
Truck26947,291
Truck26948,291
Truck26949,291
Truck26950,291
Truck26951,291
Truck26952,291
Truck26953,291
Truck26954,291
Truck26955,291
Truck26956,291
Truck26957,291
Truck26958,291
Truck26959,291
Truck26960,291
Truck26961,291
Truck26962,291
Truck26963,291
Truck26964,291
Truck26965,291
Truck26966,291
Truck26967,291
Truck26968,291
Truck26969,291
Truck26970,291
Truck26971,291
Truck26972,291
Truck26973,291
Truck26974,291
Truck26975,291
Truck26976,291
Truck26977,291
Truck26978,291
Truck26979,291
Truck26980,291
Truck26981,291
Truck26982,291
Truck26983,291
Truck26984,291
Truck26985,291
Truck26986,291
Truck26987,291
Truck26988,291
Truck26989,291
Truck26990,291
Truck26991,291
Truck26992,291
Truck26993,291
Truck26994,291
Truck26995,291
Truck26996,291
Truck26997,291
Truck26998,291
Truck26999,291
Truck27000,291
Truck27001,291
Truck27002,291
Truck27003,291
Truck27004,291
Truck27005,291
Truck27006,291
Truck27007,291
Truck27008,291
Truck27009,291
Truck27010,291
Truck27011,291
Truck27012,291
Truck27013,291
Truck27014,291
Truck27015,291
Truck27016,291
Truck27017,291
Truck27018,291
Truck27019,291
Truck27020,291
Truck27021,291
Truck27022,291
Truck27023,291
Truck27024,291
Truck27025,291
Truck27026,291
Truck27027,291
Truck27028,291
Truck27029,291
Truck27030,291
Truck27031,291
Truck27032,291
Truck27033,291
Truck27034,291
Truck27035,291
Truck27036,291
Truck27037,291
Truck27038,291
Truck27039,291
Truck27040,291
Truck27041,291
Truck27042,291
Truck27043,291
Truck27044,291
Truck27045,291
Truck27046,291
Truck27047,291
Truck27048,291
Truck27049,291
Truck27050,291
Truck27051,291
Truck27052,291
Truck27053,291
Truck27054,291
Truck27055,291
Truck27056,291
Truck27057,291
Truck27058,291
Truck27059,291
Truck27060,291
Truck27061,291
Truck27062,291
Truck27063,291
Truck27064,291
Truck27065,291
Truck27066,291
Truck27067,291
Truck27068,291
Truck27069,291
Truck27070,291
Truck27071,291
Truck27072,291
Truck27073,291
Truck27074,291
Truck27075,291
Truck27076,291
Truck27077,291
Truck27078,291
Truck27079,291
Truck27080,291
Truck27081,291
Truck27082,291
Truck27083,291
Truck27084,291
Truck27085,291
Truck27086,291
Truck27087,291
Truck27088,291
Truck27089,291
Truck27090,291
Truck27091,291
Truck27092,291
Truck27093,291
Truck27094,291
Truck27095,291
Truck27096,291
Truck27097,291
Truck27098,291
Truck27099,291
Truck27100,291
Truck27101,291
Truck27102,291
Truck27103,291
Truck27104,291
Truck27105,291
Truck27106,291
Truck27107,291
Truck27108,291
Truck27109,291
Truck27110,291
Truck27111,291
Truck27112,291
Truck27113,291
Truck27114,291
Truck27115,291
Truck27116,291
Truck27117,291
Truck27118,291
Truck27119,291
Truck27120,291
Truck27121,291
Truck27122,291
Truck27123,291
Truck27124,291
Truck27125,291
Truck27126,291
Truck27127,291
Truck27128,291
Truck27129,291
Truck27130,291
Truck27131,291
Truck27132,291
Truck27133,291
Truck27134,291
Truck27135,291
Truck27136,291
Truck27137,291
Truck27138,291
Truck27139,291
Truck27140,291
Truck27141,291
Truck27142,291
Truck27143,291
Truck27144,291
Truck27145,291
Truck27146,291
Truck27147,291
Truck27148,291
Truck27149,291
Truck27150,291
Truck27151,291
Truck27152,291
Truck27153,291
Truck27154,291
Truck27155,291
Truck27156,291
Truck27157,291
Truck27158,291
Truck27159,291
Truck27160,291
Truck27161,291
Truck27162,291
Truck27163,291
Truck27164,291
Truck27165,291
Truck27166,291
Truck27167,291
Truck27168,291
Truck27169,291
Truck27170,291
Truck27171,291
Truck27172,291
Truck27173,291
Truck27174,291
Truck27175,291
Truck27176,291
Truck27177,291
Truck27178,291
Truck27179,291
Truck27180,291
Truck27181,291
Truck27182,291
Truck27183,291
Truck27184,291
Truck27185,291
Truck27186,291
Truck27187,291
Truck27188,291
Truck27189,291
Truck27190,291
Truck27191,291
Truck27192,291
Truck27193,291
Truck27194,291
Truck27195,291
Truck27196,291
Truck27197,291
Truck27198,291
Truck27199,291
Truck27200,291
Truck27201,291
Truck27202,291
Truck27203,291
Truck27204,291
Truck27205,291
Truck27206,291
Truck27207,291
Truck27208,291
Truck27209,291
Truck27210,291
Truck27211,291
Truck27212,291
Truck27213,291
Truck27214,291
Truck27215,291
Truck27216,291
Truck27217,291
Truck27218,291
Truck27219,291
Truck27220,291
Truck27221,291
Truck27222,291
Truck27223,291
Truck27224,291
Truck27225,291
Truck27226,291
Truck27227,291
Truck27228,291
Truck27229,291
Truck27230,291
Truck27231,291
Truck27232,291
Truck27233,291
Truck27234,291
Truck27235,291
Truck27236,291
Truck27237,291
Truck27238,291
Truck27239,291
Truck27240,291
Truck27241,291
Truck27242,291
Truck27243,291
Truck27244,291
Truck27245,291
Truck27246,291
Truck27247,291
Truck27248,291
Truck27249,291
Truck27250,291
Truck27251,291
Truck27252,291
Truck27253,291
Truck27254,291
Truck27255,291
Truck27256,291
Truck27257,291
Truck27258,291
Truck27259,291
Truck27260,291
Truck27261,291
Truck27262,291
Truck27263,291
Truck27264,291
Truck27265,291
Truck27266,291
Truck27267,291
Truck27268,291
Truck27269,291
Truck27270,291
Truck27271,291
Truck27272,291
Truck27273,291
Truck27274,291
Truck27275,291
Truck27276,291
Truck27277,291
Truck27278,291
Truck27279,291
Truck27280,291
Truck27281,291
Truck27282,291
Truck27283,291
Truck27284,291
Truck27285,291
Truck27286,291
Truck27287,291
Truck27288,291
Truck27289,291
Truck27290,291
Truck27291,291
Truck27292,291
Truck27293,291
Truck27294,291
Truck27295,291
Truck27296,291
Truck27297,291
Truck27298,291
Truck27299,291
Truck27300,291
Truck27301,291
Truck27360,291
Truck27361,291
Truck27362,291
Truck27363,291
Truck27364,291
Truck27365,291
Truck27366,291
Truck27367,291
Truck27368,291
Truck27369,291
Truck27370,291
Truck27371,291
Truck27372,291
Truck27373,291
Truck27374,291
Truck27375,291
Truck27376,291
Truck27377,291
Truck27378,291
Truck27379,291
Truck27380,291
Truck27381,291
Truck27382,291
Truck27383,291
Truck27384,291
Truck27385,291
Truck27386,291
Truck27387,291
Truck27388,291
Truck27389,291
Truck27390,291
Truck27391,291
Truck27392,291
Truck27393,291
Truck27394,291
Truck27395,291
Truck27396,291
Truck27397,291
Truck27398,291
Truck27399,291
Truck27400,291
Truck27401,291
Truck27402,291
Truck27403,291
Truck27404,291
Truck27405,291
Truck27406,291
Truck27407,291
Truck27408,291
Truck27409,291
Truck27410,291
Truck27411,291
Truck27412,291
Truck27413,291
Truck27414,291
Truck27415,291
Truck27416,291
Truck27417,291
Truck27418,291
Truck27419,291
Truck27420,291
Truck27421,291
Truck27422,291
Truck27423,291
Truck27424,291
Truck27425,291
Truck27426,291
Truck27427,291
Truck27428,291
Truck27429,291
Truck27430,291
Truck27431,291
Truck27432,291
Truck27433,291
Truck27434,291
Truck27435,291
Truck27436,291
Truck27437,291
Truck27438,291
Truck27439,291
Truck27440,291
Truck27441,291
Truck27442,291
Truck27443,291
Truck27444,291
Truck27445,291
Truck27446,291
Truck27447,291
Truck27448,291
Truck27449,291
Truck27450,291
Truck27451,291
Truck27452,291
Truck27453,291
Truck27454,291
Truck27455,291
Truck27456,291
Truck27457,291
Truck27458,291
Truck27459,291
Truck27460,291
Truck27461,291
Truck27462,291
Truck27463,291
Truck27464,291
Truck27465,291
Truck27466,291
Truck27467,291
Truck27468,291
Truck27469,291
Truck27470,291
Truck27471,291
Truck27472,291
Truck27473,291
Truck27474,291
Truck27475,291
Truck27476,291
Truck27477,291
Truck27478,291
Truck27479,291
Truck27480,291
Truck27481,291
Truck27482,291
Truck27483,291
Truck27484,291
Truck27485,291
Truck27486,291
Truck27487,291
Truck27488,291
Truck27489,291
Truck27490,291
Truck27491,291
Truck27492,291
Truck27493,291
Truck27494,291
Truck27495,291
Truck27496,291
Truck27497,291
Truck27498,291
Truck27499,291
Truck27500,291
Truck27501,291
Truck27502,291
Truck27503,291
Truck27504,291
Truck27505,291
Truck27506,291
Truck27507,291
Truck27508,291
Truck27509,291
Truck27510,291
Truck27511,291
Truck27512,291
Truck27513,291
Truck27514,291
Truck27515,291
Truck27516,291
Truck27517,291
Truck27518,291
Truck27519,291
Truck27520,291
Truck27521,291
Truck27522,291
Truck27523,291
Truck27524,291
Truck27525,291
Truck27526,291
Truck27527,291
Truck27528,291
Truck27529,291
Truck27530,291
Truck27531,291
Truck27532,291
Truck27533,291
Truck27534,291
Truck27535,291
Truck27536,291
Truck27537,291
Truck27538,291
Truck27539,291
Truck27540,291
Truck27541,291
Truck27542,291
Truck27543,291
Truck27544,291
Truck27545,291
Truck27546,291
Truck27547,291
Truck27548,291
Truck27549,291
Truck27550,291
Truck27551,291
Truck27552,291
Truck27553,291
Truck27554,291
Truck27555,291
Truck27556,291
Truck27557,291
Truck27558,291
Truck27559,291
Truck27560,291
Truck27561,291
Truck27562,291
Truck27563,291
Truck27564,291
Truck27565,291
Truck27566,291
Truck27567,291
Truck27568,291
Truck27569,291
Truck27570,291
Truck27571,291
Truck27572,291
Truck27573,291
Truck27574,291
Truck27575,291
Truck27576,291
Truck27577,291
Truck27578,291
Truck27579,291
Truck27580,291
Truck27581,291
Truck27582,291
Truck27583,291
Truck27584,291
Truck27585,291
Truck27586,291
Truck27587,291
Truck27588,291
Truck27589,291
Truck27590,291
Truck27591,291
Truck27592,291
Truck27593,291
Truck27594,291
Truck27595,291
Truck27596,291
Truck27597,291
Truck27598,291
Truck27599,291
Truck27600,291
Truck27601,291
Truck27602,291
Truck27603,291
Truck27604,291
Truck27605,291
Truck27606,291
Truck27607,291
Truck27608,291
Truck27609,291
Truck27610,291
Truck27611,291
Truck27612,291
Truck27613,291
Truck27614,291
Truck27615,291
Truck27616,291
Truck27617,291
Truck27618,291
Truck27619,291
Truck27620,291
Truck27621,291
Truck27622,291
Truck27623,291
Truck27624,291
Truck27625,291
Truck27626,291
Truck27627,291
Truck27628,291
Truck27629,291
Truck27630,291
Truck27631,291
Truck27632,291
Truck27633,291
Truck27634,291
Truck27635,291
Truck27636,291
Truck27637,291
Truck27638,291
Truck27639,291
Truck27640,291
Truck27641,291
Truck27642,291
Truck27643,291
Truck27644,291
Truck27645,291
Truck27646,291
Truck27647,291
Truck27648,291
Truck27649,291
Truck27650,291
Truck27651,291
Truck27652,291
Truck27653,291
Truck27654,291
Truck27655,291
Truck27656,291
Truck27657,291
Truck27658,291
Truck27659,291
Truck27660,291
Truck27661,291
Truck27662,291
Truck27663,291
Truck27664,291
Truck27665,291
Truck27666,291
Truck27667,291
Truck27668,291
Truck27669,291
Truck27670,291
Truck27671,291
Truck27672,291
Truck27673,291
Truck27674,291
Truck27675,291
Truck27676,291
Truck27677,291
Truck27678,291
Truck27679,291
Truck27680,291
Truck27681,291
Truck27682,291
Truck27683,291
Truck27684,291
Truck27685,291
Truck27686,291
Truck27687,291
Truck27688,291
Truck27689,291
Truck27690,291
Truck27691,291
Truck27692,291
Truck27693,291
Truck27694,291
Truck27695,291
Truck27696,291
Truck27697,291
Truck27698,291
Truck27699,291
Truck27700,291
Truck27701,291
Truck27702,291
Truck27703,291
Truck27704,291
Truck27705,291
Truck27706,291
Truck27707,291
Truck27708,291
Truck27709,291
Truck27710,291
Truck27711,291
Truck27712,291
Truck27713,291
Truck27714,291
Truck27715,291
Truck27716,291
Truck27717,291
Truck27718,291
Truck27719,291
Truck27720,291
Truck27721,291
Truck27722,291
Truck27723,291
Truck27724,291
Truck27725,291
Truck27726,291
Truck27727,291
Truck27728,291
Truck27729,291
Truck27730,291
Truck27731,291
Truck27732,291
Truck27733,291
Truck27734,291
Truck27735,291
Truck27736,291
Truck27737,291
Truck27738,291
Truck27739,291
Truck27740,291
Truck27741,291
Truck27742,291
Truck27743,291
Truck27744,291
Truck27745,291
Truck27746,291
Truck27747,291
Truck27748,291
Truck27749,291
Truck27750,291
Truck27751,291
Truck27752,291
Truck27753,291
Truck27754,291
Truck27755,291
Truck27756,291
Truck27757,291
Truck27758,291
Truck27759,291
Truck27760,291
Truck27761,291
Truck27762,291
Truck27763,291
Truck27764,291
Truck27765,291
Truck27766,291
Truck27767,291
Truck27768,291
Truck27769,291
Truck27770,291
Truck27771,291
Truck27772,291
Truck27773,291
Truck27774,291
Truck27775,291
Truck27776,291
Truck27777,291
Truck27778,291
Truck27779,291
Truck27780,291
Truck27781,291
Truck27782,291
Truck27783,291
Truck27784,291
Truck27785,291
Truck27786,291
Truck27787,291
Truck27788,291
Truck27789,291
Truck27790,291
Truck27791,291
Truck27792,291
Truck27793,291
Truck27794,291
Truck27795,291
Truck27796,291
Truck27797,291
Truck27798,291
Truck27799,291
Truck27800,291
Truck27801,291
Truck27802,291
Truck27803,291
Truck27804,291
Truck27805,291
Truck27806,291
Truck27807,291
Truck27808,291
Truck27809,291
Truck27810,291
Truck27811,291
Truck27812,291
Truck27813,291
Truck27814,291
Truck27815,291
Truck27816,291
Truck27817,291
Truck27818,291
Truck27819,291
Truck27820,291
Truck27821,291
Truck27822,291
Truck27823,291
Truck27824,291
Truck27825,291
Truck27826,291
Truck27827,291
Truck27828,291
Truck27829,291
Truck27830,291
Truck27831,291
Truck27832,291
Truck27833,291
Truck27834,291
Truck27835,291
Truck27836,291
Truck27837,291
Truck27838,291
Truck27839,291
Truck27840,291
Truck27841,291
Truck27842,291
Truck27843,291
Truck27844,291
Truck27845,291
Truck27846,291
Truck27847,291
Truck27848,291
Truck27849,291
Truck27850,291
Truck27851,291
Truck27852,291
Truck27853,291
Truck27854,291
Truck27855,291
Truck27856,291
Truck27857,291
Truck27858,291
Truck27859,291
Truck27860,291
Truck27861,291
Truck27862,291
Truck27863,291
Truck27864,291
Truck27865,291
Truck27866,291
Truck27867,291
Truck27868,291
Truck27869,291
Truck27870,291
Truck27871,291
Truck27872,291
Truck27873,291
Truck27874,291
Truck27875,291
Truck27876,291
Truck27877,291
Truck27878,291
Truck27879,291
Truck27880,291
Truck27881,291
Truck27882,291
Truck27883,291
Truck27884,291
Truck27885,291
Truck27886,291
Truck27887,291
Truck27888,291
Truck27889,291
Truck27890,291
Truck27891,291
Truck27892,291
Truck27893,291
Truck27894,291
Truck27895,291
Truck27896,291
Truck27897,291
Truck27898,291
Truck27899,291
Truck27900,291
Truck27901,291
Truck27902,291
Truck27903,291
Truck27904,291
Truck27905,291
Truck27906,291
Truck27907,291
Truck27908,291
Truck27909,291
Truck27910,291
Truck27911,291
Truck27912,291
Truck27913,291
Truck27914,291
Truck27915,291
Truck27916,291
Truck27917,291
Truck27918,291
Truck27919,291
Truck27920,291
Truck27921,291
Truck27922,291
Truck27923,291
Truck27924,291
Truck27925,291
Truck27926,291
Truck27927,291
Truck27928,291
Truck27929,291
Truck27930,291
Truck27931,291
Truck27932,291
Truck27933,291
Truck27934,291
Truck27935,291
Truck27936,291
Truck27937,291
Truck27938,291
Truck27939,291
Truck27940,291
Truck27941,291
Truck27942,291
Truck27943,291
Truck27944,291
Truck27945,291
Truck27946,291
Truck27947,291
Truck27948,291
Truck27949,291
Truck27950,291
Truck27951,291
Truck27952,291
Truck27953,291
Truck27954,291
Truck27955,291
Truck27956,291
Truck27957,291
Truck27958,291
Truck27959,291
Truck27960,291
Truck27961,291
Truck27962,291
Truck27963,291
Truck27964,291
Truck27965,291
Truck27966,291
Truck27967,291
Truck27968,291
Truck27969,291
Truck27970,291
Truck27971,291
Truck27972,291
Truck27973,291
Truck27974,291
Truck27975,291
Truck27976,291
Truck27977,291
Truck27978,291
Truck27979,291
Truck27980,291
Truck27981,291
Truck27982,291
Truck27983,291
Truck27984,291
Truck27985,291
Truck27986,291
Truck27987,291
Truck27988,291
Truck27989,291
Truck27990,291
Truck27991,291
Truck27992,291
Truck27993,291
Truck27994,291
Truck27995,291
Truck27996,291
Truck27997,291
Truck27998,291
Truck27999,291
Truck28000,291
Truck28001,291
Truck28002,291
Truck28003,291
Truck28004,291
Truck28005,291
Truck28006,291
Truck28007,291
Truck28008,291
Truck28009,291
Truck28010,291
Truck28011,291
Truck28012,291
Truck28013,291
Truck28014,291
Truck28015,291
Truck28016,291
Truck28017,291
Truck28018,291
Truck28019,291
Truck28020,291
Truck28021,291
Truck28022,291
Truck28023,291
Truck28024,291
Truck28025,291
Truck28026,291
Truck28027,291
Truck28028,291
Truck28029,291
Truck28030,291
Truck28031,291
Truck28032,291
Truck28033,291
Truck28034,291
Truck28035,291
Truck28036,291
Truck28037,291
Truck28038,291
Truck28039,291
Truck28040,291
Truck28041,291
Truck28042,291
Truck28043,291
Truck28044,291
Truck28045,291
Truck28046,291
Truck28047,291
Truck28048,291
Truck28049,291
Truck28050,291
Truck28051,291
Truck28052,291
Truck28053,291
Truck28054,291
Truck28055,291
Truck28056,291
Truck28057,291
Truck28058,291
Truck28059,291
Truck28060,291
Truck28061,291
Truck28062,291
Truck28063,291
Truck28064,291
Truck28065,291
Truck28066,291
Truck28067,291
Truck28068,291
Truck28069,291
Truck28070,291
Truck28071,291
Truck28072,291
Truck28073,291
Truck28074,291
Truck28075,291
Truck28076,291
Truck28077,291
Truck28078,291
Truck28079,291
Truck28080,291
Truck28081,291
Truck28082,291
Truck28083,291
Truck28084,291
Truck28085,291
Truck28086,291
Truck28087,291
Truck28088,291
Truck28089,291
Truck28090,291
Truck28091,291
Truck28092,291
Truck28093,291
Truck28094,291
Truck28095,291
Truck28096,291
Truck28097,291
Truck28098,291
Truck28099,291
Truck28100,291
Truck28101,291
Truck28102,291
Truck28103,291
Truck28104,291
Truck28105,291
Truck28106,291
Truck28107,291
Truck28108,291
Truck28109,291
Truck28110,291
Truck28111,291
Truck28112,291
Truck28113,291
Truck28114,291
Truck28115,291
Truck28116,291
Truck28117,291
Truck28118,291
Truck28119,291
Truck28120,291
Truck28121,291
Truck28122,291
Truck28123,291
Truck28124,291
Truck28125,291
Truck28126,291
Truck28127,291
Truck28128,291
Truck28129,291
Truck28130,291
Truck28131,291
Truck28132,291
Truck28133,291
Truck28134,291
Truck28135,291
Truck28136,291
Truck28137,291
Truck28138,291
Truck28139,291
Truck28140,291
Truck28141,291
Truck28142,291
Truck28143,291
Truck28144,291
Truck28145,291
Truck28146,291
Truck28147,291
Truck28148,291
Truck28149,291
Truck28150,291
Truck28151,291
Truck28152,291
Truck28153,291
Truck28154,291
Truck28155,291
Truck28156,291
Truck28157,291
Truck28158,291
Truck28159,291
Truck28160,291
Truck28161,291
Truck28162,291
Truck28163,291
Truck28164,291
Truck28165,291
Truck28166,291
Truck28167,291
Truck28168,291
Truck28169,291
Truck28170,291
Truck28171,291
Truck28172,291
Truck28173,291
Truck28174,291
Truck28175,291
Truck28176,291
Truck28177,291
Truck28178,291
Truck28179,291
Truck28180,291
Truck28181,291
Truck28182,291
Truck28183,291
Truck28184,291
Truck28185,291
Truck28186,291
Truck28187,291
Truck28188,291
Truck28189,291
Truck28190,291
Truck28191,291
Truck28192,291
Truck28193,291
Truck28194,291
Truck28195,291
Truck28196,291
Truck28197,291
Truck28198,291
Truck28199,291
Truck28200,291
Truck28201,291
Truck28202,291
Truck28203,291
Truck28204,291
Truck28205,291
Truck28206,291
Truck28207,291
Truck28208,291
Truck28209,291
Truck28210,291
Truck28211,291
Truck28212,291
Truck28213,291
Truck28214,291
Truck28215,291
Truck28216,291
Truck28217,291
Truck28218,291
Truck28219,291
Truck28220,291
Truck28221,291
Truck28222,291
Truck28223,291
Truck28224,291
Truck28225,291
Truck28226,291
Truck28227,291
Truck28228,291
Truck28229,291
Truck28230,291
Truck28231,291
Truck28232,291
Truck28233,291
Truck28234,291
Truck28235,291
Truck28236,291
Truck28237,291
Truck28238,291
Truck28239,291
Truck28240,291
Truck28241,291
Truck28242,291
Truck28243,291
Truck28244,291
Truck28245,291
Truck28246,291
Truck28247,291
Truck28248,291
Truck28249,291
Truck28250,291
Truck28251,291
Truck28252,291
Truck28253,291
Truck28254,291
Truck28255,291
Truck28256,291
Truck28257,291
Truck28258,291
Truck28259,291
Truck28260,291
Truck28261,291
Truck28262,291
Truck28263,291
Truck28264,291
Truck28265,291
Truck28266,291
Truck28267,291
Truck28268,291
Truck28269,291
Truck28270,291
Truck28271,291
Truck28272,291
Truck28273,291
Truck28274,291
Truck28275,291
Truck28276,291
Truck28277,291
Truck28278,291
Truck28279,291
Truck28280,291
Truck28281,291
Truck28282,291
Truck28283,291
Truck28284,291
Truck28285,291
Truck28286,291
Truck28287,291
Truck28288,291
Truck28289,291
Truck28290,291
Truck28291,291
Truck28292,291
Truck28293,291
Truck28294,291
Truck28295,291
Truck28296,291
Truck28297,291
Truck28298,291
Truck28299,291
Truck28300,291
Truck28301,291
Truck28302,291
Truck28303,291
Truck28304,291
Truck28305,291
Truck28306,291
Truck28307,291
Truck28308,291
Truck28309,291
Truck28310,291
Truck28311,291
Truck28312,291
Truck28313,291
Truck28314,291
Truck28315,291
Truck28316,291
Truck28317,291
Truck28318,291
Truck28319,291
Truck28320,291
Truck28321,291
Truck28322,291
Truck28323,291
Truck28324,291
Truck28325,291
Truck28326,291
Truck28327,291
Truck28328,291
Truck28329,291
Truck28330,291
Truck28331,291
Truck28332,291
Truck28333,291
Truck28334,291
Truck28335,291
Truck28336,291
Truck28337,291
Truck28338,291
Truck28339,291
Truck28340,291
Truck28341,291
Truck28342,291
Truck28343,291
Truck28344,291
Truck28345,291
Truck28346,291
Truck28347,291
Truck28348,291
Truck28349,291
Truck28350,291
Truck28351,291
Truck28352,291
Truck28353,291
Truck28354,291
Truck28355,291
Truck28356,291
Truck28357,291
Truck28358,291
Truck28359,291
Truck28360,291
Truck28361,291
Truck28362,291
Truck28363,291
Truck28364,291
Truck28365,291
Truck28366,291
Truck28367,291
Truck28368,291
Truck28369,291
Truck28370,291
Truck28371,291
Truck28372,291
Truck28373,291
Truck28374,291
Truck28375,291
Truck28376,291
Truck28377,291
Truck28378,291
Truck28379,291
Truck28380,291
Truck28381,291
Truck28382,291
Truck28383,291
Truck28384,291
Truck28385,291
Truck28386,291
Truck28387,291
Truck28388,291
Truck28389,291
Truck28390,291
Truck28391,291
Truck28392,291
Truck28393,291
Truck28394,291
Truck28395,291
Truck28396,291
Truck28397,291
Truck28398,291
Truck28399,291
Truck28400,291
Truck28401,291
Truck28402,291
Truck28403,291
Truck28404,291
Truck28405,291
Truck28406,291
Truck28407,291
Truck28408,291
Truck28409,291
Truck28410,291
Truck28411,291
Truck28412,291
Truck28413,291
Truck28414,291
Truck28415,291
Truck28416,291
Truck28417,291
Truck28418,291
Truck28419,291
Truck28420,291
Truck28421,291
Truck28422,291
Truck28423,291
Truck28424,291
Truck28425,291
Truck28426,291
Truck28427,291
Truck28428,291
Truck28429,291
Truck28430,291
Truck28431,291
Truck28432,291
Truck28433,291
Truck28434,291
Truck28435,291
Truck28436,291
Truck28437,291
Truck28438,291
Truck28439,291
Truck28440,291
Truck28441,291
Truck28442,291
Truck28443,291
Truck28444,291
Truck28445,291
Truck28446,291
Truck28447,291
Truck28448,291
Truck28449,291
Truck28450,291
Truck28451,291
Truck28452,291
Truck28453,291
Truck28454,291
Truck28455,291
Truck28456,291
Truck28457,291
Truck28458,291
Truck28459,291
Truck28460,291
Truck28461,291
Truck28462,291
Truck28463,291
Truck28464,291
Truck28465,291
Truck28466,291
Truck28467,291
Truck28468,291
Truck28469,291
Truck28470,291
Truck28471,291
Truck28472,291
Truck28473,291
Truck28474,291
Truck28475,291
Truck28476,291
Truck28477,291
Truck28478,291
Truck28479,291
Truck28480,291
Truck28481,291
Truck28482,291
Truck28483,291
Truck28484,291
Truck28485,291
Truck28486,291
Truck28487,291
Truck28488,291
Truck28489,291
Truck28490,291
Truck28491,291
Truck28492,291
Truck28493,291
Truck28494,291
Truck28495,291
Truck28496,291
Truck28497,291
Truck28498,291
Truck28499,291
Truck28500,291
Truck28501,291
Truck28502,291
Truck28503,291
Truck28504,291
Truck28505,291
Truck28506,291
Truck28507,291
Truck28508,291
Truck28509,291
Truck28510,291
Truck28511,291
Truck28512,291
Truck28513,291
Truck28514,291
Truck28515,291
Truck28516,291
Truck28517,291
Truck28518,291
Truck28519,291
Truck28520,291
Truck28521,291
Truck28522,291
Truck28523,291
Truck28524,291
Truck28525,291
Truck28526,291
Truck28527,291
Truck28528,291
Truck28529,291
Truck28530,291
Truck28531,291
Truck28532,291
Truck28533,291
Truck28534,291
Truck28535,291
Truck28536,291
Truck28537,291
Truck28538,291
Truck28539,291
Truck28540,291
Truck28541,291
Truck28542,291
Truck28543,291
Truck28544,291
Truck28545,291
Truck28546,291
Truck28547,291
Truck28548,291
Truck28549,291
Truck28550,291
Truck28551,291
Truck28552,291
Truck28553,291
Truck28554,291
Truck28555,291
Truck28556,291
Truck28557,291
Truck28558,291
Truck28559,291
Truck28560,291
Truck28561,291
Truck28562,291
Truck28563,291
Truck28564,291
Truck28565,291
Truck28566,291
Truck28567,291
Truck28568,291
Truck28569,291
Truck28570,291
Truck28571,291
Truck28572,291
Truck28573,291
Truck28574,291
Truck28575,291
Truck28576,291
Truck28577,291
Truck28578,291
Truck28579,291
Truck28580,291
Truck28581,291
Truck28582,291
Truck28583,291
Truck28584,291
Truck28585,291
Truck28586,291
Truck28587,291
Truck28588,291
Truck28589,291
Truck28590,291
Truck28591,291
Truck28592,291
Truck28593,291
Truck28594,291
Truck28595,291
Truck28596,291
Truck28597,291
Truck28598,291
Truck28599,291
Truck28600,291
Truck28601,291
Truck28602,291
Truck28603,291
Truck28604,291
Truck28605,291
Truck28606,291
Truck28607,291
Truck28608,291
Truck28609,291
Truck28610,291
Truck28611,291
Truck28612,291
Truck28613,291
Truck28614,291
Truck28615,291
Truck28616,291
Truck28617,291
Truck28618,291
Truck28619,291
Truck28620,291
Truck28621,291
Truck28622,291
Truck28623,291
Truck28624,291
Truck28625,291
Truck28626,291
Truck28627,291
Truck28628,291
Truck28629,291
Truck28630,291
Truck28631,291
Truck28632,291
Truck28633,291
Truck28634,291
Truck28635,291
Truck28636,291
Truck28637,291
Truck28638,291
Truck28639,291
Truck28640,291
Truck28641,291
Truck28642,291
Truck28643,291
Truck28644,291
Truck28645,291
Truck28646,291
Truck28647,291
Truck28648,291
Truck28649,291
Truck28650,291
Truck28651,291
Truck28652,291
Truck28653,291
Truck28654,291
Truck28655,291
Truck28656,291
Truck28657,291
Truck28658,291
Truck28659,291
Truck28660,291
Truck28661,291
Truck28662,291
Truck28663,291
Truck28664,291
Truck28665,291
Truck28666,291
Truck28667,291
Truck28668,291
Truck28669,291
Truck28670,291
Truck28671,291
Truck28672,291
Truck28673,291
Truck28674,291
Truck28675,291
Truck28676,291
Truck28677,291
Truck28678,291
Truck28679,291
Truck28680,291
Truck28681,291
Truck28682,291
Truck28683,291
Truck28684,291
Truck28685,291
Truck28686,291
Truck28687,291
Truck28688,291
Truck28689,291
Truck28690,291
Truck28691,291
Truck28692,291
Truck28693,291
Truck28694,291
Truck28695,291
Truck28696,291
Truck28697,291
Truck28698,291
Truck28699,291
Truck28700,291
Truck28701,291
Truck28702,291
Truck28703,291
Truck28704,291
Truck28705,291
Truck28706,291
Truck28707,291
Truck28708,291
Truck28709,291
Truck28710,291
Truck28711,291
Truck28712,291
Truck28713,291
Truck28714,291
Truck28715,291
Truck28716,291
Truck28717,291
Truck28718,291
Truck28719,291
Truck28720,291
Truck28721,291
Truck28722,291
Truck28723,291
Truck28724,291
Truck28725,291
Truck28726,291
Truck28727,291
Truck28728,291
Truck28729,291
Truck28730,291
Truck28731,291
Truck28732,291
Truck28733,291
Truck28734,291
Truck28735,291
Truck28736,291
Truck28737,291
Truck28738,291
Truck28739,291
Truck28740,291
Truck28741,291
average,291
