ID,travel_time
Truck86400,451.0
Truck86408,472.0
Truck86401,633.0
Truck86429,493.0
Truck86402,646.0
Truck86419,582.0
Truck86405,676.0
Truck86411,659.0
Truck86417,656.0
Truck86421,645.0
Truck86410,719.0
Truck86413,706.0
Truck86430,621.0
Truck86443,558.0
Truck86416,697.0
Truck86422,671.0
Truck86427,656.0
Truck86428,652.0
Truck86446,586.0
Truck86439,624.0
Truck86451,583.0
Truck86434,670.0
Truck86424,725.0
Truck86444,625.0
Truck86447,610.0
Truck86418,759.0
Truck86433,702.0
Truck86463,552.0
Truck86403,856.0
Truck86468,531.0
Truck86461,591.0
Truck86432,745.0
Truck86481,503.0
Truck86455,634.0
Truck86414,846.0
Truck86480,520.0
Truck86473,558.0
Truck86448,686.0
Truck86478,537.0
Truck86415,853.0
Truck86426,802.0
Truck86475,557.0
Truck86409,891.0
Truck86404,924.0
Truck86425,828.0
Truck86467,622.0
Truck86423,843.0
Truck86466,635.0
Truck86406,938.0
Truck86437,783.0
Truck86449,727.0
Truck86442,766.0
Truck86476,601.0
Truck86431,829.0
Truck86462,675.0
Truck86459,691.0
Truck86470,637.0
Truck86407,960.0
Truck86412,939.0
Truck86457,717.0
Truck86485,592.0
Truck86441,817.0
Truck86438,835.0
Truck86482,636.0
Truck86452,789.0
Truck86445,825.0
Truck86454,780.0
Truck86453,787.0
Truck86420,956.0
Truck86464,744.0
Truck86484,657.0
Truck86472,723.0
Truck86450,835.0
Truck86508,551.0
Truck86474,723.0
Truck86505,569.0
Truck86471,742.0
Truck86436,929.0
Truck86492,654.0
Truck86440,919.0
Truck86460,820.0
Truck86493,663.0
Truck86477,752.0
Truck86512,586.0
Truck86498,658.0
Truck86465,826.0
Truck86527,518.0
Truck86510,627.0
Truck86435,1006.0
Truck86491,728.0
Truck86495,708.0
Truck86503,670.0
Truck86523,570.0
Truck86469,841.0
Truck86486,756.0
Truck86479,793.0
Truck86521,590.0
Truck86490,746.0
Truck86488,766.0
Truck86496,733.0
Truck86458,926.0
Truck86513,654.0
Truck86489,775.0
Truck86542,515.0
Truck86534,561.0
Truck86500,738.0
Truck86528,601.0
Truck86487,822.0
Truck86483,847.0
Truck86497,779.0
Truck86530,619.0
Truck86520,676.0
Truck86524,661.0
Truck86506,754.0
Truck86518,707.0
Truck86549,552.0
Truck86516,719.0
Truck86539,606.0
Truck86525,700.0
Truck86548,587.0
Truck86494,863.0
Truck86499,840.0
Truck86501,838.0
Truck86519,750.0
Truck86507,823.0
Truck86517,785.0
Truck86522,768.0
Truck86553,619.0
Truck86514,820.0
Truck86562,581.0
Truck86532,742.0
Truck86547,669.0
Truck86456,1127.0
Truck86526,781.0
Truck86556,634.0
Truck86545,697.0
Truck86515,852.0
Truck86536,748.0
Truck86550,679.0
Truck86589,486.0
Truck86502,924.0
Truck86541,739.0
Truck86531,797.0
Truck86538,765.0
Truck86563,643.0
Truck86559,671.0
Truck86551,721.0
Truck86535,803.0
Truck86558,690.0
Truck86583,567.0
Truck86504,965.0
Truck86509,944.0
Truck86582,580.0
Truck86555,725.0
Truck86577,619.0
Truck86529,873.0
Truck86568,689.0
Truck86560,733.0
Truck86578,649.0
Truck86544,825.0
Truck86565,721.0
Truck86567,715.0
Truck86533,899.0
Truck86511,1012.0
Truck86557,786.0
Truck86552,824.0
Truck86584,669.0
Truck86561,785.0
Truck86571,738.0
Truck86573,730.0
Truck86574,726.0
Truck86543,888.0
Truck86566,776.0
Truck86537,924.0
Truck86609,571.0
Truck86586,692.0
Truck86564,808.0
Truck86546,901.0
Truck86615,560.0
Truck86540,944.0
Truck86603,630.0
Truck86611,593.0
Truck86576,770.0
Truck86593,685.0
Truck86598,660.0
Truck86579,758.0
Truck86599,662.0
Truck86554,890.0
Truck86575,786.0
Truck86587,726.0
Truck86614,602.0
Truck86569,829.0
Truck86608,639.0
Truck86572,824.0
Truck86592,726.0
Truck86570,860.0
Truck86612,652.0
Truck86595,739.0
Truck86594,751.0
Truck86601,716.0
Truck86591,776.0
Truck86627,598.0
Truck86617,650.0
Truck86581,831.0
Truck86620,641.0
Truck86632,584.0
Truck86590,805.0
Truck86623,642.0
Truck86607,724.0
Truck86642,549.0
Truck86631,605.0
Truck86618,682.0
Truck86649,529.0
Truck86602,767.0
Truck86585,853.0
Truck86613,717.0
Truck86626,664.0
Truck86634,625.0
Truck86616,721.0
Truck86653,546.0
Truck86636,635.0
Truck86619,731.0
Truck86600,827.0
Truck86645,616.0
Truck86646,620.0
Truck86605,828.0
Truck86630,720.0
Truck86588,952.0
Truck86597,907.0
Truck86654,623.0
Truck86629,750.0
Truck86580,997.0
Truck86644,678.0
Truck86643,685.0
Truck86650,663.0
Truck86638,734.0
Truck86596,946.0
Truck86610,877.0
Truck86669,584.0
Truck86606,900.0
Truck86621,825.0
Truck86628,793.0
Truck86651,686.0
Truck86641,744.0
Truck86640,756.0
Truck86637,779.0
Truck86668,627.0
Truck86625,847.0
Truck86659,679.0
Truck86686,545.0
Truck86673,617.0
Truck86662,678.0
Truck86676,611.0
Truck86604,974.0
Truck86652,737.0
Truck86624,880.0
Truck86633,840.0
Truck86657,723.0
Truck86683,595.0
Truck86648,777.0
Truck86635,847.0
Truck86670,674.0
Truck86685,607.0
Truck86689,587.0
Truck86661,728.0
Truck86675,660.0
Truck86682,636.0
Truck86681,645.0
Truck86664,732.0
Truck86658,769.0
Truck86666,730.0
Truck86663,757.0
Truck86672,713.0
Truck86655,809.0
Truck86688,647.0
Truck86680,693.0
Truck86665,779.0
Truck86698,617.0
Truck86716,527.0
Truck86677,733.0
Truck86622,1009.0
Truck86706,589.0
Truck86711,565.0
Truck86660,822.0
Truck86667,787.0
Truck86678,738.0
Truck86671,786.0
Truck86639,952.0
Truck86695,674.0
Truck86674,785.0
Truck86693,695.0
Truck86687,735.0
Truck86656,893.0
Truck86690,729.0
Truck86699,691.0
Truck86718,598.0
Truck86717,609.0
Truck86709,651.0
Truck86713,634.0
Truck86692,752.0
Truck86702,705.0
Truck86679,822.0
Truck86743,507.0
Truck86647,994.0
Truck86691,778.0
Truck86694,767.0
Truck86724,627.0
Truck86729,617.0
Truck86739,567.0
Truck86704,757.0
Truck86707,743.0
Truck86736,600.0
Truck86737,624.0
Truck86744,593.0
Truck86696,834.0
Truck86705,800.0
Truck86719,732.0
Truck86697,843.0
Truck86728,690.0
Truck86725,706.0
Truck86731,689.0
Truck86708,806.0
Truck86735,673.0
Truck86712,789.0
Truck86700,861.0
Truck86701,856.0
Truck86714,793.0
Truck86723,753.0
Truck86755,602.0
Truck86750,633.0
Truck86703,869.0
Truck86738,701.0
Truck86726,762.0
Truck86741,692.0
Truck86722,790.0
Truck86684,981.0
Truck86730,758.0
Truck86793,443.0
Truck86715,843.0
Truck86746,693.0
Truck86757,642.0
Truck86734,758.0
Truck86777,545.0
Truck86762,624.0
Truck86727,800.0
Truck86770,587.0
Truck86790,497.0
Truck86749,705.0
Truck86740,752.0
Truck86748,718.0
Truck86732,800.0
Truck86761,666.0
Truck86710,926.0
Truck86797,495.0
Truck86780,587.0
Truck86720,889.0
Truck86779,594.0
Truck86721,885.0
Truck86742,792.0
Truck86787,576.0
Truck86767,677.0
Truck86766,685.0
Truck86763,706.0
Truck86765,700.0
Truck86775,652.0
Truck86758,743.0
Truck86771,686.0
Truck86756,770.0
Truck86776,673.0
Truck86733,896.0
Truck86754,797.0
Truck86759,794.0
Truck86764,769.0
Truck86784,670.0
Truck86752,838.0
Truck86751,846.0
Truck86769,761.0
Truck86747,875.0
Truck86812,550.0
Truck86778,722.0
Truck86768,779.0
Truck86773,766.0
Truck86811,576.0
Truck86782,723.0
Truck86781,734.0
Truck86795,664.0
Truck86788,713.0
Truck86760,858.0
Truck86796,679.0
Truck86841,459.0
Truck86789,721.0
Truck86753,905.0
Truck86799,678.0
Truck86792,726.0
Truck86814,621.0
Truck86783,785.0
Truck86774,840.0
Truck86819,616.0
Truck86745,987.0
Truck86809,690.0
Truck86786,806.0
Truck86801,734.0
Truck86808,702.0
Truck86830,600.0
Truck86815,681.0
Truck86794,792.0
Truck86807,727.0
Truck86825,659.0
Truck86828,647.0
Truck86810,742.0
Truck86791,843.0
Truck86824,679.0
Truck86804,781.0
Truck86805,776.0
Truck86813,738.0
Truck86823,688.0
Truck86842,600.0
Truck86772,957.0
Truck86821,712.0
Truck86800,820.0
Truck86846,590.0
Truck86827,692.0
Truck86798,838.0
Truck86845,608.0
Truck86855,562.0
Truck86831,683.0
Truck86785,918.0
Truck86818,761.0
Truck86851,606.0
Truck86833,700.0
Truck86802,856.0
Truck86837,686.0
Truck86862,568.0
Truck86866,548.0
Truck86836,700.0
Truck86803,871.0
Truck86816,807.0
Truck86820,790.0
Truck86806,861.0
Truck86887,465.0
Truck86817,821.0
Truck86839,719.0
Truck86854,655.0
Truck86840,732.0
Truck86834,763.0
Truck86850,690.0
Truck86835,769.0
Truck86838,754.0
Truck86864,632.0
Truck86848,715.0
Truck86853,690.0
Truck86863,650.0
Truck86860,667.0
Truck86847,740.0
Truck86844,758.0
Truck86878,592.0
Truck86886,573.0
Truck86832,845.0
Truck86872,651.0
Truck86871,657.0
Truck86829,871.0
Truck86843,802.0
Truck86894,551.0
Truck86879,632.0
Truck86849,783.0
Truck86857,744.0
Truck86902,532.0
Truck86905,523.0
Truck86890,604.0
Truck86873,690.0
Truck86856,780.0
Truck86874,696.0
Truck86865,765.0
Truck86899,597.0
Truck86900,602.0
Truck86822,996.0
Truck86917,522.0
Truck86892,663.0
Truck86858,834.0
Truck86921,529.0
Truck86898,645.0
Truck86906,610.0
Truck86913,581.0
Truck86929,503.0
Truck86889,704.0
Truck86859,857.0
Truck86895,683.0
Truck86901,654.0
Truck86904,643.0
Truck86882,761.0
Truck86869,828.0
Truck86876,793.0
Truck86897,690.0
Truck86867,842.0
Truck86937,494.0
Truck86861,881.0
Truck86826,1057.0
Truck86932,533.0
Truck86868,855.0
Truck86884,775.0
Truck86885,772.0
Truck86870,862.0
Truck86881,807.0
Truck86893,747.0
Truck86875,838.0
Truck86883,804.0
Truck86915,644.0
Truck86924,602.0
Truck86912,663.0
Truck86909,680.0
Truck86908,696.0
Truck86953,471.0
Truck86941,536.0
Truck86911,693.0
Truck86896,771.0
Truck86918,661.0
Truck86935,579.0
Truck86933,600.0
Truck86934,601.0
Truck86903,759.0
Truck86888,839.0
Truck86951,536.0
Truck86880,896.0
Truck86963,491.0
Truck86936,629.0
Truck86930,672.0
Truck86926,706.0
Truck86968,513.0
Truck86945,637.0
Truck86928,724.0
Truck86931,710.0
Truck86920,766.0
Truck86957,594.0
Truck86950,631.0
Truck86923,773.0
Truck86939,693.0
Truck86948,654.0
Truck86944,675.0
Truck86947,662.0
Truck86907,864.0
Truck86852,1140.0
Truck86919,814.0
Truck86942,709.0
Truck86877,1035.0
Truck86891,971.0
Truck86922,824.0
Truck86976,561.0
Truck86966,616.0
Truck86925,823.0
Truck86916,871.0
Truck86956,676.0
Truck86967,622.0
Truck86938,768.0
Truck86982,556.0
Truck86927,832.0
Truck86914,905.0
Truck86975,608.0
Truck86964,670.0
Truck86965,680.0
Truck86983,593.0
Truck86974,640.0
Truck86910,965.0
Truck86958,746.0
Truck86986,607.0
Truck86961,735.0
Truck86959,747.0
Truck86997,558.0
Truck86955,777.0
Truck86949,808.0
Truck86981,658.0
Truck86954,796.0
Truck86952,815.0
Truck86960,787.0
Truck86999,602.0
Truck86972,742.0
Truck87005,579.0
Truck86973,744.0
Truck86987,674.0
Truck86988,673.0
Truck87023,501.0
Truck87006,589.0
Truck86985,697.0
Truck86943,912.0
Truck87018,537.0
Truck87020,530.0
Truck86980,737.0
Truck86946,908.0
Truck86978,748.0
Truck87003,625.0
Truck86970,791.0
Truck86969,799.0
Truck86990,698.0
Truck86998,662.0
Truck86993,689.0
Truck87004,653.0
Truck86992,716.0
Truck86971,822.0
Truck87002,669.0
Truck86996,707.0
Truck86991,735.0
Truck87022,582.0
Truck86977,809.0
Truck87045,469.0
Truck87011,654.0
Truck87001,706.0
Truck87013,656.0
Truck86979,834.0
Truck87007,697.0
Truck87014,662.0
Truck86989,793.0
Truck87049,494.0
Truck87000,746.0
Truck86962,941.0
Truck86984,838.0
Truck87008,728.0
Truck87010,727.0
Truck87031,625.0
Truck87027,654.0
Truck86994,824.0
Truck86995,832.0
Truck87037,629.0
Truck87024,701.0
Truck87015,753.0
Truck87009,792.0
Truck87043,625.0
Truck87035,673.0
Truck87044,629.0
Truck87052,591.0
Truck87025,729.0
Truck87016,777.0
Truck87028,728.0
Truck87030,726.0
Truck87012,819.0
Truck87040,682.0
Truck87051,634.0
Truck87026,761.0
Truck86940,1192.0
Truck87041,722.0
Truck87033,769.0
Truck87042,733.0
Truck87061,638.0
Truck87073,591.0
Truck87080,560.0
Truck87068,621.0
Truck87057,683.0
Truck87034,803.0
Truck87029,833.0
Truck87062,675.0
Truck87021,887.0
Truck87078,602.0
Truck87066,664.0
Truck87032,836.0
Truck87064,680.0
Truck87048,761.0
Truck87017,919.0
Truck87082,594.0
Truck87059,711.0
Truck87036,827.0
Truck87081,608.0
Truck87077,631.0
Truck87039,824.0
Truck87075,651.0
Truck87111,472.0
Truck87079,633.0
Truck87074,661.0
Truck87076,657.0
Truck87050,799.0
Truck87072,689.0
Truck87054,780.0
Truck87060,752.0
Truck87047,819.0
Truck87055,779.0
Truck87053,797.0
Truck87100,570.0
Truck87071,718.0
Truck87056,797.0
Truck87121,472.0
Truck87095,605.0
Truck87103,567.0
Truck87087,653.0
Truck87090,656.0
Truck87083,697.0
Truck87019,1029.0
Truck87085,703.0
Truck87112,572.0
Truck87069,798.0
Truck87046,915.0
Truck87086,735.0
Truck87038,978.0
Truck87089,727.0
Truck87119,582.0
Truck87058,893.0
Truck87101,680.0
Truck87131,540.0
Truck87088,764.0
Truck87097,719.0
Truck87092,750.0
Truck87105,686.0
Truck87116,638.0
Truck87099,724.0
Truck87063,906.0
Truck87117,641.0
Truck87070,881.0
Truck87108,694.0
Truck87109,695.0
Truck87126,626.0
Truck87098,772.0
Truck87114,695.0
Truck87135,599.0
Truck87102,768.0
Truck87129,641.0
Truck87127,656.0
Truck87091,853.0
Truck87094,838.0
Truck87125,688.0
Truck87110,764.0
Truck87130,672.0
Truck87136,643.0
Truck87093,860.0
Truck87137,660.0
Truck87141,643.0
Truck87143,639.0
Truck87115,784.0
Truck87084,941.0
Truck87096,888.0
Truck87139,677.0
Truck87107,838.0
Truck87175,501.0
Truck87128,741.0
Truck87065,1061.0
Truck87133,724.0
Truck87132,739.0
Truck87174,531.0
Truck87153,637.0
Truck87067,1073.0
Truck87134,740.0
Truck87120,824.0
Truck87155,649.0
Truck87106,897.0
Truck87156,652.0
Truck87152,677.0
Truck87122,830.0
Truck87124,822.0
Truck87150,692.0
Truck87151,687.0
Truck87149,699.0
Truck87163,647.0
Truck87193,522.0
Truck87176,613.0
Truck87140,798.0
Truck87177,616.0
Truck87147,779.0
Truck87168,680.0
Truck87123,906.0
Truck87104,1002.0
Truck87199,528.0
Truck87146,795.0
Truck87166,695.0
Truck87144,810.0
Truck87187,595.0
Truck87196,551.0
Truck87157,750.0
Truck87160,747.0
Truck87159,755.0
Truck87212,504.0
Truck87172,706.0
Truck87190,619.0
Truck87162,767.0
Truck87142,869.0
Truck87158,789.0
Truck87203,573.0
Truck87195,615.0
Truck87138,902.0
Truck87167,757.0
Truck87178,708.0
Truck87205,574.0
Truck87225,482.0
Truck87185,683.0
Truck87189,664.0
Truck87188,677.0
Truck87148,878.0
Truck87202,610.0
Truck87197,639.0
Truck87183,710.0
Truck87171,778.0
Truck87194,666.0
Truck87204,617.0
Truck87118,1055.0
Truck87201,642.0
Truck87186,719.0
Truck87200,649.0
Truck87182,755.0
Truck87198,684.0
Truck87215,604.0
Truck87218,591.0
Truck87145,962.0
Truck87169,844.0
Truck87164,871.0
Truck87209,652.0
Truck87238,510.0
Truck87165,877.0
Truck87180,815.0
Truck87213,651.0
Truck87154,948.0
Truck87184,812.0
Truck87219,637.0
Truck87181,834.0
Truck87113,1179.0
Truck87170,894.0
Truck87210,694.0
Truck87221,650.0
Truck87217,673.0
Truck87191,812.0
Truck87179,876.0
Truck87161,970.0
Truck87224,657.0
Truck87211,725.0
Truck87248,540.0
Truck87256,501.0
Truck87220,682.0
Truck87173,920.0
Truck87227,651.0
Truck87239,595.0
Truck87208,762.0
Truck87206,777.0
Truck87234,640.0
Truck87267,488.0
Truck87192,881.0
Truck87216,784.0
Truck87243,650.0
Truck87231,711.0
Truck87229,724.0
Truck87257,600.0
Truck87247,652.0
Truck87226,766.0
Truck87254,638.0
Truck87214,844.0
Truck87230,764.0
Truck87260,615.0
Truck87233,754.0
Truck87281,516.0
Truck87263,608.0
Truck87235,750.0
Truck87228,793.0
Truck87293,483.0
Truck87222,846.0
Truck87258,676.0
Truck87245,750.0
Truck87223,866.0
Truck87270,633.0
Truck87277,603.0
Truck87240,791.0
Truck87266,675.0
Truck87251,751.0
Truck87283,594.0
Truck87261,705.0
Truck87289,573.0
Truck87252,762.0
Truck87207,993.0
Truck87253,763.0
Truck87232,869.0
Truck87279,638.0
Truck87262,724.0
Truck87274,665.0
Truck87249,792.0
Truck87242,833.0
Truck87255,771.0
Truck87246,825.0
Truck87244,856.0
Truck87241,877.0
Truck87269,737.0
Truck87276,702.0
Truck87323,469.0
Truck87286,657.0
Truck87265,767.0
Truck87272,733.0
Truck87282,684.0
Truck87259,805.0
Truck87278,717.0
Truck87284,687.0
Truck87297,622.0
Truck87320,507.0
Truck87268,777.0
Truck87236,938.0
Truck87280,746.0
Truck87264,831.0
Truck87291,701.0
Truck87318,568.0
Truck87292,713.0
Truck87250,925.0
Truck87237,992.0
Truck87341,474.0
Truck87287,759.0
Truck87307,661.0
Truck87299,716.0
Truck87294,742.0
Truck87295,747.0
Truck87271,868.0
Truck87324,604.0
Truck87302,719.0
Truck87317,644.0
Truck87325,611.0
Truck87314,669.0
Truck87296,762.0
Truck87300,744.0
Truck87309,708.0
Truck87301,749.0
Truck87303,741.0
Truck87306,738.0
Truck87331,614.0
Truck87340,569.0
Truck87321,665.0
Truck87316,692.0
Truck87310,727.0
Truck87288,840.0
Truck87337,595.0
Truck87349,537.0
Truck87298,798.0
Truck87290,840.0
Truck87312,734.0
Truck87313,732.0
Truck87332,648.0
Truck87326,682.0
Truck87322,708.0
Truck87346,588.0
Truck87273,957.0
Truck87275,958.0
Truck87328,696.0
Truck87305,814.0
Truck87285,922.0
Truck87345,625.0
Truck87343,639.0
Truck87334,689.0
Truck87347,624.0
Truck87319,771.0
Truck87338,681.0
Truck87311,827.0
Truck87315,816.0
Truck87344,671.0
Truck87382,481.0
Truck87308,852.0
Truck87381,503.0
Truck87362,618.0
Truck87329,791.0
Truck87348,699.0
Truck87352,687.0
Truck87350,702.0
Truck87371,603.0
Truck87368,622.0
Truck87361,661.0
Truck87336,798.0
Truck87379,607.0
Truck87369,665.0
Truck87355,737.0
Truck87342,821.0
Truck87384,614.0
Truck87339,847.0
Truck87356,763.0
Truck87335,869.0
Truck87363,730.0
Truck87353,785.0
Truck87391,605.0
Truck87360,767.0
Truck87367,733.0
Truck87333,908.0
Truck87386,656.0
Truck87398,606.0
Truck87330,948.0
Truck87304,1081.0
Truck87406,577.0
Truck87351,858.0
Truck87358,826.0
Truck87327,989.0
Truck87372,767.0
Truck87392,672.0
Truck87425,508.0
Truck87407,600.0
Truck87385,713.0
Truck87395,664.0
Truck87420,546.0
Truck87409,609.0
Truck87397,670.0
Truck87403,649.0
Truck87393,706.0
Truck87377,789.0
Truck87364,857.0
Truck87357,895.0
Truck87370,837.0
Truck87383,773.0
Truck87411,634.0
Truck87402,684.0
Truck87375,822.0
Truck87400,701.0
Truck87421,597.0
Truck87437,519.0
Truck87373,849.0
Truck87412,656.0
Truck87418,634.0
Truck87394,756.0
Truck87376,848.0
Truck87399,757.0
Truck87410,704.0
Truck87428,614.0
Truck87365,931.0
Truck87388,817.0
Truck87426,628.0
Truck87417,675.0
Truck87354,992.0
Truck87374,896.0
Truck87439,575.0
Truck87423,657.0
Truck87401,768.0
Truck87359,983.0
Truck87454,514.0
Truck87415,716.0
Truck87414,722.0
Truck87380,893.0
Truck87434,628.0
Truck87390,856.0
Truck87429,664.0
Truck87378,922.0
Truck87396,833.0
Truck87422,708.0
Truck87413,758.0
Truck87387,889.0
Truck87366,997.0
Truck87431,674.0
Truck87440,632.0
Truck87408,793.0
Truck87389,899.0
Truck87462,542.0
Truck87430,720.0
Truck87424,753.0
Truck87427,746.0
Truck87445,660.0
Truck87465,566.0
Truck87468,554.0
Truck87453,644.0
Truck87435,738.0
Truck87479,521.0
Truck87443,704.0
Truck87452,661.0
Truck87404,904.0
Truck87464,615.0
Truck87438,746.0
Truck87432,788.0
Truck87436,776.0
Truck87458,672.0
Truck87473,600.0
Truck87499,472.0
Truck87447,733.0
Truck87497,491.0
Truck87491,522.0
Truck87474,611.0
Truck87441,796.0
Truck87433,843.0
Truck87405,987.0
Truck87449,771.0
Truck87416,940.0
Truck87466,692.0
Truck87451,772.0
Truck87509,482.0
Truck87483,630.0
Truck87467,711.0
Truck87476,671.0
Truck87446,823.0
Truck87480,667.0
Truck87488,627.0
Truck87460,769.0
Truck87459,792.0
Truck87475,715.0
Truck87500,590.0
Truck87448,856.0
Truck87456,829.0
Truck87489,664.0
Truck87457,832.0
Truck87493,655.0
Truck87455,855.0
Truck87469,786.0
Truck87419,1037.0
Truck87511,586.0
Truck87481,738.0
Truck87471,794.0
Truck87498,659.0
Truck87502,640.0
Truck87482,743.0
Truck87470,806.0
Truck87444,941.0
Truck87492,714.0
Truck87442,973.0
Truck87463,873.0
Truck87484,770.0
Truck87478,804.0
Truck87519,611.0
Truck87508,676.0
Truck87525,591.0
Truck87461,914.0
Truck87485,794.0
Truck87487,784.0
Truck87505,705.0
Truck87472,871.0
Truck87490,806.0
Truck87537,571.0
Truck87520,659.0
Truck87504,744.0
Truck87526,634.0
Truck87512,712.0
Truck87507,738.0
Truck87546,545.0
Truck87536,599.0
Truck87503,771.0
Truck87494,818.0
Truck87501,802.0
Truck87529,663.0
Truck87477,925.0
Truck87486,881.0
Truck87517,728.0
Truck87543,602.0
Truck87515,743.0
Truck87533,655.0
Truck87540,626.0
Truck87527,701.0
Truck87522,736.0
Truck87538,656.0
Truck87524,729.0
Truck87545,630.0
Truck87518,768.0
Truck87450,1116.0
Truck87516,794.0
Truck87544,658.0
Truck87528,751.0
Truck87531,737.0
Truck87564,576.0
Truck87553,636.0
Truck87534,735.0
Truck87560,624.0
Truck87559,634.0
Truck87547,697.0
Truck87521,838.0
Truck87561,641.0
Truck87565,621.0
Truck87510,897.0
Truck87535,772.0
Truck87550,701.0
Truck87523,839.0
Truck87570,607.0
Truck87566,631.0
Truck87532,802.0
Truck87568,623.0
Truck87551,715.0
Truck87506,941.0
Truck87530,822.0
Truck87514,903.0
Truck87571,623.0
Truck87576,601.0
Truck87542,774.0
Truck87558,708.0
Truck87562,695.0
Truck87557,726.0
Truck87513,949.0
Truck87591,567.0
Truck87607,488.0
Truck87496,1045.0
Truck87541,826.0
Truck87539,837.0
Truck87552,782.0
Truck87563,730.0
Truck87577,661.0
Truck87574,679.0
Truck87580,661.0
Truck87569,719.0
Truck87587,631.0
Truck87583,663.0
Truck87567,744.0
Truck87596,600.0
Truck87601,577.0
Truck87581,684.0
Truck87615,514.0
Truck87593,625.0
Truck87573,731.0
Truck87592,636.0
Truck87556,836.0
Truck87620,528.0
Truck87588,696.0
Truck87610,586.0
Truck87606,608.0
Truck87626,515.0
Truck87619,552.0
Truck87624,539.0
Truck87495,1185.0
Truck87554,893.0
Truck87585,738.0
Truck87595,710.0
Truck87594,717.0
Truck87586,759.0
Truck87578,803.0
Truck87638,524.0
Truck87584,795.0
Truck87582,810.0
Truck87579,846.0
Truck87549,997.0
Truck87575,867.0
Truck87555,968.0
Truck87613,678.0
Truck87646,524.0
Truck87636,577.0
Truck87621,657.0
Truck87649,522.0
Truck87623,653.0
Truck87641,570.0
Truck87603,762.0
Truck87618,689.0
Truck87548,1042.0
Truck87605,762.0
Truck87627,652.0
Truck87604,769.0
Truck87609,748.0
Truck87639,598.0
Truck87625,671.0
Truck87630,646.0
Truck87589,860.0
Truck87590,855.0
Truck87600,809.0
Truck87637,638.0
Truck87602,815.0
Truck87659,534.0
Truck87572,977.0
Truck87614,768.0
Truck87628,701.0
Truck87654,574.0
Truck87629,736.0
Truck87662,572.0
Truck87632,726.0
Truck87616,822.0
Truck87631,749.0
Truck87666,574.0
Truck87635,736.0
Truck87653,647.0
Truck87640,713.0
Truck87608,879.0
Truck87612,876.0
Truck87642,738.0
Truck87661,645.0
Truck87611,903.0
Truck87617,874.0
Truck87650,710.0
Truck87647,729.0
Truck87598,979.0
Truck87698,482.0
Truck87644,759.0
Truck87633,815.0
Truck87684,569.0
Truck87696,517.0
Truck87660,699.0
Truck87686,570.0
Truck87663,689.0
Truck87676,631.0
Truck87622,907.0
Truck87658,727.0
Truck87599,1029.0
Truck87648,787.0
Truck87685,602.0
Truck87678,640.0
Truck87677,647.0
Truck87688,599.0
Truck87655,765.0
Truck87652,782.0
Truck87668,710.0
Truck87709,519.0
Truck87657,781.0
Truck87651,815.0
Truck87667,754.0
Truck87664,781.0
Truck87689,662.0
Truck87656,828.0
Truck87597,1136.0
Truck87643,916.0
Truck87672,774.0
Truck87670,801.0
Truck87703,636.0
Truck87669,807.0
Truck87708,617.0
Truck87699,667.0
Truck87712,605.0
Truck87718,578.0
Truck87735,493.0
Truck87694,710.0
Truck87692,721.0
Truck87680,785.0
Truck87675,812.0
Truck87665,863.0
Truck87848,598.0
Truck87841,648.0
Truck87840,661.0
Truck87850,614.0
Truck87868,524.0
Truck87845,643.0
Truck87855,605.0
Truck87843,666.0
Truck87881,485.0
Truck87842,696.0
Truck87844,687.0
Truck87858,628.0
Truck87860,631.0
Truck87857,657.0
Truck87847,725.0
Truck87865,637.0
Truck87869,623.0
Truck87856,692.0
Truck87871,622.0
Truck87852,721.0
Truck87878,596.0
Truck87854,720.0
Truck87849,752.0
Truck87870,649.0
Truck87895,524.0
Truck87846,773.0
Truck87872,644.0
Truck87892,553.0
Truck87890,581.0
Truck87879,649.0
Truck87889,599.0
Truck87863,732.0
Truck87866,737.0
Truck87913,506.0
Truck87885,656.0
Truck87886,652.0
Truck87867,775.0
Truck87910,562.0
Truck87908,576.0
Truck87884,697.0
Truck87859,827.0
Truck87897,645.0
Truck87891,683.0
Truck87893,677.0
Truck87901,638.0
Truck87894,677.0
Truck87861,843.0
Truck87899,654.0
Truck87874,791.0
Truck87925,539.0
Truck87896,695.0
Truck87882,766.0
Truck87898,698.0
Truck87912,636.0
Truck87921,595.0
Truck87876,821.0
Truck87862,911.0
Truck87883,808.0
Truck87914,653.0
Truck87933,561.0
Truck87851,975.0
Truck87904,711.0
Truck87929,593.0
Truck87902,732.0
Truck87915,670.0
Truck87877,867.0
Truck87853,990.0
Truck87900,757.0
Truck87905,732.0
Truck87917,682.0
Truck87880,872.0
Truck87875,901.0
Truck87903,761.0
Truck87942,570.0
Truck87930,640.0
Truck87932,635.0
Truck87864,1000.0
Truck87935,647.0
Truck87922,716.0
Truck87963,516.0
Truck87926,703.0
Truck87927,702.0
Truck87944,622.0
Truck87956,562.0
Truck87918,753.0
Truck87873,989.0
Truck87950,606.0
Truck87934,688.0
Truck87920,764.0
Truck87940,667.0
Truck87887,933.0
Truck87888,936.0
Truck87937,693.0
Truck87947,643.0
Truck87916,805.0
Truck87941,696.0
Truck87907,870.0
Truck87966,576.0
Truck87931,761.0
Truck87936,736.0
Truck87938,728.0
Truck87951,665.0
Truck87953,659.0
Truck87945,700.0
Truck87943,724.0
Truck87957,657.0
Truck87906,913.0
Truck87989,514.0
Truck87955,690.0
Truck87954,698.0
Truck87961,664.0
Truck87919,877.0
Truck87968,634.0
Truck87982,570.0
Truck87909,937.0
Truck87976,614.0
Truck87952,736.0
Truck87970,651.0
Truck87939,811.0
Truck87911,957.0
Truck87980,621.0
Truck87973,657.0
Truck87959,729.0
Truck87999,533.0
Truck87998,541.0
Truck87960,732.0
Truck87964,713.0
Truck88011,478.0
Truck87997,549.0
Truck87948,801.0
Truck87923,929.0
Truck87924,940.0
Truck87958,774.0
Truck87928,925.0
Truck87967,730.0
Truck87979,681.0
Truck87993,612.0
Truck87949,834.0
Truck87983,664.0
Truck87974,712.0
Truck87969,740.0
Truck88003,575.0
Truck87985,673.0
Truck87946,882.0
Truck87996,666.0
Truck87988,717.0
Truck88023,542.0
Truck88004,648.0
Truck87978,782.0
Truck87987,754.0
Truck87986,766.0
Truck87977,828.0
Truck87995,739.0
Truck87981,811.0
Truck87990,767.0
Truck88008,677.0
Truck88024,601.0
Truck87972,866.0
Truck88012,672.0
Truck87984,813.0
Truck88033,573.0
Truck87962,931.0
Truck87991,788.0
Truck87975,881.0
Truck88002,748.0
Truck88007,723.0
Truck88026,636.0
Truck88005,746.0
Truck87994,806.0
Truck88019,683.0
Truck88062,468.0
Truck87971,941.0
Truck88022,687.0
Truck88039,609.0
Truck88037,621.0
Truck88013,742.0
Truck87992,860.0
Truck88028,680.0
Truck87965,1000.0
Truck88031,671.0
Truck88001,825.0
Truck88032,672.0
Truck88009,795.0
Truck88014,775.0
Truck88010,796.0
Truck88016,773.0
Truck88000,874.0
Truck88021,769.0
Truck88036,695.0
Truck88027,753.0
Truck88054,627.0
Truck88052,638.0
Truck88025,778.0
Truck88045,678.0
Truck88071,563.0
Truck88018,832.0
Truck88042,715.0
Truck88057,645.0
Truck88081,537.0
Truck88063,636.0
Truck88017,874.0
Truck88056,680.0
Truck88051,724.0
Truck88085,554.0
Truck88069,638.0
Truck88091,528.0
Truck88034,815.0
Truck88082,576.0
Truck88015,912.0
Truck88020,889.0
Truck88050,739.0
Truck88049,745.0
Truck88086,560.0
Truck88070,644.0
Truck88055,722.0
Truck88043,789.0
Truck88053,744.0
Truck88040,813.0
Truck88059,721.0
Truck88078,628.0
Truck88068,693.0
Truck88047,802.0
Truck88060,748.0
Truck88046,820.0
Truck88077,668.0
Truck88067,719.0
Truck88044,838.0
Truck88088,623.0
Truck88041,861.0
Truck88073,701.0
Truck88029,929.0
Truck88089,635.0
Truck88074,711.0
Truck88006,1053.0
Truck88103,579.0
Truck88080,702.0
Truck88048,864.0
Truck88114,536.0
Truck88058,823.0
Truck88064,798.0
Truck88035,945.0
Truck88104,610.0
Truck88095,660.0
Truck88061,834.0
Truck88083,725.0
Truck88132,481.0
Truck88084,724.0
Truck88108,608.0
Truck88030,1005.0
Truck88092,697.0
Truck88120,562.0
Truck88096,683.0
Truck88100,663.0
Truck88130,520.0
Truck88098,687.0
Truck88113,619.0
Truck88110,635.0
Truck88072,830.0
Truck88099,700.0
Truck88079,805.0
Truck88107,674.0
Truck88149,486.0
Truck88101,744.0
Truck88118,661.0
Truck88076,876.0
Truck88142,572.0
Truck88115,711.0
Truck88093,822.0
Truck88127,652.0
Truck88090,844.0
Truck88065,976.0
Truck88087,871.0
Truck88145,589.0
Truck88143,601.0
Truck88119,730.0
Truck88066,998.0
Truck88102,822.0
Truck88105,808.0
Truck88116,758.0
Truck88124,719.0
Truck88125,720.0
Truck88160,549.0
Truck88129,710.0
Truck88156,580.0
Truck88109,816.0
Truck88135,686.0
Truck88141,659.0
Truck88158,582.0
Truck88147,639.0
Truck88154,604.0
Truck88176,496.0
Truck88111,828.0
Truck88133,721.0
Truck88139,692.0
Truck88134,724.0
Truck88106,868.0
Truck88159,610.0
Truck88038,1220.0
Truck88121,820.0
Truck88117,841.0
Truck88140,727.0
Truck88136,754.0
Truck88112,875.0
Truck88131,780.0
Truck88181,530.0
Truck88163,621.0
Truck88122,830.0
Truck88075,1070.0
Truck88165,623.0
Truck88155,686.0
Truck88188,539.0
Truck88146,757.0
Truck88128,851.0
Truck88174,622.0
Truck88097,1009.0
Truck88144,774.0
Truck88094,1040.0
Truck88157,727.0
Truck88172,656.0
Truck88151,763.0
Truck88137,835.0
Truck88170,686.0
Truck88153,772.0
Truck88177,657.0
Truck88169,703.0
Truck88193,588.0
Truck88173,690.0
Truck88161,752.0
Truck88168,723.0
Truck88150,814.0
Truck88166,748.0
Truck88162,771.0
Truck88171,727.0
Truck88167,749.0
Truck88148,852.0
Truck88189,658.0
Truck88187,670.0
Truck88207,574.0
Truck88164,801.0
Truck88123,1010.0
Truck88197,640.0
Truck88152,866.0
Truck88209,595.0
Truck88191,687.0
Truck88138,976.0
Truck88218,580.0
Truck88195,697.0
Truck88208,638.0
Truck88220,580.0
Truck88175,811.0
Truck88126,1058.0
Truck88213,628.0
Truck88201,696.0
Truck88179,810.0
Truck88196,725.0
Truck88185,786.0
Truck88210,661.0
Truck88194,744.0
Truck88183,803.0
Truck88238,544.0
Truck88186,814.0
Truck88199,754.0
Truck88203,738.0
Truck88184,837.0
Truck88212,697.0
Truck88190,828.0
Truck88182,869.0
Truck88192,833.0
Truck88217,719.0
Truck88205,786.0
Truck88178,937.0
Truck88200,843.0
Truck88255,570.0
Truck88228,708.0
Truck88240,651.0
Truck88230,712.0
Truck88211,815.0
Truck88206,845.0
Truck88202,868.0
Truck88180,979.0
Truck88224,764.0
Truck88232,726.0
Truck88226,757.0
Truck88215,814.0
Truck88246,659.0
Truck88254,621.0
Truck88252,635.0
Truck88227,764.0
Truck88204,881.0
Truck88216,822.0
Truck88263,589.0
Truck88237,723.0
Truck88198,920.0
Truck88248,675.0
Truck88268,586.0
Truck88244,719.0
Truck88234,772.0
Truck88250,697.0
Truck88286,517.0
Truck88256,688.0
Truck88259,687.0
Truck88272,632.0
Truck88236,814.0
Truck88264,679.0
Truck88222,890.0
Truck88267,666.0
Truck88270,652.0
Truck88223,888.0
Truck88257,718.0
Truck88274,643.0
Truck88245,789.0
Truck88233,860.0
Truck88282,620.0
Truck88253,768.0
Truck88225,909.0
Truck88241,829.0
Truck88235,865.0
Truck88301,536.0
Truck88277,661.0
Truck88258,757.0
Truck88214,981.0
Truck88289,607.0
Truck88231,906.0
Truck88281,671.0
Truck88275,708.0
Truck88261,780.0
Truck88242,876.0
Truck88251,837.0
Truck88297,613.0
Truck88229,957.0
Truck88219,1011.0
Truck88287,674.0
Truck88280,714.0
Truck88247,890.0
Truck88303,611.0
Truck88300,635.0
Truck88296,657.0
Truck88308,597.0
Truck88291,685.0
Truck88306,614.0
Truck88295,671.0
Truck88318,556.0
Truck88284,729.0
Truck88243,935.0
Truck88276,770.0
Truck88285,730.0
Truck88271,808.0
Truck88262,860.0
Truck88327,536.0
Truck88260,876.0
Truck88221,1072.0
Truck88316,599.0
Truck88294,710.0
Truck88239,995.0
Truck88309,648.0
Truck88315,621.0
Truck88273,842.0
Truck88292,749.0
Truck88328,577.0
Truck88324,615.0
Truck88279,843.0
Truck88249,997.0
Truck88278,852.0
Truck88283,830.0
Truck88312,687.0
Truck88337,570.0
Truck88319,676.0
Truck88339,580.0
Truck88290,833.0
Truck88343,576.0
Truck88304,773.0
Truck88288,856.0
Truck88302,787.0
Truck88353,534.0
Truck88307,766.0
Truck88355,526.0
Truck88265,978.0
Truck88305,783.0
Truck88341,603.0
Truck88363,495.0
Truck88269,987.0
Truck88323,720.0
Truck88266,1011.0
Truck88330,698.0
Truck88311,794.0
Truck88310,810.0
Truck88332,708.0
Truck88314,800.0
Truck88357,585.0
Truck88350,630.0
Truck88358,597.0
Truck88366,561.0
Truck88298,904.0
Truck88313,834.0
Truck88388,462.0
Truck88340,706.0
Truck88336,732.0
Truck88326,788.0
Truck88367,588.0
Truck88293,961.0
Truck88352,667.0
Truck88325,806.0
Truck88354,668.0
Truck88321,837.0
Truck88334,772.0
Truck88329,799.0
Truck88379,558.0
Truck88338,765.0
Truck88377,574.0
Truck88345,740.0
Truck88299,977.0
Truck88322,862.0
Truck88331,823.0
Truck88335,811.0
Truck88348,750.0
Truck88361,696.0
Truck88368,676.0
Truck88320,918.0
Truck88333,855.0
Truck88376,643.0
Truck88364,708.0
Truck88360,730.0
Truck88365,707.0
Truck88384,612.0
Truck88371,684.0
Truck88317,957.0
Truck88349,800.0
Truck88396,565.0
Truck88356,770.0
Truck88344,832.0
Truck88390,603.0
Truck88399,570.0
Truck88387,634.0
Truck88370,722.0
Truck88411,518.0
Truck88392,621.0
Truck88404,563.0
Truck88398,596.0
Truck88362,780.0
Truck88351,838.0
Truck88380,696.0
Truck88385,681.0
Truck88374,737.0
Truck88389,663.0
Truck88401,603.0
Truck88375,736.0
Truck88369,774.0
Truck88403,624.0
Truck88381,735.0
Truck88342,935.0
Truck88415,574.0
Truck88383,743.0
Truck88378,779.0
Truck88395,696.0
Truck88373,819.0
Truck88359,894.0
Truck88400,694.0
Truck88382,788.0
Truck88426,574.0
Truck88346,976.0
Truck88419,611.0
Truck88416,629.0
Truck88393,750.0
Truck88431,562.0
Truck88428,588.0
Truck88405,705.0
Truck88421,628.0
Truck88409,690.0
Truck88413,679.0
Truck88444,524.0
Truck88414,706.0
Truck88386,853.0
Truck88402,776.0
Truck88434,619.0
Truck88372,930.0
Truck88394,834.0
Truck88445,582.0
Truck88347,1078.0
Truck88432,653.0
Truck88397,830.0
Truck88438,629.0
Truck88446,591.0
Truck88417,745.0
Truck88440,636.0
Truck88457,555.0
Truck88420,748.0
Truck88433,692.0
Truck88450,607.0
Truck88410,810.0
Truck88418,775.0
Truck88465,548.0
Truck88391,920.0
Truck88452,629.0
Truck88408,853.0
Truck88461,589.0
Truck88451,640.0
Truck88423,784.0
Truck88459,634.0
Truck88429,788.0
Truck88473,571.0
Truck88424,824.0
Truck88447,711.0
Truck88407,912.0
Truck88474,584.0
Truck88412,897.0
Truck88454,698.0
Truck88427,837.0
Truck88456,695.0
Truck88441,780.0
Truck88472,626.0
Truck88484,569.0
Truck88448,753.0
Truck88480,597.0
Truck88425,882.0
Truck88468,678.0
Truck88466,689.0
Truck88442,819.0
Truck88430,881.0
Truck88464,713.0
Truck88437,849.0
Truck88476,663.0
Truck88463,729.0
Truck88482,635.0
Truck88406,1017.0
Truck88453,798.0
Truck88497,584.0
Truck88483,657.0
Truck88449,828.0
Truck88489,634.0
Truck88460,785.0
Truck88439,893.0
Truck88462,780.0
Truck88458,802.0
Truck88422,987.0
Truck88481,698.0
Truck88435,937.0
Truck88478,722.0
Truck88495,644.0
Truck88436,958.0
Truck88505,614.0
Truck88512,585.0
Truck88527,511.0
Truck88521,547.0
Truck88486,744.0
Truck88515,599.0
Truck88513,613.0
Truck88477,800.0
Truck88469,841.0
Truck88470,840.0
Truck88506,663.0
Truck88524,574.0
Truck88467,861.0
Truck88455,927.0
Truck88557,420.0
Truck88487,771.0
Truck88507,671.0
Truck88494,738.0
Truck88498,721.0
Truck88510,662.0
Truck88492,760.0
Truck88509,676.0
Truck88523,607.0
Truck88516,662.0
Truck88511,691.0
Truck88517,664.0
Truck88536,570.0
Truck88535,580.0
Truck88443,1044.0
Truck88485,834.0
Truck88502,749.0
Truck88544,541.0
Truck88546,535.0
Truck88471,911.0
Truck88493,807.0
Truck88499,779.0
Truck88479,881.0
Truck88519,681.0
Truck88559,506.0
Truck88500,824.0
Truck88504,811.0
Truck88531,680.0
Truck88496,860.0
Truck88568,500.0
Truck88538,664.0
Truck88547,625.0
Truck88475,988.0
Truck88561,558.0
Truck88567,529.0
Truck88514,801.0
Truck88558,583.0
Truck88518,785.0
Truck88539,683.0
Truck88533,715.0
Truck88488,942.0
Truck88490,935.0
Truck88530,736.0
Truck88575,519.0
Truck88553,632.0
Truck88542,690.0
Truck88501,902.0
Truck88508,874.0
Truck88549,670.0
Truck88548,682.0
Truck88563,639.0
Truck88528,815.0
Truck88566,626.0
Truck88525,838.0
Truck88532,807.0
Truck88541,768.0
Truck88582,571.0
Truck88584,561.0
Truck88522,881.0
Truck88491,1041.0
Truck88534,829.0
Truck88554,732.0
Truck88555,730.0
Truck88587,574.0
Truck88551,760.0
Truck88569,677.0
Truck88560,725.0
Truck88552,770.0
Truck88562,724.0
Truck88503,1025.0
Truck88574,670.0
Truck88529,896.0
Truck88537,868.0
Truck88593,589.0
Truck88576,676.0
Truck88540,864.0
Truck88550,817.0
Truck88520,968.0
Truck88583,661.0
Truck88585,661.0
Truck88586,657.0
Truck88599,598.0
Truck88608,559.0
Truck88602,590.0
Truck88613,542.0
Truck88603,594.0
Truck88573,746.0
Truck88572,753.0
Truck88545,897.0
Truck88604,607.0
Truck88571,773.0
Truck88595,659.0
Truck88581,734.0
Truck88632,479.0
Truck88526,1010.0
Truck88579,750.0
Truck88600,665.0
Truck88622,558.0
Truck88556,901.0
Truck88623,567.0
Truck88610,638.0
Truck88590,739.0
Truck88565,866.0
Truck88589,755.0
Truck88570,851.0
Truck88591,756.0
Truck88564,897.0
Truck88618,627.0
Truck88578,829.0
Truck88596,742.0
Truck88611,669.0
Truck88543,1010.0
Truck88616,646.0
Truck88636,556.0
Truck88614,676.0
Truck88621,648.0
Truck88588,820.0
Truck88594,793.0
Truck88631,611.0
Truck88580,868.0
Truck88598,778.0
Truck88617,687.0
Truck88646,562.0
Truck88663,477.0
Truck88612,739.0
Truck88633,634.0
Truck88577,920.0
Truck88597,823.0
Truck88615,736.0
Truck88637,626.0
Truck88641,622.0
Truck88609,801.0
Truck88634,689.0
Truck88651,614.0
Truck88669,527.0
Truck88640,673.0
Truck88620,782.0
Truck88627,751.0
Truck88644,666.0
Truck88624,773.0
Truck88601,889.0
Truck88657,609.0
Truck88677,524.0
Truck88630,764.0
Truck88638,725.0
Truck88605,900.0
Truck88607,892.0
Truck88643,712.0
Truck88650,688.0
Truck88692,492.0
Truck88639,765.0
Truck88626,833.0
Truck88658,675.0
Truck88662,658.0
Truck88606,939.0
Truck88647,735.0
Truck88674,603.0
Truck88625,872.0
Truck88628,873.0
Truck88667,686.0
Truck88654,752.0
Truck88676,649.0
Truck88649,789.0
Truck88660,743.0
Truck88645,822.0
Truck88673,684.0
Truck88629,906.0
Truck88665,729.0
Truck88704,535.0
Truck88661,756.0
Truck88679,667.0
Truck88670,715.0
Truck88687,630.0
Truck88592,1106.0
Truck88635,891.0
Truck88714,498.0
Truck88656,790.0
Truck88642,870.0
Truck88666,753.0
Truck88723,489.0
Truck88688,668.0
Truck88619,1020.0
Truck88653,855.0
Truck88681,726.0
Truck88685,709.0
Truck88710,588.0
Truck88671,787.0
Truck88689,707.0
Truck88718,566.0
Truck88672,802.0
Truck88675,794.0
Truck88678,779.0
Truck88655,898.0
Truck88707,640.0
Truck88741,481.0
Truck88680,794.0
Truck88659,901.0
Truck88664,879.0
Truck88648,964.0
Truck88709,660.0
Truck88699,723.0
Truck88690,771.0
Truck88702,719.0
Truck88719,638.0
Truck88691,791.0
Truck88705,721.0
Truck88698,758.0
Truck88696,774.0
Truck88694,785.0
Truck88712,706.0
Truck88686,837.0
Truck88708,737.0
Truck88732,617.0
Truck88735,604.0
Truck88693,815.0
Truck88703,766.0
Truck88720,681.0
Truck88721,680.0
Truck88725,666.0
Truck88652,1032.0
Truck88684,879.0
Truck88716,720.0
Truck88697,816.0
Truck88682,893.0
Truck88765,485.0
Truck88683,897.0
Truck88756,535.0
Truck88700,826.0
Truck88728,696.0
Truck88737,651.0
Truck88706,811.0
Truck88726,712.0
Truck88701,838.0
Truck88755,575.0
Truck88736,677.0
Truck88739,670.0
Truck88668,1041.0
Truck88733,725.0
Truck88734,730.0
Truck88740,701.0
Truck88715,833.0
Truck88730,767.0
Truck88754,647.0
Truck88752,658.0
Truck88750,670.0
Truck88731,767.0
Truck88792,475.0
Truck88793,471.0
Truck88722,829.0
Truck88788,530.0
Truck88769,628.0
Truck88776,594.0
Truck88747,745.0
Truck88753,718.0
Truck88783,568.0
Truck88763,669.0
Truck88764,666.0
Truck88770,652.0
Truck88713,938.0
Truck88746,774.0
Truck88695,1032.0
Truck88738,818.0
Truck88781,615.0
Truck88761,718.0
Truck88796,543.0
Truck88757,739.0
Truck88759,729.0
Truck88777,639.0
Truck88775,654.0
Truck88751,776.0
Truck88717,956.0
Truck88724,922.0
Truck88749,797.0
Truck88771,691.0
Truck88782,643.0
Truck88727,919.0
Truck88711,1000.0
Truck88743,847.0
Truck88760,762.0
Truck88768,730.0
Truck88778,686.0
Truck88744,870.0
Truck88784,676.0
Truck88789,653.0
Truck88805,573.0
Truck88772,740.0
Truck88822,500.0
Truck88790,673.0
Truck88745,900.0
Truck88799,632.0
Truck88786,702.0
Truck88729,988.0
Truck88748,897.0
Truck88766,815.0
Truck88797,660.0
Truck88767,825.0
Truck88773,796.0
Truck88816,590.0
Truck88832,514.0
Truck88758,887.0
Truck88795,702.0
Truck88779,791.0
Truck88785,761.0
Truck88780,793.0
Truck88774,836.0
Truck88798,730.0
Truck88825,604.0
Truck88803,720.0
Truck88800,738.0
Truck88830,588.0
Truck88742,1033.0
Truck88787,811.0
Truck88762,946.0
Truck88819,680.0
Truck88831,625.0
Truck88814,711.0
Truck88821,680.0
Truck88829,656.0
Truck88823,691.0
Truck88833,656.0
Truck88791,889.0
Truck88849,605.0
Truck88828,723.0
Truck88813,799.0
Truck88808,831.0
Truck88838,681.0
Truck88804,867.0
Truck88806,861.0
Truck88815,818.0
Truck88856,615.0
Truck88807,870.0
Truck88810,862.0
Truck88839,721.0
Truck88845,696.0
Truck88857,638.0
Truck88835,754.0
Truck88837,750.0
Truck88842,726.0
Truck88802,930.0
Truck88863,627.0
Truck88812,894.0
Truck88873,597.0
Truck88872,609.0
Truck88834,801.0
Truck88840,771.0
Truck88841,773.0
Truck88886,555.0
Truck88846,759.0
Truck88858,701.0
Truck88820,894.0
Truck88853,730.0
Truck88870,645.0
Truck88854,727.0
Truck88847,765.0
Truck88827,871.0
Truck88852,746.0
Truck88824,895.0
Truck88875,644.0
Truck88862,712.0
Truck88876,645.0
Truck88801,1021.0
Truck88794,1057.0
Truck88865,702.0
Truck88860,730.0
Truck88864,710.0
Truck88884,613.0
Truck88809,992.0
Truck88871,688.0
Truck88890,594.0
Truck88817,962.0
Truck88851,796.0
Truck88818,962.0
Truck88901,556.0
Truck88868,727.0
Truck88904,553.0
Truck88861,772.0
Truck88920,487.0
Truck88898,610.0
Truck88905,576.0
Truck88903,596.0
Truck88850,869.0
Truck88881,715.0
Truck88826,991.0
Truck88926,500.0
Truck88848,897.0
Truck88921,532.0
Truck88894,670.0
Truck88874,774.0
Truck88902,643.0
Truck88877,772.0
Truck88836,979.0
Truck88867,833.0
Truck88811,1114.0
Truck88906,639.0
Truck88893,717.0
Truck88844,983.0
Truck88878,824.0
Truck88919,627.0
Truck88885,803.0
Truck88843,1019.0
Truck88922,631.0
Truck88855,969.0
Truck88950,494.0
Truck88907,712.0
Truck88888,811.0
Truck88889,807.0
Truck88891,798.0
Truck88910,706.0
Truck88915,684.0
Truck88939,568.0
Truck88892,815.0
Truck88859,983.0
Truck88869,939.0
Truck88900,802.0
Truck88969,464.0
Truck88896,831.0
Truck88887,877.0
Truck88879,923.0
Truck88924,704.0
Truck88897,851.0
Truck88934,668.0
Truck88925,715.0
Truck88914,771.0
Truck88899,850.0
Truck88882,938.0
Truck88932,691.0
Truck88917,773.0
Truck88931,708.0
Truck88937,680.0
Truck88929,735.0
Truck88928,741.0
Truck88909,843.0
Truck88913,830.0
Truck88948,655.0
Truck88945,688.0
Truck88965,588.0
Truck88895,944.0
Truck88927,787.0
Truck88952,662.0
Truck88961,622.0
Truck88908,888.0
Truck88883,1014.0
Truck88918,844.0
Truck88974,570.0
Truck88976,570.0
Truck88944,734.0
Truck88946,724.0
Truck88911,900.0
Truck88880,1056.0
Truck88935,782.0
Truck88941,761.0
Truck88972,606.0
Truck88933,816.0
Truck88943,766.0
Truck88975,608.0
Truck88912,926.0
Truck88960,694.0
Truck88916,915.0
Truck88966,667.0
Truck88947,770.0
Truck88923,891.0
Truck88980,608.0
Truck88949,769.0
Truck88967,682.0
Truck88942,808.0
Truck88955,745.0
Truck88991,570.0
Truck88940,835.0
Truck88970,686.0
Truck88938,851.0
Truck88957,767.0
Truck89014,484.0
Truck88964,739.0
Truck88866,1235.0
Truck88973,705.0
Truck88956,793.0
Truck89013,509.0
Truck88936,897.0
Truck88988,644.0
Truck88998,594.0
Truck88968,746.0
Truck89015,513.0
Truck88995,627.0
Truck88963,797.0
Truck88930,965.0
Truck88992,668.0
Truck89007,593.0
Truck89005,607.0
Truck88987,698.0
Truck89016,554.0
Truck89019,540.0
Truck89001,633.0
Truck88958,852.0
Truck88962,839.0
Truck89035,478.0
Truck88978,765.0
Truck89026,531.0
Truck89025,540.0
Truck88993,702.0
Truck89002,680.0
Truck89039,500.0
Truck89010,649.0
Truck88994,742.0
Truck88951,967.0
Truck88981,826.0
Truck89033,580.0
Truck88985,824.0
Truck88986,825.0
Truck88990,807.0
Truck89056,483.0
Truck88982,864.0
Truck89000,780.0
Truck89008,742.0
Truck89031,627.0
Truck88996,807.0
Truck89023,679.0
Truck89022,686.0
Truck89027,666.0
Truck88983,887.0
Truck88999,812.0
Truck89047,574.0
Truck89003,795.0
Truck89017,726.0
Truck89020,712.0
Truck88971,960.0
Truck88954,1046.0
Truck89021,713.0
Truck89042,617.0
Truck89029,683.0
Truck89066,506.0
Truck88959,1062.0
Truck89028,721.0
Truck89044,655.0
Truck89011,822.0
Truck89045,653.0
Truck89004,863.0
Truck88953,1119.0
Truck88997,899.0
Truck89012,840.0
Truck88979,1006.0
Truck89006,875.0
Truck89036,726.0
Truck89048,669.0
Truck89054,641.0
Truck89030,762.0
Truck89051,663.0
Truck89052,660.0
Truck89083,517.0
Truck88984,1016.0
Truck89058,648.0
Truck89060,641.0
Truck89038,752.0
Truck89024,834.0
Truck88977,1072.0
Truck89040,758.0
Truck89078,569.0
Truck89079,577.0
Truck89037,791.0
Truck89043,762.0
Truck89094,510.0
Truck89018,892.0
Truck89092,522.0
Truck89050,737.0
Truck89053,724.0
Truck89072,632.0
Truck89074,624.0
Truck89041,794.0
Truck89055,727.0
Truck89061,701.0
Truck89071,660.0
Truck89046,790.0
Truck89034,860.0
Truck89068,692.0
Truck89065,715.0
Truck89059,752.0
Truck89049,806.0
Truck89088,613.0
Truck89087,625.0
Truck89084,647.0
Truck89032,911.0
Truck89063,761.0
Truck89096,597.0
Truck89093,613.0
Truck88989,1140.0
Truck89009,1040.0
Truck89057,800.0
Truck89103,582.0
Truck89082,698.0
Truck89076,734.0
Truck89099,621.0
Truck89107,589.0
Truck89062,816.0
Truck89109,582.0
Truck89091,681.0
Truck89064,838.0
Truck89085,734.0
Truck89120,564.0
Truck89095,694.0
Truck89070,828.0
Truck89073,815.0
Truck89137,498.0
Truck89122,579.0
Truck89100,693.0
Truck89067,860.0
Truck89097,718.0
Truck89125,580.0
Truck89075,836.0
Truck89090,776.0
Truck89080,828.0
Truck89113,681.0
Truck89101,746.0
Truck89105,747.0
Truck89077,888.0
Truck89108,737.0
Truck89112,725.0
Truck89116,712.0
Truck89114,724.0
Truck89069,953.0
Truck89123,701.0
Truck89131,663.0
Truck89121,718.0
Truck89081,920.0
Truck89086,898.0
Truck89118,742.0
Truck89138,645.0
Truck89110,788.0
Truck89098,852.0
Truck89146,616.0
Truck89135,675.0
Truck89127,726.0
Truck89130,723.0
Truck89119,779.0
Truck89136,697.0
Truck89139,685.0
Truck89117,798.0
Truck89104,874.0
Truck89106,869.0
Truck89290,492.0
Truck89289,532.0
Truck89280,631.0
Truck89282,629.0
Truck89300,563.0
Truck89308,530.0
Truck89287,662.0
Truck89285,686.0
Truck89295,642.0
Truck89322,508.0
Truck89291,681.0
Truck89305,629.0
Truck89292,695.0
Truck89319,568.0
Truck89281,759.0
Truck89288,732.0
Truck89304,656.0
Truck89293,712.0
Truck89323,566.0
Truck89331,551.0
Truck89283,792.0
Truck89284,790.0
Truck89310,673.0
Truck89314,654.0
Truck89318,643.0
Truck89286,805.0
Truck89302,726.0
Truck89339,558.0
Truck89334,585.0
Truck89347,525.0
Truck89333,602.0
Truck89309,724.0
Truck89346,541.0
Truck89332,617.0
Truck89317,694.0
Truck89297,802.0
Truck89343,574.0
Truck89312,735.0
Truck89326,669.0
Truck89301,798.0
Truck89344,583.0
Truck89307,772.0
Truck89306,781.0
Truck89341,606.0
Truck89353,552.0
Truck89298,832.0
Truck89350,578.0
Truck89296,849.0
Truck89345,607.0
Truck89328,697.0
Truck89303,828.0
Truck89335,669.0
Truck89313,780.0
Truck89329,705.0
Truck89336,680.0
Truck89337,676.0
Truck89367,527.0
Truck89316,788.0
Truck89348,634.0
Truck89299,880.0
Truck89349,641.0
Truck89356,606.0
Truck89359,598.0
Truck89338,704.0
Truck89311,846.0
Truck89365,581.0
Truck89360,634.0
Truck89364,632.0
Truck89342,746.0
Truck89324,854.0
Truck89382,564.0
Truck89378,587.0
Truck89385,553.0
Truck89386,548.0
Truck89357,700.0
Truck89325,864.0
Truck89372,643.0
Truck89320,908.0
Truck89352,757.0
Truck89410,474.0
Truck89362,717.0
Truck89351,774.0
Truck89379,642.0
Truck89294,1068.0
Truck89374,680.0
Truck89413,486.0
Truck89383,638.0
Truck89396,577.0
Truck89340,858.0
Truck89375,687.0
Truck89368,728.0
Truck89377,685.0
Truck89407,535.0
Truck89321,966.0
Truck89400,571.0
Truck89358,783.0
Truck89330,939.0
Truck89406,573.0
Truck89393,645.0
Truck89366,784.0
Truck89381,709.0
Truck89398,631.0
Truck89373,775.0
Truck89402,636.0
Truck89405,632.0
Truck89415,591.0
Truck89380,771.0
Truck89315,1101.0
Truck89392,726.0
Truck89420,587.0
Truck89327,1060.0
Truck89354,933.0
Truck89387,769.0
Truck89355,932.0
Truck89391,753.0
Truck89394,749.0
Truck89437,536.0
Truck89390,775.0
Truck89414,658.0
Truck89408,691.0
Truck89369,890.0
Truck89370,896.0
Truck89389,801.0
Truck89416,668.0
Truck89376,886.0
Truck89397,786.0
Truck89423,667.0
Truck89401,778.0
Truck89409,741.0
Truck89395,823.0
Truck89363,984.0
Truck89419,710.0
Truck89428,671.0
Truck89403,797.0
Truck89388,876.0
Truck89430,668.0
Truck89422,723.0
Truck89435,658.0
Truck89432,677.0
Truck89424,720.0
Truck89448,607.0
Truck89451,594.0
Truck89361,1046.0
Truck89384,944.0
Truck89418,776.0
Truck89412,814.0
Truck89421,774.0
Truck89450,630.0
Truck89438,705.0
Truck89417,812.0
Truck89404,880.0
Truck89425,783.0
Truck89446,690.0
Truck89371,1069.0
Truck89457,640.0
Truck89411,882.0
Truck89476,559.0
Truck89452,680.0
Truck89439,747.0
Truck89458,660.0
Truck89429,806.0
Truck89441,751.0
Truck89466,637.0
Truck89479,575.0
Truck89471,618.0
Truck89467,648.0
Truck89427,854.0
Truck89449,747.0
Truck89447,758.0
Truck89399,1001.0
Truck89443,794.0
Truck89431,857.0
Truck89477,634.0
Truck89462,715.0
Truck89433,864.0
Truck89444,810.0
Truck89468,692.0
Truck89523,432.0
Truck89463,743.0
Truck89434,889.0
Truck89436,882.0
Truck89442,866.0
Truck89453,818.0
Truck89454,814.0
Truck89469,741.0
Truck89478,698.0
Truck89474,727.0
Truck89494,627.0
Truck89483,683.0
Truck89426,969.0
Truck89490,651.0
Truck89492,662.0
Truck89475,754.0
Truck89517,548.0
Truck89493,674.0
Truck89526,511.0
Truck89460,855.0
Truck89472,798.0
Truck89481,766.0
Truck89512,611.0
Truck89535,497.0
Truck89473,809.0
Truck89525,549.0
Truck89533,525.0
Truck89545,466.0
Truck89445,967.0
Truck89521,588.0
Truck89503,680.0
Truck89513,630.0
Truck89464,876.0
Truck89465,879.0
Truck89488,773.0
Truck89504,694.0
Truck89486,793.0
Truck89484,804.0
Truck89498,740.0
Truck89519,636.0
Truck89459,938.0
Truck89456,960.0
Truck89461,935.0
Truck89509,699.0
Truck89482,841.0
Truck89507,718.0
Truck89508,714.0
Truck89514,686.0
Truck89530,606.0
Truck89440,1064.0
Truck89515,689.0
Truck89516,693.0
Truck89487,843.0
Truck89543,565.0
Truck89528,645.0
Truck89499,793.0
Truck89501,795.0
Truck89538,610.0
Truck89497,819.0
Truck89531,651.0
Truck89572,448.0
Truck89564,497.0
Truck89496,845.0
Truck89500,827.0
Truck89510,782.0
Truck89560,534.0
Truck89520,736.0
Truck89495,864.0
Truck89522,729.0
Truck89518,754.0
Truck89455,1085.0
Truck89537,675.0
Truck89491,907.0
Truck89480,966.0
Truck89527,746.0
Truck89551,629.0
Truck89571,530.0
Truck89470,1037.0
Truck89542,679.0
Truck89540,694.0
Truck89511,844.0
Truck89505,878.0
Truck89489,961.0
Truck89524,790.0
Truck89536,731.0
Truck89502,907.0
Truck89547,687.0
Truck89557,638.0
Truck89546,700.0
Truck89559,637.0
Truck89539,744.0
Truck89595,467.0
Truck89485,1019.0
Truck89580,546.0
Truck89567,615.0
Truck89574,603.0
Truck89583,559.0
Truck89605,453.0
Truck89506,952.0
Truck89585,565.0
Truck89544,772.0
Truck89592,543.0
Truck89553,744.0
Truck89548,774.0
Truck89579,619.0
Truck89562,705.0
Truck89582,605.0
Truck89556,739.0
Truck89569,691.0
Truck89550,796.0
Truck89565,741.0
Truck89586,643.0
Truck89584,660.0
Truck89555,809.0
Truck89549,842.0
Truck89576,713.0
Truck89554,831.0
Truck89529,957.0
Truck89604,582.0
Truck89593,644.0
Truck89607,574.0
Truck89568,772.0
Truck89573,754.0
Truck89534,951.0
Truck89612,563.0
Truck89590,676.0
Truck89597,650.0
Truck89620,538.0
Truck89602,630.0
Truck89563,832.0
Truck89577,765.0
Truck89578,763.0
Truck89581,750.0
Truck89601,650.0
Truck89587,721.0
Truck89566,833.0
Truck89541,967.0
Truck89617,587.0
Truck89570,832.0
Truck89628,543.0
Truck89591,732.0
Truck89558,906.0
Truck89532,1040.0
Truck89596,723.0
Truck89588,770.0
Truck89603,716.0
Truck89629,586.0
Truck89641,526.0
Truck89561,934.0
Truck89615,667.0
Truck89609,703.0
Truck89634,580.0
Truck89552,996.0
Truck89575,892.0
Truck89600,772.0
Truck89594,804.0
Truck89611,726.0
Truck89613,728.0
Truck89622,684.0
Truck89598,807.0
Truck89610,748.0
Truck89639,622.0
Truck89633,666.0
Truck89674,468.0
Truck89631,693.0
Truck89589,904.0
Truck89625,740.0
Truck89626,737.0
Truck89627,733.0
Truck89683,461.0
Truck89608,838.0
Truck89649,634.0
Truck89662,569.0
Truck89668,548.0
Truck89618,799.0
Truck89676,509.0
Truck89637,708.0
Truck89630,745.0
Truck89665,572.0
Truck89647,668.0
Truck89619,816.0
Truck89671,560.0
Truck89599,941.0
Truck89653,692.0
Truck89623,843.0
Truck89616,879.0
Truck89686,529.0
Truck89638,771.0
Truck89614,894.0
Truck89673,601.0
Truck89635,793.0
Truck89660,669.0
Truck89646,740.0
Truck89659,678.0
Truck89621,871.0
Truck89624,864.0
Truck89699,496.0
Truck89636,817.0
Truck89642,800.0
Truck89651,760.0
Truck89643,803.0
Truck89666,693.0
Truck89694,559.0
Truck89658,742.0
Truck89632,876.0
Truck89664,719.0
Truck89679,646.0
Truck89663,727.0
Truck89656,767.0
Truck89606,1025.0
Truck89705,533.0
Truck89648,830.0
Truck89655,806.0
Truck89685,660.0
Truck89661,786.0
Truck89657,813.0
Truck89682,691.0
Truck89644,898.0
Truck89672,759.0
Truck89667,790.0
Truck89701,629.0
Truck89713,574.0
Truck89692,681.0
Truck89697,656.0
Truck89718,556.0
Truck89742,444.0
Truck89690,707.0
Truck89714,588.0
Truck89700,660.0
Truck89707,625.0
Truck89691,708.0
Truck89640,972.0
Truck89680,794.0
Truck89693,737.0
Truck89715,631.0
Truck89675,833.0
Truck89696,733.0
Truck89688,774.0
Truck89645,995.0
Truck89712,666.0
Truck89727,591.0
Truck89654,965.0
Truck89722,633.0
Truck89766,418.0
Truck89730,599.0
Truck89704,735.0
Truck89731,605.0
Truck89709,724.0
Truck89703,759.0
Truck89726,644.0
Truck89708,739.0
Truck89719,693.0
Truck89702,784.0
Truck89695,830.0
Truck89760,505.0
Truck89736,626.0
Truck89724,688.0
Truck89677,925.0
Truck89735,637.0
Truck89652,1054.0
Truck89681,909.0
Truck89750,564.0
Truck89711,761.0
Truck89650,1069.0
Truck89689,876.0
Truck89762,520.0
Truck89669,990.0
Truck89747,606.0
Truck89710,796.0
Truck89733,689.0
Truck89743,644.0
Truck89753,594.0
Truck89739,672.0
Truck89732,714.0
Truck89670,1032.0
Truck89721,785.0
Truck89723,780.0
Truck89749,652.0
Truck89769,552.0
Truck89720,799.0
Truck89761,597.0
Truck89717,819.0
Truck89740,707.0
Truck89684,991.0
Truck89678,1024.0
Truck89734,756.0
Truck89741,721.0
Truck89748,688.0
Truck89698,942.0
Truck89687,998.0
Truck89768,603.0
Truck89744,724.0
Truck89725,822.0
Truck89758,661.0
Truck89775,578.0
Truck89767,621.0
Truck89706,942.0
Truck89787,539.0
Truck89745,758.0
Truck89778,598.0
Truck89757,712.0
Truck89791,555.0
Truck89751,756.0
Truck89729,881.0
Truck89797,571.0
Truck89792,598.0
Truck89771,710.0
Truck89754,798.0
Truck89770,722.0
Truck89800,574.0
Truck89795,603.0
Truck89746,855.0
Truck89756,806.0
Truck89759,793.0
Truck89737,910.0
Truck89755,821.0
Truck89793,633.0
Truck89773,741.0
Truck89738,917.0
Truck89772,747.0
Truck89781,703.0
Truck89789,663.0
Truck89794,642.0
Truck89752,854.0
Truck89776,736.0
Truck89813,551.0
Truck89782,715.0
Truck89728,990.0
Truck89777,750.0
Truck89786,727.0
Truck89810,611.0
Truck89823,546.0
Truck89835,488.0
Truck89790,716.0
Truck89801,666.0
Truck89764,853.0
Truck89819,586.0
Truck89780,784.0
Truck89763,872.0
Truck89820,587.0
Truck89805,670.0
Truck89809,652.0
Truck89765,875.0
Truck89815,627.0
Truck89774,834.0
Truck89806,687.0
Truck89802,709.0
Truck89808,679.0
Truck89826,590.0
Truck89803,708.0
Truck89827,589.0
Truck89716,1148.0
Truck89818,640.0
Truck89798,749.0
Truck89836,571.0
Truck89830,612.0
Truck89785,839.0
Truck89812,707.0
Truck89814,706.0
Truck89822,676.0
Truck89859,496.0
Truck89783,903.0
Truck89829,675.0
Truck89788,892.0
Truck89807,804.0
Truck89804,826.0
Truck89832,689.0
Truck89866,534.0
Truck89817,780.0
Truck89843,651.0
Truck89878,480.0
Truck89855,604.0
Truck89875,505.0
Truck89825,760.0
Truck89816,814.0
Truck89841,702.0
Truck89848,668.0
Truck89784,990.0
Truck89799,917.0
Truck89779,1018.0
Truck89858,625.0
Truck89831,761.0
Truck89824,797.0
Truck89846,690.0
Truck89883,505.0
Truck89872,569.0
Truck89850,683.0
Truck89857,666.0
Truck89828,816.0
Truck89833,794.0
Truck89868,626.0
Truck89834,802.0
Truck89882,563.0
Truck89838,786.0
Truck89811,923.0
Truck89837,795.0
Truck89845,759.0
Truck89821,887.0
Truck89862,683.0
Truck89856,722.0
Truck89900,504.0
Truck89849,762.0
Truck89852,748.0
Truck89885,583.0
Truck89796,1031.0
Truck89854,746.0
Truck89867,688.0
Truck89879,632.0
Truck89877,647.0
Truck89865,716.0
Truck89863,738.0
Truck89864,735.0
Truck89839,864.0
Truck89847,838.0
Truck89860,774.0
Truck89873,714.0
Truck89887,645.0
Truck89912,524.0
Truck89904,576.0
Truck89880,704.0
Truck89881,700.0
Truck89853,841.0
Truck89884,686.0
Truck89902,599.0
Truck89893,650.0
Truck89922,507.0
Truck89888,682.0
Truck89891,670.0
Truck89844,928.0
Truck89861,843.0
Truck89874,784.0
Truck89840,967.0
Truck89907,634.0
Truck89870,822.0
Truck89918,587.0
Truck89913,622.0
Truck89932,529.0
Truck89903,676.0
Truck89906,662.0
Truck89934,526.0
Truck89927,566.0
Truck89842,997.0
Truck89894,743.0
Truck89851,964.0
Truck89930,574.0
Truck89896,753.0
Truck89919,642.0
Truck89886,808.0
Truck89914,668.0
Truck89871,885.0
Truck89890,791.0
Truck89916,675.0
Truck89895,803.0
Truck89924,659.0
Truck89959,485.0
Truck89915,708.0
Truck89869,942.0
Truck89889,845.0
Truck89898,804.0
Truck89909,749.0
Truck89920,697.0
Truck89908,772.0
Truck89921,720.0
Truck89938,647.0
Truck89876,960.0
Truck89926,710.0
Truck89961,542.0
Truck89917,767.0
Truck89947,619.0
Truck89952,594.0
Truck89897,870.0
Truck89936,675.0
Truck89911,802.0
Truck89910,814.0
Truck89937,682.0
Truck89929,729.0
Truck89950,629.0
Truck89940,684.0
Truck89949,644.0
Truck89905,867.0
Truck89951,642.0
Truck89892,944.0
Truck89899,909.0
Truck89964,590.0
Truck89944,692.0
Truck89965,593.0
Truck89957,640.0
Truck89935,751.0
Truck89971,577.0
Truck89958,646.0
Truck89942,729.0
Truck89954,674.0
Truck89901,945.0
Truck89972,616.0
Truck89939,785.0
Truck89994,511.0
Truck89925,858.0
Truck89970,637.0
Truck89968,661.0
Truck89943,788.0
Truck89975,635.0
Truck89956,741.0
Truck89983,620.0
Truck89960,740.0
Truck89977,659.0
Truck89955,775.0
Truck89966,722.0
Truck89948,815.0
Truck89931,904.0
Truck89962,750.0
Truck89945,845.0
Truck89941,871.0
Truck89928,937.0
Truck89998,589.0
Truck89933,917.0
Truck89992,622.0
Truck89985,658.0
Truck89974,721.0
Truck89986,668.0
Truck89979,706.0
Truck89981,696.0
Truck89996,621.0
Truck89987,689.0
Truck89967,795.0
Truck89976,752.0
Truck89993,669.0
Truck89973,782.0
Truck90018,557.0
Truck89963,834.0
Truck89953,886.0
Truck89923,1057.0
Truck89982,774.0
Truck89984,765.0
Truck90033,520.0
Truck90007,659.0
Truck90004,679.0
Truck89991,754.0
Truck90022,599.0
Truck90024,591.0
Truck89990,798.0
Truck89995,774.0
Truck89969,917.0
Truck90023,650.0
Truck89988,835.0
Truck89999,782.0
Truck90029,635.0
Truck89978,891.0
Truck90008,743.0
Truck90015,713.0
Truck90010,741.0
Truck90011,739.0
Truck90003,781.0
Truck90031,649.0
Truck90032,648.0
Truck90030,662.0
Truck90046,587.0
Truck90026,697.0
Truck90047,594.0
Truck89946,1102.0
Truck90034,662.0
Truck90000,836.0
Truck90002,827.0
Truck90028,699.0
Truck90053,575.0
Truck89980,941.0
Truck90025,719.0
Truck90001,840.0
Truck90066,518.0
Truck90043,637.0
Truck90020,769.0
Truck90021,766.0
Truck90037,687.0
Truck90014,807.0
Truck90035,704.0
Truck90006,851.0
Truck90059,588.0
Truck90054,614.0
Truck90041,685.0
Truck90016,812.0
Truck90040,712.0
Truck90005,888.0
Truck89997,929.0
Truck90039,724.0
Truck90036,740.0
Truck90057,636.0
Truck89989,982.0
Truck90019,850.0
Truck90073,580.0
Truck90027,817.0
Truck90050,721.0
Truck90080,571.0
Truck90079,579.0
Truck90042,765.0
Truck90064,659.0
Truck90017,897.0
Truck90049,739.0
Truck90065,661.0
Truck90009,946.0
Truck90013,941.0
Truck90038,820.0
Truck90058,723.0
Truck90070,678.0
Truck90099,542.0
Truck90081,633.0
Truck90069,711.0
Truck90044,842.0
Truck90091,608.0
Truck90104,554.0
Truck90106,545.0
Truck90055,807.0
Truck90085,657.0
Truck90095,607.0
Truck90098,601.0
Truck90082,685.0
Truck90056,818.0
Truck90048,863.0
Truck90067,770.0
Truck90012,1056.0
Truck90097,633.0
Truck90101,621.0
Truck90061,822.0
Truck90074,760.0
Truck90076,753.0
Truck90132,473.0
Truck90116,562.0
Truck90110,595.0
Truck90078,760.0
Truck90123,537.0
Truck90094,683.0
Truck90063,842.0
Truck90075,782.0
Truck90060,858.0
Truck90052,901.0
Truck90092,713.0
Truck90102,665.0
Truck90090,728.0
Truck90068,842.0
Truck90086,755.0
Truck90045,969.0
Truck90062,899.0
Truck90118,621.0
Truck90119,620.0
Truck90089,779.0
Truck90103,722.0
Truck90136,557.0
Truck90124,621.0
Truck90088,820.0
Truck90120,665.0
Truck90134,599.0
Truck90077,887.0
Truck90071,923.0
Truck90083,864.0
Truck90127,649.0
Truck90087,852.0
Truck90100,790.0
Truck90128,656.0
Truck90051,1044.0
Truck90155,524.0
Truck90143,604.0
Truck90109,775.0
Truck90144,613.0
Truck90072,985.0
Truck90129,703.0
Truck90148,615.0
Truck90096,882.0
Truck90125,744.0
Truck90141,665.0
Truck90084,952.0
Truck90172,513.0
Truck90145,650.0
Truck90107,843.0
Truck90122,777.0
Truck90115,813.0
Truck90158,599.0
Truck90111,835.0
Truck90135,717.0
Truck90147,659.0
Truck90112,839.0
Truck90114,834.0
Truck90126,774.0
Truck90108,868.0
Truck90154,648.0
Truck90139,731.0
Truck90162,617.0
Truck90184,507.0
Truck90153,664.0
Truck90168,591.0
Truck90151,689.0
Truck90185,532.0
Truck90093,993.0
Truck90131,807.0
Truck90140,764.0
Truck90150,729.0
Truck90164,667.0
Truck90160,691.0
Truck90113,930.0
Truck90170,645.0
Truck90157,717.0
Truck90117,919.0
Truck90179,616.0
Truck90105,988.0
Truck90186,605.0
Truck90152,776.0
Truck90165,714.0
Truck90183,624.0
Truck90146,812.0
Truck90142,841.0
Truck90173,706.0
Truck90159,777.0
Truck90190,622.0
Truck90178,687.0
Truck90192,619.0
Truck90188,648.0
Truck90201,589.0
Truck90175,721.0
Truck90174,727.0
Truck90163,790.0
Truck90121,1008.0
Truck90187,678.0
Truck90149,869.0
Truck90169,770.0
Truck90138,926.0
Truck90193,662.0
Truck90202,617.0
Truck90181,727.0
Truck90226,508.0
Truck90211,598.0
Truck90242,444.0
Truck90206,639.0
Truck90156,906.0
Truck90133,1023.0
Truck90194,718.0
Truck90197,707.0
Truck90216,623.0
Truck90166,883.0
Truck90137,1034.0
Truck90182,811.0
Truck90203,713.0
Truck90204,719.0
Truck90234,570.0
Truck90161,936.0
Truck90130,1106.0
Truck90222,651.0
Truck90176,886.0
Truck90229,626.0
Truck90195,799.0
Truck90254,505.0
Truck90223,662.0
Truck90196,800.0
Truck90215,707.0
Truck90207,749.0
Truck90227,652.0
Truck90232,627.0
Truck90251,535.0
Truck90209,759.0
Truck90221,701.0
Truck90231,651.0
Truck90212,750.0
Truck90171,958.0
Truck90228,686.0
Truck90238,640.0
Truck90191,881.0
Truck90247,602.0
Truck90180,939.0
Truck90262,529.0
Truck90220,741.0
Truck90198,859.0
Truck90240,650.0
Truck90167,1016.0
Truck90224,735.0
Truck90200,858.0
Truck90177,988.0
Truck90243,663.0
Truck90217,796.0
Truck90199,895.0
Truck90239,696.0
Truck90236,713.0
Truck90233,732.0
Truck90210,848.0
Truck90248,665.0
Truck90249,667.0
Truck90264,595.0
Truck90218,826.0
Truck90225,792.0
Truck90258,634.0
Truck90265,599.0
Truck90261,622.0
Truck90256,650.0
Truck90230,798.0
Truck90205,928.0
Truck90263,640.0
Truck90253,700.0
Truck90208,936.0
Truck90279,589.0
Truck90275,623.0
Truck90214,936.0
Truck90273,644.0
Truck90267,679.0
Truck90250,765.0
Truck90292,557.0
Truck90189,1075.0
Truck90293,568.0
Truck90235,859.0
Truck90255,762.0
Truck90289,592.0
Truck90213,973.0
Truck90277,653.0
Truck90278,648.0
Truck90252,781.0
Truck90271,688.0
Truck90219,950.0
Truck90244,829.0
Truck90237,875.0
Truck90288,640.0
Truck90245,856.0
Truck90276,705.0
Truck90285,668.0
Truck90257,812.0
Truck90282,687.0
Truck90298,607.0
Truck90241,893.0
Truck90260,799.0
Truck90270,750.0
Truck90268,773.0
Truck90274,746.0
Truck90296,639.0
Truck90269,779.0
Truck90301,620.0
Truck90312,569.0
Truck90280,730.0
Truck90315,555.0
Truck90283,716.0
Truck90287,696.0
Truck90259,846.0
Truck90266,812.0
Truck90294,677.0
Truck90281,763.0
Truck90339,478.0
Truck90307,643.0
Truck90321,590.0
Truck90297,711.0
Truck90302,689.0
Truck90284,780.0
Truck90272,843.0
Truck90324,595.0
Truck90348,482.0
Truck90326,593.0
Truck90308,697.0
Truck90309,695.0
Truck90342,542.0
Truck90317,685.0
Truck90295,816.0
Truck90333,640.0
Truck90345,585.0
Truck90311,761.0
Truck90323,702.0
Truck90246,1090.0
Truck90352,562.0
Truck90304,803.0
Truck90343,608.0
Truck90322,717.0
Truck90313,765.0
Truck90356,552.0
Truck90350,592.0
Truck90337,658.0
Truck90338,655.0
Truck90335,674.0
Truck90306,823.0
Truck90319,763.0
Truck90316,780.0
Truck90353,596.0
Truck90336,687.0
Truck90314,803.0
Truck90290,927.0
Truck90329,735.0
Truck90310,835.0
Truck90300,888.0
Truck90354,622.0
Truck90372,539.0
Truck90303,888.0
Truck90286,980.0
Truck90330,764.0
Truck90363,600.0
Truck90358,627.0
Truck90340,721.0
Truck90334,753.0
Truck90291,970.0
Truck90325,802.0
Truck90320,830.0
Truck90328,818.0
Truck90305,936.0
Truck90347,726.0
Truck90379,578.0
Truck90359,684.0
Truck90349,738.0
Truck90355,712.0
Truck90410,440.0
Truck90344,776.0
Truck90380,607.0
Truck90373,645.0
Truck90382,607.0
Truck90341,817.0
Truck90327,890.0
Truck90331,870.0
Truck90357,747.0
Truck90364,713.0
Truck90368,712.0
Truck90388,614.0
Truck90394,585.0
Truck90365,736.0
Truck90346,836.0
Truck90374,709.0
Truck90370,743.0
Truck90371,738.0
Truck90299,1100.0
Truck90377,711.0
Truck90392,649.0
Truck90332,954.0
Truck90351,862.0
Truck90391,662.0
Truck90443,409.0
Truck90385,704.0
Truck90393,668.0
Truck90405,614.0
Truck90408,600.0
Truck90375,772.0
Truck90378,761.0
Truck90409,613.0
Truck90360,868.0
Truck90387,736.0
Truck90366,842.0
Truck90381,767.0
Truck90400,672.0
Truck90389,734.0
Truck90417,599.0
Truck90318,1102.0
Truck90395,725.0
Truck90434,532.0
Truck90402,693.0
Truck90367,876.0
Truck90383,806.0
Truck90399,726.0
Truck90437,537.0
Truck90369,879.0
Truck90361,922.0
Truck90412,667.0
Truck90386,803.0
Truck90397,756.0
Truck90411,687.0
Truck90404,732.0
Truck90421,660.0
Truck90471,410.0
Truck90435,605.0
Truck90422,672.0
Truck90390,844.0
Truck90384,877.0
Truck90416,717.0
Truck90446,573.0
Truck90420,706.0
Truck90398,817.0
Truck90362,1009.0
Truck90414,754.0
Truck90439,638.0
Truck90406,818.0
Truck90442,642.0
Truck90419,763.0
Truck90401,855.0
Truck90465,536.0
Truck90403,848.0
Truck90376,989.0
Truck90432,710.0
Truck90424,752.0
Truck90433,708.0
Truck90438,701.0
Truck90431,741.0
Truck90444,688.0
Truck90423,803.0
Truck90461,613.0
Truck90426,789.0
Truck90425,795.0
Truck90418,831.0
Truck90407,887.0
Truck90455,651.0
Truck90430,786.0
Truck90464,622.0
Truck90413,888.0
Truck90415,879.0
Truck90396,999.0
Truck90457,694.0
Truck90448,743.0
Truck90453,718.0
Truck90473,618.0
Truck90441,783.0
Truck90449,745.0
Truck90466,660.0
Truck90489,546.0
Truck90428,855.0
Truck90447,772.0
Truck90440,809.0
Truck90467,675.0
Truck90475,646.0
Truck90429,877.0
Truck90452,763.0
Truck90492,580.0
Truck90451,787.0
Truck90487,611.0
Truck90436,870.0
Truck90478,667.0
Truck90454,789.0
Truck90463,746.0
Truck90491,611.0
Truck90480,668.0
Truck90472,724.0
Truck90493,622.0
Truck90450,849.0
Truck90483,684.0
Truck90495,631.0
Truck90458,818.0
Truck90459,826.0
Truck90511,566.0
Truck90474,753.0
Truck90521,520.0
Truck90477,749.0
Truck90427,1004.0
Truck90481,735.0
Truck90460,841.0
Truck90476,767.0
Truck90485,745.0
Truck90504,664.0
Truck90500,685.0
Truck90468,847.0
Truck90505,663.0
Truck90469,854.0
Truck90486,775.0
Truck90494,739.0
Truck90445,985.0
Truck90503,701.0
Truck90513,653.0
Truck90488,780.0
Truck90484,818.0
Truck90507,705.0
Truck90479,846.0
Truck90490,807.0
Truck90516,678.0
Truck90509,720.0
Truck90564,448.0
Truck90501,764.0
Truck90498,788.0
Truck90553,517.0
Truck90512,724.0
Truck90499,791.0
Truck90510,737.0
Truck90541,583.0
Truck90522,685.0
Truck90456,1018.0
Truck90517,713.0
Truck90527,663.0
Truck90519,706.0
Truck90515,728.0
Truck90470,954.0
Truck90565,481.0
Truck90540,608.0
Truck90506,781.0
Truck90533,651.0
Truck90531,664.0
Truck90514,750.0
Truck90520,724.0
Truck90532,665.0
Truck90462,1023.0
Truck90535,668.0
Truck90523,739.0
Truck90496,876.0
Truck90576,478.0
Truck90525,739.0
Truck90518,779.0
Truck90529,726.0
Truck90508,832.0
Truck90549,630.0
Truck90497,892.0
Truck90526,750.0
Truck90524,761.0
Truck90536,714.0
Truck90566,576.0
Truck90552,650.0
Truck90530,766.0
Truck90561,613.0
Truck90502,916.0
Truck90555,654.0
Truck90545,706.0
Truck90528,798.0
Truck90539,746.0
Truck90568,604.0
Truck90542,748.0
Truck90557,679.0
Truck90558,674.0
Truck90547,740.0
Truck90560,687.0
Truck90563,685.0
Truck90538,822.0
Truck90569,667.0
Truck90580,618.0
Truck90543,805.0
Truck90572,664.0
Truck90556,747.0
Truck90613,466.0
Truck90593,569.0
Truck90599,544.0
Truck90573,681.0
Truck90534,883.0
Truck90551,798.0
Truck90586,623.0
Truck90567,721.0
Truck90548,817.0
Truck90590,617.0
Truck90482,1160.0
Truck90537,888.0
Truck90588,635.0
Truck90602,567.0
Truck90579,695.0
Truck90595,619.0
Truck90725,528.0
Truck90739,477.0
Truck90722,569.0
Truck90734,531.0
Truck90727,570.0
Truck90735,591.0
Truck90731,616.0
Truck90738,613.0
Truck90728,678.0
Truck90733,659.0
Truck90774,459.0
Truck90732,691.0
Truck90737,672.0
Truck90746,636.0
Truck90744,652.0
Truck90726,743.0
Truck90743,659.0
Truck90741,672.0
Truck90724,760.0
Truck90721,777.0
Truck90729,737.0
Truck90742,686.0
Truck90749,656.0
Truck90736,726.0
Truck90761,604.0
Truck90753,670.0
Truck90752,676.0
Truck90770,599.0
Truck90720,851.0
Truck90723,837.0
Truck90750,705.0
Truck90792,495.0
Truck90796,477.0
Truck90786,537.0
Truck90775,598.0
Truck90772,618.0
Truck90765,658.0
Truck90784,568.0
Truck90745,776.0
Truck90755,742.0
Truck90757,740.0
Truck90779,630.0
Truck90762,719.0
Truck90799,534.0
Truck90771,675.0
Truck90759,743.0
Truck90791,591.0
Truck90730,909.0
Truck90794,590.0
Truck90754,806.0
Truck90758,788.0
Truck90781,673.0
Truck90778,692.0
Truck90766,758.0
Truck90798,600.0
Truck90747,864.0
Truck90789,658.0
Truck90768,770.0
Truck90764,792.0
Truck90793,651.0
Truck90808,577.0
Truck90790,670.0
Truck90832,461.0
Truck90740,923.0
Truck90748,883.0
Truck90751,884.0
Truck90776,768.0
Truck90787,719.0
Truck90804,638.0
Truck90767,824.0
Truck90815,585.0
Truck90773,800.0
Truck90760,867.0
Truck90814,601.0
Truck90803,660.0
Truck90769,836.0
Truck90756,903.0
Truck90763,868.0
Truck90805,662.0
Truck90827,565.0
Truck90801,698.0
Truck90816,623.0
Truck90810,654.0
Truck90813,640.0
Truck90783,793.0
Truck90838,542.0
Truck90782,838.0
Truck90795,773.0
Truck90780,854.0
Truck90800,754.0
Truck90822,646.0
Truck90809,720.0
Truck90836,587.0
Truck90823,653.0
Truck90840,570.0
Truck90856,496.0
Truck90818,688.0
Truck90845,553.0
Truck90825,655.0
Truck90777,905.0
Truck90802,781.0
Truck90788,852.0
Truck90854,527.0
Truck90812,742.0
Truck90820,708.0
Truck90826,688.0
Truck90806,793.0
Truck90847,604.0
Truck90817,755.0
Truck90841,650.0
Truck90846,640.0
Truck90831,723.0
Truck90785,954.0
Truck90857,595.0
Truck90830,731.0
Truck90835,709.0
Truck90837,703.0
Truck90843,679.0
Truck90873,541.0
Truck90878,517.0
Truck90834,739.0
Truck90824,791.0
Truck90842,712.0
Truck90807,911.0
Truck90829,820.0
Truck90852,718.0
Truck90881,575.0
Truck90853,716.0
Truck90861,676.0
Truck90849,753.0
Truck90833,836.0
Truck90851,747.0
Truck90870,653.0
Truck90797,1019.0
Truck90871,654.0
Truck90848,778.0
Truck90862,711.0
Truck90886,591.0
Truck90819,933.0
Truck90898,538.0
Truck90885,610.0
Truck90850,788.0
Truck90866,711.0
Truck90821,938.0
Truck90907,512.0
Truck90859,753.0
Truck90828,913.0
Truck90839,860.0
Truck90897,580.0
Truck90904,560.0
Truck90811,1036.0
Truck90901,588.0
Truck90876,714.0
Truck90868,755.0
Truck90875,726.0
Truck90883,690.0
Truck90844,894.0
Truck90864,795.0
Truck90894,652.0
Truck90869,778.0
Truck90884,706.0
Truck90882,728.0
Truck90912,582.0
Truck90935,483.0
Truck90943,448.0
Truck90914,597.0
Truck90855,893.0
Truck90872,812.0
Truck90887,738.0
Truck90865,862.0
Truck90858,899.0
Truck90937,504.0
Truck90888,755.0
Truck90902,685.0
Truck90895,728.0
Truck90899,713.0
Truck90893,749.0
Truck90896,734.0
Truck90917,631.0
Truck90913,652.0
Truck90863,905.0
Truck90879,833.0
Truck90890,786.0
Truck90867,903.0
Truck90891,783.0
Truck90889,794.0
Truck90880,841.0
Truck90944,522.0
Truck90908,717.0
Truck90860,958.0
Truck90922,659.0
Truck90920,671.0
Truck90931,626.0
Truck90909,738.0
Truck90924,663.0
Truck90926,655.0
Truck90911,736.0
Truck90900,793.0
Truck90877,914.0
Truck90892,849.0
Truck90906,782.0
Truck90932,658.0
Truck90928,681.0
Truck90915,748.0
Truck90874,956.0
Truck90910,781.0
Truck90949,591.0
Truck90903,837.0
Truck90921,753.0
Truck90951,614.0
Truck90948,633.0
Truck90918,785.0
Truck90933,721.0
Truck90938,696.0
Truck90919,803.0
Truck90936,718.0
Truck90939,707.0
Truck90970,553.0
Truck90962,607.0
Truck90947,694.0
Truck90958,641.0
Truck90965,606.0
Truck90963,617.0
Truck90969,601.0
Truck90976,567.0
Truck90960,656.0
Truck90925,832.0
Truck90956,678.0
Truck90967,626.0
Truck90980,564.0
Truck90955,696.0
Truck90916,894.0
Truck90927,841.0
Truck90905,952.0
Truck90984,564.0
Truck90988,551.0
Truck90934,824.0
Truck90979,618.0
Truck90946,786.0
Truck90950,766.0
Truck90923,907.0
Truck90966,694.0
Truck90954,760.0
Truck90977,654.0
Truck90940,848.0
Truck90987,620.0
Truck90999,561.0
Truck90994,588.0
Truck91003,557.0
Truck91021,470.0
Truck90971,721.0
Truck90930,930.0
Truck90990,636.0
Truck91001,589.0
Truck90997,610.0
Truck90992,638.0
Truck90974,730.0
Truck90996,620.0
Truck90953,838.0
Truck90952,855.0
Truck90981,711.0
Truck91010,571.0
Truck90964,803.0
Truck91000,623.0
Truck91027,494.0
Truck90982,735.0
Truck90941,954.0
Truck90959,869.0
Truck90957,886.0
Truck90989,726.0
Truck90991,722.0
Truck90945,953.0
Truck90972,833.0
Truck90985,781.0
Truck90929,1064.0
Truck90942,1008.0
Truck91005,695.0
Truck91019,626.0
Truck91020,627.0
Truck90968,903.0
Truck91008,710.0
Truck90961,946.0
Truck91049,506.0
Truck91022,645.0
Truck90995,784.0
Truck91017,675.0
Truck90993,796.0
Truck90978,884.0
Truck91004,755.0
Truck91009,746.0
Truck90983,883.0
Truck90975,931.0
Truck91002,799.0
Truck91037,624.0
Truck91006,780.0
Truck91041,610.0
Truck91054,545.0
Truck90986,886.0
Truck91031,668.0
Truck91007,794.0
Truck91014,767.0
Truck91026,708.0
Truck91035,663.0
Truck90998,851.0
Truck91016,763.0
Truck91040,643.0
Truck91055,574.0
Truck91033,690.0
Truck91011,804.0
Truck91018,769.0
Truck91013,795.0
Truck91039,668.0
Truck91032,707.0
Truck91028,764.0
Truck91050,655.0
Truck91023,791.0
Truck91024,788.0
Truck91015,836.0
Truck91072,557.0
Truck91092,458.0
Truck91025,794.0
Truck91044,699.0
Truck90973,1055.0
Truck91042,722.0
Truck91043,722.0
Truck91045,720.0
Truck91052,699.0
Truck91057,674.0
Truck91038,777.0
Truck91060,678.0
Truck91048,745.0
Truck91036,810.0
Truck91046,761.0
Truck91075,616.0
Truck91030,845.0
Truck91053,734.0
Truck91068,661.0
Truck91077,619.0
Truck91084,592.0
Truck91061,709.0
Truck91110,486.0
Truck91059,749.0
Truck91095,576.0
Truck91090,607.0
Truck91071,706.0
Truck91074,697.0
Truck91012,1014.0
Truck91058,798.0
Truck91062,780.0
Truck91067,757.0
Truck91056,815.0
Truck91070,745.0
Truck91073,733.0
Truck91065,774.0
Truck91079,718.0
Truck91082,703.0
Truck91091,660.0
Truck91047,890.0
Truck91080,730.0
Truck91115,556.0
Truck91081,731.0
Truck91125,517.0
Truck91103,630.0
Truck91093,682.0
Truck91102,645.0
Truck91029,1016.0
Truck91097,690.0
Truck91099,680.0
Truck91051,930.0
Truck91089,747.0
Truck91066,873.0
Truck91117,637.0
Truck91098,734.0
Truck91121,621.0
Truck91078,838.0
Truck91086,801.0
Truck91114,664.0
Truck91083,820.0
Truck91142,525.0
Truck91076,861.0
Truck91113,678.0
Truck91124,628.0
Truck91094,788.0
Truck91109,718.0
Truck91063,949.0
Truck91101,785.0
Truck91088,851.0
Truck91137,608.0
Truck91144,573.0
Truck91123,682.0
Truck91122,691.0
Truck91064,984.0
Truck91107,775.0
Truck91135,654.0
Truck91034,1166.0
Truck91126,707.0
Truck91069,995.0
Truck91087,907.0
Truck91096,862.0
Truck91112,782.0
Truck91105,818.0
Truck91100,854.0
Truck91148,614.0
Truck91165,532.0
Truck91173,492.0
Truck91119,764.0
Truck91175,494.0
Truck91108,830.0
Truck91134,701.0
Truck91116,794.0
Truck91141,678.0
Truck91128,749.0
Truck91111,838.0
Truck91130,749.0
Truck91167,569.0
Truck91162,595.0
Truck91149,662.0
Truck91085,990.0
Truck91161,612.0
Truck91131,777.0
Truck91145,713.0
Truck91138,768.0
Truck91171,608.0
Truck91140,780.0
Truck91176,600.0
Truck91158,699.0
Truck91150,743.0
Truck91139,803.0
Truck91193,533.0
Truck91136,822.0
Truck91120,903.0
Truck91104,984.0
Truck91154,736.0
Truck91160,706.0
Truck91203,500.0
Truck91146,786.0
Truck91157,741.0
Truck91166,709.0
Truck91153,782.0
Truck91143,846.0
Truck91163,749.0
Truck91159,772.0
Truck91164,759.0
Truck91195,604.0
Truck91132,920.0
Truck91156,800.0
Truck91155,808.0
Truck91190,636.0
Truck91129,953.0
Truck91205,574.0
Truck91147,865.0
Truck91170,757.0
Truck91182,706.0
Truck91197,631.0
Truck91208,583.0
Truck91127,997.0
Truck91151,880.0
Truck91183,725.0
Truck91194,671.0
Truck91189,706.0
Truck91196,687.0
Truck91232,507.0
Truck91216,589.0
Truck91180,780.0
Truck91177,797.0
Truck91169,840.0
Truck91152,931.0
Truck91185,768.0
Truck91118,1106.0
Truck91219,615.0
Truck91168,871.0
Truck91106,1190.0
Truck91188,784.0
Truck91174,860.0
Truck91133,1066.0
Truck91209,695.0
Truck91221,644.0
Truck91220,655.0
Truck91202,750.0
Truck91199,771.0
Truck91218,681.0
Truck91239,579.0
Truck91212,727.0
Truck91172,928.0
Truck91191,838.0
Truck91250,544.0
Truck91230,645.0
Truck91211,744.0
Truck91204,780.0
Truck91215,726.0
Truck91243,594.0
Truck91242,602.0
Truck91184,894.0
Truck91231,659.0
Truck91262,510.0
Truck91207,789.0
Truck91226,696.0
Truck91244,611.0
Truck91240,633.0
Truck91222,724.0
Truck91198,848.0
Truck91192,882.0
Truck91213,781.0
Truck91241,641.0
Truck91186,918.0
Truck91179,960.0
Truck91201,851.0
Truck91187,927.0
Truck91228,723.0
Truck91200,864.0
Truck91229,725.0
Truck91259,579.0
Truck91224,763.0
Truck91217,800.0
Truck91181,983.0
Truck91256,614.0
Truck91255,623.0
Truck91264,581.0
Truck91236,725.0
Truck91245,683.0
Truck91246,678.0
Truck91225,784.0
Truck91270,559.0
Truck91178,1033.0
Truck91233,764.0
Truck91252,670.0
Truck91254,665.0
Truck91214,879.0
Truck91248,710.0
Truck91210,905.0
Truck91206,930.0
Truck91237,781.0
Truck91260,666.0
Truck91292,512.0
Truck91274,604.0
Truck91286,544.0
Truck91258,705.0
Truck91235,833.0
Truck91227,877.0
Truck91271,661.0
Truck91268,690.0
Truck91223,925.0
Truck91307,510.0
Truck91285,630.0
Truck91273,692.0
Truck91247,841.0
Truck91290,626.0
Truck91291,623.0
Truck91267,750.0
Truck91333,429.0
Truck91265,770.0
Truck91272,740.0
Truck91317,523.0
Truck91303,600.0
Truck91324,498.0
Truck91304,599.0
Truck91277,743.0
Truck91282,718.0
Truck91302,619.0
Truck91257,848.0
Truck91296,654.0
Truck91287,700.0
Truck91275,762.0
Truck91280,737.0
Truck91261,836.0
Truck91253,885.0
Truck91251,898.0
Truck91288,715.0
Truck91281,751.0
Truck91263,842.0
Truck91322,547.0
Truck91279,779.0
Truck91276,797.0
Truck91295,703.0
Truck91283,772.0
Truck91316,617.0
Truck91234,1031.0
Truck91339,507.0
Truck91299,713.0
Truck91301,708.0
Truck91310,675.0
Truck91309,683.0
Truck91294,765.0
Truck91300,735.0
Truck91266,908.0
Truck91314,693.0
Truck91238,1074.0
Truck91320,666.0
Truck91293,804.0
Truck91325,644.0
Truck91327,637.0
Truck91344,567.0
Truck91305,766.0
Truck91269,953.0
Truck91345,575.0
Truck91323,692.0
Truck91318,719.0
Truck91342,602.0
Truck91312,759.0
Truck91284,903.0
Truck91326,693.0
Truck91328,687.0
Truck91337,647.0
Truck91348,593.0
Truck91306,804.0
Truck91354,578.0
Truck91349,605.0
Truck91369,505.0
Truck91249,1107.0
Truck91332,702.0
Truck91331,711.0
Truck91278,985.0
Truck91315,809.0
Truck91338,697.0
Truck91340,690.0
Truck91313,827.0
Truck91319,799.0
Truck91330,744.0
Truck91289,953.0
Truck91329,756.0
Truck91357,621.0
Truck91336,738.0
Truck91298,933.0
Truck91361,638.0
Truck91355,670.0
Truck91346,722.0
Truck91352,699.0
Truck91362,653.0
Truck91343,760.0
Truck91375,607.0
Truck91347,749.0
Truck91350,736.0
Truck91388,552.0
Truck91393,528.0
Truck91335,825.0
Truck91359,706.0
Truck91308,967.0
Truck91297,1025.0
Truck91351,773.0
Truck91358,738.0
Truck91356,758.0
Truck91372,682.0
Truck91321,941.0
Truck91399,554.0
Truck91377,675.0
Truck91409,520.0
Truck91363,757.0
Truck91334,905.0
Truck91376,695.0
Truck91382,678.0
Truck91383,674.0
Truck91341,885.0
Truck91387,660.0
Truck91392,635.0
Truck91379,703.0
Truck91389,654.0
Truck91364,782.0
Truck91396,626.0
Truck91419,513.0
Truck91398,623.0
Truck91381,724.0
Truck91353,867.0
Truck91406,607.0
Truck91408,599.0
Truck91404,620.0
Truck91371,786.0
Truck91374,771.0
Truck91390,698.0
Truck91402,638.0
Truck91391,694.0
Truck91366,839.0
Truck91378,781.0
Truck91426,547.0
Truck91412,621.0
Truck91415,606.0
Truck91400,693.0
Truck91360,894.0
Truck91365,869.0
Truck91367,863.0
Truck91384,779.0
Truck91311,1146.0
Truck91410,663.0
Truck91420,614.0
Truck91417,635.0
Truck91436,550.0
Truck91429,586.0
Truck91433,568.0
Truck91397,758.0
Truck91416,666.0
Truck91373,891.0
Truck91427,639.0
Truck91460,475.0
Truck91438,589.0
Truck91405,755.0
Truck91401,779.0
Truck91434,625.0
Truck91450,554.0
Truck91452,547.0
Truck91421,703.0
Truck91425,686.0
Truck91469,469.0
Truck91458,528.0
Truck91428,685.0
Truck91411,772.0
Truck91418,746.0
Truck91386,914.0
Truck91368,1007.0
Truck91413,782.0
Truck91407,817.0
Truck91441,648.0
Truck91395,882.0
Truck91422,754.0
Truck91423,760.0
Truck91370,1032.0
Truck91462,574.0
Truck91380,994.0
Truck91432,737.0
Truck91443,682.0
Truck91414,838.0
Truck91430,759.0
Truck91394,943.0
Truck91435,756.0
Truck91454,662.0
Truck91479,543.0
Truck91485,521.0
Truck91403,933.0
Truck91449,706.0
Truck91453,693.0
Truck91492,504.0
Truck91424,850.0
Truck91445,759.0
Truck91431,831.0
Truck91385,1075.0
Truck91444,788.0
Truck91467,684.0
Truck91439,827.0
Truck91455,748.0
Truck91463,715.0
Truck91480,636.0
Truck91442,827.0
Truck91482,630.0
Truck91440,848.0
Truck91448,814.0
Truck91465,729.0
Truck91503,541.0
Truck91476,677.0
Truck91437,873.0
Truck91495,587.0
Truck91494,599.0
Truck91511,520.0
Truck91466,747.0
Truck91491,622.0
Truck91474,713.0
Truck91484,663.0
Truck91516,507.0
Truck91475,715.0
Truck91447,877.0
Truck91501,609.0
Truck91446,885.0
Truck91478,728.0
Truck91457,841.0
Truck91461,827.0
Truck91498,649.0
Truck91468,802.0
Truck91477,759.0
Truck91505,625.0
Truck91487,720.0
Truck91508,626.0
Truck91509,625.0
Truck91473,808.0
Truck91483,762.0
Truck91499,683.0
Truck91525,553.0
Truck91486,750.0
Truck91464,863.0
Truck91506,681.0
Truck91518,623.0
Truck91451,961.0
Truck91502,710.0
Truck91459,926.0
Truck91524,611.0
Truck91535,570.0
Truck91520,646.0
Truck91507,715.0
Truck91456,976.0
Truck91493,791.0
Truck91472,898.0
Truck91515,695.0
Truck91488,845.0
Truck91532,630.0
Truck91496,811.0
Truck91510,741.0
Truck91523,677.0
Truck91489,854.0
Truck91470,950.0
Truck91471,965.0
Truck91529,676.0
Truck91541,619.0
Truck91540,629.0
Truck91521,730.0
Truck91526,717.0
Truck91497,864.0
Truck91565,525.0
Truck91513,787.0
Truck91490,904.0
Truck91481,962.0
Truck91517,783.0
Truck91514,810.0
Truck91534,711.0
Truck91552,628.0
Truck91538,703.0
Truck91533,735.0
Truck91519,812.0
Truck91500,909.0
Truck91512,853.0
Truck91546,707.0
Truck91527,804.0
Truck91522,836.0
Truck91544,727.0
Truck91580,552.0
Truck91539,761.0
Truck91555,683.0
Truck91575,596.0
Truck91548,739.0
Truck91563,669.0
Truck91559,696.0
Truck91528,853.0
Truck91545,775.0
Truck91608,475.0
Truck91537,836.0
Truck91566,691.0
Truck91556,742.0
Truck91569,679.0
Truck91562,717.0
Truck91558,742.0
Truck91587,597.0
Truck91589,595.0
Truck91600,546.0
Truck91543,834.0
Truck91557,778.0
Truck91579,673.0
Truck91560,773.0
Truck91567,750.0
Truck91504,1067.0
Truck91564,771.0
Truck91530,947.0
Truck91550,847.0
Truck91599,602.0
Truck91621,495.0
Truck91561,811.0
Truck91542,912.0
Truck91571,774.0
Truck91536,950.0
Truck91572,771.0
Truck91576,755.0
Truck91581,731.0
Truck91554,875.0
Truck91586,715.0
Truck91553,891.0
Truck91618,571.0
Truck91574,794.0
Truck91616,588.0
Truck91573,804.0
Truck91613,607.0
Truck91549,928.0
Truck91593,711.0
Truck91594,709.0
Truck91609,634.0
Truck91547,949.0
Truck91606,657.0
Truck91625,575.0
Truck91577,816.0
Truck91603,702.0
Truck91615,644.0
Truck91604,700.0
Truck91570,874.0
Truck91551,972.0
Truck91568,887.0
Truck91596,750.0
Truck91531,1078.0
Truck91598,747.0
Truck91642,527.0
Truck91588,798.0
Truck91597,756.0
Truck91623,630.0
Truck91584,826.0
Truck91648,514.0
Truck91592,795.0
Truck91610,714.0
Truck91590,815.0
Truck91654,498.0
Truck91617,684.0
Truck91614,704.0
Truck91585,852.0
Truck91601,779.0
Truck91619,691.0
Truck91626,658.0
Truck91595,815.0
Truck91602,785.0
Truck91582,916.0
Truck91637,651.0
Truck91631,683.0
Truck91627,717.0
Truck91624,737.0
Truck91634,689.0
Truck91636,683.0
Truck91658,584.0
Truck91647,643.0
Truck91646,652.0
Truck91635,712.0
Truck91605,866.0
Truck91641,703.0
Truck91629,764.0
Truck91640,709.0
Truck91651,657.0
Truck91591,959.0
Truck91620,817.0
Truck91655,643.0
Truck91679,524.0
Truck91578,1030.0
Truck91583,1021.0
Truck91607,910.0
Truck91645,725.0
Truck91628,826.0
Truck91660,666.0
Truck91677,587.0
Truck91652,714.0
Truck91653,712.0
Truck91661,684.0
Truck91644,777.0
Truck91638,810.0
Truck91611,948.0
Truck91691,564.0
Truck91676,644.0
Truck91695,554.0
Truck91673,668.0
Truck91633,873.0
Truck91672,685.0
Truck91622,937.0
Truck91683,635.0
Truck91656,780.0
Truck91703,548.0
Truck91649,824.0
Truck91690,621.0
Truck91664,758.0
Truck91630,932.0
Truck91678,693.0
Truck91663,773.0
Truck91668,755.0
Truck91692,635.0
Truck91666,768.0
Truck91705,573.0
Truck91671,746.0
Truck91687,672.0
Truck91669,767.0
Truck91681,712.0
Truck91632,963.0
Truck91693,660.0
Truck91659,832.0
Truck91732,469.0
Truck91657,850.0
Truck91688,701.0
Truck91670,793.0
Truck91724,530.0
Truck91643,937.0
Truck91697,672.0
Truck91689,713.0
Truck91612,1099.0
Truck91684,740.0
Truck91674,791.0
Truck91680,762.0
Truck91639,968.0
Truck91725,541.0
Truck91662,873.0
Truck91738,496.0
Truck91715,615.0
Truck91702,692.0
Truck91650,962.0
Truck91711,657.0
Truck91737,532.0
Truck91721,614.0
Truck91699,727.0
Truck91747,495.0
Truck91717,657.0
Truck91694,774.0
Truck91718,655.0
Truck91723,632.0
Truck91675,878.0
Truck91726,627.0
Truck91665,936.0
Truck91710,713.0
Truck91700,773.0
Truck91731,618.0
Truck91762,463.0
Truck91667,940.0
Truck91758,503.0
Truck91686,865.0
Truck91701,794.0
Truck91752,543.0
Truck91719,709.0
Truck91733,641.0
Truck91741,605.0
Truck91698,824.0
Truck91714,747.0
Truck91682,908.0
Truck91751,591.0
Truck91736,677.0
Truck91722,755.0
Truck91712,808.0
Truck91709,832.0
Truck91742,669.0
Truck91739,686.0
Truck91685,962.0
Truck91745,664.0
Truck91706,863.0
Truck91696,916.0
Truck91746,684.0
Truck91754,652.0
Truck91748,690.0
Truck91716,857.0
Truck91727,802.0
Truck91708,902.0
Truck91781,537.0
Truck91756,670.0
Truck91704,934.0
Truck91755,686.0
Truck91729,825.0
Truck91728,839.0
Truck91774,614.0
Truck91734,818.0
Truck91707,966.0
Truck91743,787.0
Truck91763,688.0
Truck91785,584.0
Truck91766,681.0
Truck91759,717.0
Truck91768,678.0
Truck91772,660.0
Truck91803,508.0
Truck91750,781.0
Truck91764,711.0
Truck91761,739.0
Truck91760,754.0
Truck91769,711.0
Truck91735,891.0
Truck91771,715.0
Truck91740,881.0
Truck91780,686.0
Truck91749,842.0
Truck91720,995.0
Truck91786,665.0
Truck91770,748.0
Truck91757,815.0
Truck91784,681.0
Truck91792,644.0
Truck91809,559.0
Truck91818,516.0
Truck91713,1044.0
Truck91793,655.0
Truck91799,627.0
Truck91782,722.0
Truck91778,745.0
Truck91790,686.0
Truck91821,536.0
Truck91775,768.0
Truck91779,755.0
Truck91765,826.0
Truck91730,1010.0
Truck91783,749.0
Truck91811,610.0
Truck91773,810.0
Truck91795,705.0
Truck91796,704.0
Truck91789,743.0
Truck91801,683.0
Truck91753,924.0
Truck91800,701.0
Truck91794,733.0
Truck91767,884.0
Truck91824,605.0
Truck91791,775.0
Truck91776,852.0
Truck91777,847.0
Truck91807,710.0
Truck91844,535.0
Truck91798,769.0
Truck91819,669.0
Truck91816,687.0
Truck91814,707.0
Truck91815,703.0
Truck91787,847.0
Truck91817,698.0
Truck91805,771.0
Truck91808,756.0
Truck91825,672.0
Truck91833,633.0
Truck91802,789.0
Truck91850,551.0
Truck91831,653.0
Truck91843,597.0
Truck91744,1093.0
Truck91812,755.0
Truck91858,532.0
Truck91829,686.0
Truck91788,899.0
Truck91804,825.0
Truck91797,864.0
Truck91810,803.0
Truck91835,682.0
Truck91813,797.0
Truck91873,498.0
Truck91864,547.0
Truck91820,769.0
Truck91865,545.0
Truck91823,758.0
Truck91877,488.0
Truck91846,647.0
Truck91837,700.0
Truck91890,458.0
Truck91847,674.0
Truck91822,809.0
Truck91852,675.0
Truck91866,608.0
Truck91861,636.0
Truck91827,807.0
Truck91840,744.0
Truck91828,818.0
Truck91859,663.0
Truck91845,735.0
Truck91826,837.0
Truck91806,953.0
Truck91878,603.0
Truck91872,641.0
Truck91869,664.0
Truck91842,800.0
Truck91888,571.0
Truck91870,664.0
Truck91848,781.0
Truck91875,649.0
Truck91839,832.0
Truck91832,873.0
Truck91849,788.0
Truck91868,695.0
Truck91894,565.0
Truck91874,668.0
Truck91882,644.0
Truck91838,871.0
Truck91880,662.0
Truck91903,547.0
Truck91901,580.0
Truck91908,549.0
Truck91871,741.0
Truck91857,812.0
Truck91834,936.0
Truck91860,809.0
Truck91841,909.0
Truck91863,802.0
Truck91887,691.0
Truck91892,667.0
Truck91918,544.0
Truck91912,583.0
Truck91855,870.0
Truck91830,999.0
Truck91907,614.0
Truck91886,720.0
Truck91906,632.0
Truck91876,783.0
Truck91931,510.0
Truck91898,676.0
Truck91851,916.0
Truck91867,842.0
Truck91836,998.0
Truck91899,701.0
Truck91902,686.0
Truck91930,551.0
Truck91853,939.0
Truck91862,900.0
Truck91916,646.0
Truck91884,812.0
Truck91893,778.0
Truck91922,635.0
Truck91917,661.0
Truck91856,972.0
Truck91933,590.0
Truck91920,657.0
Truck91923,646.0
Truck91909,718.0
Truck91879,876.0
Truck91900,774.0
Truck91904,758.0
Truck91929,639.0
Truck91913,722.0
Truck91854,1026.0
Truck91905,772.0
Truck91910,755.0
Truck91881,911.0
Truck91919,721.0
Truck91889,872.0
Truck91914,747.0
Truck91895,843.0
Truck91927,683.0
Truck91911,769.0
Truck91924,715.0
Truck91928,710.0
Truck91960,555.0
Truck91935,690.0
Truck91896,889.0
Truck91939,674.0
Truck91891,920.0
Truck91959,580.0
Truck91915,803.0
Truck91961,579.0
Truck91946,660.0
Truck91948,659.0
Truck91937,729.0
Truck91940,716.0
Truck91897,934.0
Truck91934,749.0
Truck91965,597.0
Truck91932,767.0
Truck91885,1006.0
Truck91944,715.0
Truck91926,808.0
Truck91883,1024.0
Truck91943,727.0
Truck91951,689.0
Truck92007,409.0
Truck91962,636.0
Truck91954,680.0
Truck91945,741.0
Truck91958,680.0
Truck91956,692.0
Truck91921,870.0
Truck91949,750.0
Truck91953,731.0
Truck91968,667.0
Truck91975,639.0
Truck91952,755.0
Truck91972,657.0
Truck91963,721.0
Truck91969,692.0
Truck91989,593.0
Truck91978,649.0
Truck91966,710.0
Truck92024,420.0
Truck91950,797.0
Truck91942,844.0
Truck91941,857.0
Truck91977,679.0
Truck91964,750.0
Truck91993,610.0
Truck91997,605.0
Truck91973,741.0
Truck91980,707.0
Truck91938,920.0
Truck92002,606.0
Truck91979,722.0
Truck91992,658.0
Truck91957,834.0
Truck92020,520.0
Truck91984,702.0
Truck91976,749.0
Truck91981,729.0
Truck92014,564.0
Truck92009,591.0
Truck91936,959.0
Truck91985,717.0
Truck91995,674.0
Truck91925,1027.0
Truck91971,801.0
Truck91955,887.0
Truck91990,729.0
Truck91967,851.0
Truck92011,673.0
Truck91983,825.0
Truck92003,730.0
Truck91987,811.0
Truck91996,767.0
Truck91974,882.0
Truck91982,843.0
Truck91947,1038.0
Truck92028,638.0
Truck92026,649.0
Truck92051,524.0
Truck92001,777.0
Truck92049,543.0
Truck92038,606.0
Truck92040,596.0
Truck92015,723.0
Truck92175,523.0
Truck92166,580.0
Truck92165,633.0
Truck92168,625.0
Truck92164,651.0
Truck92192,529.0
Truck92186,560.0
Truck92179,618.0
Truck92180,619.0
Truck92205,510.0
Truck92182,637.0
Truck92162,750.0
Truck92193,616.0
Truck92209,539.0
Truck92201,583.0
Truck92184,670.0
Truck92197,610.0
Truck92204,575.0
Truck92170,754.0
Truck92203,597.0
Truck92173,756.0
Truck92177,739.0
Truck92195,662.0
Truck92185,714.0
Truck92223,529.0
Truck92229,509.0
Truck92163,841.0
Truck92160,879.0
Truck92213,621.0
Truck92178,798.0
Truck92211,635.0
Truck92171,836.0
Truck92196,712.0
Truck92207,662.0
Truck92226,570.0
Truck92172,843.0
Truck92218,616.0
Truck92198,721.0
Truck92169,871.0
Truck92206,686.0
Truck92161,914.0
Truck92191,769.0
Truck92200,733.0
Truck92174,864.0
Truck92212,687.0
Truck92190,800.0
Truck92235,576.0
Truck92214,690.0
Truck92215,690.0
Truck92189,822.0
Truck92208,728.0
Truck92242,562.0
Truck92194,803.0
Truck92236,602.0
Truck92202,775.0
Truck92176,912.0
Truck92217,708.0
Truck92167,974.0
Truck92199,815.0
Truck92183,898.0
Truck92247,581.0
Truck92252,557.0
Truck92225,695.0
Truck92181,926.0
Truck92188,892.0
Truck92210,792.0
Truck92227,707.0
Truck92244,622.0
Truck92221,740.0
Truck92271,490.0
Truck92251,594.0
Truck92261,546.0
Truck92224,733.0
Truck92239,659.0
Truck92258,568.0
Truck92231,725.0
Truck92220,787.0
Truck92232,731.0
Truck92238,704.0
Truck92250,645.0
Truck92272,540.0
Truck92219,822.0
Truck92254,647.0
Truck92257,633.0
Truck92264,604.0
Truck92249,684.0
Truck92240,734.0
Truck92230,790.0
Truck92255,667.0
Truck92268,611.0
Truck92187,1033.0
Truck92283,557.0
Truck92265,649.0
Truck92266,645.0
Truck92222,866.0
Truck92282,567.0
Truck92216,899.0
Truck92267,650.0
Truck92243,775.0
Truck92245,775.0
Truck92269,655.0
Truck92237,817.0
Truck92278,613.0
Truck92284,583.0
Truck92279,616.0
Truck92259,722.0
Truck92276,646.0
Truck92274,667.0
Truck92270,694.0
Truck92260,749.0
Truck92246,820.0
Truck92277,673.0
Truck92248,820.0
Truck92263,748.0
Truck92228,929.0
Truck92312,510.0
Truck92298,598.0
Truck92304,583.0
Truck92262,794.0
Truck92287,675.0
Truck92280,711.0
Truck92285,686.0
Truck92311,561.0
Truck92302,616.0
Truck92307,591.0
Truck92324,509.0
Truck92273,770.0
Truck92234,966.0
Truck92256,856.0
Truck92290,689.0
Truck92320,541.0
Truck92293,686.0
Truck92295,680.0
Truck92303,648.0
Truck92291,712.0
Truck92317,590.0
Truck92315,610.0
Truck92275,816.0
Truck92281,791.0
Truck92301,699.0
Truck92296,729.0
Truck92353,445.0
Truck92299,717.0
Truck92316,634.0
Truck92253,952.0
Truck92350,475.0
Truck92332,568.0
Truck92297,744.0
Truck92314,668.0
Truck92289,802.0
Truck92328,612.0
Truck92288,817.0
Truck92233,1094.0
Truck92322,663.0
Truck92241,1069.0
Truck92354,506.0
Truck92329,638.0
Truck92292,827.0
Truck92286,859.0
Truck92306,759.0
Truck92337,617.0
Truck92308,763.0
Truck92357,525.0
Truck92300,828.0
Truck92310,789.0
Truck92343,636.0
Truck92344,634.0
Truck92305,831.0
Truck92374,491.0
Truck92349,618.0
Truck92294,898.0
Truck92323,753.0
Truck92318,789.0
Truck92321,779.0
Truck92319,794.0
Truck92355,622.0
Truck92367,565.0
Truck92335,727.0
Truck92309,860.0
Truck92339,716.0
Truck92313,847.0
Truck92327,788.0
Truck92345,705.0
Truck92333,766.0
Truck92372,572.0
Truck92370,584.0
Truck92338,751.0
Truck92371,586.0
Truck92347,709.0
Truck92336,775.0
Truck92364,638.0
Truck92348,719.0
Truck92334,798.0
Truck92366,638.0
Truck92340,769.0
Truck92379,582.0
Truck92331,825.0
Truck92342,772.0
Truck92361,684.0
Truck92346,760.0
Truck92368,653.0
Truck92351,742.0
Truck92369,660.0
Truck92373,644.0
Truck92380,609.0
Truck92385,586.0
Truck92330,872.0
Truck92325,901.0
Truck92341,821.0
Truck92365,703.0
Truck92356,751.0
Truck92362,721.0
Truck92352,776.0
Truck92406,506.0
Truck92395,583.0
Truck92388,630.0
Truck92326,946.0
Truck92358,792.0
Truck92389,657.0
Truck92392,647.0
Truck92387,677.0
Truck92390,666.0
Truck92400,627.0
Truck92393,670.0
Truck92360,840.0
Truck92378,768.0
Truck92402,651.0
Truck92412,601.0
Truck92409,624.0
Truck92363,858.0
Truck92398,686.0
Truck92382,771.0
Truck92377,819.0
Truck92375,846.0
Truck92383,809.0
Truck92376,852.0
Truck92413,669.0
Truck92448,497.0
Truck92401,735.0
Truck92359,946.0
Truck92391,786.0
Truck92410,691.0
Truck92407,713.0
Truck92441,561.0
Truck92418,683.0
Truck92397,790.0
Truck92421,673.0
Truck92439,594.0
Truck92408,751.0
Truck92403,782.0
Truck92426,667.0
Truck92405,773.0
Truck92399,806.0
Truck92416,722.0
Truck92422,702.0
Truck92438,631.0
Truck92414,755.0
Truck92415,758.0
Truck92424,713.0
Truck92386,907.0
Truck92404,820.0
Truck92446,618.0
Truck92425,734.0
Truck92445,647.0
Truck92428,748.0
Truck92430,741.0
Truck92456,612.0
Truck92420,793.0
Truck92427,765.0
Truck92394,933.0
Truck92444,687.0
Truck92396,932.0
Truck92450,666.0
Truck92423,803.0
Truck92482,517.0
Truck92458,639.0
Truck92381,1030.0
Truck92419,844.0
Truck92434,769.0
Truck92469,599.0
Truck92442,738.0
Truck92449,706.0
Truck92466,632.0
Truck92447,730.0
Truck92478,575.0
Truck92476,605.0
Truck92384,1069.0
Truck92411,935.0
Truck92432,830.0
Truck92436,821.0
Truck92437,819.0
Truck92417,932.0
Truck92440,818.0
Truck92463,707.0
Truck92433,865.0
Truck92475,678.0
Truck92470,704.0
Truck92490,605.0
Truck92451,801.0
Truck92454,786.0
Truck92461,756.0
Truck92460,763.0
Truck92431,911.0
Truck92479,675.0
Truck92467,737.0
Truck92487,638.0
Truck92513,513.0
Truck92514,511.0
Truck92465,770.0
Truck92459,804.0
Truck92489,654.0
Truck92462,792.0
Truck92504,583.0
Truck92518,513.0
Truck92443,894.0
Truck92486,680.0
Truck92507,575.0
Truck92481,706.0
Truck92495,639.0
Truck92472,755.0
Truck92498,626.0
Truck92477,735.0
Truck92457,836.0
Truck92435,957.0
Truck92502,625.0
Truck92429,991.0
Truck92491,693.0
Truck92511,601.0
Truck92492,697.0
Truck92453,893.0
Truck92473,793.0
Truck92468,824.0
Truck92488,724.0
Truck92506,635.0
Truck92480,779.0
Truck92455,910.0
Truck92497,700.0
Truck92516,609.0
Truck92464,873.0
Truck92471,844.0
Truck92499,725.0
Truck92494,758.0
Truck92529,587.0
Truck92522,623.0
Truck92510,695.0
Truck92534,590.0
Truck92545,546.0
Truck92501,770.0
Truck92484,858.0
Truck92452,1039.0
Truck92493,836.0
Truck92505,776.0
Truck92524,686.0
Truck92538,617.0
Truck92521,708.0
Truck92485,890.0
Truck92527,682.0
Truck92531,665.0
Truck92500,825.0
Truck92508,797.0
Truck92541,632.0
Truck92552,580.0
Truck92539,650.0
Truck92533,682.0
Truck92509,813.0
Truck92540,661.0
Truck92556,584.0
Truck92548,641.0
Truck92553,619.0
Truck92555,609.0
Truck92528,764.0
Truck92542,698.0
Truck92517,824.0
Truck92496,932.0
Truck92530,766.0
Truck92558,627.0
Truck92520,819.0
Truck92547,699.0
Truck92503,921.0
Truck92483,1029.0
Truck92535,775.0
Truck92569,611.0
Truck92581,555.0
Truck92554,693.0
Truck92575,596.0
Truck92546,755.0
Truck92523,875.0
Truck92474,1123.0
Truck92585,570.0
Truck92525,875.0
Truck92512,959.0
Truck92532,859.0
Truck92551,778.0
Truck92543,820.0
Truck92515,964.0
Truck92572,684.0
Truck92573,687.0
Truck92536,881.0
Truck92571,715.0
Truck92549,826.0
Truck92550,822.0
Truck92613,517.0
Truck92544,863.0
Truck92584,663.0
Truck92599,595.0
Truck92560,795.0
Truck92579,702.0
Truck92587,673.0
Truck92568,771.0
Truck92592,653.0
Truck92563,803.0
Truck92519,1024.0
Truck92610,569.0
Truck92570,774.0
Truck92619,534.0
Truck92574,778.0
Truck92537,966.0
Truck92614,584.0
Truck92580,757.0
Truck92597,673.0
Truck92601,657.0
Truck92602,652.0
Truck92607,627.0
Truck92598,674.0
Truck92628,526.0
Truck92612,612.0
Truck92557,895.0
Truck92594,726.0
Truck92651,444.0
Truck92559,911.0
Truck92583,794.0
Truck92645,494.0
Truck92561,917.0
Truck92588,784.0
Truck92567,899.0
Truck92577,853.0
Truck92578,850.0
Truck92622,630.0
Truck92564,922.0
Truck92589,799.0
Truck92590,795.0
Truck92596,766.0
Truck92641,545.0
Truck92600,756.0
Truck92526,1129.0
Truck92618,670.0
Truck92562,952.0
Truck92608,739.0
Truck92586,851.0
Truck92626,651.0
Truck92611,728.0
Truck92576,905.0
Truck92620,686.0
Truck92565,968.0
Truck92582,883.0
Truck92609,748.0
Truck92657,509.0
Truck92631,643.0
Truck92639,608.0
Truck92621,700.0
Truck92605,785.0
Truck92658,537.0
Truck92591,873.0
Truck92604,810.0
Truck92630,686.0
Truck92633,672.0
Truck92566,1019.0
Truck92617,766.0
Truck92593,894.0
Truck92627,727.0
Truck92595,900.0
Truck92634,708.0
Truck92655,607.0
Truck92623,768.0
Truck92648,649.0
Truck92640,696.0
Truck92637,717.0
Truck92686,477.0
Truck92616,828.0
Truck92603,901.0
Truck92653,659.0
Truck92646,704.0
Truck92624,820.0
Truck92663,627.0
Truck92615,881.0
Truck92678,583.0
Truck92697,488.0
Truck92642,764.0
Truck92654,707.0
Truck92661,677.0
Truck92635,808.0
Truck92681,587.0
Truck92665,671.0
Truck92625,874.0
Truck92636,819.0
Truck92632,842.0
Truck92629,867.0
Truck92664,693.0
Truck92652,755.0
Truck92670,668.0
Truck92680,628.0
Truck92650,779.0
Truck92683,615.0
Truck92606,1001.0
Truck92649,790.0
Truck92690,593.0
Truck92674,679.0
Truck92656,770.0
Truck92682,647.0
Truck92703,549.0
Truck92643,850.0
Truck92647,836.0
Truck92689,643.0
Truck92668,749.0
Truck92673,731.0
Truck92685,671.0
Truck92644,877.0
Truck92733,438.0
Truck92638,924.0
Truck92660,817.0
Truck92694,651.0
Truck92666,801.0
Truck92672,777.0
Truck92708,601.0
Truck92659,847.0
Truck92693,677.0
Truck92698,652.0
Truck92671,800.0
Truck92669,824.0
Truck92662,862.0
Truck92724,564.0
Truck92684,775.0
Truck92691,740.0
Truck92677,813.0
Truck92704,681.0
Truck92688,780.0
Truck92709,678.0
Truck92701,739.0
Truck92710,695.0
Truck92745,524.0
Truck92707,731.0
Truck92679,872.0
Truck92676,894.0
Truck92728,637.0
Truck92700,785.0
Truck92687,859.0
Truck92727,669.0
Truck92729,660.0
Truck92702,796.0
Truck92718,716.0
Truck92732,649.0
Truck92675,938.0
Truck92741,613.0
Truck92735,657.0
Truck92723,718.0
Truck92695,865.0
Truck92737,662.0
Truck92696,868.0
Truck92725,726.0
Truck92667,1019.0
Truck92706,826.0
Truck92705,838.0
Truck92736,685.0
Truck92717,782.0
Truck92719,776.0
Truck92711,823.0
Truck92769,536.0
Truck92789,437.0
Truck92743,671.0
Truck92722,780.0
Truck92744,673.0
Truck92721,791.0
Truck92742,693.0
Truck92760,610.0
Truck92757,634.0
Truck92734,754.0
Truck92772,564.0
Truck92715,853.0
Truck92716,852.0
Truck92692,975.0
Truck92726,807.0
Truck92720,841.0
Truck92768,608.0
Truck92762,639.0
Truck92777,564.0
Truck92730,800.0
Truck92712,903.0
Truck92740,768.0
Truck92738,781.0
Truck92759,679.0
Truck92699,995.0
Truck92765,665.0
Truck92751,744.0
Truck92801,501.0
Truck92775,642.0
Truck92771,663.0
Truck92799,528.0
Truck92756,745.0
Truck92713,962.0
Truck92763,721.0
Truck92798,546.0
Truck92752,780.0
Truck92714,972.0
Truck92816,462.0
Truck92754,773.0
Truck92748,805.0
Truck92792,586.0
Truck92753,785.0
Truck92739,858.0
Truck92773,691.0
Truck92764,737.0
Truck92783,645.0
Truck92800,567.0
Truck92782,667.0
Truck92750,828.0
Truck92766,752.0
Truck92770,734.0
Truck92795,614.0
Truck92797,611.0
Truck92746,868.0
Truck92819,510.0
Truck92825,483.0
Truck92780,714.0
Truck92755,842.0
Truck92731,967.0
Truck92787,694.0
Truck92747,895.0
Truck92796,652.0
Truck92817,547.0
Truck92791,688.0
Truck92786,730.0
Truck92806,631.0
Truck92776,783.0
Truck92790,714.0
Truck92803,649.0
Truck92749,922.0
Truck92767,836.0
Truck92758,882.0
Truck92830,522.0
Truck92788,733.0
Truck92809,645.0
Truck92811,644.0
Truck92813,646.0
Truck92808,690.0
Truck92761,928.0
Truck92841,539.0
Truck92822,637.0
Truck92836,570.0
Truck92802,743.0
Truck92828,620.0
Truck92826,634.0
Truck92774,898.0
Truck92820,670.0
Truck92785,855.0
Truck92804,765.0
Truck92829,640.0
Truck92810,738.0
Truck92779,898.0
Truck92815,720.0
Truck92835,620.0
Truck92781,893.0
Truck92823,683.0
Truck92842,602.0
Truck92807,778.0
Truck92805,789.0
Truck92839,624.0
Truck92856,540.0
Truck92848,590.0
Truck92852,570.0
Truck92837,660.0
Truck92827,711.0
Truck92869,510.0
Truck92851,609.0
Truck92821,767.0
Truck92845,648.0
Truck92847,638.0
Truck92832,714.0
Truck92794,911.0
Truck92838,691.0
Truck92793,921.0
Truck92824,775.0
Truck92855,622.0
Truck92850,654.0
Truck92814,837.0
Truck92844,693.0
Truck92880,520.0
Truck92875,555.0
Truck92849,688.0
Truck92846,704.0
Truck92867,610.0
Truck92831,796.0
Truck92861,652.0
Truck92818,869.0
Truck92862,657.0
Truck92857,710.0
Truck92812,939.0
Truck92833,839.0
Truck92860,705.0
Truck92784,1088.0
Truck92886,584.0
Truck92859,720.0
Truck92877,640.0
Truck92854,760.0
Truck92864,713.0
Truck92893,583.0
Truck92834,881.0
Truck92897,576.0
Truck92881,673.0
Truck92905,555.0
Truck92840,886.0
Truck92899,594.0
Truck92871,739.0
Truck92843,889.0
Truck92898,615.0
Truck92906,577.0
Truck92878,727.0
Truck92890,672.0
Truck92915,551.0
Truck92873,773.0
Truck92901,636.0
Truck92865,817.0
Truck92778,1253.0
Truck92914,573.0
Truck92858,866.0
Truck92879,764.0
Truck92885,737.0
Truck92866,837.0
Truck92876,788.0
Truck92913,612.0
Truck92919,591.0
Truck92909,644.0
Truck92908,650.0
Truck92924,571.0
Truck92882,782.0
Truck92904,678.0
Truck92853,941.0
Truck92868,868.0
Truck92874,841.0
Truck92889,777.0
Truck92863,922.0
Truck92917,652.0
Truck92928,597.0
Truck92911,692.0
Truck92907,727.0
Truck92922,652.0
Truck92883,860.0
Truck92872,916.0
Truck92916,700.0
Truck92884,867.0
Truck92925,665.0
Truck92887,870.0
Truck92923,695.0
Truck92895,841.0
Truck92942,614.0
Truck92945,604.0
Truck92902,820.0
Truck92900,839.0
Truck92921,737.0
Truck92932,684.0
Truck92870,995.0
Truck92894,890.0
Truck92962,561.0
Truck92941,668.0
Truck92891,921.0
Truck92933,734.0
Truck92955,624.0
Truck92918,811.0
Truck92960,602.0
Truck92903,890.0
Truck92912,849.0
Truck92937,726.0
Truck92927,778.0
Truck92943,698.0
Truck92896,934.0
Truck92892,957.0
Truck92966,595.0
Truck92931,772.0
Truck92963,613.0
Truck92910,880.0
Truck92938,746.0
Truck92999,442.0
Truck92947,704.0
Truck92940,740.0
Truck92929,797.0
Truck92948,707.0
Truck92935,776.0
Truck92926,822.0
Truck92949,716.0
Truck92951,727.0
Truck92954,722.0
Truck92936,815.0
Truck92965,670.0
Truck92930,855.0
Truck92920,914.0
Truck92958,727.0
Truck92953,759.0
Truck92939,848.0
Truck92974,674.0
Truck92888,1112.0
Truck92979,657.0
Truck93004,532.0
Truck92944,834.0
Truck92950,813.0
Truck92959,768.0
Truck92968,729.0
Truck93007,535.0
Truck92978,683.0
Truck92964,758.0
Truck92972,721.0
Truck92981,676.0
Truck92977,697.0
Truck92989,637.0
Truck92946,853.0
Truck93000,599.0
Truck92934,942.0
Truck92983,704.0
Truck92976,740.0
Truck93010,573.0
Truck92973,767.0
Truck93029,488.0
Truck92967,800.0
Truck92971,780.0
Truck92956,856.0
Truck92992,676.0
Truck92982,730.0
Truck92961,841.0
Truck92993,681.0
Truck92980,747.0
Truck92995,674.0
Truck92957,865.0
Truck92985,728.0
Truck93006,627.0
Truck92996,678.0
Truck92975,804.0
Truck92970,831.0
Truck93003,666.0
Truck92952,923.0
Truck93020,584.0
Truck93005,669.0
Truck93052,439.0
Truck92984,783.0
Truck92969,865.0
Truck93017,632.0
Truck93012,665.0
Truck93013,666.0
Truck93001,737.0
Truck93008,707.0
Truck93016,672.0
Truck93018,680.0
Truck92991,818.0
Truck92998,786.0
Truck92994,813.0
Truck93027,648.0
Truck93025,663.0
Truck93033,624.0
Truck92988,851.0
Truck93026,673.0
Truck93030,658.0
Truck93014,745.0
Truck92987,884.0
Truck93050,570.0
Truck93022,711.0
Truck92997,837.0
Truck92986,893.0
Truck93047,600.0
Truck93002,845.0
Truck92990,906.0
Truck93011,813.0
Truck93059,573.0
Truck93054,599.0
Truck93069,526.0
Truck93021,771.0
Truck93073,512.0
Truck93044,665.0
Truck93066,564.0
Truck93036,717.0
Truck93039,712.0
Truck93070,559.0
Truck93038,725.0
Truck93023,803.0
Truck93019,832.0
Truck93092,469.0
Truck93031,776.0
Truck93077,552.0
Truck93041,740.0
Truck93015,871.0
Truck93104,434.0
Truck93067,620.0
Truck93032,800.0
Truck93028,848.0
Truck93103,485.0
Truck93049,756.0
Truck93024,888.0
Truck93042,803.0
Truck93072,653.0
Truck93083,607.0
Truck93088,597.0
Truck93055,773.0
Truck93009,1004.0
Truck93084,633.0
Truck93060,757.0
Truck93065,737.0
Truck93122,461.0
Truck93068,733.0
Truck93056,798.0
Truck93095,605.0
Truck93124,460.0
Truck93082,672.0
Truck93034,914.0
Truck93053,821.0
Truck93080,686.0
Truck93035,917.0
Truck93076,712.0
Truck93051,838.0
Truck93040,902.0
Truck93096,631.0
Truck93046,887.0
Truck93094,648.0
Truck93061,825.0
Truck93100,630.0
Truck93071,779.0
Truck93043,920.0
Truck93062,846.0
Truck93064,839.0
Truck93087,728.0
Truck93081,759.0
Truck93037,980.0
Truck93063,850.0
Truck93090,726.0
Truck93075,808.0
Truck93107,650.0
Truck93109,643.0
Truck93128,549.0
Truck93106,666.0
Truck93078,822.0
Truck93099,724.0
Truck93138,529.0
Truck93133,555.0
Truck93113,657.0
Truck93089,798.0
Truck93117,659.0
Truck93147,510.0
Truck93126,621.0
Truck93057,971.0
Truck93118,669.0
Truck93058,981.0
Truck93110,723.0
Truck93125,649.0
Truck93150,526.0
Truck93045,1053.0
Truck93091,823.0
Truck93123,689.0
Truck93085,884.0
Truck93127,677.0
Truck93105,788.0
Truck93114,747.0
Truck93102,810.0
Truck93115,750.0
Truck93086,906.0
Truck93142,627.0
Truck93108,810.0
Truck93140,654.0
Truck93130,707.0
Truck93048,1118.0
Truck93121,754.0
Truck93101,861.0
Truck93097,882.0
Truck93093,904.0
Truck93129,728.0
Truck93116,801.0
Truck93135,716.0
Truck93143,676.0
Truck93112,835.0
Truck93111,847.0
Truck93161,600.0
Truck93156,626.0
Truck93152,668.0
Truck93119,834.0
Truck93074,1061.0
Truck93160,642.0
Truck93163,635.0
Truck93155,681.0
Truck93167,631.0
Truck93134,798.0
Truck93158,681.0
Truck93157,692.0
Truck93188,551.0
Truck93137,807.0
Truck93139,816.0
Truck93120,915.0
Truck93199,520.0
Truck93206,486.0
Truck93146,799.0
Truck93175,654.0
Truck93178,653.0
Truck93153,779.0
Truck93166,721.0
Truck93131,897.0
Truck93164,739.0
Truck93145,836.0
Truck93151,807.0
Truck93183,647.0
Truck93177,683.0
Truck93180,668.0
Truck93144,854.0
Truck93165,749.0
Truck93190,629.0
Truck93169,736.0
Truck93172,725.0
Truck93184,667.0
Truck93098,1101.0
Truck93192,638.0
Truck93201,594.0
Truck93149,855.0
Truck93159,808.0
Truck93186,681.0
Truck93185,690.0
Truck93136,941.0
Truck93182,717.0
Truck93189,685.0
Truck93173,771.0
Truck93079,1244.0
Truck93193,674.0
Truck93141,938.0
Truck93202,636.0
Truck93187,747.0
Truck93191,729.0
Truck93196,710.0
Truck93174,831.0
Truck93132,1046.0
Truck93162,899.0
Truck93226,581.0
Truck93170,863.0
Truck93205,694.0
Truck93209,675.0
Truck93148,981.0
Truck93181,819.0
Truck93200,734.0
Truck93154,965.0
Truck93245,541.0
Truck93228,627.0
Truck93195,793.0
Truck93221,668.0
Truck93225,649.0
Truck93257,492.0
Truck93229,634.0
Truck93204,763.0
Truck93168,948.0
Truck93207,755.0
Truck93239,598.0
Truck93214,730.0
Truck93230,653.0
Truck93218,718.0
Truck93210,760.0
Truck93176,931.0
Truck93203,808.0
Truck93217,740.0
Truck93197,841.0
Truck93232,680.0
Truck93216,769.0
Truck93224,729.0
Truck93238,667.0
Truck93222,752.0
Truck93194,901.0
Truck93235,700.0
Truck93254,605.0
Truck93208,838.0
Truck93198,893.0
Truck93220,788.0
Truck93236,726.0
Truck93212,856.0
Truck93211,862.0
Truck93171,1065.0
Truck93248,686.0
Truck93223,817.0
Truck93251,678.0
Truck93215,862.0
Truck93237,758.0
Truck93253,680.0
Truck93243,742.0
Truck93255,683.0
Truck93264,641.0
Truck93241,764.0
Truck93246,742.0
Truck93280,575.0
Truck93213,916.0
Truck93240,781.0
Truck93273,620.0
Truck93249,745.0
Truck93260,691.0
Truck93250,747.0
Truck93219,903.0
Truck93179,1117.0
Truck93261,707.0
Truck93234,843.0
Truck93258,725.0
Truck93284,599.0
Truck93282,610.0
Truck93252,764.0
Truck93279,630.0
Truck93244,810.0
Truck93293,566.0
Truck93286,606.0
Truck93231,892.0
Truck93304,537.0
Truck93308,523.0
Truck93256,788.0
Truck93283,657.0
Truck93292,630.0
Truck93277,715.0
Truck93322,493.0
Truck93271,749.0
Truck93278,714.0
Truck93242,901.0
Truck93303,599.0
Truck93268,779.0
Truck93247,887.0
Truck93272,771.0
Truck93267,803.0
Truck93287,703.0
Truck93266,809.0
Truck93233,977.0
Truck93269,814.0
Truck93274,791.0
Truck93262,852.0
Truck93312,602.0
Truck93297,681.0
Truck93321,566.0
Truck93296,694.0
Truck93227,1040.0
Truck93265,856.0
Truck93306,656.0
Truck93307,651.0
Truck93302,677.0
Truck93323,573.0
Truck93324,572.0
Truck93295,719.0
Truck93310,653.0
Truck93315,629.0
Truck93298,715.0
Truck93275,835.0
Truck93285,786.0
Truck93291,762.0
Truck93276,844.0
Truck93327,592.0
Truck93357,444.0
Truck93294,761.0
Truck93314,664.0
Truck93329,600.0
Truck93259,962.0
Truck93301,756.0
Truck93309,718.0
Truck93299,770.0
Truck93317,680.0
Truck93263,955.0
Truck93319,675.0
Truck93311,718.0
Truck93341,568.0
Truck93305,758.0
Truck93288,844.0
Truck93337,599.0
Truck93325,663.0
Truck93331,635.0
Truck93313,726.0
Truck93316,719.0
Truck93334,636.0
Truck93328,668.0
Truck93281,905.0
Truck93290,896.0
Truck93364,542.0
Truck93355,598.0
Truck93270,1025.0
Truck93330,731.0
Truck93352,635.0
Truck93318,813.0
Truck93342,693.0
Truck93349,663.0
Truck93320,810.0
Truck93326,800.0
Truck93338,743.0
Truck93345,711.0
Truck93346,729.0
Truck93344,744.0
Truck93353,708.0
Truck93300,979.0
Truck93370,633.0
Truck93376,605.0
Truck93336,814.0
Truck93359,707.0
Truck93390,554.0
Truck93289,1060.0
Truck93339,813.0
Truck93335,836.0
Truck93384,593.0
Truck93386,584.0
Truck93371,671.0
Truck93383,615.0
Truck93409,499.0
Truck93360,748.0
Truck93369,706.0
Truck93391,598.0
Truck93351,800.0
Truck93379,660.0
Truck93388,619.0
Truck93375,690.0
Truck93367,731.0
Truck93392,614.0
Truck93396,606.0
Truck93362,784.0
Truck93363,782.0
Truck93394,630.0
Truck93358,811.0
Truck93368,762.0
Truck93348,864.0
Truck93366,775.0
Truck93332,952.0
Truck93420,522.0
Truck93361,819.0
Truck93333,961.0
Truck93385,704.0
Truck93343,916.0
Truck93380,747.0
Truck93354,878.0
Truck93424,533.0
Truck93426,525.0
Truck93398,666.0
Truck93378,780.0
Truck93389,735.0
Truck93403,678.0
Truck93340,997.0
Truck93407,662.0
Truck93374,829.0
Truck93414,631.0
Truck93401,697.0
Truck93372,844.0
Truck93399,709.0
Truck93395,731.0
Truck93415,637.0
Truck93416,639.0
Truck93347,987.0
Truck93350,973.0
Truck93404,706.0
Truck93373,863.0
Truck93411,674.0
Truck93402,728.0
Truck93430,588.0
Truck93365,924.0
Truck93408,721.0
Truck93427,628.0
Truck93382,854.0
Truck93422,655.0
Truck93432,614.0
Truck93442,590.0
Truck93443,585.0
Truck93377,919.0
Truck93405,786.0
Truck93397,829.0
Truck93413,756.0
Truck93381,917.0
Truck93431,667.0
Truck93447,589.0
Truck93440,626.0
Truck93456,557.0
Truck93454,578.0
Truck93400,856.0
Truck93412,801.0
Truck93393,899.0
Truck93433,704.0
Truck93444,650.0
Truck93406,842.0
Truck93429,727.0
Truck93417,790.0
Truck93441,673.0
Truck93449,633.0
Truck93463,564.0
Truck93356,1102.0
Truck93435,709.0
Truck93457,599.0
Truck93436,714.0
Truck93423,781.0
Truck93387,967.0
Truck93466,572.0
Truck93472,550.0
Truck93421,808.0
Truck93419,822.0
Truck93459,637.0
Truck93480,548.0
Truck93471,596.0
Truck93484,533.0
Truck93474,595.0
Truck93410,931.0
Truck93425,860.0
Truck93460,693.0
Truck93445,769.0
Truck93428,856.0
Truck93618,447.0
Truck93604,586.0
Truck93629,483.0
Truck93606,647.0
Truck93605,662.0
Truck93624,594.0
Truck93628,580.0
Truck93600,725.0
Truck93610,675.0
Truck93607,692.0
Truck93609,691.0
Truck93617,655.0
Truck93602,732.0
Truck93615,688.0
Truck93645,556.0
Truck93636,613.0
Truck93635,623.0
Truck93656,519.0
Truck93631,677.0
Truck93627,703.0
Truck93626,716.0
Truck93601,850.0
Truck93638,665.0
Truck93640,661.0
Truck93625,748.0
Truck93655,607.0
Truck93616,805.0
Truck93650,639.0
Truck93623,780.0
Truck93621,791.0
Truck93652,645.0
Truck93687,476.0
Truck93642,708.0
Truck93643,712.0
Truck93611,876.0
Truck93658,642.0
Truck93641,731.0
Truck93613,877.0
Truck93637,757.0
Truck93667,610.0
Truck93612,892.0
Truck93648,715.0
Truck93630,807.0
Truck93681,555.0
Truck93633,798.0
Truck93632,806.0
Truck93619,875.0
Truck93695,501.0
Truck93603,968.0
Truck93668,647.0
Truck93659,702.0
Truck93608,960.0
Truck93661,695.0
Truck93671,651.0
Truck93620,907.0
Truck93614,941.0
Truck93639,820.0
Truck93688,575.0
Truck93663,705.0
Truck93690,570.0
Truck93657,738.0
Truck93674,671.0
Truck93644,827.0
Truck93622,941.0
Truck93672,693.0
Truck93651,811.0
Truck93678,676.0
Truck93684,647.0
Truck93647,834.0
Truck93646,848.0
Truck93665,759.0
Truck93713,523.0
Truck93740,400.0
Truck93654,831.0
Truck93679,713.0
Truck93670,761.0
Truck93680,711.0
Truck93649,872.0
Truck93669,789.0
Truck93683,719.0
Truck93673,782.0
Truck93715,576.0
Truck93686,723.0
Truck93697,673.0
Truck93677,780.0
Truck93662,857.0
Truck93653,904.0
Truck93694,702.0
Truck93707,637.0
Truck93716,602.0
Truck93689,748.0
Truck93692,733.0
Truck93660,902.0
Truck93722,595.0
Truck93676,827.0
Truck93634,1038.0
Truck93699,722.0
Truck93714,651.0
Truck93727,594.0
Truck93693,776.0
Truck93691,787.0
Truck93698,752.0
Truck93710,697.0
Truck93696,768.0
Truck93666,921.0
Truck93706,725.0
Truck93675,884.0
Truck93664,947.0
Truck93708,727.0
Truck93735,594.0
Truck93704,753.0
Truck93682,865.0
Truck93701,773.0
Truck93732,626.0
Truck93739,591.0
Truck93725,670.0
Truck93753,536.0
Truck93752,549.0
Truck93742,603.0
Truck93750,563.0
Truck93738,624.0
Truck93717,741.0
Truck93759,534.0
Truck93765,506.0
Truck93709,788.0
Truck93762,523.0
Truck93712,776.0
Truck93718,746.0
Truck93770,493.0
Truck93685,922.0
Truck93703,844.0
Truck93719,775.0
Truck93748,630.0
Truck93737,690.0
Truck93763,564.0
Truck93728,740.0
Truck93755,605.0
Truck93741,676.0
Truck93734,722.0
Truck93758,606.0
Truck93756,622.0
Truck93749,658.0
Truck93761,598.0
Truck93730,764.0
Truck93733,755.0
Truck93705,900.0
Truck93702,916.0
Truck93751,689.0
Truck93721,840.0
Truck93731,792.0
Truck93700,950.0
Truck93711,898.0
Truck93771,600.0
Truck93754,695.0
Truck93726,845.0
Truck93744,755.0
Truck93743,761.0
Truck93766,646.0
Truck93729,850.0
Truck93785,573.0
Truck93804,481.0
Truck93760,714.0
Truck93767,682.0
Truck93768,678.0
Truck93776,638.0
Truck93736,840.0
Truck93723,910.0
Truck93764,734.0
Truck93777,672.0
Truck93790,618.0
Truck93795,594.0
Truck93757,799.0
Truck93784,665.0
Truck93772,733.0
Truck93787,664.0
Truck93773,739.0
Truck93774,734.0
Truck93747,878.0
Truck93745,901.0
Truck93781,721.0
Truck93788,690.0
Truck93797,656.0
Truck93724,1034.0
Truck93793,690.0
Truck93796,679.0
Truck93780,764.0
Truck93769,820.0
Truck93782,756.0
Truck93789,733.0
Truck93775,805.0
Truck93805,659.0
Truck93794,715.0
Truck93720,1086.0
Truck93799,702.0
Truck93783,783.0
Truck93823,584.0
Truck93828,562.0
Truck93808,665.0
Truck93818,615.0
Truck93803,694.0
Truck93779,819.0
Truck93792,763.0
Truck93802,734.0
Truck93816,668.0
Truck93824,630.0
Truck93811,699.0
Truck93817,677.0
Truck93778,882.0
Truck93809,727.0
Truck93836,605.0
Truck93812,726.0
Truck93825,662.0
Truck93850,542.0
Truck93813,738.0
Truck93831,652.0
Truck93838,623.0
Truck93820,719.0
Truck93807,785.0
Truck93833,657.0
Truck93845,622.0
Truck93834,684.0
Truck93819,762.0
Truck93856,588.0
Truck93832,719.0
Truck93844,660.0
Truck93822,771.0
Truck93746,1160.0
Truck93814,822.0
Truck93835,717.0
Truck93860,601.0
Truck93798,916.0
Truck93842,696.0
Truck93791,958.0
Truck93827,779.0
Truck93810,870.0
Truck93837,735.0
Truck93846,704.0
Truck93841,732.0
Truck93786,1008.0
Truck93857,657.0
Truck93867,607.0
Truck93879,548.0
Truck93852,687.0
Truck93851,700.0
Truck93847,723.0
Truck93899,468.0
Truck93826,839.0
Truck93872,610.0
Truck93894,507.0
Truck93821,891.0
Truck93830,851.0
Truck93864,681.0
Truck93876,623.0
Truck93871,649.0
Truck93855,748.0
Truck93800,1024.0
Truck93874,655.0
Truck93902,515.0
Truck93865,704.0
Truck93858,742.0
Truck93859,745.0
Truck93866,710.0
Truck93829,908.0
Truck93873,690.0
Truck93815,981.0
Truck93806,1030.0
Truck93843,846.0
Truck93883,651.0
Truck93891,611.0
Truck93868,730.0
Truck93920,479.0
Truck93853,817.0
Truck93863,770.0
Truck93878,712.0
Truck93888,663.0
Truck93886,677.0
Truck93839,913.0
Truck93895,639.0
Truck93904,604.0
Truck93801,1122.0
Truck93929,482.0
Truck93840,928.0
Truck93861,826.0
Truck93905,606.0
Truck93892,672.0
Truck93922,526.0
Truck93903,625.0
Truck93926,511.0
Truck93849,898.0
Truck93897,660.0
Truck93877,761.0
Truck93881,741.0
Truck93901,641.0
Truck93889,706.0
Truck93848,914.0
Truck93887,727.0
Truck93943,447.0
Truck93862,853.0
Truck93944,461.0
Truck93907,649.0
Truck93898,711.0
Truck93906,675.0
Truck93916,628.0
Truck93919,625.0
Truck93869,881.0
Truck93854,959.0
Truck93917,646.0
Truck93885,822.0
Truck93939,555.0
Truck93940,555.0
Truck93870,915.0
Truck93918,681.0
Truck93933,610.0
Truck93938,596.0
Truck93951,536.0
Truck93893,828.0
Truck93911,744.0
Truck93882,908.0
Truck93884,899.0
Truck93915,748.0
Truck93945,602.0
Truck93912,768.0
Truck93880,932.0
Truck93890,884.0
Truck93924,714.0
Truck93942,624.0
Truck93928,701.0
Truck93908,806.0
Truck93910,804.0
Truck93900,858.0
Truck93921,762.0
Truck93925,742.0
Truck93974,504.0
Truck93941,670.0
Truck93875,1007.0
Truck93931,730.0
Truck93958,601.0
Truck93896,935.0
Truck93936,736.0
Truck93950,668.0
Truck93913,855.0
Truck93980,522.0
Truck93966,607.0
Truck93970,588.0
Truck93949,707.0
Truck93914,891.0
Truck93932,804.0
Truck93953,702.0
Truck93952,712.0
Truck93973,609.0
Truck93946,755.0
Truck93934,816.0
Truck93978,597.0
Truck93985,563.0
Truck93935,815.0
Truck93993,525.0
Truck93975,632.0
Truck93982,600.0
Truck93967,678.0
Truck93977,641.0
Truck93983,616.0
Truck93961,730.0
Truck93909,997.0
Truck93988,603.0
Truck93955,773.0
Truck93969,703.0
Truck93947,818.0
Truck94016,474.0
Truck93986,628.0
Truck93956,803.0
Truck93930,938.0
Truck93937,906.0
Truck93990,641.0
Truck93960,795.0
Truck93989,661.0
Truck93972,747.0
Truck93927,977.0
Truck93959,817.0
Truck93964,792.0
Truck93923,1003.0
Truck93987,688.0
Truck94009,578.0
Truck93976,756.0
Truck93998,655.0
Truck94028,507.0
Truck93996,676.0
Truck94011,607.0
Truck93965,838.0
Truck93954,896.0
Truck93971,816.0
Truck93948,937.0
Truck93963,863.0
Truck94023,563.0
Truck94012,621.0
Truck94004,670.0
Truck93957,907.0
Truck93962,883.0
Truck93968,862.0
Truck94021,598.0
Truck94031,555.0
Truck93999,719.0
Truck94003,701.0
Truck93992,769.0
Truck93994,759.0
Truck94017,644.0
Truck93991,776.0
Truck94010,681.0
Truck94020,631.0
Truck93995,772.0
Truck94049,507.0
Truck94001,748.0
Truck93979,880.0
Truck93984,855.0
Truck93981,875.0
Truck94014,725.0
Truck94042,590.0
Truck94002,791.0
Truck94019,707.0
Truck94034,639.0
Truck94000,814.0
Truck94030,673.0
Truck94024,706.0
Truck94008,787.0
Truck93997,845.0
Truck94048,600.0
Truck94051,600.0
Truck94044,641.0
Truck94036,684.0
Truck94006,835.0
Truck94018,776.0
Truck94026,739.0
Truck94025,746.0
Truck94032,713.0
Truck94053,622.0
Truck94027,753.0
Truck94013,825.0
Truck94058,606.0
Truck94037,714.0
Truck94067,565.0
Truck94007,884.0
Truck94064,604.0
Truck94039,740.0
Truck94029,791.0
Truck94033,779.0
Truck94065,626.0
Truck94045,727.0
Truck94005,929.0
Truck94072,611.0
Truck94074,606.0
Truck94060,678.0
Truck94022,869.0
Truck94054,725.0
Truck94082,600.0
Truck94040,811.0
Truck94038,823.0
Truck94043,808.0
Truck94063,712.0
Truck94100,527.0
Truck94081,627.0
Truck94066,720.0
Truck94086,621.0
Truck94089,608.0
Truck94035,891.0
Truck94041,866.0
Truck94052,815.0
Truck94069,742.0
Truck94098,598.0
Truck94109,544.0
Truck94087,658.0
Truck94068,762.0
Truck94102,593.0
Truck94110,556.0
Truck94078,726.0
Truck94099,621.0
Truck94059,823.0
Truck94101,613.0
Truck94056,842.0
Truck94055,848.0
Truck94062,813.0
Truck94071,770.0
Truck94050,880.0
Truck94070,781.0
Truck94115,556.0
Truck94114,566.0
Truck94105,620.0
Truck94124,527.0
Truck94080,753.0
Truck94046,927.0
Truck94093,694.0
Truck94091,706.0
Truck94015,1091.0
Truck94085,744.0
Truck94076,790.0
Truck94095,696.0
Truck94092,713.0
Truck94108,633.0
Truck94125,548.0
Truck94047,941.0
Truck94057,891.0
Truck94090,733.0
Truck94079,792.0
Truck94120,587.0
Truck94111,637.0
Truck94096,716.0
Truck94107,675.0
Truck94094,741.0
Truck94113,649.0
Truck94112,661.0
Truck94117,636.0
Truck94104,704.0
Truck94145,501.0
Truck94119,639.0
Truck94073,872.0
Truck94075,863.0
Truck94123,641.0
Truck94103,758.0
Truck94084,856.0
Truck94131,630.0
Truck94153,523.0
Truck94106,770.0
Truck94135,629.0
Truck94121,705.0
Truck94077,926.0
Truck94148,579.0
Truck94168,482.0
Truck94088,888.0
Truck94143,622.0
Truck94118,748.0
Truck94061,1040.0
Truck94097,865.0
Truck94083,939.0
Truck94130,708.0
Truck94137,693.0
Truck94152,619.0
Truck94132,734.0
Truck94116,823.0
Truck94159,610.0
Truck94133,742.0
Truck94142,699.0
Truck94166,595.0
Truck94138,741.0
Truck94128,810.0
Truck94126,827.0
Truck94179,572.0
Truck94151,714.0
Truck94122,863.0
Truck94180,582.0
Truck94146,761.0
Truck94183,587.0
Truck94192,545.0
Truck94165,684.0
Truck94129,869.0
Truck94141,815.0
Truck94140,824.0
Truck94144,804.0
Truck94172,664.0
Truck94181,631.0
Truck94174,670.0
Truck94197,556.0
Truck94149,806.0
Truck94184,632.0
Truck94155,795.0
Truck94167,737.0
Truck94164,753.0
Truck94208,536.0
Truck94200,579.0
Truck94217,495.0
Truck94201,586.0
Truck94169,752.0
Truck94191,647.0
Truck94213,539.0
Truck94173,744.0
Truck94206,579.0
Truck94227,474.0
Truck94156,834.0
Truck94147,881.0
Truck94139,925.0
Truck94160,828.0
Truck94182,718.0
Truck94171,775.0
Truck94188,694.0
Truck94177,754.0
Truck94198,650.0
Truck94127,1006.0
Truck94193,683.0
Truck94134,985.0
Truck94157,875.0
Truck94163,846.0
Truck94158,872.0
Truck94136,983.0
Truck94154,895.0
Truck94210,620.0
Truck94202,663.0
Truck94207,638.0
Truck94178,797.0
Truck94161,887.0
Truck94189,750.0
Truck94162,890.0
Truck94170,851.0
Truck94225,579.0
Truck94190,760.0
Truck94229,565.0
Truck94186,791.0
Truck94214,656.0
Truck94199,751.0
Truck94255,476.0
Truck94244,548.0
Truck94215,695.0
Truck94176,896.0
Truck94226,648.0
Truck94211,729.0
Truck94250,537.0
Truck94204,772.0
Truck94150,1047.0
Truck94205,773.0
Truck94230,648.0
Truck94194,834.0
Truck94209,762.0
Truck94187,881.0
Truck94203,809.0
Truck94175,950.0
Truck94260,529.0
Truck94212,771.0
Truck94261,527.0
Truck94242,623.0
Truck94222,728.0
Truck94251,591.0
Truck94196,875.0
Truck94216,789.0
Truck94220,772.0
Truck94243,657.0
Truck94231,724.0
Truck94234,711.0
Truck94265,564.0
Truck94249,647.0
Truck94228,754.0
Truck94224,781.0
Truck94195,928.0
Truck94218,815.0
Truck94254,641.0
Truck94185,997.0
Truck94236,743.0
Truck94253,665.0
Truck94235,764.0
Truck94264,636.0
Truck94232,806.0
Truck94247,731.0
Truck94270,617.0
Truck94239,773.0
Truck94272,608.0
Truck94223,859.0
Truck94267,646.0
Truck94268,646.0
Truck94288,568.0
Truck94274,642.0
Truck94238,826.0
Truck94246,789.0
Truck94258,730.0
Truck94256,748.0
Truck94277,646.0
Truck94280,631.0
Truck94262,723.0
Truck94269,692.0
Truck94291,586.0
Truck94233,884.0
Truck94275,675.0
Truck94221,959.0
Truck94237,883.0
Truck94271,734.0
Truck94248,864.0
Truck94219,1011.0
Truck94279,712.0
Truck94278,718.0
Truck94240,913.0
Truck94311,559.0
Truck94276,737.0
Truck94294,648.0
Truck94297,634.0
Truck94257,838.0
Truck94300,625.0
Truck94263,815.0
Truck94285,710.0
Truck94308,598.0
Truck94305,622.0
Truck94273,793.0
Truck94282,749.0
Truck94284,748.0
Truck94298,689.0
Truck94296,702.0
Truck94316,610.0
Truck94241,1000.0
Truck94295,735.0
Truck94330,562.0
Truck94290,765.0
Truck94292,755.0
Truck94318,636.0
Truck94302,723.0
Truck94287,811.0
Truck94283,832.0
Truck94320,648.0
Truck94245,1025.0
Truck94252,990.0
Truck94321,651.0
Truck94309,715.0
Truck94259,977.0
Truck94324,654.0
Truck94338,584.0
Truck94301,775.0
Truck94289,837.0
Truck94331,634.0
Truck94307,755.0
Truck94286,861.0
Truck94314,721.0
Truck94281,896.0
Truck94333,638.0
Truck94299,810.0
Truck94266,982.0
Truck94323,709.0
Truck94347,589.0
Truck94310,775.0
Truck94339,644.0
Truck94334,670.0
Truck94335,672.0
Truck94353,582.0
Truck94341,645.0
Truck94340,661.0
Truck94293,909.0
Truck94328,743.0
Truck94306,855.0
Truck94304,866.0
Truck94348,649.0
Truck94337,705.0
Truck94357,612.0
Truck94358,608.0
Truck94319,808.0
Truck94360,603.0
Truck94359,612.0
Truck94352,651.0
Truck94322,803.0
Truck94325,798.0
Truck94363,617.0
Truck94355,662.0
Truck94303,925.0
Truck94345,716.0
Truck94394,471.0
Truck94343,738.0
Truck94317,889.0
Truck94329,837.0
Truck94315,919.0
Truck94364,678.0
Truck94362,694.0
Truck94378,619.0
Truck94346,780.0
Truck94371,655.0
Truck94395,537.0
Truck94390,565.0
Truck94381,611.0
Truck94388,577.0
Truck94349,776.0
Truck94327,888.0
Truck94356,745.0
Truck94312,967.0
Truck94366,706.0
Truck94385,614.0
Truck94374,679.0
Truck94372,691.0
Truck94380,652.0
Truck94332,899.0
Truck94351,806.0
Truck94404,546.0
Truck94369,725.0
Truck94354,813.0
Truck94342,877.0
Truck94377,712.0
Truck94406,577.0
Truck94361,809.0
Truck94401,613.0
Truck94313,1060.0
Truck94396,655.0
Truck94350,898.0
Truck94382,738.0
Truck94326,1021.0
Truck94368,814.0
Truck94336,980.0
Truck94389,721.0
Truck94420,574.0
Truck94370,827.0
Truck94411,622.0
Truck94408,641.0
Truck94402,679.0
Truck94376,823.0
Truck94393,750.0
Truck94409,671.0
Truck94365,896.0
Truck94410,675.0
Truck94386,796.0
Truck94373,866.0
Truck94452,475.0
Truck94412,680.0
Truck94422,634.0
Truck94379,850.0
Truck94383,833.0
Truck94384,832.0
Truck94438,567.0
Truck94433,595.0
Truck94375,889.0
Truck94443,551.0
Truck94424,649.0
Truck94440,573.0
Truck94415,700.0
Truck94413,713.0
Truck94427,643.0
Truck94367,945.0
Truck94403,765.0
Truck94425,655.0
Truck94387,846.0
Truck94391,833.0
Truck94398,798.0
Truck94418,707.0
Truck94456,518.0
Truck94417,718.0
Truck94392,848.0
Truck94419,720.0
Truck94465,494.0
Truck94414,750.0
Truck94449,576.0
Truck94421,721.0
Truck94397,843.0
Truck94458,541.0
Truck94344,1120.0
Truck94439,653.0
Truck94407,822.0
Truck94435,683.0
Truck94442,659.0
Truck94431,722.0
Truck94405,853.0
Truck94445,658.0
Truck94444,664.0
Truck94399,897.0
Truck94467,563.0
Truck94432,740.0
Truck94464,585.0
Truck94428,766.0
Truck94426,778.0
Truck94482,515.0
Truck94463,611.0
Truck94446,699.0
Truck94468,593.0
Truck94455,662.0
Truck94437,762.0
Truck94488,509.0
Truck94430,812.0
Truck94434,799.0
Truck94448,730.0
Truck94471,615.0
Truck94436,797.0
Truck94475,607.0
Truck94423,868.0
Truck94429,838.0
Truck94451,736.0
Truck94441,789.0
Truck94486,580.0
Truck94485,586.0
Truck94461,708.0
Truck94460,717.0
Truck94477,635.0
Truck94479,627.0
Truck94473,661.0
Truck94500,527.0
Truck94447,804.0
Truck94490,590.0
Truck94472,685.0
Truck94459,765.0
Truck94496,589.0
Truck94466,746.0
Truck94481,672.0
Truck94453,815.0
Truck94416,1002.0
Truck94484,665.0
Truck94502,575.0
Truck94457,802.0
Truck94470,738.0
Truck94454,819.0
Truck94493,631.0
Truck94450,849.0
Truck94462,806.0
Truck94499,622.0
Truck94476,738.0
Truck94400,1124.0
Truck94494,656.0
Truck94503,615.0
Truck94507,598.0
Truck94524,522.0
Truck94511,594.0
Truck94478,779.0
Truck94505,649.0
Truck94506,649.0
Truck94519,586.0
Truck94536,507.0
Truck94526,564.0
Truck94495,722.0
Truck94530,550.0
Truck94518,616.0
Truck94487,778.0
Truck94504,697.0
Truck94497,733.0
Truck94469,874.0
Truck94525,598.0
Truck94501,730.0
Truck94535,560.0
Truck94510,689.0
Truck94491,786.0
Truck94532,592.0
Truck94533,590.0
Truck94509,713.0
Truck94514,698.0
Truck94537,590.0
Truck94498,792.0
Truck94520,694.0
Truck94522,688.0
Truck94492,849.0
Truck94523,717.0
Truck94568,496.0
Truck94559,544.0
Truck94483,925.0
Truck94474,975.0
Truck94552,587.0
Truck94513,785.0
Truck94545,630.0
Truck94508,819.0
Truck94540,667.0
Truck94553,605.0
Truck94549,629.0
Truck94480,978.0
Truck94564,566.0
Truck94538,701.0
Truck94543,682.0
Truck94544,682.0
Truck94539,715.0
Truck94517,830.0
Truck94534,747.0
Truck94512,861.0
Truck94531,797.0
Truck94574,586.0
Truck94562,647.0
Truck94515,887.0
Truck94558,674.0
Truck94576,587.0
Truck94489,1030.0
Truck94516,897.0
Truck94529,835.0
Truck94566,650.0
Truck94560,691.0
Truck94554,730.0
Truck94563,690.0
Truck94528,867.0
Truck94591,556.0
Truck94579,620.0
Truck94589,570.0
Truck94527,891.0
Truck94542,818.0
Truck94561,723.0
Truck94547,810.0
Truck94556,773.0
Truck94546,827.0
Truck94555,782.0
Truck94567,731.0
Truck94551,818.0
Truck94575,709.0
Truck94541,882.0
Truck94593,623.0
Truck94521,984.0
Truck94594,621.0
Truck94570,754.0
Truck94548,871.0
Truck94578,725.0
Truck94611,561.0
Truck94571,768.0
Truck94580,723.0
Truck94581,724.0
Truck94577,749.0
Truck94613,580.0
Truck94583,734.0
Truck94582,740.0
Truck94587,716.0
Truck94592,697.0
Truck94615,584.0
Truck94620,560.0
Truck94569,819.0
Truck94573,804.0
Truck94585,744.0
Truck94603,657.0
Truck94590,727.0
Truck94595,702.0
Truck94621,574.0
Truck94588,745.0
Truck94565,865.0
Truck94572,860.0
Truck94602,714.0
Truck94608,685.0
Truck94600,733.0
Truck94605,708.0
Truck94607,717.0
Truck94557,970.0
Truck94550,1008.0
Truck94618,674.0
Truck94586,837.0
Truck94631,612.0
Truck94606,738.0
Truck94612,715.0
Truck94638,588.0
Truck94632,622.0
Truck94619,691.0
Truck94598,797.0
Truck94660,490.0
Truck94584,875.0
Truck94596,820.0
Truck94629,658.0
Truck94641,603.0
Truck94634,648.0
Truck94617,738.0
Truck94622,713.0
Truck94645,600.0
Truck94630,677.0
Truck94599,840.0
Truck94625,716.0
Truck94623,727.0
Truck94614,774.0
Truck94650,597.0
Truck94656,569.0
Truck94610,801.0
Truck94635,677.0
Truck94655,585.0
Truck94649,617.0
Truck94652,603.0
Truck94636,686.0
Truck94684,458.0
Truck94637,694.0
Truck94659,589.0
Truck94666,565.0
Truck94604,881.0
Truck94626,771.0
Truck94628,766.0
Truck94653,670.0
Truck94624,819.0
Truck94616,867.0
Truck94643,733.0
Truck94669,605.0
Truck94601,947.0
Truck94691,513.0
Truck94685,545.0
Truck94661,667.0
Truck94609,928.0
Truck94651,720.0
Truck94648,753.0
Truck94627,863.0
Truck94654,732.0
Truck94678,615.0
Truck94646,780.0
Truck94657,725.0
Truck94670,669.0
Truck94639,834.0
Truck94633,871.0
Truck94704,518.0
Truck94640,856.0
Truck94662,752.0
Truck94676,686.0
Truck94647,837.0
Truck94664,766.0
Truck94597,1104.0
Truck94644,870.0
Truck94701,600.0
Truck94667,771.0
Truck94658,817.0
Truck94673,745.0
Truck94671,763.0
Truck94668,780.0
Truck94680,721.0
Truck94699,639.0
Truck94663,826.0
Truck94694,677.0
Truck94706,624.0
Truck94707,620.0
Truck94682,746.0
Truck94697,673.0
Truck94713,598.0
Truck94686,736.0
Truck94716,589.0
Truck94688,734.0
Truck94705,654.0
Truck94717,618.0
Truck94749,463.0
Truck94672,849.0
Truck94718,624.0
Truck94677,833.0
Truck94679,827.0
Truck94723,609.0
Truck94698,741.0
Truck94687,809.0
Truck94714,677.0
Truck94674,878.0
Truck94735,574.0
Truck94693,786.0
Truck94681,847.0
Truck94703,742.0
Truck94642,1048.0
Truck94711,705.0
Truck94700,767.0
Truck94683,857.0
Truck94675,899.0
Truck94696,797.0
Truck94743,563.0
Truck94746,555.0
Truck94719,698.0
Truck94727,663.0
Truck94728,658.0
Truck94741,600.0
Truck94702,800.0
Truck94722,705.0
Truck94712,757.0
Truck94708,779.0
Truck94715,747.0
Truck94690,889.0
Truck94665,1015.0
Truck94734,673.0
Truck94730,700.0
Truck94782,441.0
Truck94689,911.0
Truck94731,701.0
Truck94733,701.0
Truck94738,676.0
Truck94748,626.0
Truck94725,748.0
Truck94729,746.0
Truck94724,772.0
Truck94710,848.0
Truck94783,483.0
Truck94784,487.0
Truck94744,695.0
Truck94726,793.0
Truck94759,629.0
Truck94721,820.0
Truck94742,720.0
Truck94755,659.0
Truck94720,837.0
Truck94760,638.0
Truck94754,673.0
Truck94811,393.0
Truck94772,593.0
Truck94736,776.0
Truck94791,505.0
Truck94757,676.0
Truck94739,769.0
Truck94761,660.0
Truck94740,766.0
Truck94695,992.0
Truck94771,615.0
Truck94764,658.0
Truck94747,753.0
Truck94745,791.0
Truck94750,769.0
Truck94756,741.0
Truck94767,687.0
Truck94692,1070.0
Truck94758,742.0
Truck94785,611.0
Truck94774,671.0
Truck94737,862.0
Truck94765,725.0
Truck94762,742.0
Truck94777,670.0
Truck94793,597.0
Truck94752,816.0
Truck94763,761.0
Truck94732,925.0
Truck94779,691.0
Truck94790,638.0
Truck94803,578.0
Truck94709,1055.0
Truck94769,763.0
Truck94808,586.0
Truck94770,784.0
Truck94805,612.0
Truck94806,609.0
Truck94818,566.0
Truck94778,782.0
Truck94786,742.0
Truck94799,679.0
Truck94821,579.0
Truck94804,667.0
Truck94814,624.0
Truck94781,791.0
Truck94751,949.0
Truck94812,644.0
Truck94797,722.0
Truck94794,738.0
Truck94795,733.0
Truck94827,582.0
Truck94753,956.0
Truck94775,846.0
Truck94780,825.0
Truck94792,769.0
Truck94800,735.0
Truck94838,546.0
Truck94776,858.0
Truck94798,750.0
Truck94773,878.0
Truck94788,805.0
Truck94801,743.0
Truck94807,732.0
Truck94824,652.0
Truck94766,947.0
Truck94809,739.0
Truck94817,704.0
Truck94849,544.0
Truck94816,716.0
Truck94840,599.0
Truck94826,673.0
Truck94855,541.0
Truck94768,984.0
Truck94828,686.0
Truck94850,581.0
Truck94796,854.0
Truck94833,671.0
Truck94834,671.0
Truck94802,845.0
Truck94842,648.0
Truck94835,691.0
Truck94819,773.0
Truck94810,830.0
Truck94862,570.0
Truck94825,756.0
Truck94823,769.0
Truck94832,731.0
Truck94815,818.0
Truck94820,793.0
Truck94836,713.0
Truck94813,829.0
Truck94789,951.0
Truck94822,786.0
Truck94787,963.0
Truck94837,753.0
Truck94829,799.0
Truck94860,646.0
Truck94841,750.0
Truck94852,697.0
Truck94876,579.0
Truck94830,820.0
Truck94839,780.0
Truck94867,653.0
Truck94861,697.0
Truck94859,708.0
Truck94878,617.0
Truck94856,731.0
Truck94858,726.0
Truck94843,802.0
Truck94881,614.0
Truck94831,874.0
Truck94875,659.0
Truck94844,817.0
Truck94863,724.0
Truck94868,704.0
Truck94898,554.0
Truck94889,609.0
Truck94853,794.0
Truck94871,705.0
Truck94905,538.0
Truck94874,695.0
Truck94847,831.0
Truck94911,514.0
Truck94896,595.0
Truck94845,859.0
Truck94899,592.0
Truck94846,871.0
Truck94854,838.0
Truck94857,823.0
Truck94892,648.0
Truck94870,762.0
Truck94869,774.0
Truck94887,684.0
Truck94891,667.0
Truck94873,760.0
Truck94904,607.0
Truck94864,812.0
Truck94910,588.0
Truck94935,471.0
Truck94890,710.0
Truck94897,675.0
Truck94884,743.0
Truck94882,762.0
Truck94907,638.0
Truck94893,711.0
Truck94894,708.0
Truck94918,589.0
Truck95040,582.0
Truck95044,591.0
Truck95050,592.0
Truck95064,548.0
Truck95061,580.0
Truck95047,666.0
Truck95052,644.0
Truck95045,698.0
Truck95051,688.0
Truck95059,648.0
Truck95049,704.0
Truck95053,688.0
Truck95058,686.0
Truck95069,634.0
Truck95073,619.0
Truck95101,494.0
Truck95041,796.0
Truck95062,695.0
Truck95043,798.0
Truck95075,642.0
Truck95054,753.0
Truck95060,728.0
Truck95078,647.0
Truck95070,691.0
Truck95072,682.0
Truck95042,838.0
Truck95057,768.0
Truck95107,524.0
Truck95080,674.0
Truck95077,690.0
Truck95055,801.0
Truck95099,595.0
Truck95093,628.0
Truck95089,652.0
Truck95066,770.0
Truck95085,683.0
Truck95056,830.0
Truck95063,798.0
Truck95071,763.0
Truck95095,649.0
Truck95090,677.0
Truck95068,792.0
Truck95141,429.0
Truck95048,897.0
Truck95076,766.0
Truck95065,823.0
Truck95094,679.0
Truck95074,781.0
Truck95083,736.0
Truck95119,558.0
Truck95081,762.0
Truck95102,664.0
Truck95112,617.0
Truck95079,790.0
Truck95096,710.0
Truck95086,761.0
Truck95088,759.0
Truck95106,672.0
Truck95138,516.0
Truck95097,733.0
Truck95140,523.0
Truck95120,624.0
Truck95046,1004.0
Truck95103,719.0
Truck95084,818.0
Truck95121,635.0
Truck95100,747.0
Truck95123,634.0
Truck95132,595.0
Truck95128,626.0
Truck95116,687.0
Truck95091,823.0
Truck95092,820.0
Truck95108,772.0
Truck95130,665.0
Truck95111,762.0
Truck95124,698.0
Truck95137,637.0
Truck95118,739.0
Truck95126,701.0
Truck95098,843.0
Truck95144,633.0
Truck95171,499.0
Truck95113,790.0
Truck95067,1036.0
Truck95153,610.0
Truck95105,853.0
Truck95082,973.0
Truck95109,839.0
Truck95142,687.0
Truck95163,585.0
Truck95087,968.0
Truck95147,672.0
Truck95148,679.0
Truck95161,620.0
Truck95160,631.0
Truck95104,913.0
Truck95134,769.0
Truck95154,680.0
Truck95169,607.0
Truck95110,905.0
Truck95115,880.0
Truck95131,804.0
Truck95133,796.0
Truck95159,667.0
Truck95125,843.0
Truck95127,841.0
Truck95146,749.0
Truck95177,601.0
Truck95136,820.0
Truck95129,857.0
Truck95114,933.0
Truck95151,750.0
Truck95139,815.0
Truck95173,648.0
Truck95191,563.0
Truck95157,734.0
Truck95152,761.0
Truck95122,913.0
Truck95172,663.0
Truck95149,782.0
Truck95175,652.0
Truck95164,712.0
Truck95155,763.0
Truck95187,603.0
Truck95117,954.0
Truck95178,665.0
Truck95167,728.0
Truck95162,755.0
Truck95182,655.0
Truck95179,680.0
Truck95135,910.0
Truck95185,661.0
Truck95143,877.0
Truck95170,748.0
Truck95158,814.0
Truck95150,855.0
Truck95192,647.0
Truck95216,527.0
Truck95196,629.0
Truck95200,633.0
Truck95208,594.0
Truck95194,665.0
Truck95189,692.0
Truck95197,660.0
Truck95217,560.0
Truck95145,926.0
Truck95186,727.0
Truck95180,774.0
Truck95212,618.0
Truck95210,635.0
Truck95226,562.0
Truck95214,630.0
Truck95203,688.0
Truck95188,771.0
Truck95176,841.0
Truck95168,882.0
Truck95174,881.0
Truck95218,662.0
Truck95165,928.0
Truck95211,698.0
Truck95233,596.0
Truck95156,986.0
Truck95223,653.0
Truck95166,939.0
Truck95207,739.0
Truck95258,486.0
Truck95250,530.0
Truck95221,676.0
Truck95246,554.0
Truck95213,722.0
Truck95228,648.0
Truck95190,850.0
Truck95184,883.0
Truck95201,802.0
Truck95199,813.0
Truck95209,763.0
Truck95202,814.0
Truck95204,805.0
Truck95195,854.0
Truck95183,918.0
Truck95261,529.0
Truck95206,805.0
Truck95220,736.0
Truck95193,881.0
Truck95227,718.0
Truck95240,662.0
Truck95231,710.0
Truck95237,682.0
Truck95230,730.0
Truck95248,641.0
Truck95222,783.0
Truck95225,770.0
Truck95245,674.0
Truck95242,691.0
Truck95236,724.0
Truck95215,837.0
Truck95232,757.0
Truck95229,785.0
Truck95239,735.0
Truck95235,761.0
Truck95243,721.0
Truck95254,666.0
Truck95224,818.0
Truck95270,590.0
Truck95252,691.0
Truck95181,1048.0
Truck95264,639.0
Truck95265,635.0
Truck95249,725.0
Truck95257,688.0
Truck95269,634.0
Truck95266,654.0
Truck95219,890.0
Truck95241,787.0
Truck95273,627.0
Truck95247,772.0
Truck95296,527.0
Truck95290,565.0
Truck95271,669.0
Truck95259,739.0
Truck95238,845.0
Truck95278,647.0
Truck95286,610.0
Truck95287,611.0
Truck95297,562.0
Truck95279,656.0
Truck95255,778.0
Truck95300,556.0
Truck95234,889.0
Truck95205,1038.0
Truck95260,765.0
Truck95275,690.0
Truck95268,730.0
Truck95263,756.0
Truck95198,1084.0
Truck95262,770.0
Truck95282,675.0
Truck95298,595.0
Truck95283,671.0
Truck95306,559.0
Truck95272,738.0
Truck95303,591.0
Truck95274,737.0
Truck95289,666.0
Truck95256,833.0
Truck95285,694.0
Truck95267,786.0
Truck95320,525.0
Truck95309,595.0
Truck95329,501.0
Truck95280,748.0
Truck95307,616.0
Truck95315,578.0
Truck95281,749.0
Truck95299,663.0
Truck95316,582.0
Truck95251,909.0
Truck95253,910.0
Truck95312,617.0
Truck95292,725.0
Truck95330,538.0
Truck95295,717.0
Truck95293,737.0
Truck95277,818.0
Truck95314,634.0
Truck95294,736.0
Truck95244,989.0
Truck95276,855.0
Truck95328,597.0
Truck95291,786.0
Truck95319,658.0
Truck95308,720.0
Truck95301,765.0
Truck95324,654.0
Truck95326,645.0
Truck95318,695.0
Truck95333,630.0
Truck95322,686.0
Truck95284,887.0
Truck95348,568.0
Truck95304,796.0
Truck95321,711.0
Truck95323,707.0
Truck95331,673.0
Truck95310,779.0
Truck95347,605.0
Truck95325,721.0
Truck95357,563.0
Truck95366,531.0
Truck95317,778.0
Truck95336,690.0
Truck95341,668.0
Truck95343,673.0
Truck95288,971.0
Truck95342,702.0
Truck95327,778.0
Truck95340,717.0
Truck95368,578.0
Truck95332,759.0
Truck95377,539.0
Truck95335,757.0
Truck95302,925.0
Truck95381,533.0
Truck95356,662.0
Truck95311,889.0
Truck95337,764.0
Truck95374,581.0
Truck95346,730.0
Truck95351,710.0
Truck95352,711.0
Truck95338,782.0
Truck95313,920.0
Truck95354,729.0
Truck95365,674.0
Truck95339,824.0
Truck95355,747.0
Truck95372,666.0
Truck95350,785.0
Truck95367,700.0
Truck95370,686.0
Truck95384,617.0
Truck95387,603.0
Truck95353,776.0
Truck95358,771.0
Truck95380,663.0
Truck95404,546.0
Truck95349,841.0
Truck95375,711.0
Truck95386,656.0
Truck95403,571.0
Truck95334,925.0
Truck95401,592.0
Truck95391,647.0
Truck95410,553.0
Truck95361,799.0
Truck95369,763.0
Truck95344,892.0
Truck95363,801.0
Truck95392,666.0
Truck95438,442.0
Truck95382,725.0
Truck95407,609.0
Truck95399,653.0
Truck95421,546.0
Truck95362,847.0
Truck95394,688.0
Truck95416,580.0
Truck95405,642.0
Truck95305,1146.0
Truck95360,871.0
Truck95402,661.0
Truck95364,853.0
Truck95385,759.0
Truck95359,890.0
Truck95449,445.0
Truck95426,563.0
Truck95436,513.0
Truck95376,815.0
Truck95390,745.0
Truck95389,768.0
Truck95433,548.0
Truck95397,730.0
Truck95447,496.0
Truck95388,792.0
Truck95395,759.0
Truck95345,1010.0
Truck95406,706.0
Truck95393,773.0
Truck95373,881.0
Truck95396,774.0
Truck95371,902.0
Truck95383,844.0
Truck95418,696.0
Truck95379,892.0
Truck95419,697.0
Truck95427,679.0
Truck95459,530.0
Truck95400,828.0
Truck95414,762.0
Truck95432,682.0
Truck95443,631.0
Truck95378,961.0
Truck95422,743.0
Truck95415,780.0
Truck95424,735.0
Truck95450,611.0
Truck95425,739.0
Truck95428,729.0
Truck95417,797.0
Truck95445,678.0
Truck95420,814.0
Truck95434,746.0
Truck95455,646.0
Truck95398,936.0
Truck95446,697.0
Truck95411,875.0
Truck95448,693.0
Truck95435,770.0
Truck95412,892.0
Truck95413,894.0
Truck95431,805.0
Truck95439,765.0
Truck95408,922.0
Truck95442,753.0
Truck95430,816.0
Truck95437,783.0
Truck95463,657.0
Truck95456,695.0
Truck95469,646.0
Truck95485,566.0
Truck95458,703.0
Truck95468,654.0
Truck95476,623.0
Truck95444,799.0
Truck95451,764.0
Truck95489,583.0
Truck95480,629.0
Truck95429,902.0
Truck95409,1009.0
Truck95464,741.0
Truck95467,728.0
Truck95484,644.0
Truck95441,865.0
Truck95440,873.0
Truck95481,668.0
Truck95460,775.0
Truck95453,812.0
Truck95477,695.0
Truck95423,967.0
Truck95479,694.0
Truck95515,517.0
Truck95507,563.0
Truck95454,843.0
Truck95513,551.0
Truck95457,832.0
Truck95501,612.0
Truck95491,663.0
Truck95514,548.0
Truck95486,689.0
Truck95496,648.0
Truck95475,762.0
Truck95471,783.0
Truck95502,630.0
Truck95483,731.0
Truck95461,846.0
Truck95499,665.0
Truck95465,837.0
Truck95474,794.0
Truck95490,714.0
Truck95492,708.0
Truck95487,735.0
Truck95503,656.0
Truck95524,557.0
Truck95529,540.0
Truck95462,885.0
Truck95482,794.0
Truck95504,685.0
Truck95512,651.0
Truck95498,724.0
Truck95525,591.0
Truck95540,518.0
Truck95493,755.0
Truck95506,711.0
Truck95452,990.0
Truck95494,780.0
Truck95466,921.0
Truck95511,696.0
Truck95528,620.0
Truck95478,871.0
Truck95500,766.0
Truck95497,782.0
Truck95470,921.0
Truck95495,809.0
Truck95534,615.0
Truck95472,941.0
Truck95509,768.0
Truck95532,654.0
Truck95539,625.0
Truck95563,510.0
Truck95527,695.0
Truck95505,808.0
Truck95530,684.0
Truck95488,899.0
Truck95550,590.0
Truck95535,669.0
Truck95508,806.0
Truck95557,564.0
Truck95516,773.0
Truck95522,745.0
Truck95473,991.0
Truck95552,611.0
Truck95555,599.0
Truck95520,779.0
Truck95565,556.0
Truck95549,641.0
Truck95521,791.0
Truck95531,756.0
Truck95543,697.0
Truck95545,687.0
Truck95558,624.0
Truck95542,714.0
Truck95546,696.0
Truck95536,758.0
Truck95567,621.0
Truck95526,832.0
Truck95554,694.0
Truck95591,524.0
Truck95548,741.0
Truck95589,538.0
Truck95561,703.0
Truck95518,932.0
Truck95569,680.0
Truck95593,560.0
Truck95523,915.0
Truck95553,768.0
Truck95547,806.0
Truck95577,657.0
Truck95579,652.0
Truck95510,1001.0
Truck95622,442.0
Truck95541,848.0
Truck95538,867.0
Truck95564,742.0
Truck95517,980.0
Truck95584,648.0
Truck95562,762.0
Truck95586,647.0
Truck95573,731.0
Truck95576,726.0
Truck95572,747.0
Truck95570,759.0
Truck95635,436.0
Truck95551,857.0
Truck95596,633.0
Truck95537,935.0
Truck95582,721.0
Truck95574,762.0
Truck95628,506.0
Truck95595,687.0
Truck95614,592.0
Truck95556,889.0
Truck95578,780.0
Truck95592,711.0
Truck95600,673.0
Truck95616,603.0
Truck95597,701.0
Truck95544,969.0
Truck95566,861.0
Truck95585,766.0
Truck95598,703.0
Truck95580,797.0
Truck95519,1104.0
Truck95625,576.0
Truck95621,597.0
Truck95560,904.0
Truck95594,734.0
Truck95587,774.0
Truck95575,841.0
Truck95602,709.0
Truck95603,705.0
Truck95588,786.0
Truck95568,892.0
Truck95624,616.0
Truck95533,1081.0
Truck95630,597.0
Truck95617,663.0
Truck95629,607.0
Truck95601,751.0
Truck95634,588.0
Truck95638,577.0
Truck95610,724.0
Truck95620,692.0
Truck95599,802.0
Truck95657,512.0
Truck95607,765.0
Truck95626,677.0
Truck95637,625.0
Truck95559,1018.0
Truck95581,910.0
Truck95612,756.0
Truck95606,789.0
Truck95615,756.0
Truck95618,743.0
Truck95604,826.0
Truck95571,995.0
Truck95619,755.0
Truck95656,576.0
Truck95623,746.0
Truck95590,919.0
Truck95671,514.0
Truck95611,819.0
Truck95650,633.0
Truck95644,669.0
Truck95649,652.0
Truck95655,624.0
Truck95639,711.0
Truck95642,697.0
Truck95608,868.0
Truck95609,863.0
Truck95652,654.0
Truck95670,575.0
Truck95646,710.0
Truck95632,785.0
Truck95665,629.0
Truck95636,778.0
Truck95684,539.0
Truck95640,771.0
Truck95666,644.0
Truck95669,631.0
Truck95613,914.0
Truck95651,733.0
Truck95700,510.0
Truck95633,846.0
Truck95627,888.0
Truck95648,792.0
Truck95663,722.0
Truck95672,677.0
Truck95683,632.0
Truck95687,615.0
Truck95668,711.0
Truck95641,848.0
Truck95680,653.0
Truck95688,613.0
Truck95681,649.0
Truck95697,577.0
Truck95605,1041.0
Truck95654,812.0
Truck95679,690.0
Truck95676,718.0
Truck95645,874.0
Truck95653,835.0
Truck95710,558.0
Truck95707,577.0
Truck95659,822.0
Truck95696,639.0
Truck95631,975.0
Truck95647,896.0
Truck95698,646.0
Truck95643,925.0
Truck95678,765.0
Truck95715,580.0
Truck95664,837.0
Truck95658,869.0
Truck95677,774.0
Truck95732,499.0
Truck95713,599.0
Truck95661,860.0
Truck95675,795.0
Truck95714,600.0
Truck95673,806.0
Truck95729,528.0
Truck95667,839.0
Truck95702,664.0
Truck95583,1264.0
Truck95699,686.0
Truck95724,562.0
Truck95674,819.0
Truck95682,782.0
Truck95662,884.0
Truck95686,768.0
Truck95685,777.0
Truck95717,624.0
Truck95704,690.0
Truck95709,667.0
Truck95706,685.0
Truck95689,783.0
Truck95737,552.0
Truck95733,577.0
Truck95660,943.0
Truck95693,778.0
Truck95712,692.0
Truck95753,499.0
Truck95694,795.0
Truck95719,686.0
Truck95695,808.0
Truck95718,694.0
Truck95762,474.0
Truck95716,714.0
Truck95701,792.0
Truck95705,779.0
Truck95740,607.0
Truck95690,859.0
Truck95722,709.0
Truck95730,679.0
Truck95725,715.0
Truck95691,888.0
Truck95731,689.0
Truck95751,591.0
Truck95739,661.0
Truck95771,526.0
Truck95703,872.0
Truck95748,653.0
Truck95744,690.0
Truck95769,569.0
Truck95773,564.0
Truck95774,566.0
Truck95692,984.0
Truck95735,770.0
Truck95734,776.0
Truck95783,532.0
Truck95721,843.0
Truck95708,911.0
Truck95752,698.0
Truck95745,735.0
Truck95736,784.0
Truck95743,769.0
Truck95795,512.0
Truck95727,855.0
Truck95742,781.0
Truck95758,714.0
Truck95763,690.0
Truck95776,634.0
Truck95720,916.0
Truck95747,782.0
Truck95775,642.0
Truck95779,626.0
Truck95728,882.0
Truck95798,534.0
Truck95711,970.0
Truck95778,635.0
Truck95726,896.0
Truck95772,668.0
Truck95749,796.0
Truck95777,665.0
Truck95765,734.0
Truck95782,649.0
Truck95723,947.0
Truck95764,750.0
Truck95759,784.0
Truck95738,896.0
Truck95786,672.0
Truck95828,470.0
Truck95797,634.0
Truck95754,852.0
Truck95767,789.0
Truck95780,725.0
Truck95812,566.0
Truck95829,483.0
Truck95756,851.0
Truck95755,857.0
Truck95808,605.0
Truck95761,844.0
Truck95750,900.0
Truck95806,625.0
Truck95741,956.0
Truck95791,706.0
Truck95815,586.0
Truck95790,719.0
Truck95813,606.0
Truck95760,884.0
Truck95784,764.0
Truck95785,763.0
Truck95824,571.0
Truck95807,663.0
Truck95794,733.0
Truck95805,678.0
Truck95827,569.0
Truck95817,622.0
Truck95746,983.0
Truck95757,928.0
Truck95781,814.0
Truck95787,784.0
Truck95841,517.0
Truck95770,874.0
Truck95802,718.0
Truck95800,746.0
Truck95799,760.0
Truck95803,747.0
Truck95793,798.0
Truck95768,937.0
Truck95788,849.0
Truck95792,829.0
Truck95796,816.0
Truck95801,796.0
Truck95852,545.0
Truck95821,706.0
Truck95804,792.0
Truck95835,639.0
Truck95766,1003.0
Truck95837,654.0
Truck95809,795.0
Truck95789,898.0
Truck95845,618.0
Truck95836,668.0
Truck95833,700.0
Truck95811,820.0
Truck95810,829.0
Truck95820,793.0
Truck95859,598.0
Truck95874,532.0
Truck95844,685.0
Truck95831,766.0
Truck95826,799.0
Truck95856,650.0
Truck95857,645.0
Truck95818,842.0
Truck95823,824.0
Truck95879,545.0
Truck95880,540.0
Truck95830,791.0
Truck95850,693.0
Truck95832,787.0
Truck95847,723.0
Truck95834,789.0
Truck95816,883.0
Truck95842,770.0
Truck95822,871.0
Truck95819,892.0
Truck95854,730.0
Truck95884,581.0
Truck95848,767.0
Truck95838,818.0
Truck95871,654.0
Truck95839,817.0
Truck95870,663.0
Truck95877,631.0
Truck95888,577.0
Truck95840,821.0
Truck95825,897.0
Truck95855,759.0
Truck95866,706.0
Truck95843,824.0
Truck95892,580.0
Truck95881,639.0
Truck95865,726.0
Truck95891,597.0
Truck95900,558.0
Truck95814,991.0
Truck95860,762.0
Truck95897,580.0
Truck95873,709.0
Truck95903,561.0
Truck95863,763.0
Truck95895,603.0
Truck95872,725.0
Truck95886,672.0
Truck95864,812.0
Truck95882,728.0
Truck95890,694.0
Truck95868,818.0
Truck95905,634.0
Truck95853,895.0
Truck95910,610.0
Truck95867,827.0
Truck95861,860.0
Truck95869,828.0
Truck95885,763.0
Truck95908,649.0
Truck95893,726.0
Truck95912,632.0
Truck95862,886.0
Truck95889,751.0
Truck95846,970.0
Truck95902,694.0
Truck95914,641.0
Truck95849,967.0
Truck95916,642.0
Truck95901,723.0
Truck95924,627.0
Truck95919,658.0
Truck95929,612.0
Truck95894,789.0
Truck95858,972.0
Truck95964,450.0
Truck95934,604.0
Truck95913,710.0
Truck95878,892.0
Truck95909,738.0
Truck95933,622.0
Truck95922,680.0
Truck95898,805.0
Truck95887,861.0
Truck95926,677.0
Truck95932,647.0
Truck95911,755.0
Truck95928,670.0
Truck95945,588.0
Truck95927,679.0
Truck95851,1061.0
Truck95883,909.0
Truck95876,945.0
Truck95943,613.0
Truck95915,754.0
Truck95952,576.0
Truck95973,487.0
Truck95944,633.0
Truck95896,876.0
Truck95917,772.0
Truck95967,526.0
Truck95947,639.0
Truck95935,700.0
Truck95942,667.0
Truck95936,700.0
Truck95948,645.0
Truck95958,605.0
Truck95974,540.0
Truck95955,636.0
Truck95953,647.0
Truck95949,668.0
Truck95956,634.0
Truck95930,772.0
Truck95940,726.0
Truck95918,841.0
Truck95983,517.0
Truck95921,830.0
Truck95899,947.0
Truck95987,525.0
Truck95966,633.0
Truck95969,623.0
Truck95985,551.0
Truck95906,947.0
Truck95938,787.0
Truck95963,666.0
Truck95875,1114.0
Truck95923,876.0
Truck95986,561.0
Truck95951,764.0
Truck95941,816.0
Truck95995,558.0
Truck95960,736.0
Truck95920,938.0
Truck95981,635.0
Truck95961,742.0
Truck95968,712.0
Truck95907,1025.0
Truck95925,938.0
Truck95991,611.0
Truck95946,839.0
Truck95979,677.0
Truck95939,882.0
Truck95931,923.0
Truck95904,1068.0
Truck95962,798.0
Truck95965,786.0
Truck95998,621.0
Truck95984,694.0
Truck95959,827.0
Truck96018,533.0
Truck95950,876.0
Truck95976,747.0
Truck96004,614.0
Truck95993,672.0
Truck95937,956.0
Truck95982,740.0
Truck96009,606.0
Truck96023,538.0
Truck96007,624.0
Truck96015,584.0
Truck95977,775.0
Truck95957,886.0
Truck96002,663.0
Truck96006,650.0
Truck95971,826.0
Truck95994,711.0
Truck95954,919.0
Truck95992,730.0
Truck96027,555.0
Truck96000,693.0
Truck96021,588.0
Truck96005,674.0
Truck96028,560.0
Truck95972,862.0
Truck96008,684.0
Truck95970,886.0
Truck95997,755.0
Truck95978,856.0
Truck95989,802.0
Truck96016,671.0
Truck96022,649.0
Truck96055,503.0
Truck95980,882.0
Truck96001,787.0
Truck95996,815.0
Truck96032,635.0
Truck96059,500.0
Truck95988,863.0
Truck96029,673.0
Truck96014,756.0
Truck96035,653.0
Truck95975,955.0
Truck96043,618.0
Truck96030,688.0
Truck96048,600.0
Truck96034,673.0
Truck96020,744.0
Truck96038,662.0
Truck96003,838.0
Truck95990,905.0
Truck96019,764.0
Truck96047,635.0
Truck96024,758.0
Truck96031,724.0
Truck96010,834.0
Truck96050,635.0
Truck96042,686.0
Truck96036,720.0
Truck96069,556.0
Truck96040,702.0
Truck96078,521.0
Truck96066,604.0
Truck96026,805.0
Truck96011,889.0
Truck96012,884.0
Truck96045,721.0
Truck96025,832.0
Truck96041,754.0
Truck96049,722.0
Truck96044,749.0
Truck96013,908.0
Truck96070,634.0
Truck96077,606.0
Truck95999,998.0
Truck96053,731.0
Truck96039,807.0
Truck96046,784.0
Truck96064,694.0
Truck96052,758.0
Truck96037,834.0
Truck96054,749.0
Truck96073,660.0
Truck96058,736.0
Truck96079,637.0
Truck96060,735.0
Truck96102,529.0
Truck96061,744.0
Truck96057,766.0
Truck96062,744.0
Truck96051,808.0
Truck96017,991.0
Truck96033,915.0
Truck96100,592.0
Truck96085,671.0
Truck96086,673.0
Truck96068,768.0
Truck96089,672.0
Truck96093,653.0
Truck96091,665.0
Truck96072,761.0
Truck96104,606.0
Truck96065,804.0
Truck96108,609.0
Truck96099,660.0
Truck96083,741.0
Truck96074,787.0
Truck96103,647.0
Truck96084,749.0
Truck96080,774.0
Truck96098,685.0
Truck96101,670.0
Truck96056,896.0
Truck96071,821.0
Truck96081,776.0
Truck96112,626.0
Truck96082,777.0
Truck96090,742.0
Truck96095,741.0
Truck96067,887.0
Truck96125,598.0
Truck96121,619.0
Truck96115,654.0
Truck96110,680.0
Truck96075,867.0
Truck96122,637.0
Truck96094,802.0
Truck96088,833.0
Truck96129,647.0
Truck96087,868.0
Truck96142,602.0
Truck96144,594.0
Truck96063,1001.0
Truck96114,749.0
Truck96123,711.0
Truck96096,847.0
Truck96111,778.0
Truck96097,849.0
Truck96143,638.0
Truck96107,822.0
Truck96092,901.0
Truck96133,700.0
Truck96116,795.0
Truck96109,832.0
Truck96126,752.0
Truck96135,707.0
Truck96138,693.0
Truck96163,568.0
Truck96154,617.0
Truck96127,753.0
Truck96156,608.0
Truck96117,805.0
Truck96140,691.0
Truck96141,691.0
Truck96113,832.0
Truck96124,788.0
Truck96146,679.0
Truck96175,541.0
Truck96137,736.0
Truck96139,729.0
Truck96149,679.0
Truck96106,900.0
Truck96147,695.0
Truck96120,836.0
Truck96186,514.0
Truck96162,641.0
Truck96166,623.0
Truck96132,796.0
Truck96105,934.0
Truck96119,870.0
Truck96159,678.0
Truck96150,724.0
Truck96134,809.0
Truck96182,579.0
Truck96076,1116.0
Truck96130,846.0
Truck96190,557.0
Truck96151,754.0
Truck96185,589.0
Truck96158,739.0
Truck96145,809.0
Truck96209,492.0
Truck96118,953.0
Truck96191,591.0
Truck96136,867.0
Truck96173,691.0
Truck96165,732.0
Truck96172,698.0
Truck96197,575.0
Truck96200,561.0
Truck96155,788.0
Truck96128,935.0
Truck96152,816.0
Truck96160,784.0
Truck96169,743.0
Truck96192,631.0
Truck96188,658.0
Truck96131,947.0
Truck96164,789.0
Truck96170,760.0
Truck96229,465.0
Truck96148,876.0
Truck96181,714.0
Truck96184,703.0
Truck96207,589.0
Truck96174,755.0
Truck96218,535.0
Truck96211,573.0
Truck96167,794.0
Truck96204,617.0
Truck96153,877.0
Truck96217,565.0
Truck96171,799.0
Truck96206,629.0
Truck96183,747.0
Truck96221,559.0
Truck96180,799.0
Truck96254,431.0
Truck96189,761.0
Truck96161,903.0
Truck96201,709.0
Truck96226,584.0
Truck96208,685.0
Truck96220,628.0
Truck96202,719.0
Truck96198,742.0
Truck96215,659.0
Truck96216,657.0
Truck96187,811.0
Truck96194,778.0
Truck96176,878.0
Truck96193,793.0
Truck96168,920.0
Truck96179,873.0
Truck96242,568.0
Truck96247,543.0
Truck96225,655.0
Truck96203,768.0
Truck96236,609.0
Truck96255,519.0
Truck96266,464.0
Truck96177,912.0
Truck96195,823.0
Truck96196,832.0
Truck96157,1031.0
Truck96227,681.0
Truck96223,724.0
Truck96237,662.0
Truck96259,552.0
Truck96199,860.0
Truck96214,793.0
Truck96219,768.0
Truck96210,816.0
Truck96260,569.0
Truck96224,752.0
Truck96178,985.0
Truck96246,648.0
Truck96256,598.0
Truck96240,684.0
Truck96212,840.0
Truck96228,764.0
Truck96250,654.0
Truck96233,741.0
Truck96235,731.0
Truck96252,647.0
Truck96243,695.0
Truck96239,717.0
Truck96276,568.0
Truck96241,755.0
Truck96249,715.0
Truck96238,774.0
Truck96262,655.0
Truck96205,943.0
Truck96213,908.0
Truck96279,580.0
Truck96248,741.0
Truck96261,682.0
Truck96253,723.0
Truck96258,703.0
Truck96232,837.0
Truck96245,784.0
Truck96272,650.0
Truck96234,846.0
Truck96295,548.0
Truck96274,666.0
Truck96265,716.0
Truck96298,553.0
Truck96222,939.0
Truck96231,894.0
Truck96287,617.0
Truck96263,739.0
Truck96267,754.0
Truck96284,674.0
Truck96294,626.0
Truck96230,955.0
Truck96317,527.0
Truck96330,478.0
Truck96244,909.0
Truck96273,770.0
Truck96269,791.0
Truck96289,691.0
Truck96264,818.0
Truck96286,717.0
Truck96251,894.0
Truck96300,651.0
Truck96278,766.0
Truck96282,746.0
Truck96307,621.0
Truck96280,757.0
Truck96281,766.0
Truck96326,544.0
Truck96271,820.0
Truck96270,839.0
Truck96293,725.0
Truck96268,853.0
Truck96325,569.0
Truck96322,585.0
Truck96301,694.0
Truck96299,706.0
Truck96275,835.0
Truck96306,689.0
Truck96347,487.0
Truck96297,748.0
Truck96304,719.0
Truck96305,715.0
Truck96316,661.0
Truck96285,818.0
Truck96310,699.0
Truck96288,813.0
Truck96336,580.0
Truck96321,667.0
Truck96257,997.0
Truck96319,689.0
Truck96302,782.0
Truck96303,782.0
Truck96309,755.0
Truck96313,743.0
Truck96358,534.0
Truck96327,690.0
Truck96324,709.0
Truck96291,875.0
Truck96333,665.0
Truck96292,872.0
Truck96296,854.0
Truck96339,643.0
Truck96340,652.0
Truck96328,718.0
Truck96329,714.0
Truck96290,915.0
Truck96384,445.0
Truck96312,806.0
Truck96377,494.0
Truck96311,826.0
Truck96334,712.0
Truck96350,634.0
Truck96355,609.0
Truck96283,970.0
Truck96364,565.0
Truck96308,849.0
Truck96342,682.0
Truck96363,580.0
Truck96482,481.0
Truck96483,585.0
Truck96494,536.0
Truck96481,649.0
Truck96488,647.0
Truck96480,695.0
Truck96512,547.0
Truck96490,663.0
Truck96496,636.0
Truck96484,704.0
Truck96520,550.0
Truck96505,646.0
Truck96487,740.0
Truck96492,727.0
Truck96510,642.0
Truck96532,533.0
Truck96485,769.0
Truck96489,751.0
Truck96514,629.0
Truck96528,565.0
Truck96515,633.0
Truck96491,754.0
Truck96486,795.0
Truck96498,735.0
Truck96529,581.0
Truck96537,544.0
Truck96540,534.0
Truck96508,695.0
Truck96501,734.0
Truck96522,635.0
Truck96513,689.0
Truck96497,779.0
Truck96517,685.0
Truck96539,575.0
Truck96502,762.0
Truck96495,801.0
Truck96518,687.0
Truck96493,818.0
Truck96503,780.0
Truck96499,812.0
Truck96521,704.0
Truck96545,588.0
Truck96526,685.0
Truck96541,611.0
Truck96507,783.0
Truck96524,702.0
Truck96506,796.0
Truck96559,544.0
Truck96504,826.0
Truck96552,590.0
Truck96548,612.0
Truck96542,655.0
Truck96525,744.0
Truck96509,826.0
Truck96527,737.0
Truck96538,685.0
Truck96531,738.0
Truck96543,684.0
Truck96560,612.0
Truck96565,603.0
Truck96572,570.0
Truck96536,768.0
Truck96547,717.0
Truck96549,708.0
Truck96577,574.0
Truck96511,913.0
Truck96555,694.0
Truck96557,684.0
Truck96500,972.0
Truck96574,602.0
Truck96556,694.0
Truck96546,746.0
Truck96578,595.0
Truck96534,821.0
Truck96564,674.0
Truck96573,634.0
Truck96569,663.0
Truck96563,700.0
Truck96570,668.0
Truck96592,563.0
Truck96519,933.0
Truck96589,583.0
Truck96535,856.0
Truck96558,741.0
Truck96530,894.0
Truck96591,594.0
Truck96562,748.0
Truck96544,848.0
Truck96608,528.0
Truck96604,553.0
Truck96571,721.0
Truck96523,970.0
Truck96551,837.0
Truck96561,788.0
Truck96587,658.0
Truck96576,726.0
Truck96516,1030.0
Truck96601,608.0
Truck96567,782.0
Truck96554,848.0
Truck96533,956.0
Truck96585,698.0
Truck96617,538.0
Truck96566,796.0
Truck96623,515.0
Truck96584,714.0
Truck96621,535.0
Truck96615,571.0
Truck96620,556.0
Truck96597,678.0
Truck96553,900.0
Truck96626,538.0
Truck96612,609.0
Truck96550,924.0
Truck96606,645.0
Truck96599,684.0
Truck96583,771.0
Truck96595,717.0
Truck96602,701.0
Truck96600,712.0
Truck96613,648.0
Truck96580,818.0
Truck96654,464.0
Truck96582,829.0
Truck96568,901.0
Truck96581,849.0
Truck96631,608.0
Truck96609,725.0
Truck96586,843.0
Truck96645,550.0
Truck96588,843.0
Truck96605,762.0
Truck96641,586.0
Truck96594,826.0
Truck96610,747.0
Truck96630,649.0
Truck96579,905.0
Truck96635,641.0
Truck96632,657.0
Truck96657,532.0
Truck96614,749.0
Truck96680,421.0
Truck96643,609.0
Truck96590,876.0
Truck96616,750.0
Truck96603,825.0
Truck96611,785.0
Truck96575,967.0
Truck96596,862.0
Truck96639,675.0
Truck96647,636.0
Truck96625,758.0
Truck96618,797.0
Truck96593,924.0
Truck96598,904.0
Truck96622,790.0
Truck96629,759.0
Truck96637,731.0
Truck96619,837.0
Truck96648,693.0
Truck96638,749.0
Truck96656,665.0
Truck96653,685.0
Truck96640,755.0
Truck96686,528.0
Truck96662,674.0
Truck96624,867.0
Truck96663,673.0
Truck96690,544.0
Truck96652,741.0
Truck96633,838.0
Truck96636,823.0
Truck96650,754.0
Truck96670,654.0
Truck96607,970.0
Truck96679,612.0
Truck96634,852.0
Truck96646,793.0
Truck96627,901.0
Truck96666,706.0
Truck96642,831.0
Truck96681,638.0
Truck96655,771.0
Truck96649,816.0
Truck96661,760.0
Truck96687,635.0
Truck96676,693.0
Truck96651,819.0
Truck96658,786.0
Truck96705,558.0
Truck96701,588.0
Truck96659,812.0
Truck96685,685.0
Truck96628,971.0
Truck96692,652.0
Truck96702,602.0
Truck96660,820.0
Truck96669,775.0
Truck96691,670.0
Truck96704,608.0
Truck96677,747.0
Truck96693,667.0
Truck96644,918.0
Truck96672,778.0
Truck96667,804.0
Truck96695,665.0
Truck96675,769.0
Truck96713,580.0
Truck96668,807.0
Truck96712,589.0
Truck96665,832.0
Truck96671,803.0
Truck96696,687.0
Truck96721,569.0
Truck96673,811.0
Truck96694,706.0
Truck96711,624.0
Truck96715,606.0
Truck96731,530.0
Truck96678,826.0
Truck96682,813.0
Truck96728,585.0
Truck96707,693.0
Truck96689,793.0
Truck96684,821.0
Truck96727,611.0
Truck96708,708.0
Truck96700,750.0
Truck96741,551.0
Truck96709,712.0
Truck96723,647.0
Truck96740,562.0
Truck96683,855.0
Truck96664,952.0
Truck96724,658.0
Truck96703,767.0
Truck96717,705.0
Truck96737,614.0
Truck96738,609.0
Truck96674,935.0
Truck96744,597.0
Truck96720,726.0
Truck96755,562.0
Truck96698,852.0
Truck96729,700.0
Truck96748,618.0
Truck96718,787.0
Truck96706,849.0
Truck96747,649.0
Truck96749,640.0
Truck96699,891.0
Truck96746,659.0
Truck96752,629.0
Truck96733,727.0
Truck96765,572.0
Truck96730,749.0
Truck96735,727.0
Truck96688,964.0
Truck96758,615.0
Truck96756,627.0
Truck96719,840.0
Truck96751,681.0
Truck96784,525.0
Truck96714,879.0
Truck96734,779.0
Truck96763,649.0
Truck96770,614.0
Truck96725,840.0
Truck96764,645.0
Truck96745,751.0
Truck96753,721.0
Truck96732,827.0
Truck96754,719.0
Truck96743,777.0
Truck96722,887.0
Truck96697,1016.0
Truck96772,654.0
Truck96766,700.0
Truck96761,729.0
Truck96782,626.0
Truck96736,857.0
Truck96781,640.0
Truck96799,550.0
Truck96804,535.0
Truck96777,674.0
Truck96794,589.0
Truck96776,681.0
Truck96710,1014.0
Truck96716,988.0
Truck96779,676.0
Truck96771,718.0
Truck96789,632.0
Truck96726,950.0
Truck96785,658.0
Truck96786,665.0
Truck96780,696.0
Truck96757,813.0
Truck96792,643.0
Truck96783,697.0
Truck96807,580.0
Truck96800,620.0
Truck96774,753.0
Truck96803,613.0
Truck96815,561.0
Truck96788,700.0
Truck96760,847.0
Truck96787,713.0
Truck96775,779.0
Truck96778,766.0
Truck96818,568.0
Truck96739,966.0
Truck96810,621.0
Truck96817,600.0
Truck96767,852.0
Truck96742,985.0
Truck96820,598.0
Truck96796,719.0
Truck96773,836.0
Truck96835,530.0
Truck96750,963.0
Truck96791,761.0
Truck96805,695.0
Truck96811,666.0
Truck96813,665.0
Truck96769,894.0
Truck96812,679.0
Truck96768,904.0
Truck96759,965.0
Truck96793,803.0
Truck96808,745.0
Truck96824,675.0
Truck96798,810.0
Truck96846,576.0
Truck96840,609.0
Truck96790,862.0
Truck96834,661.0
Truck96843,619.0
Truck96806,807.0
Truck96795,863.0
Truck96814,768.0
Truck96851,584.0
Truck96852,584.0
Truck96816,766.0
Truck96797,865.0
Truck96848,614.0
Truck96825,738.0
Truck96831,715.0
Truck96821,776.0
Truck96856,613.0
Truck96844,674.0
Truck96862,589.0
Truck96762,1090.0
Truck96802,895.0
Truck96823,794.0
Truck96828,775.0
Truck96872,555.0
Truck96871,561.0
Truck96853,658.0
Truck96839,730.0
Truck96833,761.0
Truck96860,630.0
Truck96837,750.0
Truck96858,646.0
Truck96867,604.0
Truck96830,790.0
Truck96847,709.0
Truck96801,944.0
Truck96836,769.0
Truck96868,609.0
Truck96870,603.0
Truck96827,833.0
Truck96866,639.0
Truck96850,729.0
Truck96873,618.0
Truck96822,880.0
Truck96841,785.0
Truck96819,897.0
Truck96855,720.0
Truck96829,852.0
Truck96864,679.0
Truck96861,703.0
Truck96854,739.0
Truck96845,789.0
Truck96886,587.0
Truck96894,552.0
Truck96882,621.0
Truck96881,634.0
Truck96883,639.0
Truck96890,605.0
Truck96875,681.0
Truck96905,537.0
Truck96916,490.0
Truck96838,882.0
Truck96895,600.0
Truck96877,702.0
Truck96849,844.0
Truck96878,703.0
Truck96889,650.0
Truck96826,970.0
Truck96832,940.0
Truck96897,621.0
Truck96874,740.0
Truck96880,721.0
Truck96809,1086.0
Truck96865,813.0
Truck96891,689.0
Truck96879,760.0
Truck96893,691.0
Truck96904,641.0
Truck96842,970.0
Truck96898,694.0
Truck96859,900.0
Truck96908,655.0
Truck96920,595.0
Truck96884,778.0
Truck96900,700.0
Truck96947,465.0
Truck96903,694.0
Truck96876,832.0
Truck96927,579.0
Truck96910,676.0
Truck96921,623.0
Truck96941,523.0
Truck96969,393.0
Truck96899,748.0
Truck96888,804.0
Truck96912,684.0
Truck96919,653.0
Truck96918,664.0
Truck96869,914.0
Truck96914,689.0
Truck96901,755.0
Truck96885,843.0
Truck96922,660.0
Truck96926,648.0
Truck96915,707.0
Truck96954,516.0
Truck96857,1002.0
Truck96932,637.0
Truck96902,789.0
Truck96938,610.0
Truck96942,591.0
Truck96863,999.0
Truck96966,485.0
Truck96896,838.0
Truck96936,638.0
Truck96931,671.0
Truck96930,683.0
Truck96960,534.0
Truck96909,792.0
Truck96945,620.0
Truck96933,684.0
Truck96939,654.0
Truck96934,680.0
Truck96925,730.0
Truck96923,747.0
Truck96962,552.0
Truck96950,613.0
Truck96913,814.0
Truck96929,734.0
Truck96911,827.0
Truck96943,679.0
Truck96917,810.0
Truck96892,941.0
Truck96953,644.0
Truck96956,633.0
Truck96952,659.0
Truck96963,606.0
Truck96906,893.0
Truck96970,575.0
Truck96987,497.0
Truck96944,713.0
Truck96935,762.0
Truck96965,613.0
Truck96980,540.0
Truck96971,602.0
Truck96983,544.0
Truck96958,674.0
Truck96981,600.0
Truck96986,577.0
Truck96959,716.0
Truck96996,535.0
Truck96928,890.0
Truck96998,550.0
Truck96907,1012.0
Truck96924,928.0
Truck96992,593.0
Truck96887,1120.0
Truck96973,690.0
Truck96995,582.0
Truck96951,818.0
Truck96979,694.0
Truck96975,717.0
Truck96940,902.0
Truck96967,768.0
Truck96937,931.0
Truck96977,747.0
Truck96946,908.0
Truck96961,838.0
Truck97016,583.0
Truck96972,805.0
Truck97003,651.0
Truck97007,632.0
Truck96984,751.0
Truck97005,654.0
Truck96994,719.0
Truck96993,726.0
Truck96988,755.0
Truck97001,701.0
Truck97008,673.0
Truck97011,661.0
Truck96982,807.0
Truck96968,880.0
Truck96974,850.0
Truck96978,836.0
Truck96985,806.0
Truck97009,692.0
Truck97006,709.0
Truck96976,861.0
Truck96964,922.0
Truck97029,611.0
Truck97030,608.0
Truck97048,521.0
Truck97004,745.0
Truck97028,633.0
Truck97042,568.0
Truck97018,689.0
Truck97014,710.0
Truck96949,1037.0
Truck97013,726.0
Truck97050,551.0
Truck96957,1019.0
Truck96948,1072.0
Truck97021,708.0
Truck96991,866.0
Truck97057,538.0
Truck97002,820.0
Truck96997,868.0
Truck97022,757.0
Truck97017,790.0
Truck96955,1104.0
Truck97045,655.0
Truck97036,704.0
Truck97020,786.0
Truck97027,751.0
Truck96999,892.0
Truck97043,674.0
Truck97031,735.0
Truck97024,778.0
Truck97039,708.0
Truck97037,720.0
Truck97015,832.0
Truck96989,963.0
Truck97026,778.0
Truck97019,814.0
Truck97058,625.0
Truck97035,748.0
Truck97060,632.0
Truck97078,545.0
Truck97051,681.0
Truck97068,599.0
Truck96990,998.0
Truck97047,721.0
Truck97086,539.0
Truck97025,858.0
Truck97046,753.0
Truck97033,821.0
Truck97038,806.0
Truck97032,837.0
Truck97010,970.0
Truck97040,820.0
Truck97081,620.0
Truck97061,743.0
Truck97074,679.0
Truck97088,610.0
Truck97075,676.0
Truck97023,939.0
Truck97041,860.0
Truck97107,532.0
Truck97095,594.0
Truck97052,811.0
Truck97098,583.0
Truck97049,832.0
Truck97062,769.0
Truck97034,914.0
Truck97079,690.0
Truck97099,599.0
Truck97122,501.0
Truck97054,843.0
Truck97000,1117.0
Truck97044,897.0
Truck97080,724.0
Truck97083,710.0
Truck97059,831.0
Truck97072,769.0
Truck97064,811.0
Truck97053,871.0
Truck97089,694.0
Truck97012,1085.0
Truck97076,770.0
Truck97093,685.0
Truck97067,820.0
Truck97065,833.0
Truck97111,603.0
Truck97071,809.0
Truck97084,744.0
Truck97096,687.0
Truck97069,826.0
Truck97063,866.0
Truck97094,711.0
Truck97109,636.0
Truck97128,546.0
Truck97085,766.0
Truck97102,683.0
Truck97056,914.0
Truck97082,791.0
Truck97073,845.0
Truck97066,884.0
Truck97116,648.0
Truck97090,783.0
Truck97055,966.0
Truck97106,717.0
Truck97121,652.0
Truck97100,764.0
Truck97077,880.0
Truck97119,673.0
Truck97141,567.0
Truck97092,813.0
Truck97125,652.0
Truck97132,618.0
Truck97070,931.0
Truck97105,759.0
Truck97108,747.0
Truck97114,717.0
Truck97127,657.0
Truck97142,585.0
Truck97120,706.0
Truck97136,626.0
Truck97087,872.0
Truck97103,797.0
Truck97118,734.0
Truck97147,592.0
Truck97113,792.0
Truck97130,707.0
Truck97154,589.0
Truck97126,742.0
Truck97131,721.0
Truck97153,614.0
Truck97110,840.0
Truck97115,816.0
Truck97145,668.0
Truck97097,909.0
Truck97150,647.0
Truck97137,728.0
Truck97161,610.0
Truck97159,624.0
Truck97134,750.0
Truck97091,968.0
Truck97143,710.0
Truck97148,688.0
Truck97168,592.0
Truck97101,930.0
Truck97165,610.0
Truck97117,863.0
Truck97158,662.0
Truck97179,558.0
Truck97151,707.0
Truck97112,919.0
Truck97152,729.0
Truck97139,797.0
Truck97188,553.0
Truck97129,853.0
Truck97104,982.0
Truck97157,724.0
Truck97181,618.0
Truck97166,700.0
Truck97123,929.0
Truck97155,769.0
Truck97162,737.0
Truck97135,874.0
Truck97140,852.0
Truck97149,814.0
Truck97205,536.0
Truck97182,654.0
Truck97146,842.0
Truck97180,677.0
Truck97164,765.0
Truck97163,774.0
Truck97202,584.0
Truck97183,680.0
Truck97167,775.0
Truck97197,626.0
Truck97203,601.0
Truck97189,676.0
Truck97172,767.0
Truck97171,774.0
Truck97138,946.0
Truck97199,645.0
Truck97144,936.0
Truck97194,689.0
Truck97173,798.0
Truck97156,889.0
Truck97178,783.0
Truck97221,568.0
Truck97177,789.0
Truck97170,829.0
Truck97184,759.0
Truck97204,662.0
Truck97195,711.0
Truck97191,740.0
Truck97169,858.0
Truck97196,724.0
Truck97201,704.0
Truck97227,583.0
Truck97244,498.0
Truck97211,670.0
Truck97160,926.0
Truck97133,1074.0
Truck97190,790.0
Truck97213,679.0
Truck97198,755.0
Truck97187,815.0
Truck97176,875.0
Truck97214,689.0
Truck97281,356.0
Truck97220,666.0
Truck97207,746.0
Truck97192,825.0
Truck97174,920.0
Truck97124,1182.0
Truck97242,602.0
Truck97206,789.0
Truck97186,897.0
Truck97229,688.0
Truck97223,722.0
Truck97245,614.0
Truck97249,599.0
Truck97239,654.0
Truck97200,850.0
Truck97224,732.0
Truck97264,534.0
Truck97231,700.0
Truck97210,807.0
Truck97217,773.0
Truck97218,771.0
Truck97243,650.0
Truck97268,529.0
Truck97257,595.0
Truck97222,771.0
Truck97236,703.0
Truck97216,806.0
Truck97255,624.0
Truck97175,1038.0
Truck97215,839.0
Truck97225,789.0
Truck97256,636.0
Truck97241,721.0
Truck97237,755.0
Truck97193,979.0
Truck97261,644.0
Truck97232,792.0
Truck97209,909.0
Truck97226,828.0
Truck97208,919.0
Truck97233,794.0
Truck97240,766.0
Truck97280,571.0
Truck97185,1048.0
Truck97279,581.0
Truck97235,807.0
Truck97246,754.0
Truck97266,657.0
Truck97234,820.0
Truck97212,937.0
Truck97219,905.0
Truck97260,704.0
Truck97228,873.0
Truck97230,869.0
Truck97254,749.0
Truck97276,639.0
Truck97252,760.0
Truck97306,499.0
Truck97297,545.0
Truck97278,643.0
Truck97259,754.0
Truck97296,572.0
Truck97250,804.0
Truck97271,703.0
Truck97314,502.0
Truck97292,613.0
Truck97247,845.0
Truck97301,579.0
Truck97262,775.0
Truck97238,896.0
Truck97272,735.0
Truck97294,638.0
Truck97251,855.0
Truck97270,761.0
Truck97265,795.0
Truck97248,898.0
Truck97253,877.0
Truck97315,570.0
Truck97300,649.0
Truck97318,564.0
Truck97289,711.0
Truck97283,742.0
Truck97321,575.0
Truck97287,748.0
Truck97291,730.0
Truck97293,721.0
Truck97285,765.0
Truck97274,828.0
Truck97267,867.0
Truck97303,687.0
Truck97263,894.0
Truck97299,723.0
Truck97337,535.0
Truck97269,882.0
Truck97258,938.0
Truck97316,660.0
Truck97349,495.0
Truck97353,482.0
Truck97295,773.0
Truck97305,725.0
Truck97284,836.0
Truck97308,717.0
Truck97335,587.0
Truck97311,721.0
Truck97302,771.0
Truck97343,575.0
Truck97342,588.0
Truck97325,685.0
Truck97288,871.0
Truck97324,692.0
Truck97307,781.0
Truck97282,907.0
Truck97310,776.0
Truck97312,773.0
Truck97351,591.0
Truck97362,537.0
Truck97338,659.0
Truck97275,979.0
Truck97277,973.0
Truck97333,693.0
Truck97348,620.0
Truck97336,687.0
Truck97344,652.0
Truck97273,1014.0
Truck97304,868.0
Truck97332,728.0
Truck97334,718.0
Truck97286,962.0
Truck97327,760.0
Truck97366,565.0
Truck97317,811.0
Truck97331,742.0
Truck97330,750.0
Truck97329,760.0
Truck97371,557.0
Truck97309,870.0
Truck97290,970.0
Truck97323,807.0
Truck97320,824.0
Truck97298,945.0
Truck97376,555.0
Truck97377,557.0
Truck97360,648.0
Truck97341,754.0
Truck97339,770.0
Truck97322,856.0
Truck97380,573.0
Truck97357,703.0
Truck97328,855.0
Truck97385,589.0
Truck97326,885.0
Truck97313,954.0
Truck97363,705.0
Truck97354,751.0
Truck97368,685.0
Truck97346,797.0
Truck97370,680.0
Truck97358,741.0
Truck97364,714.0
Truck97347,803.0
Truck97356,764.0
Truck97390,594.0
Truck97400,553.0
Truck97378,687.0
Truck97387,646.0
Truck97319,987.0
Truck97379,687.0
Truck97373,724.0
Truck97381,687.0
Truck97340,894.0
Truck97359,800.0
Truck97345,889.0
Truck97384,697.0
Truck97408,583.0
Truck97350,876.0
Truck97369,789.0
Truck97414,566.0
Truck97374,769.0
Truck97352,888.0
Truck97361,848.0
Truck97394,701.0
Truck97418,583.0
Truck97355,899.0
Truck97396,695.0
Truck97382,772.0
Truck97421,577.0
Truck97383,769.0
Truck97365,863.0
Truck97428,564.0
Truck97388,780.0
Truck97386,793.0
Truck97367,897.0
Truck97404,714.0
Truck97433,572.0
Truck97444,520.0
Truck97440,541.0
Truck97452,483.0
Truck97435,572.0
Truck97445,525.0
Truck97392,796.0
Truck97406,728.0
Truck97411,703.0
Truck97398,769.0
Truck97417,678.0
Truck97372,914.0
Truck97401,769.0
Truck97438,587.0
Truck97407,744.0
Truck97375,912.0
Truck97393,827.0
Truck97423,678.0
Truck97405,773.0
Truck97391,849.0
Truck97399,821.0
Truck97409,771.0
Truck97403,805.0
Truck97416,741.0
Truck97449,588.0
Truck97429,698.0
Truck97422,734.0
Truck97425,720.0
Truck97431,690.0
Truck97451,599.0
Truck97395,885.0
Truck97446,631.0
Truck97455,586.0
Truck97397,878.0
Truck97456,583.0
Truck97427,740.0
Truck97389,931.0
Truck97424,761.0
Truck97426,753.0
Truck97419,800.0
Truck97469,551.0
Truck97443,691.0
Truck97412,847.0
Truck97458,623.0
Truck97413,853.0
Truck97430,774.0
Truck97410,879.0
Truck97471,576.0
Truck97415,857.0
Truck97439,741.0
Truck97470,601.0
Truck97454,684.0
Truck97457,670.0
Truck97432,799.0
Truck97402,956.0
Truck97463,653.0
Truck97466,640.0
Truck97434,804.0
Truck97484,565.0
Truck97462,677.0
Truck97420,901.0
Truck97460,703.0
Truck97480,608.0
Truck97441,811.0
Truck97437,833.0
Truck97448,779.0
Truck97479,624.0
Truck97468,680.0
Truck97478,634.0
Truck97489,581.0
Truck97474,660.0
Truck97500,530.0
Truck97459,742.0
Truck97483,637.0
Truck97493,592.0
Truck97464,738.0
Truck97472,700.0
Truck97501,558.0
Truck97447,837.0
Truck97490,625.0
Truck97477,692.0
Truck97481,678.0
Truck97436,904.0
Truck97467,758.0
Truck97521,496.0
Truck97495,628.0
Truck97473,739.0
Truck97507,572.0
Truck97499,613.0
Truck97475,735.0
Truck97450,870.0
Truck97486,697.0
Truck97465,821.0
Truck97503,644.0
Truck97442,950.0
Truck97504,644.0
Truck97482,788.0
Truck97485,780.0
Truck97492,756.0
Truck97461,926.0
Truck97497,749.0
Truck97531,584.0
Truck97517,656.0
Truck97518,652.0
Truck97512,696.0
Truck97491,805.0
Truck97502,750.0
Truck97542,562.0
Truck97511,721.0
Truck97514,715.0
Truck97552,526.0
Truck97506,760.0
Truck97496,812.0
Truck97519,697.0
Truck97548,559.0
Truck97505,777.0
Truck97523,692.0
Truck97566,478.0
Truck97561,514.0
Truck97537,641.0
Truck97526,699.0
Truck97487,898.0
Truck97550,587.0
Truck97513,773.0
Truck97510,790.0
Truck97540,642.0
Truck97516,769.0
Truck97544,636.0
Truck97547,626.0
Truck97453,1100.0
Truck97494,899.0
Truck97525,751.0
Truck97533,713.0
Truck97554,610.0
Truck97508,843.0
Truck97532,727.0
Truck97571,538.0
Truck97520,797.0
Truck97553,632.0
Truck97498,910.0
Truck97524,783.0
Truck97476,1028.0
Truck97534,741.0
Truck97559,616.0
Truck97543,702.0
Truck97539,738.0
Truck97538,746.0
Truck97572,580.0
Truck97565,617.0
Truck97562,638.0
Truck97509,904.0
Truck97557,673.0
Truck97556,680.0
Truck97530,811.0
Truck97568,624.0
Truck97558,675.0
Truck97574,601.0
Truck97488,1042.0
Truck97545,767.0
Truck97522,891.0
Truck97546,779.0
Truck97536,845.0
Truck97529,882.0
Truck97567,702.0
Truck97528,929.0
Truck97595,598.0
Truck97581,678.0
Truck97541,884.0
Truck97570,741.0
Truck97584,674.0
Truck97515,1022.0
Truck97586,669.0
Truck97555,828.0
Truck97606,580.0
Truck97527,981.0
Truck97603,603.0
Truck97598,631.0
Truck97549,877.0
Truck97575,756.0
Truck97579,741.0
Truck97580,744.0
Truck97563,833.0
Truck97587,713.0
Truck97593,683.0
Truck97573,798.0
Truck97618,576.0
Truck97588,727.0
Truck97535,1001.0
Truck97589,732.0
Truck97611,625.0
Truck97583,782.0
Truck97642,490.0
Truck97638,511.0
Truck97576,828.0
Truck97569,868.0
Truck97578,829.0
Truck97615,648.0
Truck97627,593.0
Truck97590,781.0
Truck97604,714.0
Truck97621,636.0
Truck97577,863.0
Truck97594,780.0
Truck97599,757.0
Truck97582,843.0
Truck97560,954.0
Truck97602,751.0
Truck97612,706.0
Truck97610,729.0
Truck97654,510.0
Truck97600,784.0
Truck97622,674.0
Truck97607,752.0
Truck97585,864.0
Truck97551,1045.0
Truck97591,849.0
Truck97596,827.0
Truck97630,664.0
Truck97597,836.0
Truck97609,778.0
Truck97613,766.0
Truck97644,613.0
Truck97659,552.0
Truck97645,623.0
Truck97648,613.0
Truck97592,896.0
Truck97629,711.0
Truck97640,658.0
Truck97668,521.0
Truck97649,617.0
Truck97605,843.0
Truck97650,621.0
Truck97656,591.0
Truck97601,870.0
Truck97662,566.0
Truck97628,737.0
Truck97636,699.0
Truck97564,1061.0
Truck97660,581.0
Truck97624,763.0
Truck97643,679.0
Truck97623,781.0
Truck97616,817.0
Truck97661,593.0
Truck97637,718.0
Truck97653,650.0
Truck97683,501.0
Truck97619,824.0
Truck97639,725.0
Truck97670,576.0
Truck97671,574.0
Truck97608,890.0
Truck97617,848.0
Truck97635,761.0
Truck97631,795.0
Truck97651,695.0
Truck97703,437.0
Truck97620,853.0
Truck97675,588.0
Truck97673,613.0
Truck97692,526.0
Truck97684,570.0
Truck97679,605.0
Truck97641,799.0
Truck97664,690.0
Truck97677,629.0
Truck97633,865.0
Truck97689,585.0
Truck97665,713.0
Truck97672,680.0
Truck97658,754.0
Truck97634,877.0
Truck97646,829.0
Truck97680,667.0
Truck97652,808.0
Truck97632,916.0
Truck97701,572.0
Truck97669,734.0
Truck97699,590.0
Truck97717,501.0
Truck97706,560.0
Truck97666,761.0
Truck97626,978.0
Truck97667,774.0
Truck97676,745.0
Truck97687,693.0
Truck97710,580.0
Truck97655,858.0
Truck97721,532.0
Truck97625,1019.0
Truck97705,620.0
Truck97678,770.0
Truck97681,768.0
Truck97694,709.0
Truck97715,614.0
Truck97709,647.0
Truck97723,586.0
Truck97674,840.0
Truck97663,896.0
Truck97614,1145.0
Truck97729,578.0
Truck97647,997.0
Truck97714,663.0
Truck97657,956.0
Truck97733,577.0
Truck97725,618.0
Truck97711,689.0
Truck97685,820.0
Truck97696,767.0
Truck97691,814.0
Truck97697,785.0
Truck97698,787.0
Truck97751,528.0
Truck97731,629.0
Truck97688,848.0
Truck97720,695.0
Truck97686,866.0
Truck97702,797.0
Truck97730,661.0
Truck97719,719.0
Truck97726,684.0
Truck97750,565.0
Truck97716,736.0
Truck97713,752.0
Truck97708,782.0
Truck97738,632.0
Truck97690,873.0
Truck97704,803.0
Truck97700,838.0
Truck97761,540.0
Truck97712,792.0
Truck97695,887.0
Truck97736,684.0
Truck97735,696.0
Truck97748,661.0
Truck97682,995.0
Truck97760,605.0
Truck97773,544.0
Truck97693,945.0
Truck97732,755.0
Truck97759,623.0
Truck97722,811.0
Truck97739,729.0
Truck97765,600.0
Truck97747,697.0
Truck97754,662.0
Truck97755,658.0
Truck97727,800.0
Truck97728,800.0
Truck97745,715.0
Truck97724,822.0
Truck97768,604.0
Truck97740,750.0
Truck97766,622.0
Truck97707,924.0
Truck97798,472.0
Truck97802,455.0
Truck97734,798.0
Truck97744,753.0
Truck97769,629.0
Truck97777,594.0
Truck97752,733.0
Truck97778,618.0
Truck97762,703.0
Truck97781,609.0
Truck97774,645.0
Truck97763,705.0
Truck97718,937.0
Truck97746,804.0
Truck97737,851.0
Truck97764,735.0
Truck97775,684.0
Truck97785,634.0
Truck97784,640.0
Truck97749,824.0
Truck97767,740.0
Truck97753,813.0
Truck97770,737.0
Truck97794,618.0
Truck97743,875.0
Truck97783,677.0
Truck97922,600.0
Truck97935,540.0
Truck97950,513.0
Truck97923,649.0
Truck97921,683.0
Truck97937,612.0
Truck97940,604.0
Truck97949,570.0
Truck97929,709.0
Truck97924,743.0
Truck97956,588.0
Truck97941,690.0
Truck97926,767.0
Truck97927,762.0
Truck97933,737.0
Truck97934,736.0
Truck97932,749.0
Truck97920,815.0
Truck97942,710.0
Truck97964,602.0
Truck97969,583.0
Truck97979,534.0
Truck97928,792.0
Truck97943,719.0
Truck97945,710.0
Truck97931,791.0
Truck97966,621.0
Truck97972,592.0
Truck97992,492.0
Truck97968,621.0
Truck97948,735.0
Truck97995,510.0
Truck97939,793.0
Truck97960,698.0
Truck97946,776.0
Truck97947,777.0
Truck97978,624.0
Truck97955,747.0
Truck97938,841.0
Truck98000,542.0
Truck97976,664.0
Truck97936,872.0
Truck97963,744.0
Truck97944,840.0
Truck97925,941.0
Truck97958,776.0
Truck97954,802.0
Truck97959,788.0
Truck98002,576.0
Truck97974,720.0
Truck98004,578.0
Truck97930,950.0
Truck97962,798.0
Truck97977,724.0
Truck97981,712.0
Truck97996,641.0
Truck98001,619.0
Truck97953,862.0
Truck97952,868.0
Truck97967,808.0
Truck97961,840.0
Truck97991,692.0
Truck98005,628.0
Truck97975,782.0
Truck97985,740.0
Truck97970,828.0
Truck97957,896.0
Truck97971,836.0
Truck97965,871.0
Truck97988,758.0
Truck98014,628.0
Truck98022,591.0
Truck98006,672.0
Truck97987,768.0
Truck97951,950.0
Truck97973,842.0
Truck97993,750.0
Truck97998,725.0
Truck97983,810.0
Truck97999,735.0
Truck98026,606.0
Truck98013,680.0
Truck98015,672.0
Truck97989,811.0
Truck97997,771.0
Truck97980,858.0
Truck98008,731.0
Truck98019,682.0
Truck97984,867.0
Truck98023,672.0
Truck97986,861.0
Truck98035,620.0
Truck98042,585.0
Truck97990,855.0
Truck98009,761.0
Truck98027,671.0
Truck98003,795.0
Truck98054,541.0
Truck98020,718.0
Truck98045,594.0
Truck98017,756.0
Truck98034,671.0
Truck98031,692.0
Truck98038,658.0
Truck98024,737.0
Truck98028,721.0
Truck98012,812.0
Truck98050,625.0
Truck97982,971.0
Truck98032,730.0
Truck98049,649.0
Truck98007,860.0
Truck98037,725.0
Truck98011,859.0
Truck98040,717.0
Truck98010,877.0
Truck98016,850.0
Truck98051,682.0
Truck98030,789.0
Truck98039,744.0
Truck98059,649.0
Truck98066,616.0
Truck98063,637.0
Truck98060,653.0
Truck97994,987.0
Truck98056,679.0
Truck98064,639.0
Truck98053,701.0
Truck98068,626.0
Truck98043,757.0
Truck98092,513.0
Truck98062,667.0
Truck98046,749.0
Truck98086,551.0
Truck98087,552.0
Truck98021,901.0
Truck98074,643.0
Truck98036,834.0
Truck98055,742.0
Truck98081,614.0
Truck98084,601.0
Truck98058,738.0
Truck98079,660.0
Truck98041,851.0
Truck98091,601.0
Truck98075,686.0
Truck98018,973.0
Truck98071,710.0
Truck98052,810.0
Truck98069,727.0
Truck98080,673.0
Truck98102,569.0
Truck98083,665.0
Truck98044,877.0
Truck98033,933.0
Truck98109,553.0
Truck98103,589.0
Truck98048,865.0
Truck98085,694.0
Truck98065,798.0
Truck98090,674.0
Truck98076,746.0
Truck98104,610.0
Truck98070,781.0
Truck98095,665.0
Truck98096,664.0
Truck98093,689.0
Truck98029,1011.0
Truck98057,871.0
Truck98078,770.0
Truck98025,1049.0
Truck98073,811.0
Truck98067,843.0
Truck98061,881.0
Truck98099,692.0
Truck98107,653.0
Truck98047,954.0
Truck98101,688.0
Truck98072,835.0
Truck98089,761.0
Truck98100,714.0
Truck98108,674.0
Truck98112,654.0
Truck98097,743.0
Truck98106,698.0
Truck98136,560.0
Truck98098,759.0
Truck98105,739.0
Truck98123,671.0
Truck98124,666.0
Truck98114,721.0
Truck98153,528.0
Truck98134,625.0
Truck98142,586.0
Truck98139,618.0
Truck98122,704.0
Truck98121,712.0
Truck98077,939.0
Truck98143,614.0
Truck98117,752.0
Truck98111,794.0
Truck98120,752.0
Truck98144,637.0
Truck98127,723.0
Truck98145,649.0
Truck98082,970.0
Truck98125,757.0
Truck98110,833.0
Truck98094,917.0
Truck98118,798.0
Truck98162,582.0
Truck98140,709.0
Truck98115,836.0
Truck98149,671.0
Truck98131,769.0
Truck98119,836.0
Truck98113,870.0
Truck98088,996.0
Truck98126,822.0
Truck98133,796.0
Truck98135,789.0
Truck98155,700.0
Truck98138,790.0
Truck98141,782.0
Truck98172,628.0
Truck98130,839.0
Truck98182,581.0
Truck98169,647.0
Truck98170,645.0
Truck98116,922.0
Truck98132,853.0
Truck98129,874.0
Truck98197,535.0
Truck98147,801.0
Truck98154,767.0
Truck98174,667.0
Truck98195,567.0
Truck98223,428.0
Truck98176,670.0
Truck98175,679.0
Truck98148,824.0
Truck98166,736.0
Truck98198,581.0
Truck98151,821.0
Truck98191,622.0
Truck98160,785.0
Truck98163,775.0
Truck98189,646.0
Truck98164,774.0
Truck98165,779.0
Truck98158,826.0
Truck98152,859.0
Truck98186,689.0
Truck98179,734.0
Truck98185,707.0
Truck98157,849.0
Truck98181,733.0
Truck98210,595.0
Truck98171,794.0
Truck98168,812.0
Truck98146,934.0
Truck98180,781.0
Truck98159,887.0
Truck98230,539.0
Truck98187,759.0
Truck98235,519.0
Truck98128,1061.0
Truck98213,642.0
Truck98207,677.0
Truck98137,1031.0
Truck98150,966.0
Truck98228,582.0
Truck98167,889.0
Truck98234,555.0
Truck98205,703.0
Truck98183,821.0
Truck98184,819.0
Truck98177,857.0
Truck98193,782.0
Truck98173,888.0
Truck98194,793.0
Truck98192,808.0
Truck98206,738.0
Truck98200,777.0
Truck98196,798.0
Truck98199,794.0
Truck98229,644.0
Truck98215,716.0
Truck98214,723.0
Truck98257,510.0
Truck98209,754.0
Truck98202,791.0
Truck98204,782.0
Truck98203,791.0
Truck98225,691.0
Truck98216,737.0
Truck98236,643.0
Truck98190,878.0
Truck98258,559.0
Truck98211,795.0
Truck98221,748.0
Truck98232,694.0
Truck98201,853.0
Truck98212,799.0
Truck98208,837.0
Truck98224,761.0
Truck98243,670.0
Truck98250,637.0
Truck98233,727.0
Truck98248,654.0
Truck98268,554.0
Truck98251,641.0
Truck98259,604.0
Truck98252,662.0
Truck98249,682.0
Truck98246,698.0
Truck98220,830.0
Truck98247,702.0
Truck98241,734.0
Truck98156,1176.0
Truck98239,761.0
Truck98161,1156.0
Truck98217,878.0
Truck98244,745.0
Truck98263,662.0
Truck98279,586.0
Truck98218,892.0
Truck98226,857.0
Truck98260,692.0
Truck98188,1057.0
Truck98237,821.0
Truck98255,733.0
Truck98281,607.0
Truck98227,878.0
Truck98256,735.0
Truck98280,622.0
Truck98273,667.0
Truck98276,652.0
Truck98238,852.0
Truck98289,599.0
Truck98253,784.0
Truck98264,731.0
Truck98222,947.0
Truck98274,694.0
Truck98219,970.0
Truck98262,756.0
Truck98285,641.0
Truck98266,745.0
Truck98272,721.0
Truck98267,750.0
Truck98299,593.0
Truck98313,530.0
Truck98178,1207.0
Truck98297,614.0
Truck98269,757.0
Truck98240,904.0
Truck98287,691.0
Truck98324,506.0
Truck98284,707.0
Truck98290,678.0
Truck98306,599.0
Truck98292,671.0
Truck98242,924.0
Truck98265,810.0
Truck98295,667.0
Truck98311,592.0
Truck98301,657.0
Truck98307,633.0
Truck98303,657.0
Truck98308,632.0
Truck98271,819.0
Truck98298,691.0
Truck98329,538.0
Truck98261,879.0
Truck98245,964.0
Truck98291,744.0
Truck98278,811.0
Truck98231,1048.0
Truck98288,765.0
Truck98277,824.0
Truck98296,729.0
Truck98310,669.0
Truck98270,870.0
Truck98322,611.0
Truck98294,756.0
Truck98275,861.0
Truck98302,731.0
Truck98286,822.0
Truck98327,617.0
Truck98300,755.0
Truck98346,532.0
Truck98348,532.0
Truck98328,636.0
Truck98304,757.0
Truck98332,622.0
Truck98282,898.0
Truck98317,723.0
Truck98316,734.0
Truck98305,791.0
Truck98318,730.0
Truck98325,698.0
Truck98368,483.0
Truck98365,501.0
Truck98283,918.0
Truck98382,427.0
Truck98254,1075.0
Truck98326,722.0
Truck98330,704.0
Truck98378,468.0
Truck98339,674.0
Truck98342,660.0
Truck98347,639.0
Truck98293,912.0
Truck98343,682.0
Truck98353,632.0
Truck98340,710.0
Truck98363,601.0
Truck98336,751.0
Truck98319,853.0
Truck98309,904.0
Truck98315,879.0
Truck98355,682.0
Truck98314,894.0
Truck98359,678.0
Truck98323,864.0
Truck98312,929.0
Truck98358,713.0
Truck98371,650.0
Truck98389,565.0
Truck98362,718.0
Truck98390,582.0
Truck98361,730.0
Truck98376,655.0
Truck98431,383.0
Truck98321,939.0
Truck98338,859.0
Truck98386,621.0
Truck98345,831.0
Truck98367,721.0
Truck98383,659.0
Truck98381,670.0
Truck98372,729.0
Truck98407,555.0
Truck98425,468.0
Truck98331,941.0
Truck98352,836.0
Truck98370,748.0
Truck98333,937.0
Truck98374,735.0
Truck98350,863.0
Truck98391,659.0
Truck98400,620.0
Truck98349,878.0
Truck98373,764.0
Truck98320,1036.0
Truck98380,736.0
Truck98341,938.0
Truck98364,834.0
Truck98395,681.0
Truck98354,888.0
Truck98388,720.0
Truck98344,947.0
Truck98375,792.0
Truck98387,732.0
Truck98351,913.0
Truck98410,622.0
Truck98360,873.0
Truck98357,892.0
Truck98422,568.0
Truck98397,696.0
Truck98335,1026.0
Truck98406,676.0
Truck98337,1025.0
Truck98404,690.0
Truck98334,1049.0
Truck98385,794.0
Truck98409,677.0
Truck98398,741.0
Truck98415,663.0
Truck98413,677.0
Truck98369,908.0
Truck98414,685.0
Truck98424,637.0
Truck98366,929.0
Truck98377,875.0
Truck98393,795.0
Truck98416,683.0
Truck98379,869.0
Truck98394,794.0
Truck98442,563.0
Truck98408,735.0
Truck98423,672.0
Truck98421,683.0
Truck98432,634.0
Truck98430,646.0
Truck98469,457.0
Truck98433,646.0
Truck98405,791.0
Truck98445,592.0
Truck98412,762.0
Truck98447,593.0
Truck98459,537.0
Truck98443,621.0
Truck98435,667.0
Truck98438,663.0
Truck98461,549.0
Truck98449,613.0
Truck98418,778.0
Truck98399,879.0
Truck98401,871.0
Truck98453,617.0
Truck98463,567.0
Truck98392,925.0
Truck98437,702.0
Truck98427,753.0
Truck98402,880.0
Truck98434,721.0
Truck98428,754.0
Truck98403,888.0
Truck98356,1124.0
Truck98396,936.0
Truck98446,687.0
Truck98441,720.0
Truck98417,843.0
Truck98384,1015.0
Truck98419,842.0
Truck98467,622.0
Truck98485,554.0
Truck98451,733.0
Truck98439,798.0
Truck98454,736.0
Truck98490,561.0
Truck98420,912.0
Truck98462,702.0
Truck98429,872.0
Truck98440,822.0
Truck98484,614.0
Truck98455,762.0
Truck98436,861.0
Truck98470,692.0
Truck98479,647.0
Truck98495,570.0
Truck98444,835.0
Truck98488,618.0
Truck98472,701.0
Truck98452,802.0
Truck98464,770.0
Truck98493,626.0
Truck98468,754.0
Truck98496,615.0
Truck98458,817.0
Truck98489,665.0
Truck98426,983.0
Truck98487,681.0
Truck98471,763.0
Truck98500,630.0
Truck98448,894.0
Truck98456,859.0
Truck98411,1087.0
Truck98478,754.0
Truck98523,537.0
Truck98450,908.0
Truck98501,654.0
Truck98513,598.0
Truck98527,529.0
Truck98475,792.0
Truck98548,449.0
Truck98465,865.0
Truck98532,537.0
Truck98483,784.0
Truck98477,815.0
Truck98457,917.0
Truck98486,788.0
Truck98480,821.0
Truck98497,737.0
Truck98506,696.0
Truck98491,772.0
Truck98481,824.0
Truck98482,826.0
Truck98512,681.0
Truck98518,659.0
Truck98515,675.0
Truck98476,875.0
Truck98516,681.0
Truck98520,663.0
Truck98492,835.0
Truck98521,690.0
Truck98505,780.0
Truck98503,794.0
Truck98555,538.0
Truck98474,950.0
Truck98499,828.0
Truck98522,721.0
Truck98511,779.0
Truck98530,693.0
Truck98510,798.0
Truck98473,984.0
Truck98508,813.0
Truck98543,643.0
Truck98549,614.0
Truck98583,453.0
Truck98507,843.0
Truck98561,575.0
Truck98531,728.0
Truck98556,610.0
Truck98567,555.0
Truck98504,880.0
Truck98494,933.0
Truck98534,733.0
Truck98514,840.0
Truck98547,675.0
Truck98563,599.0
Truck98537,732.0
Truck98552,661.0
Truck98539,733.0
Truck98529,785.0
Truck98541,727.0
Truck98498,943.0
Truck98574,569.0
Truck98579,545.0
Truck98553,676.0
Truck98586,514.0
Truck98528,810.0
Truck98509,909.0
Truck98573,600.0
Truck98559,673.0
Truck98554,703.0
Truck98517,889.0
Truck98538,784.0
Truck98466,1145.0
Truck98519,883.0
Truck98545,753.0
Truck98581,573.0
Truck98589,534.0
Truck98460,1182.0
Truck98524,872.0
Truck98526,868.0
Truck98536,820.0
Truck98540,805.0
Truck98571,651.0
Truck98557,725.0
Truck98585,594.0
Truck98550,772.0
Truck98535,854.0
Truck98560,732.0
Truck98565,707.0
Truck98525,927.0
Truck98551,799.0
Truck98603,558.0
Truck98588,635.0
Truck98575,705.0
Truck98576,708.0
Truck98569,746.0
Truck98562,784.0
Truck98572,734.0
Truck98619,513.0
Truck98580,709.0
Truck98542,902.0
Truck98502,1103.0
Truck98624,495.0
Truck98546,890.0
Truck98564,801.0
Truck98593,670.0
Truck98621,530.0
Truck98622,531.0
Truck98615,567.0
Truck98607,622.0
Truck98533,997.0
Truck98570,815.0
Truck98591,720.0
Truck98592,727.0
Truck98566,858.0
Truck98628,558.0
Truck98558,916.0
Truck98595,731.0
Truck98601,702.0
Truck98596,732.0
Truck98544,998.0
Truck98590,774.0
Truck98625,604.0
Truck98611,676.0
Truck98604,722.0
Truck98597,760.0
Truck98657,467.0
Truck98587,819.0
Truck98608,715.0
Truck98577,894.0
Truck98613,715.0
Truck98594,816.0
Truck98605,761.0
Truck98610,737.0
Truck98578,902.0
Truck98641,588.0
Truck98614,739.0
Truck98598,827.0
Truck98599,824.0
Truck98609,776.0
Truck98612,761.0
Truck98663,521.0
Truck98650,601.0
Truck98620,760.0
Truck98629,726.0
Truck98649,628.0
Truck98630,724.0
Truck98676,495.0
Truck98659,585.0
Truck98634,715.0
Truck98626,759.0
Truck98616,814.0
Truck98643,685.0
Truck98655,631.0
Truck98602,903.0
Truck98568,1076.0
Truck98645,693.0
Truck98606,893.0
Truck98582,1014.0
Truck98644,715.0
Truck98600,941.0
Truck98637,760.0
Truck98674,575.0
Truck98617,864.0
Truck98651,709.0
Truck98672,605.0
Truck98627,842.0
Truck98695,504.0
Truck98664,660.0
Truck98660,681.0
Truck98683,568.0
Truck98662,678.0
Truck98646,759.0
Truck98668,649.0
Truck98633,828.0
Truck98654,723.0
Truck98687,563.0
Truck98680,602.0
Truck98673,640.0
Truck98661,703.0
Truck98631,858.0
Truck98584,1097.0
Truck98639,830.0
Truck98636,847.0
Truck98632,868.0
Truck98635,857.0
Truck98671,689.0
Truck98685,622.0
Truck98666,729.0
Truck98623,945.0
Truck98618,971.0
Truck98701,556.0
Truck98647,834.0
Truck98656,791.0
Truck98652,812.0
Truck98638,884.0
Truck98648,840.0
Truck98665,773.0
Truck98658,811.0
Truck98708,567.0
Truck98694,657.0
Truck98696,653.0
Truck98653,875.0
Truck98699,649.0
Truck98640,947.0
Truck98733,484.0
Truck98712,593.0
Truck98729,513.0
Truck98669,821.0
Truck98688,740.0
Truck98670,833.0
Truck98711,634.0
Truck98692,735.0
Truck98715,627.0
Truck98723,590.0
Truck98681,801.0
Truck98682,797.0
Truck98718,624.0
Truck98713,652.0
Truck98706,689.0
Truck98667,886.0
Truck98684,805.0
Truck98730,575.0
Truck98697,753.0
Truck98720,647.0
Truck98722,637.0
Truck98690,800.0
Truck98714,680.0
Truck98693,787.0
Truck98734,585.0
Truck98678,868.0
Truck98721,655.0
Truck98677,882.0
Truck98707,735.0
Truck98743,556.0
Truck98719,677.0
Truck98679,880.0
Truck98752,516.0
Truck98698,795.0
Truck98728,648.0
Truck98725,666.0
Truck98758,501.0
Truck98724,686.0
Truck98703,794.0
Truck98675,941.0
Truck98704,798.0
Truck98731,665.0
Truck98710,781.0
Truck98769,503.0
Truck98791,393.0
Truck98700,852.0
Truck98763,541.0
Truck98753,593.0
Truck98691,905.0
Truck98765,550.0
Truck98778,490.0
Truck98709,836.0
Truck98686,956.0
Truck98755,619.0
Truck98726,769.0
Truck98751,645.0
Truck98754,636.0
Truck98642,1204.0
Truck98717,834.0
Truck98776,544.0
Truck98735,750.0
Truck98747,690.0
Truck98732,769.0
Truck98759,645.0
Truck98740,741.0
Truck98772,592.0
Truck98689,1013.0
Truck98716,881.0
Truck98764,644.0
Truck98727,843.0
Truck98738,789.0
Truck98767,648.0
Truck98768,646.0
Truck98745,766.0
Truck98770,653.0
Truck98746,781.0
Truck98761,717.0
Truck98757,746.0
Truck98760,733.0
Truck98739,841.0
Truck98749,793.0
Truck98775,677.0
Truck98766,731.0
Truck98781,658.0
Truck98736,884.0
Truck98744,848.0
Truck98786,642.0
Truck98750,827.0
Truck98821,474.0
Truck98705,1068.0
Truck98771,741.0
Truck98737,912.0
Truck98796,619.0
Truck98762,797.0
Truck98783,693.0
Truck98779,733.0
Truck98810,579.0
Truck98797,656.0
Truck98803,628.0
Truck98702,1145.0
Truck98784,738.0
Truck98807,624.0
Truck98804,645.0
Truck98780,769.0
Truck98741,970.0
Truck98801,675.0
Truck98742,972.0
Truck98782,772.0
Truck98789,737.0
Truck98815,608.0
Truck98793,721.0
Truck98832,526.0
Truck98794,735.0
Truck98790,764.0
Truck98812,662.0
Truck98774,854.0
Truck98792,766.0
Truck98836,555.0
Truck98813,673.0
Truck98788,801.0
Truck98756,963.0
Truck98827,617.0
Truck98806,728.0
Truck98798,770.0
Truck98825,635.0
Truck98831,607.0
Truck98820,663.0
Truck98874,403.0
Truck98785,850.0
Truck98814,706.0
Truck98805,754.0
Truck98824,676.0
Truck98818,708.0
Truck98800,804.0
Truck98852,555.0
Truck98833,665.0
Truck98837,648.0
Truck98875,468.0
Truck98773,979.0
Truck98834,675.0
Truck98819,755.0
Truck98777,967.0
Truck98842,645.0
Truck98809,816.0
Truck98853,596.0
Truck98817,783.0
Truck98844,659.0
Truck98854,610.0
Truck98823,769.0
Truck98829,740.0
Truck98840,687.0
Truck98864,572.0
Truck98892,432.0
Truck98808,869.0
Truck98858,620.0
Truck98846,682.0
Truck98802,908.0
Truck98811,872.0
Truck98748,1194.0
Truck98795,978.0
Truck98828,820.0
Truck98847,732.0
Truck98851,712.0
Truck98838,781.0
Truck98822,866.0
Truck98841,781.0
Truck98850,736.0
Truck98787,1054.0
Truck98862,679.0
Truck98859,695.0
Truck98886,561.0
Truck98861,694.0
Truck98830,856.0
Truck98857,723.0
Truck98879,616.0
Truck98865,691.0
Truck98816,937.0
Truck98839,836.0
Truck98872,672.0
Truck98845,812.0
Truck98799,1052.0
Truck98867,720.0
Truck98866,740.0
Truck98849,835.0
Truck98856,818.0
Truck98881,694.0
Truck98889,660.0
Truck98848,873.0
Truck98826,990.0
Truck98895,652.0
Truck98883,718.0
Truck98843,926.0
Truck98897,661.0
Truck98896,667.0
Truck98835,973.0
Truck98907,614.0
Truck98860,854.0
Truck98877,775.0
Truck98855,887.0
Truck98870,812.0
Truck98898,673.0
Truck98902,653.0
Truck98923,549.0
Truck98884,748.0
Truck98899,676.0
Truck98863,860.0
Truck98887,742.0
Truck98910,628.0
Truck98916,603.0
Truck98911,639.0
Truck98873,830.0
Truck98912,641.0
Truck98891,749.0
Truck98927,571.0
Truck98904,687.0
Truck98956,434.0
Truck98880,815.0
Truck98890,770.0
Truck98918,632.0
Truck98893,772.0
Truck98869,894.0
Truck98888,804.0
Truck98930,598.0
Truck98906,720.0
Truck98937,565.0
Truck98936,575.0
Truck98868,919.0
Truck98894,789.0
Truck98876,882.0
Truck98928,624.0
Truck98957,479.0
Truck98909,723.0
Truck98914,705.0
Truck98885,870.0
Truck98871,945.0
Truck98935,637.0
Truck98944,594.0
Truck98962,504.0
Truck98933,659.0
Truck98940,625.0
Truck98882,928.0
Truck98955,567.0
Truck98963,530.0
Truck98920,748.0
Truck98921,743.0
Truck98942,639.0
Truck98950,604.0
Truck98925,732.0
Truck98932,698.0
Truck98919,769.0
Truck98970,518.0
Truck98913,813.0
Truck98976,498.0
Truck98959,585.0
Truck98931,730.0
Truck98946,657.0
Truck98908,849.0
Truck98947,654.0
Truck98961,586.0
Truck98924,773.0
Truck98915,822.0
Truck98929,767.0
Truck98973,547.0
Truck98982,519.0
Truck98938,745.0
Truck98917,851.0
Truck98926,833.0
Truck98953,712.0
Truck98900,981.0
Truck98943,767.0
Truck98978,592.0
Truck98905,958.0
Truck98972,626.0
Truck98922,880.0
Truck98941,785.0
Truck98983,578.0
Truck98951,745.0
Truck98960,703.0
Truck98934,835.0
Truck98967,670.0
Truck98979,610.0
Truck98952,751.0
Truck98939,817.0
Truck98878,1129.0
Truck98948,784.0
Truck98903,1012.0
Truck98966,699.0
Truck98984,610.0
Truck98975,657.0
Truck98974,668.0
Truck98954,775.0
Truck98901,1041.0
Truck98958,774.0
Truck98965,740.0
Truck98993,604.0
Truck99013,515.0
Truck98969,737.0
Truck99005,567.0
Truck98999,601.0
Truck98949,852.0
Truck99000,599.0
Truck99025,478.0
Truck98945,885.0
Truck98968,775.0
Truck99006,590.0
Truck98964,811.0
Truck98981,727.0
Truck99009,596.0
Truck99023,536.0
Truck99020,579.0
Truck99021,576.0
Truck99015,615.0
Truck98995,734.0
Truck98996,733.0
Truck99018,632.0
Truck99001,718.0
Truck98971,873.0
Truck99024,610.0
Truck99022,639.0
Truck99002,743.0
Truck99029,608.0
Truck99007,723.0
Truck99042,548.0
Truck98985,836.0
Truck99016,681.0
Truck98986,845.0
Truck98980,878.0
Truck99003,765.0
Truck99028,643.0
Truck99034,616.0
Truck98990,840.0
Truck98998,800.0
Truck99054,534.0
Truck99026,675.0
Truck99011,756.0
Truck99036,634.0
Truck99004,805.0
Truck99012,776.0
Truck98991,889.0
Truck98988,909.0
Truck99031,696.0
Truck99010,804.0
Truck99014,784.0
Truck99038,673.0
Truck99032,711.0
Truck99027,741.0
Truck99035,703.0
Truck99043,664.0
Truck99068,540.0
Truck98987,959.0
Truck99019,802.0
Truck99058,608.0
Truck98977,1015.0
Truck98992,949.0
Truck99071,566.0
Truck98994,958.0
Truck99048,689.0
Truck99017,852.0
Truck99045,712.0
Truck99060,641.0
Truck99056,663.0
Truck99050,699.0
Truck99078,562.0
Truck99061,653.0
Truck99077,582.0
Truck99053,718.0
Truck99069,640.0
Truck98989,1041.0
Truck99040,790.0
Truck99049,745.0
Truck99059,700.0
Truck99089,551.0
Truck99052,740.0
Truck99063,685.0
Truck99084,580.0
Truck99055,740.0
Truck99008,977.0
Truck99051,778.0
Truck99108,493.0
Truck99044,818.0
Truck99086,611.0
Truck99127,412.0
Truck99066,718.0
Truck99070,698.0
Truck99065,732.0
Truck99097,574.0
Truck99082,652.0
Truck99030,917.0
Truck99041,868.0
Truck99096,595.0
Truck99057,792.0
Truck99046,849.0
Truck99093,619.0
Truck99064,774.0
Truck99075,723.0
Truck99039,904.0
Truck98997,1117.0
Truck99111,564.0
Truck99081,718.0
Truck99079,734.0
Truck99072,772.0
Truck99073,768.0
Truck99033,971.0
Truck99067,811.0
Truck99088,706.0
Truck99105,624.0
Truck99102,640.0
Truck99109,614.0
Truck99080,764.0
Truck99037,985.0
Truck99083,759.0
Truck99047,941.0
Truck99090,745.0
Truck99074,830.0
Truck99087,773.0
Truck99106,681.0
Truck99132,551.0
Truck99118,627.0
Truck99098,728.0
Truck99115,646.0
Truck99062,912.0
Truck99091,768.0
Truck99103,709.0
Truck99110,676.0
Truck99104,708.0
Truck99100,737.0
Truck99114,667.0
Truck99126,611.0
Truck99085,827.0
Truck99120,671.0
Truck99124,654.0
Truck99076,899.0
Truck99149,537.0
Truck99119,699.0
Truck99131,641.0
Truck99145,571.0
Truck99129,655.0
Truck99117,727.0
Truck99150,569.0
Truck99101,820.0
Truck99113,773.0
Truck99135,666.0
Truck99094,880.0
Truck99112,791.0
Truck99095,877.0
Truck99128,714.0
Truck99141,657.0
Truck99125,740.0
Truck99107,839.0
Truck99092,918.0
Truck99099,883.0
Truck99167,552.0
Truck99140,692.0
Truck99165,570.0
Truck99136,716.0
Truck99162,587.0
Truck99123,783.0
Truck99171,545.0
Truck99159,607.0
Truck99161,601.0
Truck99133,746.0
Truck99143,704.0
Truck99122,815.0
Truck99121,832.0
Truck99169,598.0
Truck99151,696.0
Truck99142,749.0
Truck99158,674.0
Truck99164,645.0
Truck99144,748.0
Truck99177,591.0
Truck99146,747.0
Truck99147,746.0
Truck99134,817.0
Truck99148,754.0
Truck99163,693.0
Truck99116,943.0
Truck99199,547.0
Truck99202,534.0
Truck99155,778.0
Truck99157,778.0
Truck99154,795.0
Truck99139,873.0
Truck99179,673.0
Truck99153,808.0
Truck99175,704.0
Truck99208,549.0
Truck99180,697.0
Truck99184,689.0
Truck99166,791.0
Truck99218,531.0
Truck99198,643.0
Truck99176,754.0
Truck99156,858.0
Truck99138,957.0
Truck99178,757.0
Truck99168,809.0
Truck99173,785.0
Truck99137,971.0
Truck99152,899.0
Truck99174,789.0
Truck99130,1010.0
Truck99189,716.0
Truck99187,737.0
Truck99220,572.0
Truck99172,815.0
Truck99206,646.0
Truck99238,492.0
Truck99182,791.0
Truck99200,706.0
Truck99185,783.0
Truck99201,705.0
Truck99194,748.0
Truck99212,665.0
Truck99188,790.0
Truck99192,787.0
Truck99231,596.0
Truck99186,824.0
Truck99213,689.0
Truck99217,673.0
Truck99229,615.0
Truck99222,652.0
Truck99196,789.0
Truck99191,815.0
Truck99160,974.0
Truck99203,762.0
Truck99235,602.0
Truck99183,865.0
Truck99221,677.0
Truck99216,707.0
Truck99223,675.0
Truck99207,759.0
Truck99370,579.0
Truck99365,609.0
Truck99361,633.0
Truck99368,625.0
Truck99373,612.0
Truck99374,649.0
Truck99394,558.0
Truck99369,684.0
Truck99377,648.0
Truck99364,721.0
Truck99375,671.0
Truck99391,594.0
Truck99360,753.0
Truck99400,555.0
Truck99367,730.0
Truck99396,586.0
Truck99392,620.0
Truck99379,691.0
Truck99387,651.0
Truck99403,575.0
Truck99398,612.0
Truck99405,580.0
Truck99362,806.0
Truck99397,644.0
Truck99384,713.0
Truck99376,755.0
Truck99393,670.0
Truck99363,821.0
Truck99401,636.0
Truck99395,668.0
Truck99388,708.0
Truck99372,795.0
Truck99404,645.0
Truck99410,626.0
Truck99381,780.0
Truck99383,773.0
Truck99436,512.0
Truck99406,671.0
Truck99382,806.0
Truck99425,593.0
Truck99385,795.0
Truck99389,779.0
Truck99417,649.0
Truck99432,575.0
Truck99378,851.0
Truck99422,638.0
Truck99426,620.0
Truck99428,622.0
Truck99366,933.0
Truck99447,531.0
Truck99371,918.0
Truck99420,674.0
Truck99441,577.0
Truck99416,710.0
Truck99390,842.0
Truck99386,868.0
Truck99409,760.0
Truck99427,670.0
Truck99399,820.0
Truck99450,568.0
Truck99452,563.0
Truck99435,659.0
Truck99415,765.0
Truck99411,786.0
Truck99419,747.0
Truck99445,621.0
Truck99454,577.0
Truck99407,813.0
Truck99408,809.0
Truck99446,623.0
Truck99380,964.0
Truck99413,803.0
Truck99412,811.0
Truck99421,769.0
Truck99430,724.0
Truck99434,713.0
Truck99443,669.0
Truck99465,584.0
Truck99423,795.0
Truck99460,611.0
Truck99444,692.0
Truck99439,723.0
Truck99451,665.0
Truck99458,631.0
Truck99429,794.0
Truck99448,709.0
Truck99418,863.0
Truck99431,802.0
Truck99475,583.0
Truck99424,841.0
Truck99402,954.0
Truck99470,620.0
Truck99456,701.0
Truck99473,619.0
Truck99438,802.0
Truck99433,838.0
Truck99464,690.0
Truck99461,710.0
Truck99466,691.0
Truck99474,652.0
Truck99459,732.0
Truck99483,619.0
Truck99442,827.0
Truck99484,617.0
Truck99414,973.0
Truck99453,779.0
Truck99489,602.0
Truck99467,722.0
Truck99496,581.0
Truck99498,573.0
Truck99486,634.0
Truck99437,881.0
Truck99471,713.0
Truck99472,712.0
Truck99477,705.0
Truck99485,673.0
Truck99482,698.0
Truck99514,541.0
Truck99469,770.0
Truck99440,916.0
Truck99503,602.0
Truck99457,839.0
Truck99481,726.0
Truck99510,587.0
Truck99506,619.0
Truck99497,667.0
Truck99508,616.0
Truck99488,718.0
Truck99526,529.0
Truck99476,789.0
Truck99462,866.0
Truck99455,906.0
Truck99449,942.0
Truck99521,586.0
Truck99519,606.0
Truck99524,581.0
Truck99495,728.0
Truck99512,647.0
Truck99493,747.0
Truck99480,818.0
Truck99492,760.0
Truck99468,888.0
Truck99505,710.0
Truck99540,547.0
Truck99499,757.0
Truck99520,652.0
Truck99487,822.0
Truck99511,707.0
Truck99543,565.0
Truck99532,638.0
Truck99501,795.0
Truck99522,694.0
Truck99525,680.0
Truck99549,562.0
Truck99533,644.0
Truck99537,625.0
Truck99531,656.0
Truck99552,560.0
Truck99513,774.0
Truck99500,846.0
Truck99555,571.0
Truck99479,952.0
Truck99523,743.0
Truck99536,686.0
Truck99515,795.0
Truck99562,561.0
Truck99534,703.0
Truck99478,984.0
Truck99491,919.0
Truck99490,927.0
Truck99528,740.0
Truck99529,737.0
Truck99463,1072.0
Truck99563,577.0
Truck99509,864.0
Truck99566,580.0
Truck99507,880.0
Truck99539,721.0
Truck99579,523.0
Truck99516,839.0
Truck99538,742.0
Truck99494,963.0
Truck99541,737.0
Truck99567,608.0
Truck99502,935.0
Truck99556,665.0
Truck99517,873.0
Truck99558,672.0
Truck99542,761.0
Truck99559,681.0
Truck99560,676.0
Truck99561,674.0
Truck99504,969.0
Truck99530,840.0
Truck99546,761.0
Truck99545,770.0
Truck99518,915.0
Truck99571,658.0
Truck99548,776.0
Truck99586,593.0
Truck99547,794.0
Truck99584,613.0
Truck99570,690.0
Truck99554,775.0
Truck99557,761.0
Truck99568,706.0
Truck99572,690.0
Truck99594,595.0
Truck99583,651.0
Truck99565,748.0
Truck99550,828.0
Truck99564,764.0
Truck99574,728.0
Truck99544,883.0
Truck99605,578.0
Truck99527,970.0
Truck99551,855.0
Truck99619,517.0
Truck99595,646.0
Truck99575,759.0
Truck99589,697.0
Truck99608,605.0
Truck99578,759.0
Truck99577,768.0
Truck99573,794.0
Truck99616,590.0
Truck99615,597.0
Truck99609,637.0
Truck99648,444.0
Truck99611,632.0
Truck99535,1016.0
Truck99607,657.0
Truck99553,934.0
Truck99623,588.0
Truck99614,651.0
Truck99600,724.0
Truck99576,846.0
Truck99591,775.0
Truck99597,746.0
Truck99604,727.0
Truck99590,804.0
Truck99581,853.0
Truck99569,916.0
Truck99638,574.0
Truck99632,613.0
Truck99635,600.0
Truck99633,612.0
Truck99634,618.0
Truck99592,831.0
Truck99610,742.0
Truck99580,896.0
Truck99599,806.0
Truck99603,793.0
Truck99628,668.0
Truck99598,826.0
Truck99639,624.0
Truck99627,688.0
Truck99588,886.0
Truck99646,600.0
Truck99652,570.0
Truck99620,732.0
Truck99596,855.0
Truck99631,681.0
Truck99587,905.0
Truck99601,838.0
Truck99645,621.0
Truck99585,922.0
Truck99654,583.0
Truck99626,728.0
Truck99659,564.0
Truck99582,952.0
Truck99643,650.0
Truck99644,647.0
Truck99663,555.0
Truck99657,588.0
Truck99667,550.0
Truck99602,877.0
Truck99613,825.0
Truck99606,861.0
Truck99622,785.0
Truck99641,690.0
Truck99640,709.0
Truck99593,945.0
Truck99656,664.0
Truck99612,889.0
Truck99683,555.0
Truck99630,821.0
Truck99662,661.0
Truck99669,626.0
Truck99647,737.0
Truck99678,583.0
Truck99618,892.0
Truck99624,873.0
Truck99672,635.0
Truck99658,709.0
Truck99621,895.0
Truck99666,676.0
Truck99653,742.0
Truck99660,711.0
Truck99625,887.0
Truck99655,740.0
Truck99696,538.0
Truck99629,888.0
Truck99680,639.0
Truck99649,810.0
Truck99637,874.0
Truck99668,720.0
Truck99673,699.0
Truck99679,674.0
Truck99685,653.0
Truck99642,872.0
Truck99671,731.0
Truck99718,496.0
Truck99650,843.0
Truck99661,795.0
Truck99651,846.0
Truck99676,725.0
Truck99665,784.0
Truck99636,930.0
Truck99700,612.0
Truck99688,675.0
Truck99687,684.0
Truck99727,485.0
Truck99701,618.0
Truck99617,1055.0
Truck99684,725.0
Truck99689,703.0
Truck99670,800.0
Truck99682,740.0
Truck99686,721.0
Truck99706,625.0
Truck99690,711.0
Truck99664,859.0
Truck99756,399.0
Truck99677,803.0
Truck99709,646.0
Truck99674,837.0
Truck99699,728.0
Truck99704,706.0
Truck99691,776.0
Truck99716,652.0
Truck99711,678.0
Truck99737,549.0
Truck99705,716.0
Truck99747,512.0
Truck99681,850.0
Truck99717,688.0
Truck99723,680.0
Truck99713,747.0
Truck99726,682.0
Truck99725,691.0
Truck99698,827.0
Truck99742,610.0
Truck99730,679.0
Truck99697,852.0
Truck99734,668.0
Truck99693,879.0
Truck99752,586.0
Truck99702,841.0
Truck99744,641.0
Truck99729,726.0
Truck99712,813.0
Truck99707,842.0
Truck99721,774.0
Truck99731,727.0
Truck99741,689.0
Truck99675,1021.0
Truck99758,606.0
Truck99714,829.0
Truck99771,549.0
Truck99703,892.0
Truck99720,813.0
Truck99722,805.0
Truck99694,946.0
Truck99695,942.0
Truck99692,971.0
Truck99719,839.0
Truck99769,594.0
Truck99749,695.0
Truck99735,769.0
Truck99743,739.0
Truck99728,826.0
Truck99770,617.0
Truck99708,929.0
Truck99732,810.0
Truck99740,770.0
Truck99765,663.0
Truck99808,462.0
Truck99746,776.0
Truck99733,847.0
Truck99736,834.0
Truck99748,775.0
Truck99754,745.0
Truck99755,750.0
Truck99738,836.0
Truck99715,953.0
Truck99739,848.0
Truck99774,674.0
Truck99797,559.0
Truck99751,792.0
Truck99763,732.0
Truck99757,765.0
Truck99764,734.0
Truck99802,546.0
Truck99785,636.0
Truck99778,672.0
Truck99724,949.0
Truck99796,596.0
Truck99790,634.0
Truck99784,665.0
Truck99772,728.0
Truck99817,504.0
Truck99807,564.0
Truck99786,672.0
Truck99745,878.0
Truck99779,708.0
Truck99750,855.0
Truck99760,813.0
Truck99798,623.0
Truck99816,536.0
Truck99822,508.0
Truck99762,820.0
Truck99812,578.0
Truck99753,875.0
Truck99815,567.0
Truck99761,839.0
Truck99831,500.0
Truck99767,830.0
Truck99768,826.0
Truck99710,1122.0
Truck99787,737.0
Truck99805,648.0
Truck99792,714.0
Truck99782,766.0
Truck99793,717.0
Truck99791,728.0
Truck99823,578.0
Truck99759,900.0
Truck99789,757.0
Truck99777,821.0
Truck99811,658.0
Truck99829,579.0
Truck99824,615.0
Truck99800,746.0
Truck99775,872.0
Truck99776,870.0
Truck99836,579.0
Truck99773,904.0
Truck99837,590.0
Truck99834,610.0
Truck99783,876.0
Truck99795,816.0
Truck99850,546.0
Truck99859,502.0
Truck99801,808.0
Truck99833,655.0
Truck99781,918.0
Truck99843,611.0
Truck99826,705.0
Truck99838,654.0
Truck99875,469.0
Truck99851,594.0
Truck99804,833.0
Truck99814,783.0
Truck99794,884.0
Truck99845,629.0
Truck99803,841.0
Truck99846,634.0
Truck99855,591.0
Truck99766,1038.0
Truck99806,846.0
Truck99809,832.0
Truck99849,639.0
Truck99799,906.0
Truck99852,641.0
Truck99877,521.0
Truck99788,970.0
Truck99874,540.0
Truck99856,633.0
Truck99860,616.0
Truck99813,856.0
Truck99825,808.0
Truck99827,807.0
Truck99868,608.0
Truck99895,479.0
Truck99840,761.0
Truck99857,686.0
Truck99819,877.0
Truck99830,838.0
Truck99863,683.0
Truck99887,563.0
Truck99847,764.0
Truck99841,803.0
Truck99878,618.0
Truck99861,708.0
Truck99820,914.0
Truck99842,804.0
Truck99780,1119.0
Truck99880,633.0
Truck99828,897.0
Truck99848,811.0
Truck99864,732.0
Truck99865,736.0
Truck99818,973.0
Truck99885,640.0
Truck99862,757.0
Truck99872,714.0
Truck99839,882.0
Truck99905,566.0
Truck99883,682.0
Truck99897,619.0
Truck99873,746.0
Truck99900,620.0
Truck99879,733.0
Truck99858,844.0
Truck99906,608.0
Truck99835,965.0
Truck99890,690.0
Truck99893,680.0
Truck99821,1043.0
Truck99867,816.0
Truck99896,677.0
Truck99908,617.0
Truck99898,669.0
Truck99844,940.0
Truck99832,1004.0
Truck99854,895.0
Truck99894,705.0
Truck99869,833.0
Truck99888,745.0
Truck99917,608.0
Truck99853,929.0
Truck99884,777.0
Truck99909,653.0
Truck99901,700.0
Truck99871,859.0
Truck99810,1169.0
Truck99932,565.0
Truck99920,627.0
Truck99903,713.0
Truck99866,900.0
Truck99911,679.0
Truck99924,615.0
Truck99889,793.0
Truck99902,731.0
Truck99907,709.0
Truck99904,730.0
Truck99891,798.0
Truck99881,853.0
Truck99876,886.0
Truck99923,655.0
Truck99870,927.0
Truck99942,568.0
Truck99948,549.0
Truck99925,675.0
Truck99947,569.0
Truck99899,811.0
Truck99910,766.0
Truck99949,572.0
Truck99929,677.0
Truck99953,560.0
Truck99915,759.0
Truck99916,759.0
Truck99926,715.0
Truck99935,674.0
Truck99944,629.0
Truck99918,769.0
Truck99938,670.0
Truck99886,935.0
Truck99913,807.0
Truck99914,804.0
Truck99940,676.0
Truck99931,729.0
Truck99945,659.0
Truck99927,755.0
Truck99882,985.0
Truck99937,722.0
Truck99943,699.0
Truck99941,715.0
Truck99933,756.0
Truck99919,830.0
Truck99951,671.0
Truck99957,643.0
Truck99952,669.0
Truck99954,659.0
Truck99950,680.0
Truck99960,630.0
Truck99912,873.0
Truck99921,833.0
Truck99936,759.0
Truck99928,802.0
Truck99988,502.0
Truck99961,638.0
Truck99939,749.0
Truck99956,671.0
Truck99959,677.0
Truck99892,1015.0
Truck99930,833.0
Truck99922,886.0
Truck99993,540.0
Truck99964,691.0
Truck99985,587.0
Truck99962,709.0
Truck99971,664.0
Truck99981,631.0
Truck99998,549.0
Truck99979,661.0
Truck99955,798.0
Truck99966,754.0
Truck99963,776.0
Truck99989,660.0
Truck99983,691.0
Truck99994,641.0
Truck99934,951.0
Truck99986,697.0
Truck99972,768.0
Truck99967,800.0
Truck100011,582.0
Truck100018,551.0
Truck99965,834.0
Truck99984,739.0
Truck99946,939.0
Truck99995,697.0
Truck99976,793.0
Truck100005,653.0
Truck100033,515.0
Truck99982,772.0
Truck99997,705.0
Truck99990,741.0
Truck100010,646.0
Truck100001,697.0
Truck100015,629.0
Truck99958,917.0
Truck100012,653.0
Truck100014,652.0
Truck100025,598.0
Truck100009,684.0
Truck100036,551.0
Truck99974,866.0
Truck100000,743.0
Truck99999,752.0
Truck100022,657.0
Truck99970,919.0
Truck99991,816.0
Truck99996,795.0
Truck100021,672.0
Truck99968,940.0
Truck99973,915.0
Truck99992,825.0
Truck99969,949.0
Truck100050,549.0
Truck99977,922.0
Truck100017,729.0
Truck100039,620.0
Truck100026,695.0
Truck99978,942.0
Truck100023,722.0
Truck100044,620.0
Truck100004,824.0
Truck100008,812.0
Truck100046,627.0
Truck100020,763.0
Truck100028,727.0
Truck100045,644.0
Truck99980,974.0
Truck100031,719.0
Truck100054,607.0
Truck99975,1004.0
Truck100013,815.0
Truck100052,627.0
Truck99987,957.0
Truck100037,707.0
Truck100040,700.0
Truck100042,695.0
Truck100002,902.0
Truck100029,769.0
Truck100051,659.0
Truck100019,820.0
Truck100034,775.0
Truck100032,788.0
Truck100047,714.0
Truck100079,558.0
Truck100048,727.0
Truck100073,607.0
Truck100016,896.0
Truck100059,693.0
Truck100006,960.0
Truck100027,861.0
Truck100057,712.0
Truck100003,983.0
Truck100030,848.0
Truck100007,972.0
Truck100071,654.0
Truck100081,605.0
Truck100066,683.0
Truck100089,570.0
Truck100038,834.0
Truck100074,655.0
Truck100053,763.0
Truck100061,728.0
Truck100056,756.0
Truck100094,569.0
Truck100095,571.0
Truck100024,928.0
Truck100049,805.0
Truck100035,878.0
Truck100041,850.0
Truck100096,585.0
Truck100062,765.0
Truck100128,436.0
Truck100077,694.0
Truck100088,649.0
Truck100092,634.0
Truck100114,524.0
Truck100078,711.0
Truck100060,805.0
Truck100055,835.0
Truck100069,769.0
Truck100083,699.0
Truck100102,604.0
Truck100075,747.0
Truck100068,784.0
Truck100080,729.0
Truck100065,809.0
Truck100104,615.0
Truck100106,605.0
Truck100063,821.0
Truck100058,849.0
Truck100091,685.0
Truck100110,600.0
Truck100082,743.0
Truck100098,671.0
Truck100076,783.0
Truck100084,749.0
Truck100043,974.0
Truck100101,697.0
Truck100067,868.0
Truck100127,570.0
Truck100105,692.0
Truck100115,647.0
Truck100100,726.0
Truck100107,691.0
Truck100109,684.0
Truck100113,666.0
Truck100085,810.0
Truck100090,786.0
Truck100143,529.0
Truck100111,698.0
Truck100121,651.0
Truck100116,680.0
Truck100140,563.0
Truck100097,791.0
Truck100112,726.0
Truck100122,677.0
Truck100070,943.0
Truck100064,975.0
Truck100086,865.0
Truck100130,649.0
Truck100136,620.0
Truck100139,610.0
Truck100132,654.0
Truck100134,648.0
Truck100072,962.0
Truck100126,692.0
Truck100165,507.0
Truck100108,794.0
Truck100099,842.0
Truck100093,873.0
Truck100148,602.0
Truck100118,768.0
Truck100133,698.0
Truck100087,932.0
Truck100103,853.0
Truck100135,704.0
Truck100155,604.0
Truck100131,731.0
Truck100124,767.0
Truck100119,806.0
Truck100125,783.0
Truck100150,658.0
Truck100123,794.0
Truck100129,764.0
Truck100137,725.0
Truck100158,623.0
Truck100159,641.0
Truck100146,726.0
Truck100189,516.0
Truck100154,705.0
Truck100162,670.0
Truck100152,722.0
Truck100166,663.0
Truck100138,809.0
Truck100178,609.0
Truck100120,900.0
Truck100147,777.0
Truck100145,788.0
Truck100170,668.0
Truck100194,552.0
Truck100151,770.0
Truck100117,943.0
Truck100171,677.0
Truck100183,624.0
Truck100144,831.0
Truck100193,588.0
Truck100205,536.0
Truck100175,688.0
Truck100163,760.0
Truck100187,642.0
Truck100169,734.0
Truck100177,697.0
Truck100180,682.0
Truck100173,718.0
Truck100210,533.0
Truck100191,632.0
Truck100179,693.0
Truck100201,585.0
Truck100161,788.0
Truck100174,731.0
Truck100167,771.0
Truck100208,567.0
Truck100224,505.0
Truck100186,698.0
Truck100197,660.0
Truck100216,565.0
Truck100153,884.0
Truck100226,534.0
Truck100142,960.0
Truck100196,690.0
Truck100149,929.0
Truck100172,815.0
Truck100188,742.0
Truck100190,737.0
Truck100200,688.0
Truck100141,993.0
Truck100207,671.0
Truck100195,732.0
Truck100164,892.0
Truck100182,807.0
Truck100230,578.0
Truck100181,824.0
Truck100211,674.0
Truck100236,558.0
Truck100254,477.0
Truck100156,973.0
Truck100185,837.0
Truck100218,682.0
Truck100160,976.0
Truck100204,756.0
Truck100184,860.0
Truck100209,747.0
Truck100240,598.0
Truck100222,690.0
Truck100198,817.0
Truck100202,797.0
Truck100192,849.0
Truck100237,624.0
Truck100229,667.0
Truck100219,725.0
Truck100231,666.0
Truck100232,669.0
Truck100220,734.0
Truck100234,666.0
Truck100157,1055.0
Truck100215,778.0
Truck100212,796.0
Truck100217,774.0
Truck100199,865.0
Truck100245,635.0
Truck100247,626.0
Truck100233,697.0
Truck100206,837.0
Truck100276,496.0
Truck100214,813.0
Truck100268,544.0
Truck100272,524.0
Truck100253,629.0
Truck100258,604.0
Truck100168,1057.0
Truck100223,785.0
Truck100239,705.0
Truck100235,729.0
Truck100244,685.0
Truck100280,507.0
Truck100213,859.0
Truck100250,681.0
Truck100228,803.0
Truck100238,754.0
Truck100267,609.0
Truck100264,626.0
Truck100252,694.0
Truck100243,747.0
Truck100203,949.0
Truck100262,662.0
Truck100221,869.0
Truck100225,855.0
Truck100275,609.0
Truck100259,690.0
Truck100260,685.0
Truck100176,1112.0
Truck100241,788.0
Truck100277,619.0
Truck100251,750.0
Truck100227,871.0
Truck100265,695.0
Truck100248,783.0
Truck100242,822.0
Truck100270,688.0
Truck100307,503.0
Truck100263,729.0
Truck100306,519.0
Truck100266,722.0
Truck100288,620.0
Truck100285,636.0
Truck100279,667.0
Truck100246,833.0
Truck100261,758.0
Truck100249,821.0
Truck100295,593.0
Truck100274,701.0
Truck100257,788.0
Truck100269,729.0
Truck100292,618.0
Truck100289,637.0
Truck100299,594.0
Truck100310,544.0
Truck100304,591.0
Truck100273,750.0
Truck100271,762.0
Truck100316,548.0
Truck100311,581.0
Truck100256,859.0
Truck100338,456.0
Truck100315,573.0
Truck100300,654.0
Truck100278,768.0
Truck100305,640.0
Truck100286,744.0
Truck100283,767.0
Truck100303,669.0
Truck100334,522.0
Truck100255,918.0
Truck100281,788.0
Truck100308,661.0
Truck100302,702.0
Truck100298,732.0
Truck100291,768.0
Truck100287,792.0
Truck100332,572.0
Truck100296,757.0
Truck100364,428.0
Truck100335,578.0
Truck100282,844.0
Truck100336,576.0
Truck100317,676.0
Truck100309,719.0
Truck100328,631.0
Truck100290,827.0
Truck100314,712.0
Truck100312,724.0
Truck100323,671.0
Truck100293,822.0
Truck100318,697.0
Truck100324,673.0
Truck100319,699.0
Truck100325,681.0
Truck100297,823.0
Truck100313,762.0
Truck100284,909.0
Truck100340,636.0
Truck100341,632.0
Truck100348,602.0
Truck100360,552.0
Truck100321,748.0
Truck100362,551.0
Truck100337,694.0
Truck100339,685.0
Truck100326,753.0
Truck100361,584.0
Truck100322,780.0
Truck100351,645.0
Truck100357,617.0
Truck100342,706.0
Truck100367,581.0
Truck100358,629.0
Truck100345,697.0
Truck100330,774.0
Truck100320,849.0
Truck100333,785.0
Truck100366,631.0
Truck100355,687.0
Truck100376,585.0
Truck100350,716.0
Truck100331,821.0
Truck100372,616.0
Truck100343,770.0
Truck100359,700.0
Truck100347,766.0
Truck100391,549.0
Truck100353,744.0
Truck100346,787.0
Truck100374,649.0
Truck100395,544.0
Truck100380,620.0
Truck100329,884.0
Truck100375,654.0
Truck100363,721.0
Truck100384,618.0
Truck100389,600.0
Truck100301,1044.0
Truck100365,736.0
Truck100413,497.0
Truck100356,801.0
Truck100415,511.0
Truck100379,696.0
Truck100397,612.0
Truck100386,668.0
Truck100294,1133.0
Truck100368,768.0
Truck100382,707.0
Truck100381,719.0
Truck100430,479.0
Truck100327,995.0
Truck100349,893.0
Truck100396,659.0
Truck100425,525.0
Truck100383,736.0
Truck100378,769.0
Truck100405,635.0
Truck100421,556.0
Truck100417,601.0
Truck100422,586.0
Truck100401,696.0
Truck100400,704.0
Truck100370,866.0
Truck100403,707.0
Truck100373,859.0
Truck100399,729.0
Truck100369,880.0
Truck100441,522.0
Truck100387,800.0
Truck100412,680.0
Truck100390,792.0
Truck100410,696.0
Truck100407,718.0
Truck100436,577.0
Truck100352,999.0
Truck100409,715.0
Truck100420,671.0
Truck100445,547.0
Truck100392,813.0
Truck100354,1009.0
Truck100406,752.0
Truck100443,572.0
Truck100435,614.0
Truck100434,627.0
Truck100393,846.0
Truck100455,551.0
Truck100416,751.0
Truck100388,897.0
Truck100344,1129.0
Truck100424,731.0
Truck100408,814.0
Truck100439,667.0
Truck100457,579.0
Truck100411,813.0
Truck100404,851.0
Truck100426,743.0
Truck100466,558.0
Truck100371,1036.0
Truck100385,966.0
Truck100414,823.0
Truck100458,605.0
Truck100442,687.0
Truck100465,572.0
Truck100477,517.0
Truck100474,534.0
Truck100440,705.0
Truck100464,586.0
Truck100450,658.0
Truck100452,655.0
Truck100456,651.0
Truck100398,945.0
Truck100377,1056.0
Truck100438,757.0
Truck100419,871.0
Truck100491,516.0
Truck100402,964.0
Truck100427,839.0
Truck100446,752.0
Truck100468,647.0
Truck100479,602.0
Truck100418,909.0
Truck100475,627.0
Truck100478,618.0
Truck100431,861.0
Truck100428,879.0
Truck100447,784.0
Truck100437,835.0
Truck100454,751.0
Truck100461,729.0
Truck100444,823.0
Truck100472,683.0
Truck100469,704.0
Truck100476,672.0
Truck100448,818.0
Truck100473,701.0
Truck100470,718.0
Truck100490,619.0
Truck100493,607.0
Truck100394,1103.0
Truck100433,912.0
Truck100462,770.0
Truck100432,922.0
Truck100501,580.0
Truck100489,652.0
Truck100498,607.0
Truck100423,990.0
Truck100482,700.0
Truck100451,866.0
Truck100481,727.0
Truck100508,595.0
Truck100492,679.0
Truck100521,539.0
Truck100495,673.0
Truck100512,590.0
Truck100484,732.0
Truck100526,526.0
Truck100460,857.0
Truck100449,913.0
Truck100511,606.0
Truck100487,727.0
Truck100467,830.0
Truck100504,645.0
Truck100518,587.0
Truck100471,824.0
Truck100453,919.0
Truck100507,656.0
Truck100486,763.0
Truck100523,579.0
Truck100480,802.0
Truck100510,657.0
Truck100516,634.0
Truck100509,671.0
Truck100429,1074.0
Truck100483,808.0
Truck100494,766.0
Truck100517,659.0
Truck100505,722.0
Truck100488,816.0
Truck100513,694.0
Truck100463,954.0
Truck100500,777.0
Truck100485,860.0
Truck100536,610.0
Truck100527,669.0
Truck100514,735.0
Truck100520,711.0
Truck100459,1021.0
Truck100497,832.0
Truck100499,823.0
Truck100515,764.0
Truck100524,721.0
Truck100506,814.0
Truck100565,523.0
Truck100532,701.0
Truck100528,737.0
Truck100531,723.0
Truck100564,562.0
Truck100503,873.0
Truck100519,796.0
Truck100568,559.0
Truck100525,779.0
Truck100540,705.0
Truck100533,749.0
Truck100559,633.0
Truck100542,722.0
Truck100496,956.0
Truck100544,720.0
Truck100546,718.0
Truck100522,840.0
Truck100535,777.0
Truck100552,699.0
Truck100574,589.0
Truck100537,775.0
Truck100553,696.0
Truck100577,577.0
Truck100530,818.0
Truck100555,693.0
Truck100547,750.0
Truck100570,648.0
Truck100580,605.0
Truck100576,627.0
Truck100539,814.0
Truck100590,562.0
Truck100550,765.0
Truck100583,621.0
Truck100529,893.0
Truck100541,834.0
Truck100548,802.0
Truck100588,607.0
Truck100584,628.0
Truck100560,756.0
Truck100538,867.0
Truck100554,796.0
Truck100589,621.0
Truck100556,788.0
Truck100587,633.0
Truck100502,1077.0
Truck100551,836.0
Truck100578,705.0
Truck100605,572.0
Truck100563,784.0
Truck100572,742.0
Truck100593,637.0
Truck100573,741.0
Truck100549,865.0
Truck100545,891.0
Truck100606,590.0
Truck100562,820.0
Truck100558,841.0
Truck100557,876.0
Truck100579,767.0
Truck100599,678.0
Truck100591,721.0
Truck100598,688.0
Truck100603,664.0
Truck100601,681.0
Truck100618,597.0
Truck100582,781.0
Truck100597,707.0
Truck100567,864.0
Truck100561,898.0
Truck100543,992.0
Truck100595,733.0
Truck100571,857.0
Truck100626,583.0
Truck100569,870.0
Truck100534,1049.0
Truck100611,676.0
Truck100615,658.0
Truck100617,649.0
Truck100608,695.0
Truck100592,781.0
Truck100622,636.0
Truck100610,697.0
Truck100659,455.0
Truck100581,856.0
Truck100627,627.0
Truck100614,699.0
Truck100607,740.0
Truck100586,852.0
Truck100616,709.0
Truck100613,730.0
Truck100585,904.0
Truck100656,551.0
Truck100575,961.0
Truck100566,1014.0
Truck100643,635.0
Truck100631,701.0
Truck100648,617.0
Truck100596,882.0
Truck100630,714.0
Truck100623,756.0
Truck100649,626.0
Truck100635,697.0
Truck100650,625.0
Truck100669,531.0
Truck100609,833.0
Truck100594,914.0
Truck100632,724.0
Truck100604,865.0
Truck100641,681.0
Truck100620,793.0
Truck100625,770.0
Truck100621,800.0
Truck100600,908.0
Truck100637,724.0
Truck100657,625.0
Truck100636,734.0
Truck100619,825.0
Truck100639,729.0
Truck100612,870.0
Truck100624,815.0
Truck100703,432.0
Truck100653,688.0
Truck100694,487.0
Truck100660,665.0
Truck100658,679.0
Truck100634,802.0
Truck100691,519.0
Truck100662,667.0
Truck100673,613.0
Truck100628,840.0
Truck100667,657.0
Truck100690,544.0
average,727.8544274455262
