ID,travel_time
Truck230418,375.0
Truck230419,382.0
Truck230402,448.0
Truck230401,457.0
Truck230427,397.0
Truck230404,460.0
Truck230433,399.0
Truck230412,451.0
Truck230432,427.0
Truck230450,400.0
Truck230416,495.0
Truck230443,433.0
Truck230409,520.0
Truck230440,441.0
Truck230422,497.0
Truck230417,513.0
Truck230463,409.0
Truck230438,479.0
Truck230434,502.0
Truck230435,518.0
Truck230400,608.0
Truck230447,495.0
Truck230403,615.0
Truck230423,570.0
Truck230455,493.0
Truck230413,602.0
Truck230407,623.0
Truck230429,576.0
Truck230495,418.0
Truck230408,634.0
Truck230466,489.0
Truck230497,416.0
Truck230467,492.0
Truck230478,469.0
Truck230486,455.0
Truck230406,662.0
Truck230439,583.0
Truck230479,483.0
Truck230436,590.0
Truck230448,560.0
Truck230410,656.0
Truck230518,387.0
Truck230469,515.0
Truck230473,507.0
Truck230424,629.0
Truck230426,624.0
Truck230456,553.0
Truck230437,606.0
Truck230464,539.0
Truck230477,512.0
Truck230431,630.0
Truck230449,587.0
Truck230492,480.0
Truck230425,651.0
Truck230420,663.0
Truck230491,489.0
Truck230471,540.0
Truck230481,515.0
Truck230421,668.0
Truck230428,651.0
Truck230480,523.0
Truck230519,429.0
Truck230512,445.0
Truck230522,420.0
Truck230446,618.0
Truck230470,558.0
Truck230490,510.0
Truck230411,711.0
Truck230484,528.0
Truck230496,499.0
Truck230453,616.0
Truck230445,637.0
Truck230415,718.0
Truck230452,623.0
Truck230485,544.0
Truck230442,653.0
Truck230454,625.0
Truck230501,519.0
Truck230505,509.0
Truck230441,670.0
Truck230444,661.0
Truck230451,646.0
Truck230460,623.0
Truck230483,569.0
Truck230482,570.0
Truck230542,425.0
Truck230462,627.0
Truck230474,597.0
Truck230457,644.0
Truck230515,499.0
Truck230502,533.0
Truck230509,518.0
Truck230459,646.0
Truck230476,603.0
Truck230414,761.0
Truck230430,745.0
Truck230468,653.0
Truck230488,604.0
Truck230493,596.0
Truck230487,612.0
Truck230506,563.0
Truck230525,519.0
Truck230537,489.0
Truck230526,521.0
Truck230514,555.0
Truck230458,696.0
Truck230507,577.0
Truck230571,419.0
Truck230516,560.0
Truck230461,711.0
Truck230472,681.0
Truck230510,587.0
Truck230504,606.0
Truck230405,859.0
Truck230500,623.0
Truck230528,553.0
Truck230517,586.0
Truck230532,547.0
Truck230527,569.0
Truck230494,656.0
Truck230607,382.0
Truck230508,628.0
Truck230580,448.0
Truck230574,464.0
Truck230534,565.0
Truck230597,411.0
Truck230561,507.0
Truck230617,368.0
Truck230549,543.0
Truck230498,670.0
Truck230557,525.0
Truck230541,568.0
Truck230568,500.0
Truck230523,621.0
Truck230567,522.0
Truck230569,519.0
Truck230553,561.0
Truck230551,568.0
Truck230547,579.0
Truck230610,420.0
Truck230572,516.0
Truck230545,588.0
Truck230611,425.0
Truck230535,616.0
Truck230546,589.0
Truck230600,454.0
Truck230536,615.0
Truck230533,632.0
Truck230511,693.0
Truck230589,502.0
Truck230564,572.0
Truck230563,578.0
Truck230566,569.0
Truck230524,675.0
Truck230598,495.0
Truck230613,461.0
Truck230616,457.0
Truck230626,432.0
Truck230513,721.0
Truck230521,705.0
Truck230540,655.0
Truck230575,572.0
Truck230550,634.0
Truck230636,420.0
Truck230475,826.0
Truck230555,627.0
Truck230559,625.0
Truck230538,676.0
Truck230565,611.0
Truck230620,474.0
Truck230548,655.0
Truck230642,423.0
Truck230591,555.0
Truck230604,520.0
Truck230531,706.0
Truck230602,526.0
Truck230562,628.0
Truck230651,410.0
Truck230639,442.0
Truck230543,689.0
Truck230584,595.0
Truck230560,656.0
Truck230612,530.0
Truck230578,621.0
Truck230629,498.0
Truck230586,605.0
Truck230609,553.0
Truck230633,493.0
Truck230622,519.0
Truck230623,519.0
Truck230465,915.0
Truck230579,635.0
Truck230587,620.0
Truck230645,476.0
Truck230529,767.0
Truck230638,494.0
Truck230649,472.0
Truck230499,850.0
Truck230539,754.0
Truck230644,490.0
Truck230489,882.0
Truck230677,414.0
Truck230627,546.0
Truck230520,813.0
Truck230544,756.0
Truck230657,477.0
Truck230652,489.0
Truck230608,601.0
Truck230640,523.0
Truck230665,468.0
Truck230653,500.0
Truck230603,626.0
Truck230641,535.0
Truck230614,603.0
Truck230570,714.0
Truck230592,662.0
Truck230628,572.0
Truck230716,356.0
Truck230556,763.0
Truck230581,704.0
Truck230530,830.0
Truck230632,581.0
Truck230725,351.0
Truck230583,708.0
Truck230663,508.0
Truck230601,668.0
Truck230726,353.0
Truck230552,798.0
Truck230596,692.0
Truck230667,520.0
Truck230715,402.0
Truck230558,795.0
Truck230673,511.0
Truck230588,726.0
Truck230654,562.0
Truck230660,551.0
Truck230554,820.0
Truck230694,470.0
Truck230690,482.0
Truck230590,735.0
Truck230577,771.0
Truck230593,735.0
Truck230670,540.0
Truck230503,961.0
Truck230599,722.0
Truck230668,547.0
Truck230605,708.0
Truck230631,643.0
Truck230682,513.0
Truck230696,478.0
Truck230722,415.0
Truck230630,646.0
Truck230624,662.0
Truck230594,739.0
Truck230635,642.0
Truck230686,518.0
Truck230666,569.0
Truck230585,776.0
Truck230674,551.0
Truck230683,533.0
Truck230719,446.0
Truck230744,388.0
Truck230576,809.0
Truck230582,794.0
Truck230717,459.0
Truck230658,605.0
Truck230672,571.0
Truck230655,617.0
Truck230700,503.0
Truck230619,709.0
Truck230712,479.0
Truck230664,603.0
Truck230695,530.0
Truck230689,546.0
Truck230646,654.0
Truck230621,721.0
Truck230625,712.0
Truck230573,844.0
Truck230615,741.0
Truck230702,522.0
Truck230698,533.0
Truck230643,675.0
Truck230634,696.0
Truck230701,531.0
Truck230595,799.0
Truck230707,523.0
Truck230711,515.0
Truck230675,606.0
Truck230637,702.0
Truck230703,538.0
Truck230679,609.0
Truck230680,607.0
Truck230734,476.0
Truck230662,662.0
Truck230739,473.0
Truck230659,676.0
Truck230688,603.0
Truck230681,624.0
Truck230746,459.0
Truck230755,440.0
Truck230759,430.0
Truck230685,619.0
Truck230618,786.0
Truck230743,477.0
Truck230687,618.0
Truck230729,519.0
Truck230676,650.0
Truck230699,595.0
Truck230656,701.0
Truck230771,417.0
Truck230724,535.0
Truck230772,418.0
Truck230737,510.0
Truck230669,681.0
Truck230606,844.0
Truck230708,590.0
Truck230704,604.0
Truck230798,371.0
Truck230765,461.0
Truck230758,480.0
Truck230736,536.0
Truck230650,754.0
Truck230741,530.0
Truck230756,491.0
Truck230723,579.0
Truck230763,479.0
Truck230733,557.0
Truck230661,744.0
Truck230747,533.0
Truck230692,670.0
Truck230713,621.0
Truck230794,416.0
Truck230732,572.0
Truck230648,784.0
Truck230748,539.0
Truck230647,798.0
Truck230745,556.0
Truck230740,574.0
Truck230751,549.0
Truck230778,480.0
Truck230718,632.0
Truck230762,524.0
Truck230766,514.0
Truck230742,582.0
Truck230775,506.0
Truck230800,450.0
Truck230727,638.0
Truck230730,632.0
Truck230684,749.0
Truck230714,675.0
Truck230709,692.0
Truck230728,642.0
Truck230731,637.0
Truck230693,734.0
Truck230789,494.0
Truck230791,490.0
Truck230821,416.0
Truck230856,326.0
Truck230810,449.0
Truck230799,481.0
Truck230735,642.0
Truck230720,680.0
Truck230757,590.0
Truck230710,708.0
Truck230752,613.0
Truck230671,820.0
Truck230782,546.0
Truck230834,416.0
Truck230865,341.0
Truck230691,783.0
Truck230753,629.0
Truck230776,570.0
Truck230790,536.0
Truck230750,644.0
Truck230819,474.0
Truck230824,459.0
Truck230818,475.0
Truck230820,470.0
Truck230788,557.0
Truck230721,728.0
Truck230678,838.0
Truck230767,621.0
Truck230768,617.0
Truck230764,629.0
Truck230802,534.0
Truck230697,800.0
Truck230706,775.0
Truck230780,596.0
Truck230826,482.0
Truck230874,362.0
Truck230792,568.0
Truck230803,544.0
Truck230793,577.0
Truck230795,574.0
Truck230864,400.0
Truck230784,608.0
Truck230770,651.0
Truck230832,499.0
Truck230845,469.0
Truck230786,615.0
Truck230825,524.0
Truck230777,647.0
Truck230749,721.0
Truck230828,521.0
Truck230844,481.0
Truck230851,466.0
Truck230836,504.0
Truck230852,464.0
Truck230797,605.0
Truck230833,516.0
Truck230817,557.0
Truck230779,655.0
Truck230859,455.0
Truck230807,586.0
Truck230822,550.0
Truck230813,576.0
Truck230853,484.0
Truck230866,450.0
Truck230893,385.0
Truck230773,695.0
Truck230785,665.0
Truck230801,625.0
Truck230774,703.0
Truck230857,506.0
Truck230840,549.0
Truck230805,641.0
Truck230830,576.0
Truck230873,472.0
Truck230827,588.0
Truck230814,627.0
Truck230808,643.0
Truck230754,779.0
Truck230838,569.0
Truck230854,530.0
Truck230816,634.0
Truck230831,605.0
Truck230738,842.0
Truck230812,660.0
Truck230906,427.0
Truck230760,793.0
Truck230850,569.0
Truck230796,706.0
Truck230889,480.0
Truck230862,546.0
Truck230899,462.0
Truck230887,493.0
Truck230937,368.0
Truck230781,765.0
Truck230861,569.0
Truck230892,489.0
Truck230863,566.0
Truck230806,709.0
Truck230835,639.0
Truck230809,707.0
Truck230879,533.0
Truck230952,349.0
Truck230847,615.0
Truck230869,560.0
Truck230900,481.0
Truck230815,698.0
Truck230842,629.0
Truck230868,565.0
Truck230936,400.0
Truck230896,504.0
Truck230888,529.0
Truck230823,701.0
Truck230761,865.0
Truck230884,558.0
Truck230871,595.0
Truck230898,526.0
Truck230860,632.0
Truck230949,414.0
Truck230829,715.0
Truck230870,611.0
Truck230849,668.0
Truck230848,673.0
Truck230858,649.0
Truck230897,557.0
Truck230846,683.0
Truck230811,775.0
Truck230941,458.0
Truck230925,500.0
Truck230872,631.0
Truck230905,552.0
Truck230769,894.0
Truck230877,625.0
Truck230915,533.0
Truck230867,655.0
Truck230875,640.0
Truck230839,732.0
Truck230901,577.0
Truck230878,633.0
Truck230911,554.0
Truck230895,595.0
Truck230783,879.0
Truck230945,475.0
Truck230935,501.0
Truck230953,456.0
Truck230947,472.0
Truck230929,519.0
Truck230904,584.0
Truck230995,363.0
Truck230837,763.0
Truck230891,629.0
Truck230787,890.0
Truck230910,581.0
Truck230843,762.0
Truck230908,600.0
Truck230926,555.0
Truck230804,865.0
Truck230955,490.0
Truck230903,622.0
Truck230882,674.0
Truck230914,601.0
Truck230967,471.0
Truck230885,679.0
Truck230919,599.0
Truck230876,705.0
Truck230913,618.0
Truck230944,539.0
Truck230902,645.0
Truck230883,696.0
Truck230920,605.0
Truck230940,555.0
Truck230959,513.0
Truck231010,384.0
Truck230922,605.0
Truck230932,583.0
Truck230928,596.0
Truck230948,546.0
Truck230921,622.0
Truck231038,328.0
Truck230912,649.0
Truck230931,606.0
Truck230966,519.0
Truck230934,600.0
Truck230881,739.0
Truck230990,464.0
Truck230705,1185.0
Truck230946,582.0
Truck230963,542.0
Truck230924,639.0
Truck230961,551.0
Truck230956,564.0
Truck230979,511.0
Truck230923,657.0
Truck230930,639.0
Truck230855,830.0
Truck230886,752.0
Truck231018,424.0
Truck230987,508.0
Truck230909,704.0
Truck230954,589.0
Truck230890,750.0
Truck230907,712.0
Truck230992,499.0
Truck230969,560.0
Truck230989,511.0
Truck230916,693.0
Truck230918,692.0
Truck230982,539.0
Truck231008,474.0
Truck231005,488.0
Truck231015,463.0
Truck230927,689.0
Truck230994,519.0
Truck230964,604.0
Truck230970,591.0
Truck230841,924.0
Truck231009,504.0
Truck230917,736.0
Truck231036,436.0
Truck230958,632.0
Truck230980,579.0
Truck230957,642.0
Truck230977,595.0
Truck231070,361.0
Truck230943,683.0
Truck230971,621.0
Truck230996,561.0
Truck230984,592.0
Truck230993,574.0
Truck230951,680.0
Truck231043,452.0
Truck230978,618.0
Truck231012,533.0
Truck231020,514.0
Truck231062,409.0
Truck230880,867.0
Truck230894,833.0
Truck230998,576.0
Truck230968,654.0
Truck231021,525.0
Truck231023,524.0
Truck231046,473.0
Truck231052,458.0
Truck230985,629.0
Truck230942,735.0
Truck231007,576.0
Truck231049,473.0
Truck231059,448.0
Truck230950,721.0
Truck231025,538.0
Truck231125,290.0
Truck230981,652.0
Truck230999,609.0
Truck230973,676.0
Truck231074,423.0
Truck231002,607.0
Truck230983,659.0
Truck231004,604.0
Truck230960,716.0
Truck230965,708.0
Truck231044,510.0
Truck230988,654.0
Truck230975,690.0
Truck231024,572.0
Truck231040,532.0
Truck231056,492.0
Truck231001,633.0
Truck231039,540.0
Truck231089,423.0
Truck231045,534.0
Truck231011,620.0
Truck230962,743.0
Truck231047,533.0
Truck230974,715.0
Truck230991,681.0
Truck231033,577.0
Truck231090,433.0
Truck231000,659.0
Truck231078,464.0
Truck231096,423.0
Truck231022,611.0
Truck231061,516.0
Truck231076,485.0
Truck230933,849.0
Truck231019,643.0
Truck231126,377.0
Truck231051,569.0
Truck231094,461.0
Truck231057,557.0
Truck231048,578.0
Truck231035,625.0
Truck231053,581.0
Truck231014,678.0
Truck231066,553.0
Truck231105,459.0
Truck231135,385.0
Truck231032,643.0
Truck231026,659.0
Truck231072,546.0
Truck231085,516.0
Truck231068,557.0
Truck230939,886.0
Truck231041,633.0
Truck231017,697.0
Truck230997,748.0
Truck231060,589.0
Truck231016,701.0
Truck231091,524.0
Truck230976,812.0
Truck231073,573.0
Truck230938,909.0
Truck231063,599.0
Truck231084,545.0
Truck230986,795.0
Truck231006,746.0
Truck231054,626.0
Truck231030,688.0
Truck231034,679.0
Truck231050,639.0
Truck231029,695.0
Truck231114,480.0
Truck231037,677.0
Truck231100,518.0
Truck231027,707.0
Truck231082,574.0
Truck231093,551.0
Truck231058,642.0
Truck231163,384.0
Truck231003,787.0
Truck231109,522.0
Truck231042,689.0
Truck231092,568.0
Truck231064,644.0
Truck231081,607.0
Truck231116,523.0
Truck231102,559.0
Truck231142,462.0
Truck231167,409.0
Truck231123,521.0
Truck231118,534.0
Truck231065,670.0
Truck231152,450.0
Truck231117,544.0
Truck231028,765.0
Truck231149,465.0
Truck231158,449.0
Truck231130,520.0
Truck231104,587.0
Truck231077,660.0
Truck231176,416.0
Truck231055,724.0
Truck231150,486.0
Truck231098,622.0
Truck231013,838.0
Truck231108,599.0
Truck231127,558.0
Truck231103,619.0
Truck231198,381.0
Truck231122,575.0
Truck231075,697.0
Truck231129,563.0
Truck231170,467.0
Truck231124,584.0
Truck231080,696.0
Truck231031,822.0
Truck231097,657.0
Truck231132,569.0
Truck231136,560.0
Truck231171,475.0
Truck231145,541.0
Truck231087,687.0
Truck231206,388.0
Truck231147,539.0
Truck231069,735.0
Truck231107,640.0
Truck231119,616.0
Truck231157,530.0
Truck231199,428.0
Truck231111,649.0
Truck231190,456.0
Truck231071,758.0
Truck231079,741.0
Truck231201,442.0
Truck231088,724.0
Truck231121,651.0
Truck231131,626.0
Truck231141,602.0
Truck231168,532.0
Truck231143,598.0
Truck231148,590.0
Truck231139,617.0
Truck231110,691.0
Truck231137,628.0
Truck230972,1039.0
Truck231144,611.0
Truck231086,760.0
Truck231182,523.0
Truck231174,544.0
Truck231204,469.0
Truck231095,748.0
Truck231231,410.0
Truck231128,669.0
Truck231214,454.0
Truck231180,544.0
Truck231189,525.0
Truck231179,551.0
Truck231195,511.0
Truck231161,599.0
Truck231112,720.0
Truck231188,531.0
Truck231162,597.0
Truck231213,473.0
Truck231083,805.0
Truck231238,419.0
Truck231181,569.0
Truck231067,855.0
Truck231115,736.0
Truck231120,726.0
Truck231172,596.0
Truck231253,396.0
Truck231134,693.0
Truck231200,530.0
Truck231237,444.0
Truck231210,510.0
Truck231271,360.0
Truck231239,443.0
Truck231193,563.0
Truck231205,534.0
Truck231254,410.0
Truck231159,653.0
Truck231187,584.0
Truck231197,559.0
Truck231156,662.0
Truck231222,501.0
Truck231207,542.0
Truck231106,793.0
Truck231191,583.0
Truck231217,520.0
Truck231266,396.0
Truck231099,817.0
Truck231153,684.0
Truck231230,492.0
Truck231209,559.0
Truck231250,464.0
Truck231229,522.0
Truck231243,493.0
Truck231249,478.0
Truck231255,463.0
Truck231140,751.0
Truck231155,717.0
Truck231184,645.0
Truck231173,676.0
Truck231233,526.0
Truck231177,667.0
Truck231113,830.0
Truck231212,580.0
Truck231276,421.0
Truck231234,533.0
Truck231194,635.0
Truck231164,715.0
Truck231186,660.0
Truck231257,485.0
Truck231138,788.0
Truck231101,885.0
Truck231265,482.0
Truck231221,600.0
Truck231216,611.0
Truck231282,448.0
Truck231133,825.0
Truck231227,591.0
Truck231275,471.0
Truck231223,602.0
Truck231160,758.0
Truck231273,479.0
Truck231235,578.0
Truck231278,471.0
Truck231169,749.0
Truck231146,807.0
Truck231228,602.0
Truck231154,788.0
Truck231264,513.0
Truck231236,587.0
Truck231252,547.0
Truck231283,477.0
Truck231218,640.0
Truck231208,672.0
Truck231215,658.0
Truck231285,486.0
Truck231165,787.0
Truck231224,639.0
Truck231178,755.0
Truck231269,530.0
Truck231192,725.0
Truck231284,495.0
Truck231246,594.0
Truck231295,474.0
Truck231242,605.0
Truck231166,806.0
Truck231241,622.0
Truck231319,430.0
Truck231219,681.0
Truck231203,723.0
Truck231277,543.0
Truck231360,336.0
Truck231211,714.0
Truck231251,615.0
Truck231310,471.0
Truck231220,701.0
Truck231225,691.0
Truck231274,566.0
Truck231299,511.0
Truck231302,503.0
Truck231280,559.0
Truck231304,505.0
Truck231324,456.0
Truck231327,454.0
Truck231268,603.0
Truck231183,819.0
Truck231202,769.0
Truck231272,596.0
Truck231309,506.0
Truck231270,606.0
Truck231287,566.0
Truck231317,492.0
Truck231316,493.0
Truck231185,827.0
Truck231258,642.0
Truck231260,639.0
Truck231298,545.0
Truck231342,436.0
Truck231297,552.0
Truck231232,715.0
Truck231369,379.0
Truck231387,338.0
Truck231259,663.0
Truck231286,595.0
Truck231346,445.0
Truck231339,467.0
Truck231247,698.0
Truck231291,607.0
Truck231292,602.0
Truck231290,612.0
Truck231350,463.0
Truck231267,679.0
Truck231345,485.0
Truck231256,706.0
Truck231288,627.0
Truck231240,754.0
Truck231314,569.0
Truck231318,560.0
Truck231151,981.0
Truck231303,601.0
Truck231279,662.0
Truck231337,518.0
Truck231175,926.0
Truck231330,536.0
Truck231308,594.0
Truck231244,758.0
Truck231293,644.0
Truck231349,507.0
Truck231305,624.0
Truck231326,569.0
Truck231341,537.0
Truck231296,649.0
Truck231289,674.0
Truck231300,645.0
Truck231261,751.0
Truck231378,466.0
Truck231196,922.0
Truck231313,641.0
Truck231248,804.0
Truck231419,381.0
Truck231382,472.0
Truck231359,535.0
Truck231311,659.0
Truck231368,514.0
Truck231408,414.0
Truck231263,780.0
Truck231333,608.0
Truck231281,742.0
Truck231361,548.0
Truck231402,444.0
Truck231365,540.0
Truck231357,561.0
Truck231262,797.0
Truck231390,478.0
Truck231415,421.0
Truck231301,707.0
Truck231363,552.0
Truck231400,457.0
Truck231315,674.0
Truck231391,485.0
Truck231399,465.0
Truck231340,615.0
Truck231354,585.0
Truck231294,736.0
Truck231306,706.0
Truck231322,666.0
Truck231435,387.0
Truck231413,444.0
Truck231331,653.0
Truck231356,591.0
Truck231392,502.0
Truck231323,679.0
Truck231348,616.0
Truck231353,610.0
Truck231343,639.0
Truck231355,609.0
Truck231426,429.0
Truck231362,591.0
Truck231406,483.0
Truck231383,547.0
Truck231329,683.0
Truck231358,610.0
Truck231325,696.0
Truck231372,581.0
Truck231312,732.0
Truck231396,524.0
Truck231321,715.0
Truck231320,716.0
Truck231403,514.0
Truck231245,912.0
Truck231397,533.0
Truck231410,499.0
Truck231447,409.0
Truck231352,645.0
Truck231389,559.0
Truck231335,697.0
Truck231364,622.0
Truck231416,495.0
Truck231344,676.0
Truck231388,576.0
Truck231347,686.0
Truck231414,517.0
Truck231430,477.0
Truck231405,546.0
Truck231367,643.0
Truck231377,619.0
Truck231393,580.0
Truck231433,481.0
Truck231425,505.0
Truck231464,408.0
Truck231336,729.0
Truck231404,559.0
Truck231386,605.0
Truck231376,632.0
Truck231380,628.0
Truck231338,734.0
Truck231394,594.0
Truck231412,549.0
Truck231454,448.0
Truck231384,625.0
Truck231437,506.0
Truck231375,662.0
Truck231401,597.0
Truck231457,457.0
Truck231370,674.0
Truck231434,516.0
Truck231381,652.0
Truck231422,548.0
Truck231428,538.0
Truck231456,471.0
Truck231459,466.0
Truck231371,687.0
Truck231429,548.0
Truck231411,598.0
Truck231453,493.0
Truck231488,403.0
Truck231398,630.0
Truck231491,400.0
Truck231442,522.0
Truck231475,443.0
Truck231424,570.0
Truck231328,813.0
Truck231467,470.0
Truck231332,807.0
Truck231379,693.0
Truck231440,540.0
Truck231351,769.0
Truck231366,732.0
Truck231487,433.0
Truck231512,371.0
Truck231463,498.0
Truck231481,453.0
Truck231469,484.0
Truck231478,461.0
Truck231450,535.0
Truck231374,730.0
Truck231373,738.0
Truck231504,409.0
Truck231417,630.0
Truck231423,618.0
Truck231420,628.0
Truck231407,676.0
Truck231334,858.0
Truck231494,463.0
Truck231482,495.0
Truck231500,451.0
Truck231483,497.0
Truck231431,631.0
Truck231418,666.0
Truck231441,611.0
Truck231436,628.0
Truck231480,519.0
Truck231438,627.0
Truck231226,1163.0
Truck231546,363.0
Truck231470,557.0
Truck231479,538.0
Truck231460,592.0
Truck231498,497.0
Truck231452,617.0
Truck231476,561.0
Truck231395,767.0
Truck231549,383.0
Truck231493,524.0
Truck231439,661.0
Truck231492,526.0
Truck231432,681.0
Truck231444,654.0
Truck231451,645.0
Truck231515,486.0
Truck231385,817.0
Truck231448,658.0
Truck231490,553.0
Truck231502,524.0
Truck231509,509.0
Truck231472,601.0
Truck231574,355.0
Truck231421,744.0
Truck231505,536.0
Truck231513,517.0
Truck231465,638.0
Truck231462,644.0
Truck231543,444.0
Truck231501,554.0
Truck231542,449.0
Truck231507,540.0
Truck231540,457.0
Truck231471,633.0
Truck231468,641.0
Truck231466,647.0
Truck231485,602.0
Truck231516,529.0
Truck231307,1068.0
Truck231596,344.0
Truck231445,729.0
Truck231458,695.0
Truck231511,565.0
Truck231536,500.0
Truck231496,603.0
Truck231580,394.0
Truck231534,513.0
Truck231579,406.0
Truck231561,452.0
Truck231572,422.0
Truck231409,834.0
Truck231528,536.0
Truck231565,446.0
Truck231519,570.0
Truck231560,466.0
Truck231522,562.0
Truck231552,487.0
Truck231486,653.0
Truck231525,559.0
Truck231529,549.0
Truck231547,507.0
Truck231484,666.0
Truck231489,661.0
Truck231537,541.0
Truck231530,561.0
Truck231593,412.0
Truck231615,357.0
Truck231557,503.0
Truck231553,515.0
Truck231539,551.0
Truck231559,502.0
Truck231531,584.0
Truck231585,454.0
Truck231535,580.0
Truck231587,454.0
Truck231499,675.0
Truck231474,737.0
Truck231582,470.0
Truck231517,637.0
Truck231446,815.0
Truck231497,692.0
Truck231645,324.0
Truck231532,607.0
Truck231631,366.0
Truck231443,839.0
Truck231518,649.0
Truck231556,554.0
Truck231541,616.0
Truck231524,658.0
Truck231567,554.0
Truck231455,835.0
Truck231575,536.0
Truck231551,598.0
Truck231600,474.0
Truck231569,555.0
Truck231548,606.0
Truck231594,491.0
Truck231473,802.0
Truck231595,498.0
Truck231563,580.0
Truck231449,866.0
Truck231598,496.0
Truck231616,454.0
Truck231508,726.0
Truck231620,446.0
Truck231506,732.0
Truck231550,623.0
Truck231520,702.0
Truck231578,558.0
Truck231576,568.0
Truck231514,725.0
Truck231495,777.0
Truck231558,620.0
Truck231586,551.0
Truck231584,557.0
Truck231521,718.0
Truck231626,454.0
Truck231591,547.0
Truck231583,568.0
Truck231649,408.0
Truck231606,515.0
Truck231610,508.0
Truck231427,970.0
Truck231577,596.0
Truck231618,492.0
Truck231644,435.0
Truck231602,542.0
Truck231538,708.0
Truck231523,749.0
Truck231617,521.0
Truck231623,510.0
Truck231510,791.0
Truck231555,681.0
Truck231544,707.0
Truck231643,462.0
Truck231619,524.0
Truck231554,685.0
Truck231654,443.0
Truck231477,890.0
Truck231592,600.0
Truck231607,569.0
Truck231609,569.0
Truck231614,556.0
Truck231570,668.0
Truck231622,538.0
Truck231588,624.0
Truck231642,490.0
Truck231655,460.0
Truck231566,687.0
Truck231601,603.0
Truck231651,488.0
Truck231678,420.0
Truck231652,488.0
Truck231589,651.0
Truck231545,763.0
Truck231503,874.0
Truck231526,816.0
Truck231683,431.0
Truck231691,414.0
Truck231461,994.0
Truck231662,490.0
Truck231636,556.0
Truck231613,617.0
Truck231673,469.0
Truck231735,314.0
Truck231659,512.0
Truck231624,598.0
Truck231665,500.0
Truck231638,571.0
Truck231663,517.0
Truck231604,666.0
Truck231612,650.0
Truck231573,753.0
Truck231637,597.0
Truck231564,780.0
Truck231635,605.0
Truck231641,595.0
Truck231634,611.0
Truck231670,523.0
Truck231698,453.0
Truck231708,428.0
Truck231719,410.0
Truck231562,801.0
Truck231667,541.0
Truck231568,787.0
Truck231590,737.0
Truck231608,693.0
Truck231700,466.0
Truck231668,553.0
Truck231722,420.0
Truck231633,646.0
Truck231676,544.0
Truck231581,786.0
Truck231611,712.0
Truck231647,623.0
Truck231597,749.0
Truck231728,420.0
Truck231703,487.0
Truck231731,417.0
Truck231627,678.0
Truck231599,751.0
Truck231666,586.0
Truck231709,481.0
Truck231629,682.0
Truck231713,475.0
Truck231646,642.0
Truck231686,544.0
Truck231744,399.0
Truck231726,445.0
Truck231745,401.0
Truck231603,760.0
Truck231648,645.0
Truck231657,631.0
Truck231674,590.0
Truck231737,441.0
Truck231658,648.0
Truck231628,724.0
Truck231680,599.0
Truck231650,677.0
Truck231743,449.0
Truck231696,566.0
Truck231741,462.0
Truck231712,537.0
Truck231756,428.0
Truck231739,474.0
Truck231750,444.0
Truck231777,382.0
Truck231527,1009.0
Truck231571,900.0
Truck231669,658.0
Truck231671,654.0
Truck231747,465.0
Truck231664,675.0
Truck231639,741.0
Truck231661,688.0
Truck231721,541.0
Truck231621,793.0
Truck231710,569.0
Truck231533,1016.0
Truck231660,697.0
Truck231687,632.0
Truck231688,627.0
Truck231632,768.0
Truck231757,458.0
Truck231706,584.0
Truck231716,559.0
Truck231689,631.0
Truck231699,608.0
Truck231711,578.0
Truck231776,419.0
Truck231724,550.0
Truck231630,786.0
Truck231723,556.0
Truck231694,627.0
Truck231705,608.0
Truck231695,635.0
Truck231748,501.0
Truck231733,543.0
Truck231759,485.0
Truck231697,643.0
Truck231605,874.0
Truck231725,574.0
Truck231730,562.0
Truck231701,639.0
Truck231692,661.0
Truck231684,685.0
Truck231704,637.0
Truck231755,512.0
Truck231690,681.0
Truck231718,613.0
Truck231640,811.0
Truck231714,629.0
Truck231773,484.0
Truck231656,775.0
Truck231774,480.0
Truck231679,721.0
Truck231625,863.0
Truck231707,665.0
Truck231702,677.0
Truck231742,579.0
Truck231772,505.0
Truck231828,369.0
Truck231813,410.0
Truck231778,498.0
Truck231807,436.0
Truck231675,770.0
Truck231769,539.0
Truck231717,675.0
Truck231808,451.0
Truck231751,602.0
Truck231834,393.0
Truck231753,599.0
Truck231761,581.0
Truck231792,501.0
Truck231816,441.0
Truck231841,384.0
Truck231727,674.0
Truck231794,505.0
Truck231878,301.0
Truck231763,597.0
Truck231749,634.0
Truck231672,825.0
Truck231789,537.0
Truck231752,629.0
Truck231677,822.0
Truck231760,613.0
Truck231729,699.0
Truck231740,670.0
Truck231653,891.0
Truck231799,526.0
Truck231786,558.0
Truck231812,500.0
Truck231817,491.0
Truck231736,692.0
Truck231782,578.0
Truck231788,567.0
Truck231823,483.0
Truck231734,705.0
Truck231754,660.0
Truck231790,575.0
Truck231746,691.0
Truck231791,581.0
Truck231839,462.0
Truck231843,454.0
Truck231765,653.0
Truck231872,383.0
Truck231715,780.0
Truck231685,857.0
Truck231805,557.0
Truck231814,534.0
Truck231762,665.0
Truck231732,743.0
Truck231844,466.0
Truck231847,461.0
Truck231784,619.0
Truck231797,589.0
Truck231842,475.0
Truck231803,581.0
Truck231849,466.0
Truck231820,537.0
Truck231781,639.0
Truck231802,588.0
Truck231780,644.0
Truck231785,634.0
Truck231798,602.0
Truck231720,799.0
Truck231779,654.0
Truck231851,476.0
Truck231885,391.0
Truck231783,648.0
Truck231800,605.0
Truck231738,767.0
Truck231809,598.0
Truck231758,725.0
Truck231771,695.0
Truck231869,451.0
Truck231775,692.0
Truck231766,716.0
Truck231810,608.0
Truck231768,714.0
Truck231846,525.0
Truck231681,941.0
Truck231787,676.0
Truck231806,628.0
Truck231824,584.0
Truck231767,730.0
Truck231853,515.0
Truck231874,460.0
Truck231764,738.0
Truck231796,662.0
Truck231840,552.0
Truck231818,612.0
Truck231827,594.0
Truck231804,651.0
Truck231873,485.0
Truck231693,940.0
Truck231795,693.0
Truck231875,494.0
Truck231881,480.0
Truck231860,537.0
Truck231868,518.0
Truck231858,547.0
Truck231831,623.0
Truck231852,569.0
Truck231829,631.0
Truck231911,428.0
Truck231821,655.0
Truck231891,481.0
Truck231835,622.0
Truck231926,395.0
Truck231893,481.0
Truck231811,687.0
Truck231830,637.0
Truck231838,626.0
Truck231877,532.0
Truck231864,565.0
Truck231826,662.0
Truck231937,392.0
Truck231854,598.0
Truck231867,570.0
Truck231770,811.0
Truck231819,693.0
Truck231855,604.0
Truck231920,439.0
Truck231793,767.0
Truck231888,531.0
Truck231905,493.0
Truck231801,757.0
Truck231863,603.0
Truck231896,519.0
Truck231967,344.0
Truck231861,612.0
Truck231845,657.0
Truck231901,519.0
Truck231682,1065.0
Truck231815,740.0
Truck231939,430.0
Truck231904,519.0
Truck231897,540.0
Truck231884,571.0
Truck231859,639.0
Truck231941,442.0
Truck231910,519.0
Truck231938,449.0
Truck231887,582.0
Truck231822,745.0
Truck231870,626.0
Truck231918,511.0
Truck231930,485.0
Truck231945,453.0
Truck231833,735.0
Truck231924,505.0
Truck231876,627.0
Truck231958,422.0
Truck231917,528.0
Truck231972,391.0
Truck231889,604.0
Truck231908,561.0
Truck231933,501.0
Truck231857,696.0
Truck231921,536.0
Truck231848,717.0
Truck231899,592.0
Truck231850,714.0
Truck231942,487.0
Truck231825,785.0
Truck231883,642.0
Truck231898,605.0
Truck231943,496.0
Truck231991,376.0
Truck231879,658.0
Truck231836,768.0
Truck231907,593.0
Truck231894,626.0
Truck231951,488.0
Truck231944,508.0
Truck231925,560.0
Truck231927,556.0
Truck231956,482.0
Truck231880,675.0
Truck231916,590.0
Truck231936,540.0
Truck231929,561.0
Truck231954,497.0
Truck231862,728.0
Truck231912,605.0
Truck231957,495.0
Truck231982,433.0
Truck231940,539.0
Truck231935,555.0
Truck231922,587.0
Truck231915,610.0
Truck231890,675.0
Truck231961,503.0
Truck231882,699.0
Truck231856,767.0
Truck232023,352.0
Truck231886,693.0
Truck231971,484.0
Truck231948,540.0
Truck231934,576.0
Truck231973,485.0
Truck231913,637.0
Truck232003,414.0
Truck231906,657.0
Truck232019,378.0
Truck231923,620.0
Truck231959,530.0
Truck231931,618.0
Truck231978,499.0
Truck231895,714.0
Truck232000,449.0
Truck231976,510.0
Truck231996,460.0
Truck231865,792.0
Truck231909,687.0
Truck231992,477.0
Truck231964,551.0
Truck231892,742.0
Truck232004,462.0
Truck231900,723.0
Truck231970,549.0
Truck231902,722.0
Truck231988,510.0
Truck231984,527.0
Truck231832,915.0
Truck231914,711.0
Truck231946,631.0
Truck232005,489.0
Truck231969,580.0
Truck232020,454.0
Truck231950,632.0
Truck231871,835.0
Truck231947,646.0
Truck232032,431.0
Truck231903,760.0
Truck231949,649.0
Truck231979,575.0
Truck231952,644.0
Truck231974,590.0
Truck231837,938.0
Truck231995,543.0
Truck231999,533.0
Truck231962,625.0
Truck231968,616.0
Truck231981,586.0
Truck231866,880.0
Truck231989,575.0
Truck232063,391.0
Truck231955,665.0
Truck231919,760.0
Truck232028,486.0
Truck231953,677.0
Truck231963,653.0
Truck231993,579.0
Truck231928,746.0
Truck231983,611.0
Truck232069,396.0
Truck232024,511.0
Truck232010,552.0
Truck232026,520.0
Truck232043,483.0
Truck232007,581.0
Truck232033,522.0
Truck232012,574.0
Truck232025,545.0
Truck232006,591.0
Truck232041,506.0
Truck232061,464.0
Truck231998,621.0
Truck232071,442.0
Truck231977,678.0
Truck232067,459.0
Truck231932,795.0
Truck231980,695.0
Truck231986,682.0
Truck232022,592.0
Truck232027,582.0
Truck232128,327.0
Truck232042,543.0
Truck232052,518.0
Truck231987,684.0
Truck232049,529.0
Truck231965,741.0
Truck232045,541.0
Truck232060,501.0
Truck232070,479.0
Truck231975,720.0
Truck232001,655.0
Truck232039,562.0
Truck232076,467.0
Truck231960,761.0
Truck232056,522.0
Truck232044,559.0
Truck232053,539.0
Truck232101,419.0
Truck232107,406.0
Truck232047,557.0
Truck232065,512.0
Truck232013,646.0
Truck232058,537.0
Truck232017,646.0
Truck232034,604.0
Truck232120,389.0
Truck231990,717.0
Truck232131,370.0
Truck232057,558.0
Truck232048,583.0
Truck232037,616.0
Truck232091,483.0
Truck232018,666.0
Truck232083,506.0
Truck232097,471.0
Truck232064,552.0
Truck232077,522.0
Truck232015,678.0
Truck231997,730.0
Truck231985,761.0
Truck232009,701.0
Truck232080,527.0
Truck232002,725.0
Truck232016,694.0
Truck232082,529.0
Truck232112,458.0
Truck232030,674.0
Truck232050,625.0
Truck232031,676.0
Truck232095,518.0
Truck232078,563.0
Truck231994,777.0
Truck232096,523.0
Truck232089,545.0
Truck232135,430.0
Truck232072,587.0
Truck232117,480.0
Truck232114,491.0
Truck232122,474.0
Truck232074,597.0
Truck232073,610.0
Truck232075,605.0
Truck232051,671.0
Truck232142,444.0
Truck232046,685.0
Truck231966,887.0
Truck232103,547.0
Truck232062,650.0
Truck232115,521.0
Truck232068,639.0
Truck232093,585.0
Truck232059,672.0
Truck232084,608.0
Truck232109,552.0
Truck232086,609.0
Truck232140,475.0
Truck232054,693.0
Truck232145,468.0
Truck232014,794.0
Truck232038,737.0
Truck232104,572.0
Truck232149,465.0
Truck232081,636.0
Truck232021,790.0
Truck232137,504.0
Truck232079,650.0
Truck232130,522.0
Truck232036,764.0
Truck232090,637.0
Truck232172,432.0
Truck232118,568.0
Truck232121,563.0
Truck232029,794.0
Truck232035,781.0
Truck232185,406.0
Truck232157,479.0
Truck232161,469.0
Truck232148,504.0
Truck232171,453.0
Truck232168,461.0
Truck232193,401.0
Truck232123,578.0
Truck232174,448.0
Truck232160,490.0
Truck232008,877.0
Truck232085,688.0
Truck232099,654.0
Truck232164,489.0
Truck232158,508.0
Truck232088,687.0
Truck232110,633.0
Truck232113,632.0
Truck232134,578.0
Truck232125,604.0
Truck232108,648.0
Truck232127,609.0
Truck232150,551.0
Truck232183,475.0
Truck232105,674.0
Truck232126,619.0
Truck232173,505.0
Truck232111,663.0
Truck232098,694.0
Truck232218,394.0
Truck232055,809.0
Truck232156,556.0
Truck232199,452.0
Truck232235,363.0
Truck232011,929.0
Truck232124,650.0
Truck232147,602.0
Truck232209,450.0
Truck232116,685.0
Truck232151,601.0
Truck232092,747.0
Truck232139,633.0
Truck232146,617.0
Truck232106,720.0
Truck232219,440.0
Truck232133,656.0
Truck232136,647.0
Truck232162,582.0
Truck232152,619.0
Truck232155,614.0
Truck232167,584.0
Truck232087,787.0
Truck232165,592.0
Truck232200,504.0
Truck232141,657.0
Truck232196,518.0
Truck232144,651.0
Truck232066,853.0
Truck232203,514.0
Truck232138,675.0
Truck232213,494.0
Truck232192,547.0
Truck232214,492.0
Truck232175,593.0
Truck232197,549.0
Truck232169,620.0
Truck232094,811.0
Truck232210,521.0
Truck232178,603.0
Truck232189,579.0
Truck232154,665.0
Truck232238,456.0
Truck232206,537.0
Truck232208,534.0
Truck232228,487.0
Truck232132,730.0
Truck232242,458.0
Truck232202,559.0
Truck232204,554.0
Truck232100,816.0
Truck232153,686.0
Truck232191,600.0
Truck232195,590.0
Truck232263,420.0
Truck232233,498.0
Truck232232,502.0
Truck232163,679.0
Truck232194,600.0
Truck232159,693.0
Truck232231,513.0
Truck232102,839.0
Truck232190,624.0
Truck232249,481.0
Truck232292,372.0
Truck232181,653.0
Truck232247,504.0
Truck232170,699.0
Truck232278,431.0
Truck232224,569.0
Truck232243,531.0
Truck232269,467.0
Truck232225,578.0
Truck232255,505.0
Truck232201,643.0
Truck232211,621.0
Truck232223,594.0
Truck232248,530.0
Truck232186,689.0
Truck232279,460.0
Truck232143,801.0
Truck232187,692.0
Truck232220,609.0
Truck232254,524.0
Truck232261,510.0
Truck232212,632.0
Truck232119,868.0
Truck232177,726.0
Truck232283,462.0
Truck232176,729.0
Truck232294,436.0
Truck232276,484.0
Truck232222,623.0
Truck232237,590.0
Truck232179,736.0
Truck232251,559.0
Truck232252,557.0
Truck232272,510.0
Truck232217,651.0
Truck232246,577.0
Truck232216,654.0
Truck232271,519.0
Truck232198,702.0
Truck232244,591.0
Truck232207,687.0
Truck232274,522.0
Truck232256,568.0
Truck232166,795.0
Truck232309,441.0
Truck232215,678.0
Truck232250,589.0
Truck232129,902.0
Truck232258,578.0
Truck232270,552.0
Truck232277,539.0
Truck232317,441.0
Truck232184,774.0
Truck232241,634.0
Truck232040,1137.0
Truck232323,432.0
Truck232205,729.0
Truck232298,496.0
Truck232326,427.0
Truck232296,509.0
Truck232315,464.0
Truck232359,355.0
Truck232240,654.0
Truck232253,625.0
Truck232360,359.0
Truck232182,805.0
Truck232268,595.0
Truck232301,518.0
Truck232332,438.0
Truck232226,711.0
Truck232299,538.0
Truck232264,624.0
Truck232300,535.0
Truck232305,527.0
Truck232265,631.0
Truck232337,452.0
Truck232257,653.0
Truck232236,704.0
Truck232287,582.0
Truck232343,442.0
Truck232180,851.0
Truck232221,751.0
Truck232394,318.0
Truck232262,652.0
Truck232291,582.0
Truck232371,386.0
Truck232245,704.0
Truck232311,541.0
Truck232280,620.0
Truck232320,521.0
Truck232229,759.0
Truck232341,483.0
Truck232314,562.0
Truck232329,530.0
Truck232308,581.0
Truck232239,757.0
Truck232234,771.0
Truck232306,592.0
Truck232288,639.0
Truck232335,524.0
Truck232286,649.0
Truck232310,590.0
Truck232396,375.0
Truck232285,656.0
Truck232281,668.0
Truck232369,452.0
Truck232230,799.0
Truck232318,579.0
Truck232227,815.0
Truck232388,411.0
Truck232188,912.0
Truck232328,565.0
Truck232266,722.0
Truck232357,499.0
Truck232322,585.0
Truck232354,506.0
Truck232381,444.0
Truck232259,750.0
Truck232416,358.0
Truck232351,524.0
Truck232358,506.0
Truck232345,544.0
Truck232350,529.0
Truck232293,675.0
Truck232290,681.0
Truck232316,616.0
Truck232273,727.0
Truck232289,688.0
Truck232374,473.0
Truck232295,685.0
Truck232282,716.0
Truck232344,561.0
Truck232275,738.0
Truck232313,644.0
Truck232307,663.0
Truck232330,604.0
Truck232336,593.0
Truck232321,637.0
Truck232372,508.0
Truck232362,535.0
Truck232376,500.0
Truck232355,557.0
Truck232333,619.0
Truck232346,586.0
Truck232347,588.0
Truck232431,379.0
Truck232260,808.0
Truck232398,463.0
Truck232297,720.0
Truck232302,706.0
Truck232392,481.0
Truck232442,357.0
Truck232303,712.0
Truck232403,471.0
Truck232375,544.0
Truck232391,505.0
Truck232284,773.0
Truck232400,483.0
Truck232401,483.0
Truck232356,598.0
Truck232319,695.0
Truck232324,683.0
Truck232352,613.0
Truck232267,838.0
Truck232402,498.0
Truck232389,535.0
Truck232353,626.0
Truck232304,750.0
Truck232425,453.0
Truck232380,571.0
Truck232411,496.0
Truck232334,688.0
Truck232383,568.0
Truck232445,414.0
Truck232370,601.0
Truck232373,597.0
Truck232361,631.0
Truck232367,616.0
Truck232454,399.0
Truck232363,634.0
Truck232415,507.0
Truck232404,533.0
Truck232368,627.0
Truck232386,587.0
Truck232466,393.0
Truck232439,468.0
Truck232427,499.0
Truck232348,695.0
Truck232385,605.0
Truck232379,623.0
Truck232413,541.0
Truck232325,763.0
Truck232430,500.0
Truck232338,733.0
Truck232327,766.0
Truck232407,566.0
Truck232409,561.0
Truck232342,727.0
Truck232395,608.0
Truck232420,546.0
Truck232437,510.0
Truck232426,548.0
Truck232340,764.0
Truck232390,642.0
Truck232331,793.0
Truck232384,660.0
Truck232387,658.0
Truck232418,578.0
Truck232434,542.0
Truck232393,649.0
Truck232382,675.0
Truck232452,503.0
Truck232412,604.0
Truck232349,769.0
Truck232366,735.0
Truck232365,741.0
Truck232364,746.0
Truck232428,586.0
Truck232421,607.0
Truck232414,626.0
Truck232433,581.0
Truck232410,638.0
Truck232312,884.0
Truck232470,489.0
Truck232432,585.0
Truck232422,617.0
Truck232455,537.0
Truck232496,440.0
Truck232447,573.0
Truck232448,570.0
Truck232469,527.0
Truck232476,507.0
Truck232474,514.0
Truck232458,556.0
Truck232417,667.0
Truck232479,512.0
Truck232536,371.0
Truck232423,657.0
Truck232486,498.0
Truck232406,706.0
Truck232515,443.0
Truck232444,622.0
Truck232460,585.0
Truck232436,653.0
Truck232459,598.0
Truck232405,734.0
Truck232397,756.0
Truck232471,574.0
Truck232449,631.0
Truck232464,591.0
Truck232539,406.0
Truck232473,573.0
Truck232489,540.0
Truck232446,646.0
Truck232451,639.0
Truck232487,553.0
Truck232429,707.0
Truck232462,622.0
Truck232377,839.0
Truck232424,721.0
Truck232453,654.0
Truck232514,499.0
Truck232495,550.0
Truck232477,596.0
Truck232478,591.0
Truck232484,578.0
Truck232492,559.0
Truck232500,539.0
Truck232587,326.0
Truck232544,436.0
Truck232463,642.0
Truck232475,612.0
Truck232518,507.0
Truck232480,603.0
Truck232419,765.0
Truck232526,498.0
Truck232399,820.0
Truck232527,503.0
Truck232339,974.0
Truck232494,584.0
Truck232560,421.0
Truck232530,501.0
Truck232457,688.0
Truck232440,731.0
Truck232441,736.0
Truck232438,743.0
Truck232461,689.0
Truck232533,515.0
Truck232502,601.0
Truck232574,421.0
Truck232503,602.0
Truck232467,694.0
Truck232507,597.0
Truck232465,704.0
Truck232456,726.0
Truck232548,498.0
Truck232443,764.0
Truck232517,579.0
Truck232576,429.0
Truck232488,655.0
Truck232593,401.0
Truck232520,582.0
Truck232557,493.0
Truck232498,639.0
Truck232525,577.0
Truck232408,872.0
Truck232600,392.0
Truck232499,651.0
Truck232540,546.0
Truck232512,619.0
Truck232585,449.0
Truck232435,830.0
Truck232505,655.0
Truck232555,531.0
Truck232485,707.0
Truck232493,687.0
Truck232490,693.0
Truck232528,599.0
Truck232523,615.0
Truck232501,673.0
Truck232522,619.0
Truck232510,652.0
Truck232546,563.0
Truck232564,521.0
Truck232596,441.0
Truck232549,564.0
Truck232513,657.0
Truck232577,497.0
Truck232468,770.0
Truck232558,546.0
Truck232591,466.0
Truck232619,396.0
Truck232482,737.0
Truck232521,645.0
Truck232529,629.0
Truck232615,417.0
Truck232625,393.0
Truck232554,570.0
Truck232506,691.0
Truck232580,506.0
Truck232556,572.0
Truck232559,573.0
Truck232581,518.0
Truck232575,534.0
Truck232534,636.0
Truck232472,792.0
Truck232537,633.0
Truck232481,779.0
Truck232483,774.0
Truck232491,754.0
Truck232604,474.0
Truck232547,620.0
Truck232569,566.0
Truck232572,557.0
Truck232563,587.0
Truck232566,583.0
Truck232613,469.0
Truck232450,875.0
Truck232635,416.0
Truck232592,522.0
Truck232578,558.0
Truck232595,518.0
Truck232570,579.0
Truck232541,657.0
Truck232637,419.0
Truck232620,462.0
Truck232519,719.0
Truck232504,758.0
Truck232590,544.0
Truck232594,534.0
Truck232550,645.0
Truck232532,691.0
Truck232508,761.0
Truck232545,674.0
Truck232624,476.0
Truck232586,573.0
Truck232568,621.0
Truck232516,752.0
Truck232622,492.0
Truck232606,534.0
Truck232616,517.0
Truck232582,615.0
Truck232617,531.0
Truck232561,674.0
Truck232589,605.0
Truck232605,567.0
Truck232509,808.0
Truck232669,410.0
Truck232641,485.0
Truck232551,721.0
Truck232680,397.0
Truck232614,565.0
Truck232531,776.0
Truck232611,578.0
Truck232511,830.0
Truck232538,760.0
Truck232706,341.0
Truck232378,1164.0
Truck232543,756.0
Truck232603,609.0
Truck232567,700.0
Truck232608,597.0
Truck232649,500.0
Truck232633,544.0
Truck232542,770.0
Truck232665,469.0
Truck232607,616.0
Truck232670,458.0
Truck232565,725.0
Truck232602,631.0
Truck232639,543.0
Truck232677,450.0
Truck232562,738.0
Truck232626,579.0
Truck232627,581.0
Truck232629,576.0
Truck232621,599.0
Truck232723,346.0
Truck232583,698.0
Truck232666,490.0
Truck232497,919.0
Truck232571,736.0
Truck232584,701.0
Truck232632,585.0
Truck232524,857.0
Truck232662,513.0
Truck232646,555.0
Truck232693,440.0
Truck232695,435.0
Truck232687,459.0
Truck232628,611.0
Truck232552,803.0
Truck232618,638.0
Truck232609,667.0
Truck232652,563.0
Truck232705,435.0
Truck232599,703.0
Truck232623,645.0
Truck232643,597.0
Truck232690,477.0
Truck232667,540.0
Truck232689,487.0
Truck232630,639.0
Truck232686,501.0
Truck232535,889.0
Truck232712,444.0
Truck232638,631.0
Truck232648,607.0
Truck232653,605.0
Truck232601,736.0
Truck232700,489.0
Truck232708,469.0
Truck232573,810.0
Truck232660,593.0
Truck232631,670.0
Truck232553,869.0
Truck232694,515.0
Truck232642,648.0
Truck232659,608.0
Truck232678,558.0
Truck232724,445.0
Truck232709,487.0
Truck232726,443.0
Truck232673,579.0
Truck232654,629.0
Truck232683,562.0
Truck232713,489.0
Truck232634,690.0
Truck232685,566.0
Truck232765,369.0
Truck232612,755.0
Truck232675,600.0
Truck232742,430.0
Truck232707,521.0
Truck232655,667.0
Truck232588,833.0
Truck232733,481.0
Truck232696,572.0
Truck232710,542.0
Truck232657,678.0
Truck232718,523.0
Truck232747,457.0
Truck232672,644.0
Truck232636,737.0
Truck232681,631.0
Truck232684,621.0
Truck232751,458.0
Truck232656,694.0
Truck232640,736.0
Truck232711,561.0
Truck232597,855.0
Truck232697,610.0
Truck232658,709.0
Truck232579,912.0
Truck232663,703.0
Truck232769,439.0
Truck232703,610.0
Truck232783,410.0
Truck232754,484.0
Truck232766,454.0
Truck232691,646.0
Truck232679,677.0
Truck232645,763.0
Truck232764,463.0
Truck232671,700.0
Truck232688,656.0
Truck232647,762.0
Truck232725,577.0
Truck232826,326.0
Truck232644,784.0
Truck232714,610.0
Truck232745,535.0
Truck232781,445.0
Truck232598,904.0
Truck232737,561.0
Truck232674,722.0
Truck232814,373.0
Truck232722,604.0
Truck232731,586.0
Truck232715,627.0
Truck232650,792.0
Truck232729,598.0
Truck232730,597.0
Truck232799,427.0
Truck232704,665.0
Truck232701,679.0
Truck232760,529.0
Truck232664,772.0
Truck232738,589.0
Truck232777,495.0
Truck232682,732.0
Truck232749,573.0
Truck232778,500.0
Truck232698,701.0
Truck232692,719.0
Truck232736,610.0
Truck232610,927.0
Truck232767,537.0
Truck232790,479.0
Truck232743,601.0
Truck232797,466.0
Truck232721,664.0
Truck232759,577.0
Truck232756,583.0
Truck232761,573.0
Truck232739,629.0
Truck232752,594.0
Truck232791,507.0
Truck232727,672.0
Truck232763,586.0
Truck232676,802.0
Truck232716,704.0
Truck232768,574.0
Truck232734,663.0
Truck232789,532.0
Truck232831,427.0
Truck232795,522.0
Truck232758,613.0
Truck232775,578.0
Truck232827,452.0
Truck232816,479.0
Truck232821,469.0
Truck232770,597.0
Truck232699,778.0
Truck232820,473.0
Truck232829,454.0
Truck232741,682.0
Truck232850,409.0
Truck232762,630.0
Truck232803,539.0
Truck232771,620.0
Truck232798,552.0
Truck232753,671.0
Truck232786,587.0
Truck232720,761.0
Truck232796,571.0
Truck232841,462.0
Truck232802,560.0
Truck232812,538.0
Truck232824,508.0
Truck232668,901.0
Truck232651,947.0
Truck232784,612.0
Truck232719,779.0
Truck232840,475.0
Truck232776,638.0
Truck232822,526.0
Truck232842,478.0
Truck232810,559.0
Truck232856,456.0
Truck232873,418.0
Truck232862,445.0
Truck232702,851.0
Truck232779,663.0
Truck232757,719.0
Truck232785,651.0
Truck232818,566.0
Truck232787,651.0
Truck232893,387.0
Truck232806,607.0
Truck232793,643.0
Truck232661,975.0
Truck232717,835.0
Truck232845,519.0
Truck232735,795.0
Truck232740,782.0
Truck232772,708.0
Truck232843,538.0
Truck232750,769.0
Truck232773,717.0
Truck232860,498.0
Truck232838,557.0
Truck232805,645.0
Truck232792,676.0
Truck232780,707.0
Truck232855,524.0
Truck232848,540.0
Truck232807,647.0
Truck232732,836.0
Truck232837,591.0
Truck232864,523.0
Truck232888,463.0
Truck232825,624.0
Truck232815,650.0
Truck232819,645.0
Truck232813,662.0
Truck232835,608.0
Truck232927,380.0
Truck232880,499.0
Truck232817,660.0
Truck232834,616.0
Truck232823,651.0
Truck232744,849.0
Truck232853,581.0
Truck232801,714.0
Truck232774,784.0
Truck232832,640.0
Truck232755,840.0
Truck232808,705.0
Truck232914,445.0
Truck232839,636.0
Truck232828,667.0
Truck232782,784.0
Truck232746,878.0
Truck232886,529.0
Truck232728,934.0
Truck232913,475.0
Truck232867,592.0
Truck232903,503.0
Truck232836,670.0
Truck232846,645.0
Truck232809,742.0
Truck232849,643.0
Truck232869,598.0
Truck232876,581.0
Truck232901,523.0
Truck232881,577.0
Truck232858,639.0
Truck232870,609.0
Truck232863,630.0
Truck232857,646.0
Truck232748,922.0
Truck232920,494.0
Truck232865,642.0
Truck232895,568.0
Truck232844,694.0
Truck232794,820.0
Truck232861,655.0
Truck232963,400.0
Truck232811,782.0
Truck232852,679.0
Truck232911,536.0
Truck232897,573.0
Truck232907,548.0
Truck232833,744.0
Truck232847,709.0
Truck232889,604.0
Truck232879,634.0
Truck232964,424.0
Truck232872,655.0
Truck232934,500.0
Truck232969,416.0
Truck232859,692.0
Truck232925,527.0
Truck232804,831.0
Truck232939,497.0
Truck232906,578.0
Truck232851,720.0
Truck232915,561.0
Truck232954,462.0
Truck232917,559.0
Truck232967,443.0
Truck232924,552.0
Truck232936,522.0
Truck232892,635.0
Truck232800,866.0
Truck232932,536.0
Truck232898,622.0
Truck232995,385.0
Truck232902,617.0
Truck232974,445.0
Truck232968,461.0
Truck232947,517.0
Truck232998,388.0
Truck232935,550.0
Truck232942,530.0
Truck233011,362.0
Truck232918,594.0
Truck232922,584.0
Truck232952,512.0
Truck232980,443.0
Truck232866,731.0
Truck232930,573.0
Truck232868,729.0
Truck232878,705.0
Truck232965,490.0
Truck232830,829.0
Truck232916,614.0
Truck232929,586.0
Truck232961,507.0
Truck232904,656.0
Truck232943,564.0
Truck232960,519.0
Truck232958,526.0
Truck232923,617.0
Truck232874,738.0
Truck232912,647.0
Truck232894,696.0
Truck233013,401.0
Truck232905,674.0
Truck232933,604.0
Truck232938,594.0
Truck232944,580.0
Truck232883,736.0
Truck232948,572.0
Truck232909,673.0
Truck232899,700.0
Truck232896,714.0
Truck232959,561.0
Truck232875,778.0
Truck232882,761.0
Truck232957,581.0
Truck232877,782.0
Truck233033,395.0
Truck232919,684.0
Truck232890,756.0
Truck232997,491.0
Truck232854,847.0
Truck233007,467.0
Truck232940,633.0
Truck232972,559.0
Truck232926,675.0
Truck233034,405.0
Truck232921,694.0
Truck232976,555.0
Truck232931,673.0
Truck232788,1034.0
Truck232908,735.0
Truck232891,784.0
Truck232973,579.0
Truck233001,509.0
Truck233002,506.0
Truck233031,437.0
Truck232871,838.0
Truck232928,696.0
Truck233003,513.0
Truck232887,807.0
Truck233012,499.0
Truck233005,520.0
Truck232996,545.0
Truck232966,624.0
Truck232900,791.0
Truck233021,494.0
Truck232986,586.0
Truck232971,627.0
Truck233045,442.0
Truck233083,350.0
Truck232884,850.0
Truck233017,522.0
Truck232953,683.0
Truck232955,678.0
Truck232985,603.0
Truck232885,857.0
Truck233060,417.0
Truck232977,632.0
Truck232937,734.0
Truck233041,475.0
Truck232956,686.0
Truck233014,547.0
Truck233010,560.0
Truck232951,712.0
Truck233043,483.0
Truck232946,725.0
Truck232993,612.0
Truck232984,635.0
Truck232962,692.0
Truck233070,432.0
Truck233038,513.0
Truck233037,522.0
Truck232987,648.0
Truck233020,565.0
Truck232950,743.0
Truck233004,608.0
Truck233036,528.0
Truck233023,564.0
Truck232990,647.0
Truck233025,563.0
Truck233098,379.0
Truck233106,359.0
Truck233009,606.0
Truck233030,551.0
Truck233081,433.0
Truck232945,775.0
Truck232979,690.0
Truck233016,600.0
Truck233042,536.0
Truck233006,628.0
Truck233052,514.0
Truck232949,775.0
Truck232988,678.0
Truck233015,613.0
Truck233055,513.0
Truck233091,423.0
Truck232994,666.0
Truck232983,701.0
Truck233087,444.0
Truck233029,590.0
Truck232982,707.0
Truck232975,731.0
Truck232970,743.0
Truck233074,486.0
Truck232991,702.0
Truck233082,476.0
Truck232981,735.0
Truck233075,500.0
Truck232941,836.0
Truck233000,690.0
Truck233008,670.0
Truck232910,918.0
Truck233078,502.0
Truck233280,429.0
Truck233291,423.0
Truck233281,470.0
Truck233282,471.0
Truck233309,434.0
Truck233342,350.0
Truck233284,526.0
Truck233289,524.0
Truck233312,465.0
Truck233288,527.0
Truck233319,461.0
Truck233313,483.0
Truck233325,454.0
Truck233283,565.0
Truck233314,485.0
Truck233305,512.0
Truck233334,444.0
Truck233301,531.0
Truck233322,481.0
Truck233331,461.0
Truck233336,456.0
Truck233287,584.0
Truck233315,515.0
Truck233308,541.0
Truck233355,434.0
Truck233374,384.0
Truck233321,528.0
Truck233302,577.0
Truck233326,520.0
Truck233328,521.0
Truck233295,608.0
Truck233317,564.0
Truck233286,643.0
Truck233365,451.0
Truck233293,632.0
Truck233304,605.0
Truck233297,626.0
Truck233332,536.0
Truck233292,637.0
Truck233316,577.0
Truck233318,572.0
Truck233337,535.0
Truck233346,510.0
Truck233344,517.0
Truck233327,563.0
Truck233347,513.0
Truck233369,458.0
Truck233338,538.0
Truck233324,575.0
Truck233296,647.0
Truck233378,444.0
Truck233351,515.0
Truck233343,537.0
Truck233363,489.0
Truck233356,507.0
Truck233294,667.0
Truck233306,637.0
Truck233370,482.0
Truck233353,531.0
Truck233368,492.0
Truck233330,588.0
Truck233395,430.0
Truck233360,516.0
Truck233392,437.0
Truck233425,364.0
Truck233376,485.0
Truck233298,683.0
Truck233372,498.0
Truck233290,704.0
Truck233303,674.0
Truck233307,664.0
Truck233285,721.0
Truck233357,542.0
Truck233401,433.0
Truck233352,554.0
Truck233377,494.0
Truck233423,383.0
Truck233402,435.0
Truck233341,591.0
Truck233385,483.0
Truck233398,452.0
Truck233408,430.0
Truck233416,411.0
Truck233410,427.0
Truck233367,542.0
Truck233300,713.0
Truck233320,670.0
Truck233361,570.0
Truck233371,547.0
Truck233382,519.0
Truck233454,353.0
Truck233329,669.0
Truck233381,539.0
Truck233366,577.0
Truck233323,693.0
Truck233340,649.0
Truck233399,506.0
Truck233358,609.0
Truck233387,542.0
Truck233417,477.0
Truck233349,648.0
Truck233348,649.0
Truck233339,675.0
Truck233299,783.0
Truck233432,450.0
Truck233397,542.0
Truck233427,471.0
Truck233413,507.0
Truck233345,679.0
Truck233411,516.0
Truck233362,638.0
Truck233310,771.0
Truck233350,671.0
Truck233383,591.0
Truck233424,492.0
Truck233384,594.0
Truck233437,464.0
Truck233438,461.0
Truck233333,734.0
Truck233421,514.0
Truck233434,486.0
Truck233364,669.0
Truck233406,566.0
Truck233375,647.0
Truck233436,492.0
Truck233439,488.0
Truck233415,550.0
Truck233409,566.0
Truck233335,752.0
Truck233379,642.0
Truck233444,479.0
Truck233412,562.0
Truck233465,433.0
Truck233477,404.0
Truck233388,627.0
Truck233422,545.0
Truck233429,534.0
Truck233390,636.0
Truck233426,547.0
Truck233419,569.0
Truck233455,480.0
Truck233380,666.0
Truck233448,496.0
Truck233435,533.0
Truck233428,549.0
Truck233452,489.0
Truck233405,611.0
Truck233484,411.0
Truck233414,597.0
Truck233403,628.0
Truck233391,661.0
Truck233404,630.0
Truck233407,635.0
Truck233386,688.0
Truck233311,881.0
Truck233359,762.0
Truck233479,464.0
Truck233474,475.0
Truck233396,675.0
Truck233512,388.0
Truck233464,522.0
Truck233462,528.0
Truck233443,581.0
Truck233516,399.0
Truck233480,492.0
Truck233420,644.0
Truck233441,594.0
Truck233519,400.0
Truck233495,461.0
Truck233354,815.0
Truck233449,582.0
Truck233373,773.0
Truck233389,734.0
Truck233430,630.0
Truck233393,730.0
Truck233450,586.0
Truck233473,531.0
Truck233453,583.0
Truck233456,573.0
Truck233494,479.0
Truck233486,501.0
Truck233459,573.0
Truck233523,417.0
Truck233471,550.0
Truck233446,611.0
Truck233451,607.0
Truck233442,633.0
Truck233506,475.0
Truck233433,661.0
Truck233509,472.0
Truck233528,424.0
Truck233467,581.0
Truck233490,522.0
Truck233500,498.0
Truck233530,426.0
Truck233458,609.0
Truck233400,757.0
Truck233460,610.0
Truck233475,575.0
Truck233472,582.0
Truck233418,720.0
Truck233504,505.0
Truck233526,455.0
Truck233505,511.0
Truck233463,626.0
Truck233556,391.0
Truck233542,427.0
Truck233541,439.0
Truck233468,623.0
Truck233514,511.0
Truck233493,567.0
Truck233515,513.0
Truck233501,549.0
Truck233543,455.0
Truck233572,381.0
Truck233565,403.0
Truck233598,322.0
Truck233507,553.0
Truck233502,567.0
Truck233561,426.0
Truck233483,626.0
Truck233394,849.0
Truck233525,530.0
Truck233492,612.0
Truck233466,680.0
Truck233481,659.0
Truck233469,690.0
Truck233503,610.0
Truck233457,726.0
Truck233546,504.0
Truck233482,665.0
Truck233532,544.0
Truck233538,530.0
Truck233470,705.0
Truck233485,672.0
Truck233431,809.0
Truck233577,447.0
Truck233440,788.0
Truck233535,557.0
Truck233569,478.0
Truck233584,440.0
Truck233558,508.0
Truck233491,680.0
Truck233497,665.0
Truck233510,630.0
Truck233461,758.0
Truck233575,481.0
Truck233527,602.0
Truck233602,414.0
Truck233445,811.0
Truck233487,707.0
Truck233581,472.0
Truck233545,564.0
Truck233549,554.0
Truck233589,455.0
Truck233570,501.0
Truck233522,622.0
Truck233574,493.0
Truck233559,535.0
Truck233447,818.0
Truck233513,653.0
Truck233611,411.0
Truck233616,409.0
Truck233567,535.0
Truck233533,621.0
Truck233592,472.0
Truck233537,616.0
Truck233488,737.0
Truck233518,669.0
Truck233579,520.0
Truck233550,596.0
Truck233534,638.0
Truck233547,610.0
Truck233511,704.0
Truck233634,399.0
Truck233568,568.0
Truck233498,744.0
Truck233521,691.0
Truck233557,601.0
Truck233641,391.0
Truck233571,568.0
Truck233629,425.0
Truck233600,497.0
Truck233606,483.0
Truck233524,699.0
Truck233531,687.0
Truck233626,447.0
Truck233583,558.0
Truck233587,549.0
Truck233496,776.0
Truck233652,387.0
Truck233552,642.0
Truck233638,428.0
Truck233499,779.0
Truck233560,625.0
Truck233648,406.0
Truck233520,731.0
Truck233599,536.0
Truck233631,459.0
Truck233609,516.0
Truck233539,692.0
Truck233582,583.0
Truck233593,559.0
Truck233659,399.0
Truck233562,641.0
Truck233548,677.0
Truck233623,494.0
Truck233551,676.0
Truck233508,784.0
Truck233607,540.0
Truck233632,476.0
Truck233540,707.0
Truck233517,770.0
Truck233564,652.0
Truck233573,636.0
Truck233596,578.0
Truck233588,606.0
Truck233695,345.0
Truck233597,596.0
Truck233657,446.0
Truck233694,351.0
Truck233624,528.0
Truck233553,712.0
Truck233665,432.0
Truck233615,561.0
Truck233637,508.0
Truck233618,554.0
Truck233636,509.0
Truck233646,485.0
Truck233682,399.0
Truck233476,917.0
Truck233489,892.0
Truck233590,638.0
Truck233608,595.0
Truck233605,606.0
Truck233563,713.0
Truck233625,558.0
Truck233689,401.0
Truck233580,674.0
Truck233655,491.0
Truck233578,684.0
Truck233619,584.0
Truck233603,625.0
Truck233621,581.0
Truck233635,550.0
Truck233529,816.0
Truck233554,751.0
Truck233645,527.0
Truck233639,547.0
Truck233647,527.0
Truck233576,708.0
Truck233591,674.0
Truck233669,479.0
Truck233478,958.0
Truck233544,793.0
Truck233701,409.0
Truck233586,699.0
Truck233677,475.0
Truck233697,427.0
Truck233536,830.0
Truck233670,504.0
Truck233595,696.0
Truck233585,727.0
Truck233644,578.0
Truck233612,659.0
Truck233627,625.0
Truck233594,709.0
Truck233656,555.0
Truck233724,385.0
Truck233555,819.0
Truck233661,554.0
Truck233685,499.0
Truck233566,796.0
Truck233673,532.0
Truck233679,520.0
Truck233668,546.0
Truck233696,485.0
Truck233614,698.0
Truck233676,544.0
Truck233613,705.0
Truck233622,680.0
Truck233643,636.0
Truck233617,702.0
Truck233633,665.0
Truck233662,592.0
Truck233601,748.0
Truck233628,681.0
Truck233650,628.0
Truck233649,638.0
Truck233739,413.0
Truck233654,626.0
Truck233705,505.0
Truck233686,552.0
Truck233712,489.0
Truck233664,612.0
Truck233663,620.0
Truck233721,475.0
Truck233733,445.0
Truck233714,491.0
Truck233700,527.0
Truck233610,754.0
Truck233707,514.0
Truck233711,507.0
Truck233630,708.0
Truck233743,433.0
Truck233666,629.0
Truck233731,469.0
Truck233726,481.0
Truck233710,523.0
Truck233653,671.0
Truck233671,634.0
Truck233742,455.0
Truck233642,706.0
Truck233729,496.0
Truck233651,695.0
Truck233692,603.0
Truck233702,578.0
Truck233732,509.0
Truck233698,595.0
Truck233718,546.0
Truck233722,539.0
Truck233604,835.0
Truck233699,600.0
Truck233690,622.0
Truck233754,462.0
Truck233727,536.0
Truck233713,572.0
Truck233667,688.0
Truck233693,625.0
Truck233678,661.0
Truck233806,345.0
Truck233688,641.0
Truck233741,513.0
Truck233760,465.0
Truck233738,521.0
Truck233708,597.0
Truck233747,503.0
Truck233736,529.0
Truck233687,655.0
Truck233719,575.0
Truck233744,510.0
Truck233660,722.0
Truck233796,384.0
Truck233749,508.0
Truck233716,589.0
Truck233620,835.0
Truck233745,528.0
Truck233777,448.0
Truck233680,689.0
Truck233734,557.0
Truck233809,373.0
Truck233750,523.0
Truck233683,694.0
Truck233737,565.0
Truck233672,728.0
Truck233756,518.0
Truck233730,587.0
Truck233725,605.0
Truck233779,479.0
Truck233778,484.0
Truck233728,617.0
Truck233793,459.0
Truck233691,718.0
Truck233658,799.0
Truck233674,759.0
Truck233640,849.0
Truck233800,450.0
Truck233706,686.0
Truck233788,486.0
Truck233773,527.0
Truck233709,689.0
Truck233769,541.0
Truck233803,457.0
Truck233703,708.0
Truck233720,668.0
Truck233774,534.0
Truck233759,578.0
Truck233723,672.0
Truck233715,694.0
Truck233804,469.0
Truck233770,562.0
Truck233764,580.0
Truck233839,398.0
Truck233807,480.0
Truck233717,711.0
Truck233870,330.0
Truck233811,481.0
Truck233782,553.0
Truck233740,659.0
Truck233746,652.0
Truck233704,761.0
Truck233675,839.0
Truck233791,549.0
Truck233783,570.0
Truck233776,586.0
Truck233794,543.0
Truck233789,562.0
Truck233817,496.0
Truck233790,571.0
Truck233815,512.0
Truck233755,665.0
Truck233786,585.0
Truck233838,457.0
Truck233868,384.0
Truck233768,635.0
Truck233795,570.0
Truck233802,555.0
Truck233845,452.0
Truck233792,587.0
Truck233854,435.0
Truck233841,471.0
Truck233828,503.0
Truck233797,584.0
Truck233681,881.0
Truck233751,712.0
Truck233887,373.0
Truck233896,348.0
Truck233684,879.0
Truck233882,384.0
Truck233785,630.0
Truck233810,565.0
Truck233821,542.0
Truck233799,605.0
Truck233824,541.0
Truck233784,643.0
Truck233780,655.0
Truck233787,640.0
Truck233819,560.0
Truck233735,774.0
Truck233842,507.0
Truck233753,733.0
Truck233765,705.0
Truck233762,713.0
Truck233837,530.0
Truck233893,397.0
Truck233766,713.0
Truck233801,631.0
Truck233748,762.0
Truck233757,743.0
Truck233798,643.0
Truck233885,430.0
Truck233763,739.0
Truck233808,624.0
Truck233767,730.0
Truck233864,485.0
Truck233859,501.0
Truck233866,482.0
Truck233862,500.0
Truck233875,478.0
Truck233860,523.0
Truck233836,585.0
Truck233936,341.0
Truck233872,505.0
Truck233814,651.0
Truck233833,606.0
Truck233844,577.0
Truck233781,740.0
Truck233761,792.0
Truck233856,553.0
Truck233832,614.0
Truck233820,646.0
Truck233812,679.0
Truck233913,432.0
Truck233826,649.0
Truck233880,514.0
Truck233889,494.0
Truck233848,596.0
Truck233852,588.0
Truck233752,842.0
Truck233805,712.0
Truck233891,498.0
Truck233904,471.0
Truck233813,704.0
Truck233831,665.0
Truck233827,677.0
Truck233863,587.0
Truck233877,553.0
Truck233911,471.0
Truck233818,706.0
Truck233771,829.0
Truck233869,585.0
Truck233849,636.0
Truck233822,704.0
Truck233843,655.0
Truck233846,645.0
Truck233940,412.0
Truck233962,358.0
Truck233878,569.0
Truck233758,874.0
Truck233825,709.0
Truck233917,479.0
Truck233855,640.0
Truck233909,506.0
Truck233876,591.0
Truck233923,476.0
Truck233834,702.0
Truck233847,681.0
Truck233850,672.0
Truck233772,871.0
Truck233918,507.0
Truck233903,548.0
Truck233934,480.0
Truck233829,747.0
Truck233851,700.0
Truck233884,615.0
Truck233965,415.0
Truck233908,557.0
Truck233830,753.0
Truck233946,467.0
Truck233901,586.0
Truck233902,581.0
Truck233927,525.0
Truck234015,305.0
Truck233892,612.0
Truck233898,599.0
Truck233987,380.0
Truck233775,912.0
Truck233966,438.0
Truck233883,651.0
Truck233915,571.0
Truck233928,536.0
Truck233873,685.0
Truck233947,500.0
Truck233895,632.0
Truck233916,579.0
Truck233921,572.0
Truck233823,825.0
Truck233971,456.0
Truck233899,640.0
Truck233929,566.0
Truck233912,608.0
Truck233960,495.0
Truck233894,663.0
Truck233950,523.0
Truck233969,478.0
Truck233910,624.0
Truck233943,544.0
Truck233874,717.0
Truck233879,707.0
Truck233907,640.0
Truck233935,570.0
Truck233840,808.0
Truck233858,764.0
Truck233919,618.0
Truck234007,399.0
Truck233865,760.0
Truck233914,638.0
Truck233924,613.0
Truck233835,839.0
Truck233857,787.0
Truck233867,763.0
Truck233948,563.0
Truck233978,489.0
Truck233861,785.0
Truck233941,589.0
Truck234000,439.0
Truck234006,425.0
Truck234024,380.0
Truck233979,496.0
Truck234022,391.0
Truck233881,747.0
Truck233970,525.0
Truck233952,571.0
Truck233853,826.0
Truck233967,548.0
Truck233931,639.0
Truck233953,584.0
Truck233986,501.0
Truck233977,527.0
Truck233955,584.0
Truck234041,375.0
Truck233906,711.0
Truck233945,620.0
Truck233957,590.0
Truck233985,524.0
Truck233982,531.0
Truck233905,728.0
Truck233944,629.0
Truck233951,618.0
Truck233984,537.0
Truck233930,674.0
Truck233816,960.0
Truck233995,516.0
Truck233961,602.0
Truck234029,434.0
Truck233999,510.0
Truck234011,483.0
Truck233981,560.0
Truck233886,798.0
Truck234005,505.0
Truck234017,478.0
Truck233926,705.0
Truck233958,625.0
Truck234027,456.0
Truck233925,712.0
Truck233949,656.0
Truck233963,625.0
Truck234037,453.0
Truck233954,660.0
Truck234021,496.0
Truck233920,750.0
Truck233956,660.0
Truck233994,569.0
Truck233933,728.0
Truck233972,629.0
Truck233998,564.0
Truck233997,571.0
Truck234023,506.0
Truck234032,486.0
Truck233900,822.0
Truck233932,746.0
Truck233942,728.0
Truck234042,481.0
Truck233975,658.0
Truck233976,653.0
Truck233996,603.0
Truck234016,553.0
Truck234038,498.0
Truck233991,619.0
Truck233897,858.0
Truck233922,793.0
Truck234071,425.0
Truck233980,653.0
Truck233871,930.0
Truck234055,472.0
Truck234052,478.0
Truck233937,771.0
Truck233890,890.0
Truck234040,515.0
Truck234080,418.0
Truck234010,594.0
Truck233888,905.0
Truck233938,785.0
Truck234019,586.0
Truck233983,678.0
Truck234026,571.0
Truck234077,446.0
Truck234078,441.0
Truck234073,458.0
Truck234003,636.0
Truck233974,707.0
Truck234043,538.0
Truck233973,714.0
Truck234008,625.0
Truck234004,638.0
Truck234051,524.0
Truck234050,526.0
Truck233992,672.0
Truck234060,502.0
Truck234119,359.0
Truck234030,582.0
Truck234093,428.0
Truck234106,399.0
Truck234063,510.0
Truck233988,696.0
Truck233990,691.0
Truck234100,420.0
Truck234087,457.0
Truck234001,673.0
Truck234058,528.0
Truck234035,589.0
Truck234107,412.0
Truck234020,640.0
Truck234081,490.0
Truck234028,621.0
Truck234045,583.0
Truck234025,635.0
Truck234076,515.0
Truck234067,542.0
Truck234103,454.0
Truck234089,491.0
Truck234018,670.0
Truck234075,533.0
Truck234014,688.0
Truck233939,880.0
Truck234128,405.0
Truck234049,606.0
Truck234086,511.0
Truck234002,726.0
Truck234104,473.0
Truck234053,605.0
Truck233993,758.0
Truck234070,563.0
Truck234059,594.0
Truck234039,650.0
Truck234012,720.0
Truck234102,495.0
Truck234046,638.0
Truck234072,573.0
Truck234065,595.0
Truck234138,415.0
Truck234057,624.0
Truck234130,439.0
Truck234091,541.0
Truck234111,491.0
Truck233964,857.0
Truck234098,524.0
Truck234109,502.0
Truck234126,460.0
Truck234034,692.0
Truck234090,554.0
Truck234036,690.0
Truck234145,422.0
Truck234054,653.0
Truck234150,418.0
Truck234140,445.0
Truck234031,721.0
Truck234137,456.0
Truck234135,464.0
Truck233959,905.0
Truck234083,597.0
Truck233968,883.0
Truck233989,833.0
Truck234044,696.0
Truck234048,687.0
Truck234066,643.0
Truck234079,613.0
Truck234133,479.0
Truck234092,581.0
Truck234143,460.0
Truck234147,458.0
Truck234132,496.0
Truck234156,437.0
Truck234108,559.0
Truck234013,803.0
Truck234122,529.0
Truck234112,558.0
Truck234056,699.0
Truck234069,669.0
Truck234084,631.0
Truck234121,546.0
Truck234068,683.0
Truck234127,544.0
Truck234203,356.0
Truck234082,659.0
Truck234120,572.0
Truck234186,408.0
Truck234097,640.0
Truck234110,605.0
Truck234101,633.0
Truck234155,498.0
Truck234136,544.0
Truck234009,865.0
Truck234151,511.0
Truck234172,466.0
Truck234149,529.0
Truck234189,437.0
Truck234094,675.0
Truck234146,553.0
Truck234061,769.0
Truck234129,600.0
Truck234139,577.0
Truck234187,465.0
Truck234095,696.0
Truck234174,497.0
Truck234123,633.0
Truck234184,486.0
Truck234173,521.0
Truck234180,502.0
Truck234179,508.0
Truck234167,540.0
Truck234074,773.0
Truck234114,674.0
Truck234192,481.0
Truck234175,528.0
Truck234085,756.0
Truck234117,677.0
Truck234176,527.0
Truck234198,473.0
Truck234096,730.0
Truck234047,857.0
Truck234099,729.0
Truck234231,399.0
Truck234141,625.0
Truck234197,490.0
Truck234227,418.0
Truck234163,582.0
Truck234181,538.0
Truck234116,699.0
Truck234188,527.0
Truck234219,453.0
Truck234165,597.0
Truck234105,750.0
Truck234169,590.0
Truck234157,624.0
Truck234264,354.0
Truck234195,536.0
Truck234033,951.0
Truck234115,748.0
Truck234213,503.0
Truck234158,641.0
Truck234201,536.0
Truck234161,641.0
Truck234118,748.0
Truck234168,625.0
Truck234250,420.0
Truck234153,666.0
Truck234160,649.0
Truck234247,434.0
Truck234148,682.0
Truck234276,362.0
Truck234154,668.0
Truck234208,536.0
Truck234124,747.0
Truck234207,544.0
Truck234279,364.0
Truck234205,553.0
Truck234190,593.0
Truck234232,490.0
Truck234113,792.0
Truck234134,737.0
Truck234166,658.0
Truck234224,517.0
Truck234235,492.0
Truck234062,923.0
Truck234257,440.0
Truck234144,726.0
Truck234212,559.0
Truck234194,605.0
Truck234204,580.0
Truck234248,470.0
Truck234164,683.0
Truck234223,539.0
Truck234253,467.0
Truck234171,674.0
Truck234233,519.0
Truck234228,530.0
Truck234216,563.0
Truck234170,680.0
Truck234240,507.0
Truck234125,799.0
Truck234199,615.0
Truck234088,897.0
Truck234283,415.0
Truck234142,768.0
Truck234196,634.0
Truck234064,965.0
Truck234258,482.0
Truck234177,688.0
Truck234249,509.0
Truck234263,476.0
Truck234244,524.0
Truck234152,757.0
Truck234218,595.0
Truck234236,551.0
Truck234315,360.0
Truck234159,752.0
Truck234297,409.0
Truck234222,595.0
Truck234178,710.0
Truck234210,631.0
Truck234300,407.0
Truck234217,621.0
Truck234215,633.0
Truck234313,392.0
Truck234193,693.0
Truck234183,721.0
Truck234211,662.0
Truck234202,684.0
Truck234287,480.0
Truck234269,529.0
Truck234251,575.0
Truck234261,550.0
Truck234254,573.0
Truck234278,513.0
Truck234182,757.0
Truck234239,618.0
Truck234206,711.0
Truck234259,583.0
Truck234131,904.0
Truck234266,565.0
Truck234238,639.0
Truck234333,404.0
Truck234214,711.0
Truck234282,544.0
Truck234255,615.0
Truck234334,415.0
Truck234293,521.0
Truck234328,432.0
Truck234310,482.0
Truck234185,800.0
Truck234277,571.0
Truck234225,712.0
Truck234285,563.0
Truck234331,448.0
Truck234356,384.0
Truck234321,476.0
Truck234265,617.0
Truck234272,597.0
Truck234323,475.0
Truck234275,596.0
Truck234318,487.0
Truck234284,573.0
Truck234267,621.0
Truck234268,616.0
Truck234230,713.0
Truck234281,592.0
Truck234229,723.0
Truck234237,719.0
Truck234314,524.0
Truck234274,625.0
Truck234262,656.0
Truck234289,593.0
Truck234307,549.0
Truck234162,910.0
Truck234325,506.0
Truck234220,768.0
Truck234322,519.0
Truck234296,590.0
Truck234346,465.0
Truck234191,856.0
Truck234234,749.0
Truck234226,773.0
Truck234256,699.0
Truck234311,566.0
Truck234245,735.0
Truck234221,798.0
Truck234317,558.0
Truck234241,749.0
Truck234340,500.0
Truck234363,447.0
Truck234252,723.0
Truck234352,477.0
Truck234298,614.0
Truck234291,637.0
Truck234209,843.0
Truck234246,748.0
Truck234308,593.0
Truck234364,464.0
Truck234260,734.0
Truck234335,554.0
Truck234371,466.0
Truck234295,659.0
Truck234302,644.0
Truck234273,720.0
Truck234358,507.0
Truck234286,688.0
Truck234243,799.0
Truck234360,504.0
Truck234351,538.0
Truck234357,539.0
Truck234301,683.0
Truck234312,653.0
Truck234316,644.0
Truck234337,594.0
Truck234280,737.0
Truck234294,702.0
Truck234365,530.0
Truck234304,688.0
Truck234354,565.0
Truck234326,636.0
Truck234368,533.0
Truck234396,464.0
Truck234408,434.0
Truck234242,866.0
Truck234374,538.0
Truck234378,533.0
Truck234306,714.0
Truck234370,557.0
Truck234343,634.0
Truck234303,735.0
Truck234372,562.0
Truck234200,993.0
Truck234338,649.0
Truck234327,681.0
Truck234332,668.0
Truck234394,513.0
Truck234389,529.0
Truck234336,661.0
Truck234384,544.0
Truck234309,736.0
Truck234414,473.0
Truck234385,553.0
Truck234448,394.0
Truck234409,498.0
Truck234429,451.0
Truck234292,794.0
Truck234366,614.0
Truck234369,610.0
Truck234367,620.0
Truck234439,442.0
Truck234329,719.0
Truck234415,504.0
Truck234324,731.0
Truck234290,820.0
Truck234319,755.0
Truck234376,612.0
Truck234350,679.0
Truck234359,660.0
Truck234402,550.0
Truck234270,881.0
Truck234305,797.0
Truck234443,452.0
Truck234320,758.0
Truck234353,680.0
Truck234393,581.0
Truck234375,627.0
Truck234348,695.0
Truck234339,724.0
Truck234330,747.0
Truck234347,710.0
Truck234397,586.0
Truck234417,538.0
Truck234342,724.0
Truck234403,576.0
Truck234390,608.0
Truck234430,508.0
Truck234442,478.0
Truck234416,544.0
Truck234395,601.0
Truck234392,607.0
Truck234466,423.0
Truck234271,918.0
Truck234361,698.0
Truck234344,747.0
Truck234434,525.0
Truck234428,543.0
Truck234456,473.0
Truck234450,493.0
Truck234387,656.0
Truck234405,612.0
Truck234436,532.0
Truck234345,763.0
Truck234398,628.0
Truck234399,630.0
Truck234388,656.0
Truck234433,550.0
Truck234382,679.0
Truck234407,621.0
Truck234412,606.0
Truck234380,692.0
Truck234406,628.0
Truck234444,533.0
Truck234458,500.0
Truck234460,497.0
Truck234431,575.0
Truck234464,490.0
Truck234492,424.0
Truck234383,709.0
Truck234437,578.0
Truck234404,661.0
Truck234379,727.0
Truck234462,518.0
Truck234446,559.0
Truck234373,745.0
Truck234489,457.0
Truck234362,776.0
Truck234341,835.0
Truck234472,508.0
Truck234441,590.0
Truck234299,947.0
Truck234288,974.0
Truck234419,654.0
Truck234457,559.0
Truck234483,498.0
Truck234355,822.0
Truck234471,538.0
Truck234435,631.0
Truck234508,447.0
Truck234465,563.0
Truck234413,694.0
Truck234426,661.0
Truck234422,672.0
Truck234467,563.0
Truck234391,760.0
Truck234423,680.0
Truck234506,470.0
Truck234447,621.0
Truck234418,692.0
Truck234528,417.0
Truck234349,868.0
Truck234451,615.0
Truck234410,718.0
Truck234502,488.0
Truck234539,400.0
Truck234490,527.0
Truck234469,583.0
Truck234411,729.0
Truck234478,559.0
Truck234440,655.0
Truck234477,566.0
Truck234530,435.0
Truck234381,816.0
Truck234400,771.0
Truck234459,629.0
Truck234452,645.0
Truck234476,586.0
Truck234556,388.0
Truck234377,839.0
Truck234513,499.0
Truck234479,592.0
Truck234449,668.0
Truck234482,585.0
Truck234485,582.0
Truck234499,553.0
Truck234421,750.0
Truck234523,501.0
Truck234481,607.0
Truck234496,568.0
Truck234427,747.0
Truck234494,578.0
Truck234438,721.0
Truck234486,601.0
Truck234510,543.0
Truck234514,534.0
Truck234463,665.0
Truck234516,531.0
Truck234386,857.0
Truck234509,552.0
Truck234491,608.0
Truck234527,524.0
Truck234531,514.0
Truck234512,560.0
Truck234401,842.0
Truck234505,587.0
Truck234507,586.0
Truck234526,536.0
Truck234470,678.0
Truck234495,621.0
Truck234461,708.0
Truck234480,660.0
Truck234425,804.0
Truck234498,625.0
Truck234553,495.0
Truck234511,603.0
Truck234594,399.0
Truck234501,635.0
Truck234519,590.0
Truck234555,500.0
Truck234536,548.0
Truck234473,710.0
Truck234534,557.0
Truck234567,477.0
Truck234607,378.0
Truck234573,464.0
Truck234487,681.0
Truck234589,427.0
Truck234518,605.0
Truck234559,511.0
Truck234627,342.0
Truck234570,484.0
Truck234420,861.0
Truck234454,777.0
Truck234484,706.0
Truck234453,792.0
Truck234468,753.0
Truck234542,568.0
Truck234522,623.0
Truck234584,468.0
Truck234597,440.0
Truck234488,713.0
Truck234525,631.0
Truck234475,765.0
Truck234571,526.0
Truck234569,532.0
Truck234520,655.0
Truck234629,385.0
Truck234445,846.0
Truck234560,556.0
Truck234612,431.0
Truck234432,882.0
Truck234497,722.0
Truck234504,707.0
Truck234532,638.0
Truck234617,429.0
Truck234601,471.0
Truck234618,433.0
Truck234524,672.0
Truck234546,617.0
Truck234529,665.0
Truck234611,461.0
Truck234634,405.0
Truck234538,650.0
Truck234614,461.0
Truck234616,457.0
Truck234631,422.0
Truck234591,526.0
Truck234541,652.0
Truck234637,412.0
Truck234424,943.0
Truck234565,597.0
Truck234503,753.0
Truck234549,642.0
Truck234576,572.0
Truck234543,659.0
Truck234547,651.0
Truck234649,398.0
Truck234535,684.0
Truck234623,467.0
Truck234582,569.0
Truck234613,497.0
Truck234626,462.0
Truck234598,534.0
Truck234517,740.0
Truck234533,700.0
Truck234493,801.0
Truck234647,416.0
Truck234515,748.0
Truck234544,677.0
Truck234600,539.0
Truck234586,575.0
Truck234588,573.0
Truck234592,563.0
Truck234550,670.0
Truck234595,562.0
Truck234558,653.0
Truck234590,573.0
Truck234619,503.0
Truck234575,614.0
Truck234474,865.0
Truck234624,491.0
Truck234657,411.0
Truck234585,593.0
Truck234552,676.0
Truck234580,608.0
Truck234599,568.0
Truck234574,637.0
Truck234561,676.0
Truck234587,612.0
Truck234554,700.0
Truck234566,672.0
Truck234579,642.0
Truck234563,683.0
Truck234602,584.0
Truck234548,721.0
Truck234663,437.0
Truck234660,444.0
Truck234564,696.0
Truck234593,626.0
Truck234646,493.0
Truck234578,664.0
Truck234521,810.0
Truck234639,515.0
Truck234540,763.0
Truck234577,675.0
Truck234621,569.0
Truck234664,462.0
Truck234605,616.0
Truck234692,396.0
Truck234651,508.0
Truck234545,774.0
Truck234625,574.0
Truck234572,705.0
Truck234680,435.0
Truck234500,886.0
Truck234672,456.0
Truck234583,682.0
Truck234610,614.0
Truck234650,514.0
Truck234645,534.0
Truck234596,655.0
Truck234606,633.0
Truck234659,504.0
Truck234666,484.0
Truck234656,510.0
Truck234677,461.0
Truck234685,441.0
Truck234653,523.0
Truck234667,488.0
Truck234581,709.0
Truck234628,590.0
Truck234642,557.0
Truck234652,534.0
Truck234684,454.0
Truck234635,581.0
Truck234669,497.0
Truck234455,1034.0
Truck234632,592.0
Truck234636,583.0
Truck234678,478.0
Truck234675,490.0
Truck234654,544.0
Truck234557,795.0
Truck234679,494.0
Truck234568,770.0
Truck234620,640.0
Truck234630,617.0
Truck234537,855.0
Truck234665,537.0
Truck234735,363.0
Truck234700,454.0
Truck234701,454.0
Truck234736,364.0
Truck234699,460.0
Truck234728,386.0
Truck234609,694.0
Truck234622,659.0
Truck234691,489.0
Truck234693,485.0
Truck234655,584.0
Truck234604,720.0
Truck234674,545.0
Truck234603,727.0
Truck234681,533.0
Truck234682,530.0
Truck234695,502.0
Truck234725,427.0
Truck234717,451.0
Truck234704,482.0
Truck234749,377.0
Truck234706,483.0
Truck234724,449.0
Truck234551,887.0
Truck234644,652.0
Truck234671,590.0
Truck234562,865.0
Truck234641,672.0
Truck234734,440.0
Truck234748,407.0
Truck234648,661.0
Truck234702,530.0
Truck234753,407.0
Truck234697,548.0
Truck234720,491.0
Truck234710,525.0
Truck234638,707.0
Truck234714,523.0
Truck234746,443.0
Truck234719,518.0
Truck234721,515.0
Truck234708,552.0
Truck234690,604.0
Truck234688,614.0
Truck234729,514.0
Truck234673,656.0
Truck234696,597.0
Truck234757,449.0
Truck234768,419.0
Truck234712,560.0
Truck234716,550.0
Truck234689,622.0
Truck234750,471.0
Truck234698,608.0
Truck234709,583.0
Truck234640,755.0
Truck234658,713.0
Truck234703,605.0
Truck234759,469.0
Truck234790,393.0
Truck234727,555.0
Truck234752,493.0
Truck234756,483.0
Truck234686,660.0
Truck234643,773.0
Truck234633,799.0
Truck234742,524.0
Truck234713,600.0
Truck234747,517.0
Truck234608,864.0
Truck234705,627.0
Truck234670,717.0
Truck234738,548.0
Truck234743,539.0
Truck234615,860.0
Truck234786,430.0
Truck234744,537.0
Truck234676,714.0
Truck234732,576.0
Truck234662,753.0
Truck234694,673.0
Truck234776,476.0
Truck234782,475.0
Truck234751,557.0
Truck234781,497.0
Truck234831,372.0
Truck234683,746.0
Truck234661,809.0
Truck234765,549.0
Truck234800,459.0
Truck234816,420.0
Truck234819,417.0
Truck234789,493.0
Truck234723,659.0
Truck234687,750.0
Truck234772,535.0
Truck234794,480.0
Truck234767,552.0
Truck234731,646.0
Truck234797,481.0
Truck234773,542.0
Truck234792,496.0
Truck234741,627.0
Truck234769,569.0
Truck234726,675.0
Truck234739,645.0
Truck234754,609.0
Truck234843,392.0
Truck234766,584.0
Truck234793,521.0
Truck234715,718.0
Truck234861,353.0
Truck234857,366.0
Truck234733,680.0
Truck234711,739.0
Truck234824,461.0
Truck234780,573.0
Truck234830,451.0
Truck234668,859.0
Truck234718,734.0
Truck234730,705.0
Truck234803,525.0
Truck234762,628.0
Truck234818,488.0
Truck234807,528.0
Truck234847,432.0
Truck234707,790.0
Truck234785,595.0
Truck234778,612.0
Truck234814,526.0
Truck234787,602.0
Truck234791,597.0
Truck234834,487.0
Truck234863,417.0
Truck234833,493.0
Truck234801,577.0
Truck234846,462.0
Truck234755,693.0
Truck234856,444.0
Truck234779,640.0
Truck234777,649.0
Truck234798,594.0
Truck234795,605.0
Truck234832,511.0
Truck234811,567.0
Truck234839,497.0
Truck234804,583.0
Truck234775,659.0
Truck234808,578.0
Truck234820,548.0
Truck234740,749.0
Truck234737,764.0
Truck234788,642.0
Truck234854,481.0
Truck234822,566.0
Truck234764,713.0
Truck234771,712.0
Truck234842,532.0
Truck234760,738.0
Truck234763,743.0
Truck234899,403.0
Truck234796,660.0
Truck234783,696.0
Truck234827,586.0
Truck234859,509.0
Truck234770,734.0
Truck234809,643.0
Truck234844,554.0
Truck234836,576.0
Truck234904,406.0
Truck234865,510.0
Truck234758,779.0
Truck234845,566.0
Truck234722,875.0
Truck234929,360.0
Truck234862,527.0
Truck234821,642.0
Truck234849,572.0
Truck234879,497.0
Truck234784,734.0
Truck234802,690.0
Truck234745,842.0
Truck234936,364.0
Truck234855,575.0
Truck234806,699.0
Truck234870,540.0
Truck234866,554.0
Truck234774,786.0
Truck234826,656.0
Truck234881,526.0
Truck234933,396.0
Truck234850,603.0
Truck234837,643.0
Truck234815,702.0
Truck234858,592.0
Truck234852,610.0
Truck234902,485.0
Truck234874,558.0
Truck234817,705.0
Truck234931,422.0
Truck234761,849.0
Truck234805,743.0
Truck234891,534.0
Truck234894,524.0
Truck234897,519.0
Truck234840,661.0
Truck234810,737.0
Truck234878,567.0
Truck234872,585.0
Truck234901,515.0
Truck234921,465.0
Truck234825,711.0
Truck234924,475.0
Truck234860,637.0
Truck234896,548.0
Truck234813,759.0
Truck234835,706.0
Truck234920,491.0
Truck234812,762.0
Truck234919,498.0
Truck234882,589.0
Truck234939,449.0
Truck234873,616.0
Truck234912,517.0
Truck234926,482.0
Truck234848,680.0
Truck234917,512.0
Truck234962,400.0
Truck234838,712.0
Truck234893,579.0
Truck234851,688.0
Truck234947,448.0
Truck234853,684.0
Truck234957,424.0
Truck234990,346.0
Truck234946,458.0
Truck234876,638.0
Truck234886,616.0
Truck234948,463.0
Truck234888,620.0
Truck234908,570.0
Truck234905,581.0
Truck234940,500.0
Truck234913,573.0
Truck234907,593.0
Truck234829,789.0
Truck234900,611.0
Truck234877,675.0
Truck234823,811.0
Truck234911,594.0
Truck234871,695.0
Truck234916,580.0
Truck234918,580.0
Truck234950,502.0
Truck234869,708.0
Truck234945,518.0
Truck234828,818.0
Truck234975,457.0
Truck234864,734.0
Truck234885,687.0
Truck234880,698.0
Truck234949,529.0
Truck234927,585.0
Truck234925,591.0
Truck234923,597.0
Truck234884,693.0
Truck235002,399.0
Truck234887,690.0
Truck234867,741.0
Truck234963,502.0
Truck234922,603.0
Truck234991,435.0
Truck234965,504.0
Truck234972,492.0
Truck234841,823.0
Truck234909,653.0
Truck234988,460.0
Truck234986,466.0
Truck234994,446.0
Truck234954,548.0
Truck234898,692.0
Truck234883,735.0
Truck234951,565.0
Truck234966,530.0
Truck234914,663.0
Truck234960,552.0
Truck234974,528.0
Truck234993,483.0
Truck234977,525.0
Truck234799,978.0
Truck234937,645.0
Truck234906,722.0
Truck234875,806.0
Truck234959,599.0
Truck234981,546.0
Truck234953,617.0
Truck234889,778.0
Truck234952,620.0
Truck234890,776.0
Truck234980,553.0
Truck234987,538.0
Truck234892,774.0
Truck234903,749.0
Truck234910,729.0
Truck235043,404.0
Truck235038,416.0
Truck235037,424.0
Truck234976,578.0
Truck234928,702.0
Truck234932,695.0
Truck235024,465.0
Truck234998,531.0
Truck234982,577.0
Truck234983,583.0
Truck235033,462.0
Truck234915,758.0
Truck235046,429.0
Truck234979,600.0
Truck234971,621.0
Truck234967,634.0
Truck235062,395.0
Truck235001,555.0
Truck234984,599.0
Truck235042,456.0
Truck235021,512.0
Truck234997,578.0
Truck235019,525.0
Truck234973,642.0
Truck235039,477.0
Truck234941,725.0
Truck235020,527.0
Truck234996,590.0
Truck235000,580.0
Truck234868,915.0
Truck235035,500.0
Truck234978,646.0
Truck234955,707.0
Truck234961,698.0
Truck235029,536.0
Truck235051,481.0
Truck234930,786.0
Truck234968,693.0
Truck235028,543.0
Truck235055,478.0
Truck235073,435.0
Truck235014,581.0
Truck235027,553.0
Truck235057,478.0
Truck235041,519.0
Truck235012,597.0
Truck234969,708.0
Truck234895,896.0
Truck234942,776.0
Truck234938,793.0
Truck235016,598.0
Truck235007,625.0
Truck235058,498.0
Truck235061,498.0
Truck235036,560.0
Truck235009,635.0
Truck235008,637.0
Truck235017,617.0
Truck234934,824.0
Truck234992,679.0
Truck234989,695.0
Truck235022,611.0
Truck235052,536.0
Truck234970,751.0
Truck235015,641.0
Truck234956,787.0
Truck234943,823.0
Truck234964,772.0
Truck234958,797.0
Truck235077,502.0
Truck234995,713.0
Truck235110,423.0
Truck235005,695.0
Truck235010,686.0
Truck235060,562.0
Truck235068,546.0
Truck235003,716.0
Truck235081,523.0
Truck235070,552.0
Truck235071,553.0
Truck235091,503.0
Truck234935,894.0
Truck235076,540.0
Truck235084,520.0
Truck235006,717.0
Truck235137,394.0
Truck235048,615.0
Truck234999,744.0
Truck235112,459.0
Truck235113,461.0
Truck235079,548.0
Truck235088,523.0
Truck235032,665.0
Truck235054,611.0
Truck234944,887.0
Truck235148,377.0
Truck235142,393.0
Truck235098,504.0
Truck235026,686.0
Truck235065,592.0
Truck235122,455.0
Truck235123,458.0
Truck235034,680.0
Truck235127,450.0
Truck235059,621.0
Truck235147,407.0
Truck235104,513.0
Truck235053,644.0
Truck235047,661.0
Truck235092,546.0
Truck235074,594.0
Truck235131,454.0
Truck235099,535.0
Truck235097,544.0
Truck235089,568.0
Truck235063,634.0
Truck235083,584.0
Truck235138,444.0
Truck235013,764.0
Truck235118,500.0
Truck235025,736.0
Truck235050,671.0
Truck235145,438.0
Truck235095,565.0
Truck235120,502.0
Truck235087,589.0
Truck235044,697.0
Truck235105,550.0
Truck234985,851.0
Truck235128,495.0
Truck235094,586.0
Truck235056,682.0
Truck235090,597.0
Truck235082,622.0
Truck235067,667.0
Truck235161,433.0
Truck235072,654.0
Truck235086,619.0
Truck235023,781.0
Truck235018,796.0
Truck235132,512.0
Truck235080,645.0
Truck235192,365.0
Truck235069,676.0
Truck235133,522.0
Truck235031,783.0
Truck235066,696.0
Truck235119,574.0
Truck235085,662.0
Truck235100,624.0
Truck235011,851.0
Truck235129,556.0
Truck235101,628.0
Truck235117,590.0
Truck235106,616.0
Truck235135,546.0
Truck235176,442.0
Truck235187,417.0
Truck235168,465.0
Truck235049,767.0
Truck235158,492.0
Truck235224,332.0
Truck235040,796.0
Truck235166,487.0
Truck235155,518.0
Truck235130,579.0
Truck235111,630.0
Truck235163,501.0
Truck235004,897.0
Truck235078,712.0
Truck235146,548.0
Truck235096,677.0
Truck235103,662.0
Truck235170,496.0
Truck235154,542.0
Truck235121,630.0
Truck235125,620.0
Truck235136,593.0
Truck235214,401.0
Truck235167,524.0
Truck235215,404.0
Truck235126,628.0
Truck235144,588.0
Truck235169,537.0
Truck235239,365.0
Truck235124,652.0
Truck235156,574.0
Truck235212,435.0
Truck235107,702.0
Truck235218,422.0
Truck235030,893.0
Truck235093,739.0
Truck235204,459.0
Truck235134,638.0
Truck235185,513.0
Truck235159,579.0
Truck235180,536.0
Truck235165,578.0
Truck235183,533.0
Truck235184,532.0
Truck235193,513.0
Truck235160,601.0
Truck235178,556.0
Truck235177,568.0
Truck235141,664.0
Truck235220,465.0
Truck235149,652.0
Truck235108,754.0
Truck235152,646.0
Truck235274,341.0
Truck235143,672.0
Truck235222,472.0
Truck235162,624.0
Truck235207,517.0
Truck235232,453.0
Truck235198,539.0
Truck235075,850.0
Truck235140,686.0
Truck235201,537.0
Truck235164,628.0
Truck235153,660.0
Truck235199,545.0
Truck235245,432.0
Truck235209,526.0
Truck235045,938.0
Truck235236,458.0
Truck235203,544.0
Truck235157,663.0
Truck235181,605.0
Truck235172,626.0
Truck235175,622.0
Truck235109,788.0
Truck235251,438.0
Truck235171,639.0
Truck235223,509.0
Truck235255,431.0
Truck235235,482.0
Truck235064,913.0
Truck235246,459.0
Truck235195,592.0
Truck235249,462.0
Truck235241,483.0
Truck235217,544.0
Truck235150,710.0
Truck235234,506.0
Truck235205,582.0
Truck235250,469.0
Truck235173,666.0
Truck235114,813.0
Truck235197,610.0
Truck235263,446.0
Truck235264,442.0
Truck235190,628.0
Truck235258,460.0
Truck235202,603.0
Truck235208,593.0
Truck235281,420.0
Truck235231,546.0
Truck235102,870.0
Truck235260,482.0
Truck235237,544.0
Truck235265,474.0
Truck235248,516.0
Truck235259,495.0
Truck235262,490.0
Truck235194,663.0
Truck235228,579.0
Truck235295,416.0
Truck235213,625.0
Truck235266,497.0
Truck235226,599.0
Truck235139,822.0
Truck235188,697.0
Truck235242,562.0
Truck235261,518.0
Truck235200,676.0
Truck235247,563.0
Truck235287,465.0
Truck235151,807.0
Truck235271,516.0
Truck235216,652.0
Truck235227,628.0
Truck235189,726.0
Truck235284,486.0
Truck235293,467.0
Truck235179,753.0
Truck235211,678.0
Truck235257,563.0
Truck235273,523.0
Truck235186,740.0
Truck235210,680.0
Truck235244,595.0
Truck235219,662.0
Truck235253,577.0
Truck235174,775.0
Truck235286,496.0
Truck235221,670.0
Truck235233,647.0
Truck235291,505.0
Truck235345,374.0
Truck235285,530.0
Truck235269,572.0
Truck235304,482.0
Truck235115,959.0
Truck235327,429.0
Truck235316,458.0
Truck235355,369.0
Truck235299,511.0
Truck235315,473.0
Truck235116,969.0
Truck235196,769.0
Truck235277,570.0
Truck235313,480.0
Truck235275,577.0
Truck235206,748.0
Truck235318,468.0
Truck235302,518.0
Truck235354,388.0
Truck235356,383.0
Truck235303,520.0
Truck235300,530.0
Truck235276,591.0
Truck235312,502.0
Truck235240,683.0
Truck235358,390.0
Truck235301,537.0
Truck235267,625.0
Truck235348,422.0
Truck235311,519.0
Truck235308,529.0
Truck235310,525.0
Truck235329,480.0
Truck235307,539.0
Truck235288,587.0
Truck235278,613.0
Truck235360,415.0
Truck235322,511.0
Truck235319,527.0
Truck235292,593.0
Truck235314,544.0
Truck235182,876.0
Truck235230,757.0
Truck235268,665.0
Truck235340,491.0
Truck235306,583.0
Truck235344,488.0
Truck235191,874.0
Truck235283,647.0
Truck235279,658.0
Truck235326,543.0
Truck235341,509.0
Truck235343,504.0
Truck235282,655.0
Truck235305,601.0
Truck235339,517.0
Truck235270,701.0
Truck235336,538.0
Truck235225,819.0
Truck235361,484.0
Truck235297,647.0
Truck235298,643.0
Truck235296,651.0
Truck235317,601.0
Truck235294,658.0
Truck235352,518.0
Truck235254,767.0
Truck235370,478.0
Truck235397,413.0
Truck235229,834.0
Truck235330,585.0
Truck235331,589.0
Truck235252,785.0
Truck235289,695.0
Truck235392,436.0
Truck235280,718.0
Truck235290,694.0
Truck235396,429.0
Truck235324,611.0
Truck235379,477.0
Truck235243,820.0
Truck235337,591.0
Truck235390,456.0
Truck235351,558.0
Truck235350,559.0
Truck235321,636.0
Truck235408,416.0
Truck235334,605.0
Truck235364,535.0
Truck235385,488.0
Truck235416,411.0
Truck235328,639.0
Truck235440,360.0
Truck235368,542.0
Truck235338,618.0
Truck235389,496.0
Truck235367,553.0
Truck235375,534.0
Truck235405,461.0
Truck235332,650.0
Truck235404,472.0
Truck235451,364.0
Truck235353,612.0
Truck235256,854.0
Truck235399,500.0
Truck235333,669.0
Truck235371,576.0
Truck235342,647.0
Truck235423,448.0
Truck235376,566.0
Truck235388,545.0
Truck235438,426.0
Truck235363,617.0
Truck235365,613.0
Truck235398,529.0
Truck235425,466.0
Truck235373,597.0
Truck235357,638.0
Truck235422,475.0
Truck235395,547.0
Truck235383,582.0
Truck235381,591.0
Truck235380,594.0
Truck235369,625.0
Truck235409,528.0
Truck235362,645.0
Truck235378,605.0
Truck235418,505.0
Truck235411,537.0
Truck235374,632.0
Truck235238,974.0
Truck235377,629.0
Truck235347,709.0
Truck235359,679.0
Truck235464,416.0
Truck235393,600.0
Truck235320,782.0
Truck235386,618.0
Truck235403,580.0
Truck235325,779.0
Truck235478,395.0
Truck235428,521.0
Truck235445,485.0
Truck235394,611.0
Truck235401,596.0
Truck235442,493.0
Truck235384,640.0
Truck235309,835.0
Truck235412,577.0
Truck235410,583.0
Truck235481,413.0
Truck235465,456.0
Truck235441,517.0
Truck235346,757.0
Truck235453,494.0
Truck235470,451.0
Truck235448,510.0
Truck235474,446.0
Truck235437,542.0
Truck235415,598.0
Truck235439,540.0
Truck235487,428.0
Truck235475,459.0
Truck235491,421.0
Truck235460,501.0
Truck235462,497.0
Truck235349,786.0
Truck235400,656.0
Truck235447,543.0
Truck235419,615.0
Truck235467,495.0
Truck235323,856.0
Truck235426,603.0
Truck235490,450.0
Truck235407,662.0
Truck235502,422.0
Truck235335,847.0
Truck235420,632.0
Truck235382,729.0
Truck235520,384.0
Truck235432,605.0
Truck235402,684.0
Truck235446,576.0
Truck235471,519.0
Truck235417,658.0
Truck235469,528.0
Truck235431,625.0
Truck235473,523.0
Truck235272,1024.0
Truck235504,449.0
Truck235507,444.0
Truck235434,625.0
Truck235452,586.0
Truck235450,596.0
Truck235536,384.0
Truck235463,579.0
Truck235544,374.0
Truck235482,531.0
Truck235480,540.0
Truck235372,811.0
Truck235454,606.0
Truck235479,546.0
Truck235510,482.0
Truck235387,797.0
Truck235443,657.0
Truck235506,500.0
Truck235421,720.0
Truck235433,695.0
Truck235505,515.0
Truck235501,527.0
Truck235477,596.0
Truck235485,576.0
Truck235484,579.0
Truck235551,414.0
Truck235429,720.0
Truck235406,776.0
Truck235427,726.0
Truck235457,652.0
Truck235455,660.0
Truck235458,651.0
Truck235513,517.0
Truck235545,438.0
Truck235556,411.0
Truck235488,588.0
Truck235489,588.0
Truck235366,894.0
Truck235435,725.0
Truck235493,580.0
Truck235436,726.0
Truck235534,481.0
Truck235574,382.0
Truck235550,449.0
Truck235459,681.0
Truck235424,768.0
Truck235589,362.0
Truck235449,713.0
Truck235497,596.0
Truck235494,602.0
Truck235430,763.0
Truck235496,598.0
Truck235528,524.0
Truck235476,655.0
Truck235530,520.0
Truck235524,539.0
Truck235499,605.0
Truck235503,595.0
Truck235391,876.0
Truck235483,650.0
Truck235456,719.0
Truck235594,375.0
Truck235587,396.0
Truck235557,473.0
Truck235548,496.0
Truck235444,758.0
Truck235533,546.0
Truck235526,564.0
Truck235508,611.0
Truck235546,517.0
Truck235532,556.0
Truck235413,864.0
Truck235535,559.0
Truck235538,549.0
Truck235543,545.0
Truck235468,732.0
Truck235486,687.0
Truck235560,502.0
Truck235514,620.0
Truck235561,506.0
Truck235554,525.0
Truck235586,446.0
Truck235563,507.0
Truck235570,488.0
Truck235604,413.0
Truck235525,614.0
Truck235500,681.0
Truck235516,641.0
Truck235547,566.0
Truck235564,522.0
Truck235591,457.0
Truck235517,644.0
Truck235558,546.0
Truck235583,486.0
Truck235522,638.0
Truck235590,469.0
Truck235549,575.0
Truck235540,598.0
Truck235461,799.0
Truck235511,675.0
Truck235567,543.0
Truck235495,724.0
Truck235518,665.0
Truck235515,676.0
Truck235542,607.0
Truck235537,623.0
Truck235603,462.0
Truck235618,434.0
Truck235595,495.0
Truck235581,544.0
Truck235539,655.0
Truck235606,487.0
Truck235552,623.0
Truck235565,595.0
Truck235472,826.0
Truck235609,487.0
Truck235578,563.0
Truck235584,549.0
Truck235414,977.0
Truck235637,423.0
Truck235571,591.0
Truck235608,501.0
Truck235585,562.0
Truck235519,729.0
Truck235531,702.0
Truck235529,709.0
Truck235596,540.0
Truck235512,753.0
Truck235680,334.0
Truck235555,650.0
Truck235527,722.0
Truck235572,607.0
Truck235569,619.0
Truck235613,509.0
Truck235599,550.0
Truck235553,666.0
Truck235579,601.0
Truck235625,488.0
Truck235642,450.0
Truck235628,488.0
Truck235616,521.0
Truck235562,667.0
Truck235566,662.0
Truck235619,532.0
Truck235644,469.0
Truck235634,495.0
Truck235498,836.0
Truck235559,686.0
Truck235492,854.0
Truck235593,608.0
Truck235509,819.0
Truck235672,409.0
Truck235523,785.0
Truck235541,749.0
Truck235466,938.0
Truck235605,594.0
Truck235654,470.0
Truck235683,404.0
Truck235664,452.0
Truck235577,673.0
Truck235575,679.0
Truck235652,486.0
Truck235646,504.0
Truck235668,449.0
Truck235597,630.0
Truck235582,668.0
Truck235610,602.0
Truck235674,446.0
Truck235521,835.0
Truck235659,495.0
Truck235662,489.0
Truck235671,477.0
Truck235602,648.0
Truck235688,435.0
Truck235629,591.0
Truck235655,526.0
Truck235640,564.0
Truck235627,600.0
Truck235638,572.0
Truck235592,697.0
Truck235675,492.0
Truck235601,678.0
Truck235612,653.0
Truck235650,559.0
Truck235614,651.0
Truck235617,646.0
Truck235639,595.0
Truck235622,639.0
Truck235694,461.0
Truck235649,578.0
Truck235712,422.0
Truck235624,645.0
Truck235626,640.0
Truck235598,711.0
Truck235689,487.0
Truck235600,709.0
Truck235623,655.0
Truck235665,553.0
Truck235713,434.0
Truck235711,444.0
Truck235630,646.0
Truck235621,672.0
Truck235686,508.0
Truck235620,674.0
Truck235678,530.0
Truck235673,547.0
Truck235651,610.0
Truck235580,786.0
Truck235676,553.0
Truck235576,805.0
Truck235641,646.0
Truck235653,616.0
Truck235743,395.0
Truck235706,486.0
Truck235568,833.0
Truck235631,679.0
Truck235636,664.0
Truck235635,674.0
Truck235661,613.0
Truck235682,559.0
Truck235699,520.0
Truck235607,751.0
Truck235730,442.0
Truck235677,580.0
Truck235691,545.0
Truck235714,489.0
Truck235657,643.0
Truck235660,633.0
Truck235670,610.0
Truck235720,488.0
Truck235744,428.0
Truck235633,710.0
Truck235666,630.0
Truck235710,521.0
Truck235588,828.0
Truck235740,448.0
Truck235738,457.0
Truck235701,558.0
Truck235765,399.0
Truck235690,589.0
Truck235615,780.0
Truck235573,886.0
Truck235643,719.0
Truck235705,566.0
Truck235611,810.0
Truck235742,481.0
Truck235669,669.0
Truck235737,501.0
Truck235756,451.0
Truck235647,730.0
Truck235734,516.0
Truck235767,436.0
Truck235698,609.0
Truck235717,568.0
Truck235731,533.0
Truck235658,714.0
Truck235685,650.0
Truck235693,631.0
Truck235679,667.0
Truck235727,549.0
Truck235632,790.0
Truck235735,538.0
Truck235709,605.0
Truck235795,398.0
Truck235719,591.0
Truck235656,752.0
Truck235648,775.0
Truck235663,744.0
Truck235696,659.0
Truck235645,790.0
Truck235733,573.0
Truck235780,454.0
Truck235768,489.0
Truck235753,537.0
Truck235702,664.0
Truck235739,578.0
Truck235755,538.0
Truck235703,669.0
Truck235770,500.0
Truck235751,551.0
Truck235769,507.0
Truck235684,721.0
Truck235687,716.0
Truck235707,669.0
Truck235728,614.0
Truck235777,501.0
Truck235749,572.0
Truck235797,452.0
Truck235785,485.0
Truck235725,639.0
Truck235746,585.0
Truck235782,497.0
Truck235784,492.0
Truck235813,427.0
Truck235762,553.0
Truck235774,525.0
Truck235793,480.0
Truck235716,671.0
Truck235812,433.0
Truck235814,440.0
Truck235681,776.0
Truck235723,673.0
Truck235791,504.0
Truck235796,489.0
Truck235704,721.0
Truck235721,681.0
Truck235792,503.0
Truck235821,433.0
Truck235775,549.0
Truck235772,559.0
Truck235794,504.0
Truck235715,705.0
Truck235788,529.0
Truck235806,484.0
Truck235724,690.0
Truck235789,530.0
Truck235718,706.0
Truck235741,652.0
Truck235729,683.0
Truck235745,646.0
Truck235801,512.0
Truck235766,599.0
Truck235771,592.0
Truck235758,624.0
Truck235858,376.0
Truck235778,581.0
Truck235732,700.0
Truck235787,568.0
Truck235810,509.0
Truck235700,785.0
Truck235764,626.0
Truck235800,538.0
Truck235786,576.0
Truck235722,738.0
Truck235697,813.0
Truck235695,819.0
Truck235759,659.0
Truck235875,369.0
Truck235773,629.0
Truck235857,420.0
Truck235871,385.0
Truck235808,542.0
Truck235805,554.0
Truck235754,686.0
Truck235761,676.0
Truck235834,492.0
Truck235799,583.0
Truck235849,458.0
Truck235708,811.0
Truck235826,517.0
Truck235838,491.0
Truck235833,515.0
Truck235692,866.0
Truck235779,651.0
Truck235667,932.0
Truck235783,647.0
Truck235839,515.0
Truck235781,668.0
Truck235726,804.0
Truck235790,647.0
Truck235862,471.0
Truck235853,498.0
Truck235867,466.0
Truck235776,692.0
Truck235763,728.0
Truck235824,573.0
Truck235869,463.0
Truck235917,343.0
Truck235816,595.0
Truck235757,754.0
Truck235851,520.0
Truck235830,578.0
Truck235798,659.0
Truck235803,649.0
Truck235884,445.0
Truck235864,497.0
Truck235748,788.0
Truck235817,629.0
Truck235828,599.0
Truck235891,446.0
Truck235831,597.0
Truck235811,650.0
Truck235736,836.0
Truck235893,448.0
Truck235863,528.0
Truck235855,550.0
Truck235750,811.0
Truck235802,686.0
Truck235848,575.0
Truck235854,560.0
Truck235897,455.0
Truck235898,453.0
Truck235807,684.0
Truck235896,461.0
Truck235820,654.0
Truck235910,429.0
Truck235956,315.0
Truck235836,618.0
Truck235882,506.0
Truck235847,597.0
Truck235866,550.0
Truck235835,633.0
Truck235906,457.0
Truck235760,824.0
Truck235804,718.0
Truck235925,423.0
Truck235929,413.0
Truck235832,655.0
Truck235899,491.0
Truck235941,386.0
Truck235954,352.0
Truck235752,858.0
Truck235874,556.0
Truck235809,723.0
Truck235909,480.0
Truck235850,629.0
Truck235902,501.0
Truck235865,597.0
Truck235951,393.0
Truck235747,904.0
Truck235955,385.0
Truck235825,711.0
Truck235842,666.0
Truck235908,504.0
Truck235856,638.0
Truck235879,585.0
Truck235938,436.0
Truck235930,459.0
Truck235890,563.0
Truck235920,488.0
Truck235837,702.0
Truck235846,678.0
Truck235923,488.0
Truck235818,751.0
Truck235926,484.0
Truck235932,469.0
Truck235873,620.0
Truck235878,606.0
Truck235815,769.0
Truck235911,531.0
Truck235819,763.0
Truck235872,629.0
Truck235905,549.0
Truck235877,622.0
Truck235931,487.0
Truck235947,447.0
Truck235992,333.0
Truck235960,421.0
Truck235883,619.0
Truck235860,675.0
Truck235895,598.0
Truck235844,724.0
Truck235840,735.0
Truck235918,541.0
Truck235971,414.0
Truck235822,785.0
Truck235981,396.0
Truck235876,657.0
Truck235964,439.0
Truck235972,420.0
Truck235894,616.0
Truck235963,447.0
Truck235859,708.0
Truck235952,473.0
Truck235946,491.0
Truck235945,498.0
Truck235916,569.0
Truck235843,757.0
Truck235845,754.0
Truck235943,509.0
Truck235980,414.0
Truck235885,655.0
Truck235927,552.0
Truck235979,422.0
Truck235892,638.0
Truck235827,804.0
Truck235915,588.0
Truck235919,581.0
Truck235924,567.0
Truck235900,630.0
Truck235940,535.0
Truck235901,642.0
Truck235841,797.0
Truck235861,747.0
Truck236002,392.0
Truck236181,373.0
Truck236160,438.0
Truck236166,435.0
Truck236196,360.0
Truck236220,340.0
Truck236162,496.0
Truck236170,477.0
Truck236225,349.0
Truck236163,518.0
Truck236186,476.0
Truck236167,531.0
Truck236161,565.0
Truck236218,431.0
Truck236217,449.0
Truck236200,495.0
Truck236169,577.0
Truck236193,524.0
Truck236190,530.0
Truck236178,562.0
Truck236180,557.0
Truck236185,553.0
Truck236234,431.0
Truck236241,424.0
Truck236211,501.0
Truck236246,416.0
Truck236175,599.0
Truck236221,489.0
Truck236224,479.0
Truck236195,558.0
Truck236212,515.0
Truck236227,487.0
Truck236197,574.0
Truck236258,421.0
Truck236192,587.0
Truck236245,457.0
Truck236214,536.0
Truck236230,499.0
Truck236209,556.0
Truck236254,458.0
Truck236219,551.0
Truck236208,584.0
Truck236259,464.0
Truck236173,680.0
Truck236229,541.0
Truck236223,559.0
Truck236189,646.0
Truck236256,477.0
Truck236264,464.0
Truck236184,668.0
Truck236207,619.0
Truck236235,549.0
Truck236187,670.0
Truck236222,580.0
Truck236164,728.0
Truck236317,350.0
Truck236249,521.0
Truck236242,538.0
Truck236176,704.0
Truck236202,640.0
Truck236252,516.0
Truck236201,653.0
Truck236183,701.0
Truck236301,407.0
Truck236275,474.0
Truck236205,653.0
Truck236198,669.0
Truck236179,727.0
Truck236194,688.0
Truck236172,744.0
Truck236216,634.0
Truck236182,721.0
Truck236171,754.0
Truck236210,660.0
Truck236226,623.0
Truck236191,714.0
Truck236287,474.0
Truck236177,753.0
Truck236206,684.0
Truck236274,520.0
Truck236276,519.0
Truck236251,594.0
Truck236253,589.0
Truck236282,518.0
Truck236255,592.0
Truck236257,589.0
Truck236288,511.0
Truck236267,567.0
Truck236286,518.0
Truck236232,659.0
Truck236244,630.0
Truck236278,545.0
Truck236294,506.0
Truck236272,564.0
Truck236284,537.0
Truck236268,583.0
Truck236247,639.0
Truck236165,847.0
Truck236203,753.0
Truck236174,824.0
Truck236297,520.0
Truck236290,536.0
Truck236291,537.0
Truck236266,601.0
Truck236303,515.0
Truck236330,447.0
Truck236376,337.0
Truck236322,473.0
Truck236334,444.0
Truck236289,560.0
Truck236279,589.0
Truck236328,465.0
Truck236204,778.0
Truck236358,393.0
Truck236283,587.0
Truck236213,765.0
Truck236305,535.0
Truck236327,485.0
Truck236310,532.0
Truck236271,637.0
Truck236341,463.0
Truck236168,894.0
Truck236199,819.0
Truck236280,614.0
Truck236337,474.0
Truck236353,434.0
Truck236239,720.0
Truck236269,646.0
Truck236215,783.0
Truck236237,728.0
Truck236349,449.0
Truck236326,505.0
Truck236381,371.0
Truck236308,554.0
Truck236370,403.0
Truck236236,744.0
Truck236331,509.0
Truck236293,606.0
Truck236339,491.0
Truck236265,678.0
Truck236281,648.0
Truck236261,704.0
Truck236238,760.0
Truck236248,735.0
Truck236312,580.0
Truck236295,626.0
Truck236332,532.0
Truck236233,783.0
Truck236263,708.0
Truck236343,508.0
Truck236231,789.0
Truck236387,399.0
Truck236311,591.0
Truck236350,491.0
Truck236262,714.0
Truck236243,768.0
Truck236333,550.0
Truck236325,571.0
Truck236384,421.0
Truck236323,577.0
Truck236391,407.0
Truck236362,479.0
Truck236359,490.0
Truck236352,506.0
Truck236313,609.0
Truck236299,648.0
Truck236304,633.0
Truck236306,635.0
Truck236348,530.0
Truck236302,646.0
Truck236240,808.0
Truck236300,659.0
Truck236369,489.0
Truck236360,515.0
Truck236365,507.0
Truck236385,469.0
Truck236296,690.0
Truck236315,646.0
Truck236342,579.0
Truck236188,969.0
Truck236260,791.0
Truck236314,656.0
Truck236292,715.0
Truck236316,655.0
Truck236351,572.0
Truck236273,768.0
Truck236378,505.0
Truck236428,383.0
Truck236375,522.0
Truck236397,469.0
Truck236357,571.0
Truck236250,838.0
Truck236390,488.0
Truck236309,694.0
Truck236363,560.0
Truck236298,721.0
Truck236321,668.0
Truck236324,658.0
Truck236368,552.0
Truck236320,673.0
Truck236285,782.0
Truck236345,635.0
Truck236382,541.0
Truck236355,617.0
Truck236427,439.0
Truck236356,615.0
Truck236393,525.0
Truck236329,688.0
Truck236451,384.0
Truck236344,654.0
Truck236417,478.0
Truck236338,674.0
Truck236335,688.0
Truck236446,411.0
Truck236270,852.0
Truck236436,443.0
Truck236415,499.0
Truck236425,474.0
Truck236354,659.0
Truck236471,370.0
Truck236413,519.0
Truck236340,700.0
Truck236424,495.0
Truck236416,519.0
Truck236277,870.0
Truck236392,581.0
Truck236396,577.0
Truck236399,573.0
Truck236422,515.0
Truck236406,556.0
Truck236467,409.0
Truck236409,558.0
Truck236380,631.0
Truck236404,571.0
Truck236418,541.0
Truck236307,823.0
Truck236366,674.0
Truck236400,590.0
Truck236419,545.0
Truck236228,1022.0
Truck236367,681.0
Truck236410,571.0
Truck236361,698.0
Truck236429,534.0
Truck236463,451.0
Truck236383,652.0
Truck236440,507.0
Truck236481,411.0
Truck236371,690.0
Truck236388,647.0
Truck236437,536.0
Truck236318,833.0
Truck236412,599.0
Truck236454,494.0
Truck236449,510.0
Truck236347,766.0
Truck236426,567.0
Truck236469,468.0
Truck236466,474.0
Truck236420,592.0
Truck236374,708.0
Truck236453,514.0
Truck236386,680.0
Truck236373,716.0
Truck236408,630.0
Truck236431,576.0
Truck236513,371.0
Truck236403,647.0
Truck236497,416.0
Truck236401,657.0
Truck236414,626.0
Truck236394,681.0
Truck236472,487.0
Truck236529,349.0
Truck236346,805.0
Truck236457,530.0
Truck236336,836.0
Truck236488,459.0
Truck236364,771.0
Truck236377,746.0
Truck236442,583.0
Truck236479,496.0
Truck236430,617.0
Truck236435,607.0
Truck236319,898.0
Truck236458,550.0
Truck236411,675.0
Truck236405,692.0
Truck236476,513.0
Truck236402,704.0
Truck236398,715.0
Truck236493,481.0
Truck236448,593.0
Truck236473,535.0
Truck236494,480.0
Truck236477,526.0
Truck236452,590.0
Truck236519,433.0
Truck236434,647.0
Truck236407,721.0
Truck236495,502.0
Truck236459,596.0
Truck236512,468.0
Truck236501,500.0
Truck236455,618.0
Truck236432,675.0
Truck236447,646.0
Truck236506,496.0
Truck236520,462.0
Truck236450,638.0
Truck236438,669.0
Truck236389,799.0
Truck236478,574.0
Truck236464,612.0
Truck236489,552.0
Truck236421,724.0
Truck236441,675.0
Truck236468,606.0
Truck236372,849.0
Truck236527,465.0
Truck236543,427.0
Truck236484,573.0
Truck236573,353.0
Truck236503,529.0
Truck236445,684.0
Truck236483,589.0
Truck236515,509.0
Truck236439,701.0
Truck236528,476.0
Truck236518,502.0
Truck236552,417.0
Truck236379,853.0
Truck236530,477.0
Truck236395,824.0
Truck236584,351.0
Truck236423,758.0
Truck236524,503.0
Truck236492,586.0
Truck236456,678.0
Truck236491,594.0
Truck236509,555.0
Truck236583,371.0
Truck236470,654.0
Truck236500,580.0
Truck236542,475.0
Truck236480,633.0
Truck236544,474.0
Truck236510,565.0
Truck236460,692.0
Truck236574,408.0
Truck236443,740.0
Truck236485,635.0
Truck236534,514.0
Truck236563,444.0
Truck236505,592.0
Truck236539,509.0
Truck236547,494.0
Truck236537,528.0
Truck236475,684.0
Truck236559,475.0
Truck236444,761.0
Truck236462,720.0
Truck236522,572.0
Truck236556,488.0
Truck236545,524.0
Truck236579,442.0
Truck236504,632.0
Truck236536,552.0
Truck236474,711.0
Truck236511,628.0
Truck236486,691.0
Truck236498,661.0
Truck236487,706.0
Truck236526,606.0
Truck236554,539.0
Truck236514,649.0
Truck236622,389.0
Truck236502,690.0
Truck236465,790.0
Truck236598,462.0
Truck236599,463.0
Truck236606,446.0
Truck236516,673.0
Truck236609,446.0
Truck236575,532.0
Truck236561,568.0
Truck236496,733.0
Truck236482,769.0
Truck236588,505.0
Truck236595,490.0
Truck236626,410.0
Truck236558,581.0
Truck236589,509.0
Truck236597,492.0
Truck236521,684.0
Truck236586,522.0
Truck236593,513.0
Truck236580,545.0
Truck236541,647.0
Truck236596,512.0
Truck236594,519.0
Truck236611,481.0
Truck236562,604.0
Truck236499,765.0
Truck236535,679.0
Truck236490,794.0
Truck236555,639.0
Truck236433,946.0
Truck236525,716.0
Truck236538,683.0
Truck236605,518.0
Truck236461,880.0
Truck236560,634.0
Truck236549,669.0
Truck236628,475.0
Truck236585,587.0
Truck236568,630.0
Truck236532,724.0
Truck236587,589.0
Truck236661,404.0
Truck236577,618.0
Truck236546,695.0
Truck236638,467.0
Truck236632,486.0
Truck236625,511.0
Truck236637,484.0
Truck236569,655.0
Truck236591,605.0
Truck236607,571.0
Truck236531,769.0
Truck236641,496.0
Truck236550,727.0
Truck236668,435.0
Truck236590,632.0
Truck236557,722.0
Truck236600,612.0
Truck236565,707.0
Truck236616,577.0
Truck236635,534.0
Truck236618,578.0
Truck236564,715.0
Truck236508,856.0
Truck236624,566.0
Truck236570,702.0
Truck236602,625.0
Truck236553,752.0
Truck236578,691.0
Truck236636,546.0
Truck236676,449.0
Truck236603,642.0
Truck236604,645.0
Truck236507,891.0
Truck236615,621.0
Truck236680,458.0
Truck236517,869.0
Truck236613,634.0
Truck236677,474.0
Truck236592,686.0
Truck236551,794.0
Truck236658,525.0
Truck236726,355.0
Truck236581,721.0
Truck236633,594.0
Truck236643,573.0
Truck236533,849.0
Truck236655,544.0
Truck236627,616.0
Truck236608,667.0
Truck236621,638.0
Truck236630,613.0
Truck236712,408.0
Truck236623,634.0
Truck236699,444.0
Truck236629,620.0
Truck236523,887.0
Truck236634,607.0
Truck236681,492.0
Truck236727,390.0
Truck236572,776.0
Truck236612,676.0
Truck236688,489.0
Truck236640,610.0
Truck236695,475.0
Truck236689,500.0
Truck236576,782.0
Truck236631,647.0
Truck236620,674.0
Truck236567,812.0
Truck236678,549.0
Truck236703,490.0
Truck236617,707.0
Truck236647,632.0
Truck236619,703.0
Truck236659,603.0
Truck236601,756.0
Truck236730,431.0
Truck236650,632.0
Truck236671,584.0
Truck236582,805.0
Truck236656,620.0
Truck236665,606.0
Truck236706,509.0
Truck236646,661.0
Truck236707,512.0
Truck236722,472.0
Truck236666,616.0
Truck236682,576.0
Truck236657,643.0
Truck236548,915.0
Truck236566,871.0
Truck236685,578.0
Truck236684,581.0
Truck236654,657.0
Truck236751,417.0
Truck236672,617.0
Truck236740,452.0
Truck236709,533.0
Truck236652,677.0
Truck236571,884.0
Truck236675,626.0
Truck236645,702.0
Truck236697,578.0
Truck236644,711.0
Truck236708,552.0
Truck236687,609.0
Truck236696,586.0
Truck236735,491.0
Truck236614,799.0
Truck236679,639.0
Truck236664,676.0
Truck236734,501.0
Truck236778,391.0
Truck236702,583.0
Truck236674,659.0
Truck236691,620.0
Truck236741,496.0
Truck236653,721.0
Truck236686,636.0
Truck236690,629.0
Truck236736,514.0
Truck236705,601.0
Truck236756,471.0
Truck236649,746.0
Truck236540,1017.0
Truck236790,393.0
Truck236787,404.0
Truck236715,586.0
Truck236728,553.0
Truck236711,603.0
Truck236660,730.0
Truck236739,539.0
Truck236757,496.0
Truck236769,467.0
Truck236716,598.0
Truck236748,518.0
Truck236700,639.0
Truck236742,537.0
Truck236750,522.0
Truck236667,735.0
Truck236642,802.0
Truck236662,752.0
Truck236673,728.0
Truck236725,600.0
Truck236737,573.0
Truck236759,518.0
Truck236776,473.0
Truck236692,685.0
Truck236717,625.0
Truck236713,637.0
Truck236720,617.0
Truck236698,674.0
Truck236710,650.0
Truck236796,437.0
Truck236749,562.0
Truck236818,391.0
Truck236723,634.0
Truck236820,390.0
Truck236743,588.0
Truck236683,739.0
Truck236779,502.0
Truck236772,520.0
Truck236733,626.0
Truck236791,482.0
Truck236752,582.0
Truck236701,714.0
Truck236761,564.0
Truck236763,561.0
Truck236768,546.0
Truck236775,531.0
Truck236639,873.0
Truck236610,944.0
Truck236766,559.0
Truck236777,537.0
Truck236669,811.0
Truck236729,661.0
Truck236721,683.0
Truck236731,658.0
Truck236830,408.0
Truck236663,832.0
Truck236738,643.0
Truck236764,579.0
Truck236851,367.0
Truck236745,633.0
Truck236714,710.0
Truck236724,686.0
Truck236670,824.0
Truck236792,521.0
Truck236802,505.0
Truck236762,611.0
Truck236746,658.0
Truck236747,662.0
Truck236812,497.0
Truck236770,607.0
Truck236857,393.0
Truck236837,448.0
Truck236803,537.0
Truck236694,810.0
Truck236755,665.0
Truck236773,621.0
Truck236823,500.0
Truck236817,516.0
Truck236781,608.0
Truck236732,732.0
Truck236651,940.0
Truck236765,662.0
Truck236693,845.0
Truck236785,617.0
Truck236758,683.0
Truck236853,448.0
Truck236795,599.0
Truck236648,967.0
Truck236704,828.0
Truck236793,610.0
Truck236856,452.0
Truck236852,465.0
Truck236814,561.0
Truck236871,423.0
Truck236845,490.0
Truck236843,499.0
Truck236864,445.0
Truck236805,596.0
Truck236841,506.0
Truck236801,607.0
Truck236799,613.0
Truck236807,595.0
Truck236744,752.0
Truck236836,523.0
Truck236782,659.0
Truck236834,533.0
Truck236832,543.0
Truck236783,671.0
Truck236771,702.0
Truck236797,637.0
Truck236882,428.0
Truck236808,615.0
Truck236760,736.0
Truck236875,451.0
Truck236804,628.0
Truck236810,615.0
Truck236719,847.0
Truck236861,501.0
Truck236884,445.0
Truck236798,662.0
Truck236809,640.0
Truck236847,546.0
Truck236819,618.0
Truck236862,508.0
Truck236822,611.0
Truck236873,486.0
Truck236893,436.0
Truck236868,498.0
Truck236883,465.0
Truck236753,791.0
Truck236828,602.0
Truck236767,758.0
Truck236780,723.0
Truck236811,651.0
Truck236865,518.0
Truck236872,499.0
Truck236784,720.0
Truck236816,641.0
Truck236854,546.0
Truck236825,623.0
Truck236829,618.0
Truck236800,690.0
Truck236789,721.0
Truck236900,443.0
Truck236855,560.0
Truck236911,422.0
Truck236824,640.0
Truck236914,417.0
Truck236894,471.0
Truck236892,478.0
Truck236859,569.0
Truck236842,610.0
Truck236849,597.0
Truck236902,462.0
Truck236926,402.0
Truck236813,688.0
Truck236754,837.0
Truck236907,463.0
Truck236839,634.0
Truck236874,545.0
Truck236846,621.0
Truck236891,514.0
Truck236922,434.0
Truck236844,636.0
Truck236850,622.0
Truck236718,954.0
Truck236880,553.0
Truck236835,673.0
Truck236921,462.0
Truck236774,828.0
Truck236806,750.0
Truck236786,801.0
Truck236858,621.0
Truck236917,484.0
Truck236947,416.0
Truck236971,364.0
Truck236901,542.0
Truck236908,528.0
Truck236826,737.0
Truck236838,707.0
Truck236863,647.0
Truck236815,769.0
Truck236876,614.0
Truck236929,486.0
Truck236827,745.0
Truck236920,510.0
Truck236848,692.0
Truck236981,362.0
Truck236913,533.0
Truck236870,640.0
Truck236925,509.0
Truck236887,611.0
Truck236840,728.0
Truck236866,668.0
Truck236881,633.0
Truck236860,688.0
Truck236904,583.0
Truck236878,653.0
Truck236794,876.0
Truck236833,781.0
Truck236897,621.0
Truck236931,537.0
Truck236899,618.0
Truck236940,529.0
Truck236788,913.0
Truck236831,808.0
Truck236936,543.0
Truck236889,665.0
Truck236973,455.0
Truck236906,625.0
Truck236937,550.0
Truck236905,632.0
Truck236821,849.0
Truck236890,677.0
Truck236932,576.0
Truck236933,585.0
Truck236957,530.0
Truck236961,520.0
Truck236949,560.0
Truck236916,641.0
Truck236939,586.0
Truck236946,566.0
Truck236989,463.0
Truck236972,504.0
Truck236959,541.0
Truck236980,491.0
Truck237038,346.0
Truck237020,392.0
Truck236963,538.0
Truck236997,454.0
Truck236898,700.0
Truck236976,506.0
Truck236983,492.0
Truck236888,729.0
Truck236896,718.0
Truck236930,633.0
Truck236994,475.0
Truck236952,583.0
Truck236999,473.0
Truck236895,734.0
Truck236869,800.0
Truck236915,686.0
Truck236967,556.0
Truck236953,593.0
Truck236945,614.0
Truck237007,462.0
Truck236998,485.0
Truck236886,771.0
Truck237000,489.0
Truck236885,783.0
Truck236910,718.0
Truck236879,802.0
Truck237002,497.0
Truck236962,599.0
Truck236966,589.0
Truck236877,822.0
Truck237005,502.0
Truck236867,848.0
Truck237014,478.0
Truck236985,559.0
Truck236924,710.0
Truck237021,471.0
Truck237006,507.0
Truck236995,538.0
Truck236977,594.0
Truck236956,646.0
Truck236941,688.0
Truck236923,734.0
Truck236934,706.0
Truck236984,583.0
Truck237019,498.0
Truck236903,789.0
Truck236918,750.0
Truck237034,460.0
Truck237001,549.0
Truck236969,630.0
Truck236970,625.0
Truck236968,632.0
Truck236954,668.0
Truck237008,533.0
Truck236964,646.0
Truck237050,432.0
Truck236951,683.0
Truck237039,465.0
Truck236927,747.0
Truck237017,525.0
Truck236979,622.0
Truck237072,387.0
Truck236987,603.0
Truck237042,466.0
Truck237015,541.0
Truck236992,602.0
Truck236909,813.0
Truck237026,523.0
Truck237030,515.0
Truck237024,533.0
Truck236960,704.0
Truck237041,505.0
Truck236943,752.0
Truck236942,756.0
Truck236975,676.0
Truck237033,535.0
Truck237027,551.0
Truck236935,782.0
Truck237029,549.0
Truck237003,618.0
Truck237089,403.0
Truck236988,654.0
Truck236978,682.0
Truck236958,733.0
Truck237058,489.0
Truck237078,439.0
Truck237028,566.0
Truck237112,360.0
Truck236912,862.0
Truck237009,627.0
Truck237018,605.0
Truck237131,332.0
Truck237069,492.0
Truck236955,780.0
Truck237043,561.0
Truck237054,531.0
Truck236938,826.0
Truck237035,588.0
Truck237045,563.0
Truck237062,519.0
Truck237012,645.0
Truck236944,817.0
Truck236986,714.0
Truck237060,529.0
Truck237040,580.0
Truck236974,746.0
Truck237011,656.0
Truck237051,560.0
Truck236982,731.0
Truck237022,631.0
Truck237044,584.0
Truck237082,495.0
Truck236990,730.0
Truck237023,650.0
Truck237052,582.0
Truck237115,432.0
Truck237047,603.0
Truck237070,544.0
Truck236991,747.0
Truck237013,692.0
Truck237075,537.0
Truck236928,904.0
Truck236950,849.0
Truck237080,528.0
Truck237010,705.0
Truck237053,601.0
Truck237085,527.0
Truck237124,430.0
Truck237081,541.0
Truck236965,832.0
Truck237084,537.0
Truck236993,772.0
Truck237155,369.0
Truck237049,637.0
Truck237067,594.0
Truck237036,670.0
Truck237071,585.0
Truck237116,470.0
Truck237004,752.0
Truck237098,523.0
Truck237066,607.0
Truck237037,684.0
Truck237032,695.0
Truck237057,635.0
Truck237077,586.0
Truck237148,410.0
Truck237108,511.0
Truck237055,648.0
Truck237125,480.0
Truck236948,924.0
Truck237056,657.0
Truck237059,652.0
Truck237083,594.0
Truck237088,583.0
Truck237063,649.0
Truck237154,422.0
Truck237031,734.0
Truck237109,539.0
Truck236919,1017.0
Truck237126,499.0
Truck237093,589.0
Truck237097,579.0
Truck237073,640.0
Truck237119,527.0
Truck237016,785.0
Truck237068,660.0
Truck237158,438.0
Truck237181,383.0
Truck237046,722.0
Truck237087,623.0
Truck237120,540.0
Truck237133,510.0
Truck237118,548.0
Truck237123,539.0
Truck237101,597.0
Truck237091,625.0
Truck237192,371.0
Truck237107,589.0
Truck237064,696.0
Truck237110,584.0
Truck237086,646.0
Truck237135,528.0
Truck237048,746.0
Truck237102,613.0
Truck237159,474.0
Truck237193,389.0
Truck237106,605.0
Truck237065,712.0
Truck237144,519.0
Truck237095,649.0
Truck237099,639.0
Truck237113,605.0
Truck237143,531.0
Truck237129,571.0
Truck237105,638.0
Truck237141,549.0
Truck237214,365.0
Truck237145,541.0
Truck237171,478.0
Truck237134,570.0
Truck237104,648.0
Truck237162,505.0
Truck237074,726.0
Truck237165,505.0
Truck237187,450.0
Truck236996,927.0
Truck237111,647.0
Truck237147,559.0
Truck237025,867.0
Truck237224,370.0
Truck237122,630.0
Truck237092,708.0
Truck237117,652.0
Truck237153,563.0
Truck237151,571.0
Truck237186,483.0
Truck237207,437.0
Truck237238,358.0
Truck237096,714.0
Truck237121,660.0
Truck237149,590.0
Truck237150,592.0
Truck237206,453.0
Truck237183,517.0
Truck237139,632.0
Truck237168,561.0
Truck237195,500.0
Truck237201,486.0
Truck237189,517.0
Truck237076,799.0
Truck237137,650.0
Truck237208,474.0
Truck237234,410.0
Truck237202,494.0
Truck237140,654.0
Truck237246,389.0
Truck237213,481.0
Truck237179,567.0
Truck237127,698.0
Truck237180,565.0
Truck237211,490.0
Truck237146,653.0
Truck237251,405.0
Truck237284,320.0
Truck237174,598.0
Truck237164,625.0
Truck237142,681.0
Truck237169,617.0
Truck237103,784.0
Truck237079,848.0
Truck237204,535.0
Truck237188,576.0
Truck237203,541.0
Truck237230,471.0
Truck237130,722.0
Truck237235,462.0
Truck237212,519.0
Truck237225,491.0
Truck237249,431.0
Truck237175,617.0
Truck237194,568.0
Truck237061,907.0
Truck237265,400.0
Truck237177,621.0
Truck237166,648.0
Truck237132,745.0
Truck237172,645.0
Truck237160,677.0
Truck237198,584.0
Truck237248,461.0
Truck237094,848.0
Truck237218,539.0
Truck237161,687.0
Truck237156,699.0
Truck237226,528.0
Truck237217,558.0
Truck237176,661.0
Truck237209,581.0
Truck237163,697.0
Truck237185,642.0
Truck237182,650.0
Truck237229,537.0
Truck237138,764.0
Truck237228,549.0
Truck237100,870.0
Truck237254,488.0
Truck237220,577.0
Truck237263,473.0
Truck237274,449.0
Truck237243,530.0
Truck237241,539.0
Truck237196,652.0
Truck237200,645.0
Truck237240,545.0
Truck237244,535.0
Truck237173,717.0
Truck237215,617.0
Truck237219,607.0
Truck237152,773.0
Truck237236,564.0
Truck237270,488.0
Truck237090,939.0
Truck237157,777.0
Truck237262,512.0
Truck237170,756.0
Truck237221,632.0
Truck237199,689.0
Truck237250,559.0
Truck237280,486.0
Truck237297,447.0
Truck237311,413.0
Truck237259,545.0
Truck237245,591.0
Truck237286,489.0
Truck237298,463.0
Truck237317,423.0
Truck237289,496.0
Truck237205,707.0
Truck237210,694.0
Truck237197,738.0
Truck237222,673.0
Truck237253,600.0
Truck237264,571.0
Truck237334,398.0
Truck237114,949.0
Truck237288,515.0
Truck237128,919.0
Truck237191,764.0
Truck237231,664.0
Truck237227,676.0
Truck237268,575.0
Truck237167,834.0
Truck237273,569.0
Truck237354,369.0
Truck237242,650.0
Truck237276,568.0
Truck237237,672.0
Truck237247,652.0
Truck237340,417.0
Truck237295,535.0
Truck237308,500.0
Truck237257,631.0
Truck237306,510.0
Truck237271,603.0
Truck237239,685.0
Truck237261,630.0
Truck237325,470.0
Truck237327,465.0
Truck237136,941.0
Truck237190,807.0
Truck237285,577.0
Truck237338,446.0
Truck237282,590.0
Truck237216,758.0
Truck237232,719.0
Truck237310,524.0
Truck237252,671.0
Truck237326,486.0
Truck237266,637.0
Truck237324,492.0
Truck237320,504.0
Truck237184,850.0
Truck237296,570.0
Truck237233,732.0
Truck237305,552.0
Truck237329,495.0
Truck237178,871.0
Truck237299,571.0
Truck237309,550.0
Truck237267,665.0
Truck237255,697.0
Truck237358,440.0
Truck237272,656.0
Truck237313,559.0
Truck237277,650.0
Truck237256,701.0
Truck237275,656.0
Truck237330,518.0
Truck237333,515.0
Truck237344,485.0
Truck237303,593.0
Truck237341,504.0
Truck237315,570.0
Truck237328,540.0
Truck237337,521.0
Truck237269,693.0
Truck237352,484.0
Truck237293,641.0
Truck237321,571.0
Truck237380,423.0
Truck237281,675.0
Truck237290,650.0
Truck237371,455.0
Truck237258,738.0
Truck237394,399.0
Truck237335,550.0
Truck237294,651.0
Truck237346,531.0
Truck237342,543.0
Truck237406,386.0
Truck237367,490.0
Truck237391,431.0
Truck237307,649.0
Truck237314,635.0
Truck237223,866.0
Truck237304,668.0
Truck237418,386.0
Truck237345,572.0
Truck237399,438.0
Truck237361,535.0
Truck237291,712.0
Truck237412,413.0
Truck237279,750.0
Truck237397,455.0
Truck237373,517.0
Truck237403,443.0
Truck237416,408.0
Truck237360,553.0
Truck237357,566.0
Truck237376,517.0
Truck237287,745.0
Truck237359,582.0
Truck237382,522.0
Truck237339,635.0
Truck237347,615.0
Truck237331,656.0
Truck237336,641.0
Truck237387,519.0
Truck237396,494.0
Truck237409,467.0
Truck237318,695.0
Truck237312,711.0
Truck237400,495.0
Truck237425,435.0
Truck237395,520.0
Truck237383,553.0
Truck237429,438.0
Truck237300,760.0
Truck237260,861.0
Truck237393,532.0
Truck237465,356.0
Truck237368,597.0
Truck237470,347.0
Truck237322,718.0
Truck237381,573.0
Truck237343,671.0
Truck237301,777.0
Truck237439,435.0
Truck237278,837.0
Truck237292,803.0
Truck237390,560.0
Truck237462,380.0
Truck237350,662.0
Truck237370,612.0
Truck237420,488.0
Truck237283,834.0
Truck237389,577.0
Truck237385,588.0
Truck237351,675.0
Truck237458,407.0
Truck237355,675.0
Truck237427,495.0
Truck237302,807.0
Truck237428,495.0
Truck237461,419.0
Truck237419,525.0
Truck237456,431.0
Truck237369,654.0
Truck237398,581.0
Truck237489,356.0
Truck237404,567.0
Truck237316,790.0
Truck237411,558.0
Truck237475,398.0
Truck237379,639.0
Truck237468,416.0
Truck237319,792.0
Truck237375,654.0
Truck237402,586.0
Truck237464,434.0
Truck237377,655.0
Truck237426,534.0
Truck237432,522.0
Truck237372,673.0
Truck237348,736.0
Truck237378,663.0
Truck237332,781.0
Truck237356,725.0
Truck237415,582.0
Truck237471,442.0
Truck237442,514.0
Truck237408,601.0
Truck237449,507.0
Truck237453,497.0
Truck237443,525.0
Truck237405,623.0
Truck237510,358.0
Truck237349,765.0
Truck237463,480.0
Truck237535,304.0
Truck237366,725.0
Truck237374,708.0
Truck237436,555.0
Truck237365,743.0
Truck237386,691.0
Truck237450,538.0
Truck237417,624.0
Truck237421,618.0
Truck237437,580.0
Truck237480,471.0
Truck237430,598.0
Truck237323,872.0
Truck237410,652.0
Truck237414,643.0
Truck237483,475.0
Truck237514,396.0
Truck237363,781.0
Truck237513,408.0
Truck237434,605.0
Truck237364,782.0
Truck237388,723.0
Truck237445,586.0
Truck237487,481.0
Truck237392,719.0
Truck237422,644.0
Truck237441,599.0
Truck237459,556.0
Truck237433,627.0
Truck237479,515.0
Truck237446,598.0
Truck237477,526.0
Truck237407,702.0
Truck237469,547.0
Truck237482,516.0
Truck237413,692.0
Truck237423,668.0
Truck237424,663.0
Truck237493,505.0
Truck237484,528.0
Truck237486,523.0
Truck237571,314.0
Truck237473,564.0
Truck237501,500.0
Truck237478,558.0
Truck237497,513.0
Truck237447,641.0
Truck237353,877.0
Truck237472,579.0
Truck237384,807.0
Truck237512,493.0
Truck237435,689.0
Truck237551,399.0
Truck237494,543.0
Truck237529,461.0
Truck237511,509.0
Truck237485,575.0
Truck237594,302.0
Truck237522,485.0
Truck237539,447.0
Truck237502,541.0
Truck237519,501.0
Truck237476,614.0
Truck237498,562.0
Truck237543,452.0
Truck237508,538.0
Truck237431,738.0
Truck237567,398.0
Truck237499,569.0
Truck237518,519.0
Truck237521,514.0
Truck237488,599.0
Truck237448,701.0
Truck237527,509.0
Truck237523,520.0
Truck237401,826.0
Truck237452,697.0
Truck237503,574.0
Truck237440,730.0
Truck237546,469.0
Truck237557,444.0
Truck237492,606.0
Truck237457,700.0
Truck237460,691.0
Truck237525,531.0
Truck237528,522.0
Truck237542,491.0
Truck237474,669.0
Truck237544,494.0
Truck237444,746.0
Truck237581,417.0
Truck237579,423.0
Truck237553,489.0
Truck237540,527.0
Truck237547,512.0
Truck237509,609.0
Truck237575,444.0
Truck237532,557.0
Truck237515,608.0
Truck237466,730.0
Truck237563,490.0
Truck237574,463.0
Truck237570,479.0
Truck237548,536.0
Truck237550,531.0
Truck237507,642.0
Truck237562,507.0
Truck237520,619.0
Truck237362,1015.0
Truck237537,580.0
Truck237517,634.0
Truck237541,575.0
Truck237545,570.0
Truck237555,546.0
Truck237569,516.0
Truck237505,677.0
Truck237589,469.0
Truck237531,619.0
Truck237565,535.0
Truck237582,490.0
Truck237533,620.0
Truck237560,550.0
Truck237455,821.0
Truck237556,567.0
Truck237640,359.0
Truck237490,737.0
Truck237438,870.0
Truck237495,732.0
Truck237549,597.0
Truck237451,844.0
Truck237536,630.0
Truck237583,522.0
Truck237558,585.0
Truck237506,719.0
Truck237467,821.0
Truck237590,513.0
Truck237593,509.0
Truck237588,520.0
Truck237599,495.0
Truck237491,766.0
Truck237604,485.0
Truck237601,497.0
Truck237496,758.0
Truck237530,688.0
Truck237576,573.0
Truck237591,540.0
Truck237500,767.0
Truck237592,540.0
Truck237618,477.0
Truck237504,764.0
Truck237561,625.0
Truck237454,896.0
Truck237524,728.0
Truck237631,466.0
Truck237627,481.0
Truck237559,652.0
Truck237586,582.0
Truck237587,593.0
Truck237534,724.0
Truck237526,747.0
Truck237538,717.0
Truck237615,528.0
Truck237644,453.0
Truck237623,510.0
Truck237580,616.0
Truck237585,607.0
Truck237676,390.0
Truck237573,654.0
Truck237611,559.0
Truck237613,554.0
Truck237614,550.0
Truck237568,669.0
Truck237622,538.0
Truck237598,599.0
Truck237606,582.0
Truck237635,518.0
Truck237637,513.0
Truck237610,583.0
Truck237578,668.0
Truck237642,511.0
Truck237683,412.0
Truck237653,489.0
Truck237674,436.0
Truck237685,414.0
Truck237605,619.0
Truck237636,541.0
Truck237516,842.0
Truck237647,520.0
Truck237624,576.0
Truck237629,566.0
Truck237654,502.0
Truck237616,599.0
Truck237698,398.0
Truck237481,954.0
Truck237597,665.0
Truck237577,718.0
Truck237566,744.0
Truck237602,654.0
Truck237609,640.0
Truck237621,610.0
Truck237584,701.0
Truck237596,671.0
Truck237659,520.0
Truck237634,581.0
Truck237651,541.0
Truck237673,487.0
Truck237646,554.0
Truck237703,414.0
Truck237645,560.0
Truck237662,518.0
Truck237691,448.0
Truck237552,797.0
Truck237603,675.0
Truck237643,575.0
Truck237628,612.0
Truck237564,776.0
Truck237595,703.0
Truck237688,470.0
Truck237661,545.0
Truck237619,656.0
Truck237672,522.0
Truck237600,710.0
Truck237668,540.0
Truck237655,577.0
Truck237657,576.0
Truck237711,442.0
Truck237664,558.0
Truck237632,640.0
Truck237649,600.0
Truck237658,576.0
Truck237696,483.0
Truck237630,658.0
Truck237669,564.0
Truck237617,695.0
Truck237641,636.0
Truck237692,507.0
Truck237663,583.0
Truck237678,546.0
Truck237693,511.0
Truck237724,431.0
Truck237682,537.0
Truck237652,613.0
Truck237706,478.0
Truck237626,683.0
Truck237680,549.0
Truck237607,740.0
Truck237739,411.0
Truck237689,538.0
Truck237639,664.0
Truck237648,640.0
Truck237665,603.0
Truck237712,483.0
Truck237677,574.0
Truck237745,404.0
Truck237638,672.0
Truck237656,632.0
Truck237701,523.0
Truck237666,612.0
Truck237694,544.0
Truck237705,522.0
Truck237612,753.0
Truck237742,442.0
Truck237721,501.0
Truck237670,630.0
Truck237620,756.0
Truck237695,577.0
Truck237686,598.0
Truck237681,617.0
Truck237715,532.0
Truck237690,597.0
Truck237720,530.0
Truck237633,752.0
Truck237702,580.0
Truck237707,577.0
Truck237572,916.0
Truck237727,533.0
Truck237761,451.0
Truck237625,794.0
Truck237748,484.0
Truck237660,705.0
Truck237704,595.0
Truck237794,372.0
Truck237723,553.0
Truck237671,686.0
Truck237710,594.0
Truck237699,627.0
Truck237807,358.0
Truck237708,605.0
Truck237700,626.0
Truck237746,512.0
Truck237787,412.0
Truck237714,594.0
Truck237783,431.0
Truck237733,564.0
Truck237709,627.0
Truck237717,607.0
Truck237738,553.0
Truck237679,705.0
Truck237718,606.0
Truck237753,521.0
Truck237667,740.0
Truck237755,525.0
Truck237756,526.0
Truck237608,897.0
Truck237743,568.0
Truck237554,1042.0
Truck237752,548.0
Truck237737,589.0
Truck237741,581.0
Truck237650,808.0
Truck237729,614.0
Truck237732,604.0
Truck237784,475.0
Truck237744,590.0
Truck237797,460.0
Truck237758,556.0
Truck237765,541.0
Truck237804,444.0
Truck237697,715.0
Truck237740,612.0
Truck237781,515.0
Truck237799,471.0
Truck237798,474.0
Truck237811,448.0
Truck237722,673.0
Truck237772,548.0
Truck237779,533.0
Truck237759,584.0
Truck237785,525.0
Truck237725,677.0
Truck237735,653.0
Truck237812,459.0
Truck237719,696.0
Truck237801,494.0
Truck237790,522.0
Truck237726,686.0
Truck237774,568.0
Truck237814,469.0
Truck237805,495.0
Truck237736,668.0
Truck237806,496.0
Truck237768,598.0
Truck237866,353.0
Truck237750,645.0
Truck237763,616.0
Truck237734,687.0
Truck237713,744.0
Truck237766,611.0
Truck237730,702.0
Truck237773,601.0
Truck237792,553.0
Truck237826,471.0
Truck237789,567.0
Truck237778,593.0
Truck237816,500.0
Truck237751,673.0
Truck237788,578.0
Truck237762,648.0
Truck237687,839.0
Truck237802,549.0
Truck237775,623.0
Truck237837,469.0
Truck237760,661.0
Truck237675,877.0
Truck237716,772.0
Truck237771,637.0
Truck237803,557.0
Truck237754,678.0
Truck237796,584.0
Truck237769,660.0
Truck237840,482.0
Truck237847,470.0
Truck237767,671.0
Truck237780,637.0
Truck237841,487.0
Truck237859,445.0
Truck237821,541.0
Truck237828,523.0
Truck237810,571.0
Truck237791,623.0
Truck237827,533.0
Truck237861,448.0
Truck237749,733.0
Truck237853,478.0
Truck237824,549.0
Truck237855,478.0
Truck237757,725.0
Truck237777,678.0
Truck237857,479.0
Truck237868,452.0
Truck237893,392.0
Truck237786,658.0
Truck237684,915.0
Truck237862,470.0
Truck237836,536.0
Truck237864,472.0
Truck237728,813.0
Truck237830,561.0
Truck237895,411.0
Truck237809,630.0
Truck237822,595.0
Truck237747,786.0
Truck237770,729.0
Truck237867,490.0
Truck237869,486.0
Truck237851,532.0
Truck237884,447.0
Truck237871,489.0
Truck237865,505.0
Truck237808,647.0
Truck237838,572.0
Truck237793,688.0
Truck237839,573.0
Truck237886,457.0
Truck237904,412.0
Truck237823,621.0
Truck237813,647.0
Truck237817,637.0
Truck237819,634.0
Truck237795,700.0
Truck237848,565.0
Truck237860,539.0
Truck237776,751.0
Truck237849,573.0
Truck237832,618.0
Truck237842,600.0
Truck237846,590.0
Truck237825,648.0
Truck237782,754.0
Truck237764,816.0
Truck237875,545.0
Truck237957,342.0
Truck237835,648.0
Truck237899,490.0
Truck237917,448.0
Truck237820,690.0
Truck237882,536.0
Truck237874,565.0
Truck237905,490.0
Truck237856,612.0
Truck237883,547.0
Truck237902,502.0
Truck237831,683.0
Truck237818,715.0
Truck237800,761.0
Truck237912,482.0
Truck237843,660.0
Truck237877,579.0
Truck237731,947.0
Truck237879,583.0
Truck237951,410.0
Truck237834,701.0
Truck237897,552.0
Truck237888,577.0
Truck237922,496.0
Truck237927,486.0
Truck237876,618.0
Truck237906,545.0
Truck237950,436.0
Truck237911,540.0
Truck237889,597.0
Truck237985,357.0
Truck237900,568.0
Truck237903,563.0
Truck237916,529.0
Truck237955,434.0
Truck237878,627.0
Truck237844,713.0
Truck237872,650.0
Truck237833,753.0
Truck237858,688.0
Truck237952,455.0
Truck237880,640.0
Truck237942,485.0
Truck237894,606.0
Truck237934,508.0
Truck237967,428.0
Truck237873,665.0
Truck237909,575.0
Truck237926,534.0
Truck237815,815.0
Truck237908,581.0
Truck237901,602.0
Truck237863,699.0
Truck237993,374.0
Truck237852,729.0
Truck237887,654.0
Truck237921,573.0
Truck237982,418.0
Truck237870,708.0
Truck237881,684.0
Truck237890,665.0
Truck237974,457.0
Truck237945,538.0
Truck237892,675.0
Truck237931,580.0
Truck237923,605.0
Truck237885,704.0
Truck237928,596.0
Truck237918,631.0
Truck237981,476.0
Truck237980,478.0
Truck237925,620.0
Truck237914,648.0
Truck237896,695.0
Truck237941,587.0
Truck237968,517.0
Truck237964,528.0
Truck237854,811.0
Truck237929,627.0
Truck237954,566.0
Truck238013,427.0
Truck237973,528.0
Truck238051,333.0
Truck237958,564.0
Truck237850,837.0
Truck237956,573.0
Truck237943,610.0
Truck237920,669.0
Truck237936,631.0
Truck237891,747.0
Truck237977,532.0
Truck237919,686.0
Truck238042,376.0
Truck237829,927.0
Truck237913,718.0
Truck237933,668.0
Truck237960,599.0
Truck237962,594.0
Truck237994,516.0
Truck237946,644.0
Truck237970,589.0
Truck237949,646.0
Truck237898,775.0
Truck237944,664.0
Truck237979,583.0
Truck237907,766.0
Truck237937,693.0
Truck237990,559.0
Truck237988,565.0
Truck237976,596.0
Truck237991,562.0
Truck238035,453.0
Truck238001,539.0
Truck237961,642.0
Truck237997,555.0
Truck237995,564.0
Truck238030,476.0
Truck237938,707.0
Truck237935,722.0
Truck237947,694.0
Truck238076,374.0
Truck237963,661.0
Truck237924,757.0
Truck237915,783.0
Truck237910,800.0
Truck237969,655.0
Truck237983,622.0
Truck237978,638.0
Truck237999,594.0
Truck238014,556.0
Truck238017,552.0
Truck237845,984.0
Truck238031,523.0
Truck238027,534.0
Truck237930,775.0
Truck238029,536.0
Truck238003,608.0
Truck237940,769.0
Truck238026,555.0
Truck238012,591.0
Truck238032,541.0
Truck238047,517.0
Truck238060,483.0
Truck237998,640.0
Truck238077,445.0
Truck238046,522.0
Truck237972,715.0
Truck238007,630.0
Truck237992,666.0
Truck237975,712.0
Truck237971,724.0
Truck238004,642.0
Truck238005,649.0
Truck238036,572.0
Truck238000,663.0
Truck237996,677.0
Truck238094,433.0
Truck238048,549.0
Truck238074,487.0
Truck238034,588.0
Truck238085,464.0
Truck238103,420.0
Truck237939,831.0
Truck237966,761.0
Truck238105,416.0
Truck238091,454.0
Truck238038,586.0
Truck238083,476.0
Truck238100,434.0
Truck237948,817.0
Truck238044,577.0
Truck238096,450.0
Truck237989,725.0
Truck238011,670.0
Truck238055,565.0
Truck238019,657.0
Truck238073,522.0
Truck237965,796.0
Truck238016,666.0
Truck237986,746.0
Truck238025,654.0
Truck238008,696.0
Truck238024,659.0
Truck238089,501.0
Truck237953,843.0
Truck238065,564.0
Truck238020,676.0
Truck238066,564.0
Truck238045,623.0
Truck238118,438.0
Truck238079,539.0
Truck237932,907.0
Truck238081,537.0
Truck238022,687.0
Truck238056,603.0
Truck238078,551.0
Truck238015,712.0
Truck238133,417.0
Truck237959,853.0
Truck238028,678.0
Truck238069,583.0
Truck238018,716.0
Truck238108,494.0
Truck238129,444.0
Truck238054,632.0
Truck238068,597.0
Truck238134,432.0
Truck238023,713.0
Truck237987,805.0
Truck238033,692.0
Truck238067,607.0
Truck238138,429.0
Truck238009,755.0
Truck238010,750.0
Truck238112,500.0
Truck238002,777.0
Truck238116,494.0
Truck238006,775.0
Truck238070,618.0
Truck238093,572.0
Truck238039,709.0
Truck238143,449.0
Truck238154,421.0
Truck238101,560.0
Truck238124,500.0
Truck238128,492.0
Truck238087,599.0
Truck238139,470.0
Truck238041,720.0
Truck238075,647.0
Truck237984,873.0
Truck238165,424.0
Truck238119,540.0
Truck238050,713.0
Truck238021,790.0
Truck238037,751.0
Truck238057,701.0
Truck238084,631.0
Truck238107,577.0
Truck238162,437.0
Truck238127,530.0
Truck238082,642.0
Truck238158,454.0
Truck238130,529.0
Truck238059,713.0
Truck238043,754.0
Truck238053,729.0
Truck238114,574.0
Truck238152,481.0
Truck238104,605.0
Truck238058,721.0
Truck238088,646.0
Truck238123,564.0
Truck238151,495.0
Truck238063,717.0
Truck238156,482.0
Truck238102,624.0
Truck238106,614.0
Truck238146,516.0
Truck238137,544.0
Truck238163,480.0
Truck238092,659.0
Truck238049,774.0
Truck238086,681.0
Truck238181,446.0
Truck238098,653.0
Truck238145,541.0
Truck238153,521.0
Truck238071,727.0
Truck238052,773.0
Truck238099,658.0
Truck238183,448.0
Truck238194,419.0
Truck238177,466.0
Truck238111,634.0
Truck238169,490.0
Truck238140,567.0
Truck238080,721.0
Truck238203,423.0
Truck238186,470.0
Truck238064,779.0
Truck238155,559.0
Truck238200,444.0
Truck238149,580.0
Truck238171,525.0
Truck238198,457.0
Truck238195,468.0
Truck238131,629.0
Truck238142,602.0
Truck238121,658.0
Truck238072,779.0
Truck238161,559.0
Truck238150,585.0
Truck238192,483.0
Truck238174,532.0
Truck238110,693.0
Truck238122,664.0
Truck238115,689.0
Truck238176,540.0
Truck238190,505.0
Truck238120,686.0
Truck238125,676.0
Truck238182,531.0
Truck238113,712.0
Truck238144,633.0
Truck238170,570.0
Truck238210,475.0
Truck238126,687.0
Truck238188,532.0
Truck238061,854.0
Truck238175,570.0
Truck238147,641.0
Truck238095,774.0
Truck238135,676.0
Truck238062,861.0
Truck238132,686.0
Truck238213,490.0
Truck238109,751.0
Truck238166,608.0
Truck238090,802.0
Truck238117,739.0
Truck238205,524.0
Truck238040,935.0
Truck238172,605.0
Truck238136,697.0
Truck238220,488.0
Truck238193,562.0
Truck238222,489.0
Truck238204,537.0
Truck238236,459.0
Truck238269,382.0
Truck238097,816.0
Truck238167,641.0
Truck238148,688.0
Truck238196,568.0
Truck238214,533.0
Truck238187,608.0
Truck238260,427.0
Truck238215,549.0
Truck238168,667.0
Truck238199,592.0
Truck238208,572.0
Truck238239,497.0
Truck238229,524.0
Truck238233,515.0
Truck238271,422.0
Truck238180,650.0
Truck238270,427.0
Truck238209,588.0
Truck238206,597.0
Truck238179,669.0
Truck238272,436.0
Truck238197,628.0
Truck238310,345.0
Truck238246,511.0
Truck238228,558.0
Truck238253,506.0
Truck238160,744.0
Truck238247,529.0
Truck238248,526.0
Truck238231,574.0
Truck238211,625.0
Truck238240,555.0
Truck238255,521.0
Truck238256,516.0
Truck238212,627.0
Truck238219,613.0
Truck238164,749.0
Truck238223,607.0
Truck238334,328.0
Truck238201,667.0
Truck238230,595.0
Truck238265,510.0
Truck238159,776.0
Truck238298,430.0
Truck238273,499.0
Truck238216,644.0
Truck238244,574.0
Truck238287,471.0
Truck238266,525.0
Truck238191,717.0
Truck238305,443.0
Truck238276,521.0
Truck238259,567.0
Truck238299,467.0
Truck238295,478.0
Truck238277,526.0
Truck238252,587.0
Truck238312,438.0
Truck238189,752.0
Truck238235,638.0
Truck238234,639.0
Truck238250,606.0
Truck238268,561.0
Truck238275,546.0
Truck238283,528.0
Truck238316,446.0
Truck238338,391.0
Truck238184,777.0
Truck238224,679.0
Truck238185,781.0
Truck238302,491.0
Truck238238,653.0
Truck238289,528.0
Truck238309,478.0
Truck238258,606.0
Truck238242,653.0
Truck238178,815.0
Truck238217,720.0
Truck238141,913.0
Truck238286,548.0
Truck238361,366.0
Truck238280,567.0
Truck238227,705.0
Truck238225,712.0
Truck238249,652.0
Truck238262,620.0
Truck238297,536.0
Truck238285,567.0
Truck238341,427.0
Truck238226,717.0
Truck238340,444.0
Truck238157,907.0
Truck238274,612.0
Truck238320,497.0
Truck238263,645.0
Truck238241,701.0
Truck238296,562.0
Truck238346,442.0
Truck238243,704.0
Truck238278,617.0
Truck238325,503.0
Truck238251,692.0
Truck238335,486.0
Truck238245,719.0
Truck238307,567.0
Truck238221,783.0
Truck238359,448.0
Truck238232,767.0
Truck238313,570.0
Truck238332,522.0
Truck238328,535.0
Truck238353,475.0
Truck238355,470.0
Truck238349,486.0
Truck238202,858.0
Truck238218,820.0
Truck238343,512.0
Truck238264,713.0
Truck238306,608.0
Truck238300,624.0
Truck238282,671.0
Truck238369,458.0
Truck238284,669.0
Truck238336,542.0
Truck238364,475.0
Truck238304,626.0
Truck238303,632.0
Truck238257,748.0
Truck238342,534.0
Truck238357,499.0
Truck238382,434.0
Truck238362,485.0
Truck238207,879.0
Truck238237,810.0
Truck238354,515.0
Truck238372,470.0
Truck238396,415.0
Truck238319,613.0
Truck238339,563.0
Truck238365,499.0
Truck238292,682.0
Truck238377,475.0
Truck238254,786.0
Truck238379,477.0
Truck238294,688.0
Truck238173,994.0
Truck238337,584.0
Truck238323,622.0
Truck238348,563.0
Truck238326,621.0
Truck238267,775.0
Truck238311,665.0
Truck238356,551.0
Truck238333,612.0
Truck238293,713.0
Truck238331,624.0
Truck238371,525.0
Truck238308,684.0
Truck238350,583.0
Truck238290,734.0
Truck238324,651.0
Truck238301,713.0
Truck238408,444.0
Truck238358,570.0
Truck238400,468.0
Truck238314,688.0
Truck238344,614.0
Truck238423,422.0
Truck238279,783.0
Truck238386,516.0
Truck238409,462.0
Truck238322,680.0
Truck238347,620.0
Truck238261,838.0
Truck238288,768.0
Truck238315,710.0
Truck238416,455.0
Truck238419,453.0
Truck238318,705.0
Truck238384,542.0
Truck238390,543.0
Truck238330,694.0
Truck238370,598.0
Truck238427,459.0
Truck238281,826.0
Truck238449,408.0
Truck238411,505.0
Truck238397,541.0
Truck238472,354.0
Truck238393,557.0
Truck238363,639.0
Truck238469,374.0
Truck238448,428.0
Truck238368,631.0
Truck238407,538.0
Truck238417,514.0
Truck238420,508.0
Truck238385,599.0
Truck238403,559.0
Truck238468,394.0
Truck238402,563.0
Truck238329,751.0
Truck238389,601.0
Truck238422,518.0
Truck238366,662.0
Truck238321,779.0
Truck238352,702.0
Truck238378,646.0
Truck238426,531.0
Truck238327,788.0
Truck238421,553.0
Truck238450,481.0
Truck238424,550.0
Truck238443,512.0
Truck238475,432.0
Truck238476,429.0
Truck238381,670.0
Truck238432,549.0
Truck238317,840.0
Truck238388,662.0
Truck238425,572.0
Truck238391,659.0
Truck238351,763.0
Truck238445,531.0
Truck238446,526.0
Truck238398,648.0
Truck238380,698.0
Truck238374,715.0
Truck238433,573.0
Truck238395,674.0
Truck238438,569.0
Truck238345,811.0
Truck238367,762.0
Truck238464,517.0
Truck238485,467.0
Truck238412,651.0
Truck238291,957.0
Truck238500,432.0
Truck238515,398.0
Truck238392,705.0
Truck238460,542.0
Truck238404,683.0
Truck238414,658.0
Truck238383,742.0
Truck238429,630.0
Truck238431,631.0
Truck238480,506.0
Truck238491,481.0
Truck238497,469.0
Truck238437,621.0
Truck238375,779.0
Truck238418,670.0
Truck238415,681.0
Truck238406,706.0
Truck238461,575.0
Truck238451,608.0
Truck238489,513.0
Truck238447,619.0
Truck238405,725.0
Truck238434,650.0
Truck238487,525.0
Truck238513,465.0
Truck238458,601.0
Truck238373,823.0
Truck238441,654.0
Truck238571,338.0
Truck238376,828.0
Truck238454,633.0
Truck238459,623.0
Truck238413,739.0
Truck238456,629.0
Truck238502,516.0
Truck238509,505.0
Truck238543,420.0
Truck238360,877.0
Truck238444,668.0
Truck238478,589.0
Truck238479,589.0
Truck238551,409.0
Truck238522,482.0
Truck238493,561.0
Truck238394,808.0
Truck238530,470.0
Truck238473,621.0
Truck238410,779.0
Truck238453,676.0
Truck238439,712.0
Truck238387,845.0
Truck238514,526.0
Truck238492,592.0
Truck238523,517.0
Truck238467,658.0
Truck238440,725.0
Truck238572,395.0
Truck238466,662.0
Truck238498,585.0
Truck238528,510.0
Truck238529,511.0
Truck238542,476.0
Truck238505,572.0
Truck238532,502.0
Truck238488,614.0
Truck238512,555.0
Truck238486,623.0
Truck238521,538.0
Truck238452,711.0
Truck238481,641.0
Truck238483,638.0
Truck238490,618.0
Truck238457,704.0
Truck238471,669.0
Truck238556,456.0
Truck238399,854.0
Truck238511,581.0
Truck238401,858.0
Truck238570,433.0
Truck238508,591.0
Truck238531,543.0
Truck238583,414.0
Truck238535,536.0
Truck238578,427.0
Truck238517,589.0
Truck238568,459.0
Truck238560,482.0
Truck238518,593.0
Truck238495,654.0
Truck238435,807.0
Truck238477,702.0
Truck238594,409.0
Truck238499,656.0
Truck238537,561.0
Truck238548,538.0
Truck238561,509.0
Truck238462,761.0
Truck238503,662.0
Truck238621,368.0
Truck238442,818.0
Truck238474,746.0
Truck238470,758.0
Truck238520,634.0
Truck238525,624.0
Truck238504,675.0
Truck238519,640.0
Truck238550,561.0
Truck238555,552.0
Truck238455,804.0
Truck238501,691.0
Truck238428,876.0
Truck238552,566.0
Truck238507,685.0
Truck238549,581.0
Truck238534,620.0
Truck238430,884.0
Truck238465,799.0
Truck238545,600.0
Truck238544,602.0
Truck238567,548.0
Truck238651,339.0
Truck238569,549.0
Truck238620,420.0
Truck238607,457.0
Truck238496,734.0
Truck238533,648.0
Truck238608,458.0
Truck238576,539.0
Truck238484,771.0
Truck238540,631.0
Truck238526,667.0
Truck238611,458.0
Truck238592,505.0
Truck238506,721.0
Truck238639,395.0
Truck238463,837.0
Truck238557,605.0
Truck238595,510.0
Truck238599,512.0
Truck238494,773.0
Truck238559,617.0
Truck238574,580.0
Truck238580,568.0
Truck238586,560.0
Truck238436,937.0
Truck238597,537.0
Truck238482,823.0
Truck238541,683.0
Truck238579,589.0
Truck238587,570.0
Truck238632,455.0
Truck238563,634.0
Truck238641,439.0
Truck238553,660.0
Truck238640,443.0
Truck238565,635.0
Truck238668,380.0
Truck238612,521.0
Truck238598,567.0
Truck238657,424.0
Truck238527,751.0
Truck238573,637.0
Truck238575,636.0
Truck238623,516.0
Truck238603,568.0
Truck238566,663.0
Truck238619,534.0
Truck238655,446.0
Truck238656,442.0
Truck238558,688.0
Truck238602,578.0
Truck238546,719.0
Truck238554,699.0
Truck238536,745.0
Truck238564,676.0
Truck238671,412.0
Truck238631,513.0
Truck238626,525.0
Truck238670,415.0
Truck238581,650.0
Truck238636,511.0
Truck238653,488.0
Truck238616,579.0
Truck238629,549.0
Truck238678,427.0
Truck238588,653.0
Truck238577,688.0
Truck238601,628.0
Truck238634,544.0
Truck238516,841.0
Truck238610,610.0
Truck238696,400.0
Truck238539,799.0
Truck238692,416.0
Truck238645,544.0
Truck238538,810.0
Truck238635,573.0
Truck238524,850.0
Truck238698,415.0
Truck238679,468.0
Truck238625,608.0
Truck238627,607.0
Truck238591,702.0
Truck238593,698.0
Truck238652,548.0
Truck238681,484.0
Truck238654,554.0
Truck238596,706.0
Truck238650,571.0
Truck238604,688.0
Truck238658,554.0
Truck238584,741.0
Truck238618,656.0
Truck238582,749.0
Truck238642,601.0
Truck238664,548.0
Truck238630,639.0
Truck238731,392.0
Truck238673,540.0
Truck238643,622.0
Truck238659,582.0
Truck238708,458.0
Truck238649,622.0
Truck238680,546.0
Truck238672,568.0
Truck238737,408.0
Truck238605,739.0
Truck238718,454.0
Truck238562,845.0
Truck238510,978.0
Truck238667,588.0
Truck238622,700.0
Truck238585,799.0
Truck238589,791.0
Truck238646,650.0
Truck238726,452.0
Truck238609,748.0
Truck238684,558.0
Truck238701,520.0
Truck238709,505.0
Truck238547,912.0
Truck238663,623.0
Truck238711,503.0
Truck238683,581.0
Truck238719,491.0
Truck238628,717.0
Truck238660,638.0
Truck238706,523.0
Truck238669,621.0
Truck238750,416.0
Truck238713,514.0
Truck238666,630.0
Truck238677,609.0
Truck238613,770.0
Truck238723,496.0
Truck238724,492.0
Truck238638,717.0
Truck238703,558.0
Truck238633,735.0
Truck238606,803.0
Truck238675,633.0
Truck238665,660.0
Truck238741,470.0
Truck238600,821.0
Truck238644,714.0
Truck238749,455.0
Truck238779,381.0
Truck238590,853.0
Truck238615,793.0
Truck238739,490.0
Truck238787,371.0
Truck238624,777.0
Truck238747,475.0
Truck238727,528.0
Truck238693,614.0
Truck238637,756.0
Truck238676,656.0
Truck238780,398.0
Truck238782,393.0
Truck238617,813.0
Truck238722,549.0
Truck238765,446.0
Truck238732,531.0
Truck238662,708.0
Truck238705,604.0
Truck238742,509.0
Truck238661,715.0
Truck238763,461.0
Truck238792,387.0
Truck238752,491.0
Truck238733,543.0
Truck238734,538.0
Truck238697,639.0
Truck238690,655.0
Truck238721,582.0
Truck238794,406.0
Truck238688,672.0
Truck238740,543.0
Truck238767,478.0
Truck238716,604.0
Truck238746,534.0
Truck238736,562.0
Truck238759,508.0
Truck238695,670.0
Truck238776,465.0
Truck238710,631.0
Truck238730,582.0
Truck238712,632.0
Truck238817,375.0
Truck238686,702.0
Truck238707,654.0
Truck238753,539.0
Truck238745,565.0
Truck238728,609.0
Truck238756,539.0
Truck238793,450.0
Truck238725,629.0
Truck238647,826.0
Truck238715,662.0
Truck238764,538.0
Truck238704,690.0
Truck238768,532.0
Truck238648,833.0
Truck238760,553.0
Truck238769,538.0
Truck238748,603.0
Truck238614,940.0
Truck238702,722.0
Truck238743,624.0
Truck238762,575.0
Truck238778,536.0
Truck238755,597.0
Truck238789,518.0
Truck238804,479.0
Truck238788,520.0
Truck238825,432.0
Truck238766,579.0
Truck238807,491.0
Truck238717,719.0
Truck238815,476.0
Truck238770,589.0
Truck238674,837.0
Truck238775,588.0
Truck238835,443.0
Truck238783,575.0
Truck238819,488.0
Truck238738,690.0
Truck238720,741.0
Truck238831,466.0
Truck238682,841.0
Truck238735,713.0
Truck238772,621.0
Truck238839,463.0
Truck238691,834.0
Truck238758,666.0
Truck238700,812.0
Truck238834,483.0
Truck238802,564.0
Truck238845,459.0
Truck238816,534.0
Truck238714,791.0
Truck238803,577.0
Truck238699,838.0
Truck238842,478.0
Truck238805,575.0
Truck238826,524.0
Truck238694,860.0
Truck238689,876.0
Truck239053,317.0
Truck239075,357.0
Truck239043,461.0
Truck239048,464.0
Truck239049,470.0
Truck239067,433.0
Truck239041,508.0
Truck239072,450.0
Truck239050,511.0
Truck239080,441.0
Truck239044,535.0
Truck239096,414.0
Truck239060,505.0
Truck239126,340.0
Truck239081,472.0
Truck239069,512.0
Truck239056,545.0
Truck239120,390.0
Truck239066,529.0
Truck239070,523.0
Truck239068,531.0
Truck239063,551.0
Truck239064,547.0
Truck239057,571.0
Truck239051,587.0
Truck239078,522.0
Truck239122,415.0
Truck239124,410.0
Truck239061,574.0
Truck239073,546.0
Truck239054,598.0
Truck239090,515.0
Truck239113,462.0
Truck239062,591.0
Truck239058,606.0
Truck239076,561.0
Truck239074,569.0
Truck239082,549.0
Truck239092,528.0
Truck239107,497.0
Truck239111,487.0
Truck239042,658.0
Truck239083,559.0
Truck239085,557.0
Truck239045,658.0
Truck239159,373.0
Truck239040,669.0
Truck239071,594.0
Truck239114,484.0
Truck239077,587.0
Truck239098,541.0
Truck239104,532.0
Truck239148,423.0
Truck239106,538.0
Truck239084,595.0
Truck239095,576.0
Truck239116,523.0
Truck239055,690.0
Truck239167,416.0
Truck239128,516.0
Truck239166,425.0
Truck239139,496.0
Truck239105,584.0
Truck239065,686.0
Truck239079,652.0
Truck239089,635.0
Truck239156,471.0
Truck239100,614.0
Truck239059,721.0
Truck239115,581.0
Truck239110,596.0
Truck239182,416.0
Truck239047,760.0
Truck239088,655.0
Truck239163,472.0
Truck239132,548.0
Truck239086,666.0
Truck239145,521.0
Truck239134,549.0
Truck239094,653.0
Truck239127,576.0
Truck239109,622.0
Truck239099,648.0
Truck239174,459.0
Truck239161,496.0
Truck239119,603.0
Truck239160,506.0
Truck239117,619.0
Truck239152,529.0
Truck239201,410.0
Truck239087,696.0
Truck239121,617.0
Truck239135,587.0
Truck239183,467.0
Truck239097,683.0
Truck239112,644.0
Truck239142,570.0
Truck239103,672.0
Truck239157,537.0
Truck239144,570.0
Truck239170,510.0
Truck239130,615.0
Truck239165,531.0
Truck239181,491.0
Truck239151,568.0
Truck239131,619.0
Truck239129,632.0
Truck239102,699.0
Truck239189,487.0
Truck239052,828.0
Truck239194,477.0
Truck239216,424.0
Truck239108,698.0
Truck239101,719.0
Truck239091,747.0
Truck239046,858.0
Truck239143,618.0
Truck239190,505.0
Truck239172,552.0
Truck239169,581.0
Truck239175,567.0
Truck239137,668.0
Truck239195,529.0
Truck239093,785.0
Truck239155,635.0
Truck239249,401.0
Truck239140,673.0
Truck239206,510.0
Truck239125,719.0
Truck239229,463.0
Truck239171,611.0
Truck239118,746.0
Truck239164,631.0
Truck239133,723.0
Truck239234,469.0
Truck239146,694.0
Truck239177,622.0
Truck239191,597.0
Truck239238,479.0
Truck239253,446.0
Truck239162,676.0
Truck239123,779.0
Truck239149,716.0
Truck239265,427.0
Truck239257,450.0
Truck239220,543.0
Truck239210,575.0
Truck239231,527.0
Truck239223,548.0
Truck239274,420.0
Truck239196,618.0
Truck239230,538.0
Truck239211,589.0
Truck239208,595.0
Truck239244,512.0
Truck239268,452.0
Truck239245,513.0
Truck239255,488.0
Truck239138,781.0
Truck239178,681.0
Truck239243,521.0
Truck239213,597.0
Truck239287,412.0
Truck239264,469.0
Truck239294,394.0
Truck239185,672.0
Truck239147,769.0
Truck239215,601.0
Truck239176,698.0
Truck239225,582.0
Truck239192,663.0
Truck239198,651.0
Truck239236,559.0
Truck239207,636.0
Truck239153,775.0
Truck239242,551.0
Truck239136,818.0
Truck239179,713.0
Truck239259,514.0
Truck239141,812.0
Truck239154,783.0
Truck239261,518.0
Truck239212,639.0
Truck239252,545.0
Truck239214,641.0
Truck239188,707.0
Truck239218,634.0
Truck239263,524.0
Truck239276,492.0
Truck239228,614.0
Truck239168,765.0
Truck239277,502.0
Truck239233,614.0
Truck239197,709.0
Truck239150,825.0
Truck239200,700.0
Truck239186,737.0
Truck239278,507.0
Truck239203,698.0
Truck239217,666.0
Truck239279,516.0
Truck239256,581.0
Truck239273,542.0
Truck239270,548.0
Truck239311,449.0
Truck239235,640.0
Truck239281,525.0
Truck239209,706.0
Truck239254,591.0
Truck239337,388.0
Truck239271,555.0
Truck239187,766.0
Truck239199,736.0
Truck239280,532.0
Truck239226,670.0
Truck239283,531.0
Truck239204,731.0
Truck239327,426.0
Truck239180,795.0
Truck239262,590.0
Truck239293,518.0
Truck239289,529.0
Truck239251,625.0
Truck239158,856.0
Truck239184,793.0
Truck239193,773.0
Truck239248,633.0
Truck239298,508.0
Truck239300,506.0
Truck239344,398.0
Truck239282,554.0
Truck239173,832.0
Truck239299,518.0
Truck239232,686.0
Truck239361,366.0
Truck239324,460.0
Truck239240,673.0
Truck239339,431.0
Truck239284,571.0
Truck239291,556.0
Truck239332,451.0
Truck239224,723.0
Truck239286,573.0
Truck239305,529.0
Truck239221,740.0
Truck239336,451.0
Truck239222,740.0
Truck239288,575.0
Truck239202,793.0
Truck239241,701.0
Truck239301,554.0
Truck239219,762.0
Truck239246,692.0
Truck239239,719.0
Truck239363,415.0
Truck239285,611.0
Truck239313,542.0
Truck239347,467.0
Truck239250,708.0
Truck239379,392.0
Truck239353,458.0
Truck239343,485.0
Truck239247,729.0
Truck239356,459.0
Truck239227,785.0
Truck239322,548.0
Truck239333,529.0
Truck239371,437.0
Truck239302,613.0
Truck239318,573.0
Truck239338,525.0
Truck239296,631.0
Truck239315,587.0
Truck239260,723.0
Truck239342,518.0
Truck239269,706.0
Truck239334,545.0
Truck239303,626.0
Truck239351,506.0
Truck239304,623.0
Truck239316,593.0
Truck239275,702.0
Truck239392,415.0
Truck239319,602.0
Truck239381,448.0
Truck239403,395.0
Truck239310,627.0
Truck239384,447.0
Truck239290,685.0
Truck239341,565.0
Truck239258,774.0
Truck239205,913.0
Truck239312,651.0
Truck239237,842.0
Truck239380,485.0
Truck239292,708.0
Truck239448,318.0
Truck239266,775.0
Truck239349,574.0
Truck239317,655.0
Truck239360,546.0
Truck239267,782.0
Truck239377,507.0
Truck239306,683.0
Truck239314,665.0
Truck239329,631.0
Truck239407,440.0
Truck239272,777.0
Truck239297,721.0
Truck239355,579.0
Truck239321,669.0
Truck239393,489.0
Truck239368,551.0
Truck239374,537.0
Truck239372,546.0
Truck239386,511.0
Truck239395,491.0
Truck239429,408.0
Truck239397,490.0
Truck239444,371.0
Truck239308,713.0
Truck239350,610.0
Truck239320,687.0
Truck239346,622.0
Truck239388,520.0
Truck239369,578.0
Truck239409,480.0
Truck239330,677.0
Truck239340,664.0
Truck239387,549.0
Truck239345,655.0
Truck239423,473.0
Truck239416,492.0
Truck239331,716.0
Truck239415,508.0
Truck239359,651.0
Truck239362,642.0
Truck239309,780.0
Truck239413,521.0
Truck239358,657.0
Truck239335,718.0
Truck239391,590.0
Truck239326,751.0
Truck239404,559.0
Truck239365,663.0
Truck239438,480.0
Truck239390,602.0
Truck239420,527.0
Truck239432,500.0
Truck239367,674.0
Truck239364,684.0
Truck239401,595.0
Truck239446,482.0
Truck239354,714.0
Truck239399,604.0
Truck239348,730.0
Truck239410,585.0
Truck239389,641.0
Truck239483,406.0
Truck239422,557.0
Truck239437,529.0
Truck239466,454.0
Truck239428,551.0
Truck239325,814.0
Truck239394,640.0
Truck239376,686.0
Truck239411,602.0
Truck239457,490.0
Truck239307,866.0
Truck239419,586.0
Truck239439,539.0
Truck239431,562.0
Truck239443,532.0
Truck239458,494.0
Truck239427,575.0
Truck239383,688.0
Truck239295,909.0
Truck239511,370.0
Truck239460,496.0
Truck239421,597.0
Truck239452,519.0
Truck239516,360.0
Truck239378,712.0
Truck239462,505.0
Truck239467,495.0
Truck239366,750.0
Truck239370,740.0
Truck239405,656.0
Truck239424,608.0
Truck239507,403.0
Truck239479,480.0
Truck239456,538.0
Truck239417,640.0
Truck239430,607.0
Truck239472,503.0
Truck239441,585.0
Truck239476,495.0
Truck239502,430.0
Truck239396,696.0
Truck239495,453.0
Truck239451,567.0
Truck239491,468.0
Truck239480,497.0
Truck239459,554.0
Truck239490,474.0
Truck239481,502.0
Truck239323,899.0
Truck239385,747.0
Truck239453,580.0
Truck239352,836.0
Truck239425,661.0
Truck239463,570.0
Truck239426,662.0
Truck239436,638.0
Truck239486,513.0
Truck239546,363.0
Truck239450,604.0
Truck239500,480.0
Truck239442,626.0
Truck239532,401.0
Truck239445,624.0
Truck239400,738.0
Truck239328,919.0
Truck239465,583.0
Truck239488,525.0
Truck239496,506.0
Truck239412,719.0
Truck239521,450.0
Truck239515,466.0
Truck239501,502.0
Truck239357,863.0
Truck239484,551.0
Truck239548,393.0
Truck239375,830.0
Truck239477,582.0
Truck239382,818.0
Truck239499,528.0
Truck239469,606.0
Truck239478,582.0
Truck239435,695.0
Truck239485,570.0
Truck239475,599.0
Truck239398,790.0
Truck239487,570.0
Truck239535,450.0
Truck239461,638.0
Truck239373,860.0
Truck239578,347.0
Truck239434,708.0
Truck239506,533.0
Truck239528,479.0
Truck239433,732.0
Truck239474,631.0
Truck239408,800.0
Truck239513,545.0
Truck239402,823.0
Truck239440,731.0
Truck239447,717.0
Truck239414,798.0
Truck239525,523.0
Truck239594,348.0
Truck239468,670.0
Truck239406,826.0
Truck239454,707.0
Truck239473,664.0
Truck239554,459.0
Truck239520,548.0
Truck239449,734.0
Truck239573,424.0
Truck239489,637.0
Truck239541,507.0
Truck239504,599.0
Truck239523,555.0
Truck239531,542.0
Truck239596,390.0
Truck239599,388.0
Truck239527,569.0
Truck239566,472.0
Truck239550,513.0
Truck239557,508.0
Truck239494,666.0
Truck239498,658.0
Truck239539,562.0
Truck239464,752.0
Truck239560,513.0
Truck239530,589.0
Truck239593,442.0
Truck239584,463.0
Truck239471,749.0
Truck239572,494.0
Truck239536,585.0
Truck239505,676.0
Truck239512,657.0
Truck239519,642.0
Truck239529,618.0
Truck239595,454.0
Truck239614,405.0
Truck239508,673.0
Truck239509,675.0
Truck239455,812.0
Truck239524,637.0
Truck239537,611.0
Truck239510,679.0
Truck239497,721.0
Truck239565,556.0
Truck239583,521.0
Truck239562,580.0
Truck239591,510.0
Truck239575,552.0
Truck239588,518.0
Truck239602,487.0
Truck239551,618.0
Truck239600,495.0
Truck239549,629.0
Truck239518,706.0
Truck239601,502.0
Truck239574,569.0
Truck239576,564.0
Truck239579,559.0
Truck239493,792.0
Truck239534,687.0
Truck239533,694.0
Truck239543,671.0
Truck239547,665.0
Truck239609,510.0
Truck239556,641.0
Truck239633,451.0
Truck239555,650.0
Truck239470,861.0
Truck239522,731.0
Truck239590,565.0
Truck239656,407.0
Truck239606,534.0
Truck239559,657.0
Truck239517,764.0
Truck239568,634.0
Truck239526,740.0
Truck239418,1012.0
Truck239586,592.0
Truck239608,538.0
Truck239605,549.0
Truck239552,682.0
Truck239514,778.0
Truck239563,662.0
Truck239622,515.0
Truck239492,842.0
Truck239553,693.0
Truck239598,578.0
Truck239634,490.0
Truck239635,490.0
Truck239580,627.0
Truck239544,720.0
Truck239657,441.0
Truck239686,366.0
Truck239542,728.0
Truck239503,829.0
Truck239604,574.0
Truck239607,570.0
Truck239713,307.0
Truck239623,538.0
Truck239538,754.0
Truck239613,571.0
Truck239620,557.0
Truck239482,903.0
Truck239631,535.0
Truck239639,522.0
Truck239676,436.0
Truck239618,586.0
Truck239654,501.0
Truck239577,697.0
Truck239646,524.0
Truck239581,691.0
Truck239624,582.0
Truck239617,607.0
Truck239597,664.0
Truck239616,614.0
Truck239629,584.0
Truck239638,559.0
Truck239658,511.0
Truck239694,422.0
Truck239630,583.0
Truck239645,549.0
Truck239545,800.0
Truck239689,441.0
Truck239621,614.0
Truck239651,539.0
Truck239615,630.0
Truck239647,550.0
Truck239569,747.0
Truck239592,705.0
Truck239640,585.0
Truck239668,522.0
Truck239648,576.0
Truck239700,449.0
Truck239582,749.0
Truck239619,659.0
Truck239571,782.0
Truck239589,737.0
Truck239680,509.0
Truck239674,525.0
Truck239558,819.0
Truck239564,807.0
Truck239587,757.0
Truck239540,880.0
Truck239649,612.0
Truck239675,551.0
Truck239567,824.0
Truck239697,500.0
Truck239708,471.0
Truck239685,533.0
Truck239610,720.0
Truck239612,715.0
Truck239691,522.0
Truck239701,498.0
Truck239643,644.0
Truck239667,584.0
Truck239670,578.0
Truck239681,553.0
Truck239561,857.0
Truck239662,602.0
Truck239665,597.0
Truck239664,602.0
Truck239679,567.0
Truck239663,610.0
Truck239710,499.0
Truck239626,710.0
Truck239603,771.0
Truck239644,666.0
Truck239655,641.0
Truck239736,439.0
Truck239684,570.0
Truck239672,601.0
Truck239731,458.0
Truck239653,654.0
Truck239632,707.0
Truck239627,725.0
Truck239702,536.0
Truck239711,516.0
Truck239688,575.0
Truck239762,392.0
Truck239652,668.0
Truck239611,774.0
Truck239712,520.0
Truck239659,660.0
Truck239661,655.0
Truck239759,416.0
Truck239733,482.0
Truck239725,504.0
Truck239641,717.0
Truck239706,554.0
Truck239754,434.0
Truck239625,760.0
Truck239570,899.0
Truck239666,659.0
Truck239696,588.0
Truck239642,724.0
Truck239682,624.0
Truck239669,660.0
Truck239744,471.0
Truck239693,602.0
Truck239722,527.0
Truck239774,399.0
Truck239716,549.0
Truck239628,770.0
Truck239690,625.0
Truck239808,332.0
Truck239671,680.0
Truck239771,430.0
Truck239673,677.0
Truck239650,735.0
Truck239695,627.0
Truck239775,428.0
Truck239743,513.0
Truck239704,609.0
Truck239718,578.0
Truck239768,453.0
Truck239755,492.0
Truck239636,793.0
Truck239703,632.0
Truck239800,388.0
Truck239637,803.0
Truck239742,540.0
Truck239758,500.0
Truck239793,416.0
Truck239687,688.0
Truck239761,503.0
Truck239660,754.0
Truck239780,454.0
Truck239739,560.0
Truck239678,721.0
Truck239769,497.0
Truck239756,528.0
Truck239792,440.0
Truck239729,605.0
Truck239740,575.0
Truck239677,739.0
Truck239719,635.0
Truck239730,606.0
Truck239795,448.0
Truck239728,614.0
Truck239757,544.0
Truck239773,504.0
Truck239732,605.0
Truck239683,733.0
Truck239720,641.0
Truck239747,577.0
Truck239750,567.0
Truck239746,579.0
Truck239699,700.0
Truck239770,521.0
Truck239778,502.0
Truck239749,581.0
Truck239726,637.0
Truck239724,644.0
Truck239763,549.0
Truck239698,710.0
Truck239715,679.0
Truck239692,741.0
Truck239791,497.0
Truck239585,1015.0
Truck239799,484.0
Truck239714,700.0
Truck239837,396.0
Truck239779,542.0
Truck239816,449.0
Truck239721,690.0
Truck239705,739.0
Truck239801,510.0
Truck239803,507.0
Truck239707,750.0
Truck239735,682.0
Truck239752,637.0
Truck239723,715.0
Truck239823,465.0
Truck239811,501.0
Truck239751,662.0
Truck239764,631.0
Truck239717,759.0
Truck239766,636.0
Truck239864,395.0
Truck239738,712.0
Truck239849,443.0
Truck239827,500.0
Truck239839,470.0
Truck239776,626.0
Truck239745,709.0
Truck239741,720.0
Truck239782,617.0
Truck239781,631.0
Truck239786,616.0
Truck239794,599.0
Truck239821,538.0
Truck239815,556.0
Truck239859,448.0
Truck239798,599.0
Truck239767,683.0
Truck239748,729.0
Truck239817,566.0
Truck239790,638.0
Truck239822,559.0
Truck239797,625.0
Truck239814,580.0
Truck239824,561.0
Truck239835,536.0
Truck239841,521.0
Truck239819,580.0
Truck239734,795.0
Truck239860,482.0
Truck239908,362.0
Truck239772,705.0
Truck239883,430.0
Truck239900,388.0
Truck239806,625.0
Truck239855,506.0
Truck239842,537.0
Truck239809,627.0
Truck239789,688.0
Truck239785,705.0
Truck239834,581.0
Truck239869,496.0
Truck239904,407.0
Truck239852,538.0
Truck239787,705.0
Truck239866,505.0
Truck239867,506.0
Truck239912,398.0
Truck239777,744.0
Truck239854,551.0
Truck239820,638.0
Truck239709,919.0
Truck239765,783.0
Truck239918,398.0
Truck239870,519.0
Truck239857,558.0
Truck239784,739.0
Truck239826,635.0
Truck239796,713.0
Truck239851,579.0
Truck239950,329.0
Truck239753,825.0
Truck239844,595.0
Truck239818,662.0
Truck239805,698.0
Truck239868,538.0
Truck239727,897.0
Truck239830,637.0
Truck239862,557.0
Truck239915,427.0
Truck239886,503.0
Truck239893,490.0
Truck239897,484.0
Truck239880,527.0
Truck239871,554.0
Truck239877,546.0
Truck239737,902.0
Truck239840,642.0
Truck239829,673.0
Truck239885,533.0
Truck239845,638.0
Truck239833,671.0
Truck239879,559.0
Truck239807,740.0
Truck239919,460.0
Truck239788,789.0
Truck239933,431.0
Truck239949,391.0
Truck239836,673.0
Truck239888,544.0
Truck239861,616.0
Truck239957,376.0
Truck239924,457.0
Truck239831,693.0
Truck239812,744.0
Truck239828,705.0
Truck239843,676.0
Truck239906,519.0
Truck239955,401.0
Truck239858,644.0
Truck239802,785.0
Truck239881,590.0
Truck239946,425.0
Truck239783,837.0
Truck239848,672.0
Truck239889,572.0
Truck239873,616.0
Truck239865,646.0
Truck239832,727.0
Truck239872,627.0
Truck239922,502.0
Truck239932,477.0
Truck239804,804.0
Truck239838,724.0
Truck239916,530.0
Truck239929,501.0
Truck239909,556.0
Truck239984,366.0
Truck239935,493.0
Truck239876,640.0
Truck239939,486.0
Truck239896,592.0
Truck239856,699.0
Truck239874,654.0
Truck239810,817.0
Truck239942,489.0
Truck239914,560.0
Truck239905,589.0
Truck239910,574.0
Truck239847,735.0
Truck239894,615.0
Truck239962,459.0
Truck239911,594.0
Truck239971,444.0
Truck239926,558.0
Truck239887,663.0
Truck239927,564.0
Truck239958,490.0
Truck239884,677.0
Truck239902,633.0
Truck239999,393.0
Truck239760,989.0
Truck239934,555.0
Truck239944,531.0
Truck239813,863.0
Truck239977,463.0
Truck239899,659.0
Truck239891,682.0
Truck239943,554.0
Truck239928,594.0
Truck239892,693.0
Truck240004,413.0
Truck239825,869.0
Truck239898,684.0
Truck239882,725.0
Truck239966,518.0
Truck239863,780.0
Truck239913,656.0
Truck239972,508.0
Truck239846,824.0
Truck239895,707.0
Truck239974,507.0
Truck240018,398.0
Truck239941,598.0
Truck239890,727.0
Truck239936,616.0
Truck240001,462.0
Truck239917,677.0
Truck239961,567.0
Truck239920,668.0
Truck239930,643.0
Truck239951,593.0
Truck239998,474.0
Truck239983,518.0
Truck239956,585.0
Truck239960,577.0
Truck239976,539.0
Truck239979,538.0
Truck239940,635.0
Truck240032,405.0
Truck239878,791.0
Truck240021,437.0
Truck240015,453.0
Truck239907,726.0
Truck240020,445.0
Truck239991,527.0
Truck239952,631.0
Truck239975,577.0
Truck239987,548.0
Truck239937,679.0
Truck239970,594.0
Truck239967,610.0
Truck239986,560.0
Truck240000,527.0
Truck239901,779.0
Truck240054,394.0
Truck239973,604.0
Truck239995,552.0
Truck239996,547.0
Truck240042,436.0
Truck239903,787.0
Truck239969,623.0
Truck239990,568.0
Truck240035,458.0
Truck239931,720.0
Truck240070,370.0
Truck239923,743.0
Truck239853,919.0
Truck239985,589.0
Truck239988,583.0
Truck239948,685.0
Truck239959,661.0
Truck239963,655.0
Truck240008,542.0
Truck239968,644.0
Truck239850,940.0
Truck239981,622.0
Truck240025,517.0
Truck240016,539.0
Truck240040,480.0
Truck239875,899.0
Truck240033,504.0
Truck240036,497.0
Truck239989,619.0
Truck239953,711.0
Truck239954,710.0
Truck240023,541.0
Truck239925,794.0
Truck239982,651.0
Truck240007,592.0
Truck240053,477.0
Truck240011,587.0
Truck239993,638.0
Truck240078,423.0
Truck240017,582.0
Truck240003,619.0
Truck240039,529.0
Truck240024,570.0
Truck240051,507.0
Truck240014,602.0
Truck239938,795.0
Truck240074,460.0
Truck240080,445.0
Truck239945,792.0
Truck240019,607.0
Truck240049,537.0
Truck240045,548.0
Truck239978,722.0
Truck240006,654.0
Truck240009,652.0
Truck240028,604.0
Truck240055,539.0
Truck240031,600.0
Truck240044,567.0
Truck240082,473.0
Truck240041,579.0
Truck240076,489.0
Truck240048,560.0
Truck240112,400.0
Truck239997,692.0
Truck239992,704.0
Truck239964,776.0
Truck240010,668.0
Truck240104,439.0
Truck240069,531.0
Truck239980,752.0
Truck240027,639.0
Truck240034,619.0
Truck240109,437.0
Truck240058,564.0
Truck240068,545.0
Truck240005,713.0
Truck240013,694.0
Truck240072,548.0
Truck239994,744.0
Truck240012,705.0
Truck240135,403.0
Truck240073,563.0
Truck240083,538.0
Truck239947,883.0
Truck240101,498.0
Truck240029,679.0
Truck240046,636.0
Truck240093,521.0
Truck240130,426.0
Truck240102,499.0
Truck240067,591.0
Truck240030,682.0
Truck240038,663.0
Truck240081,559.0
Truck240119,468.0
Truck240129,444.0
Truck240111,496.0
Truck240136,433.0
Truck240071,599.0
Truck239921,980.0
Truck240077,591.0
Truck240079,587.0
Truck240091,562.0
Truck239965,878.0
Truck240062,634.0
Truck240097,555.0
Truck240047,684.0
Truck240157,413.0
Truck240092,579.0
Truck240099,564.0
Truck240201,311.0
Truck240146,448.0
Truck240095,579.0
Truck240084,606.0
Truck240061,669.0
Truck240173,393.0
Truck240121,529.0
Truck240026,766.0
Truck240002,829.0
Truck240123,530.0
Truck240127,522.0
Truck240059,695.0
Truck240153,462.0
Truck240113,563.0
Truck240037,756.0
Truck240145,487.0
Truck240085,638.0
Truck240056,713.0
Truck240175,426.0
Truck240115,577.0
Truck240098,619.0
Truck240149,494.0
Truck240165,465.0
Truck240176,437.0
Truck240117,589.0
Truck240087,670.0
Truck240159,492.0
Truck240103,634.0
Truck240131,564.0
Truck240088,670.0
Truck240170,465.0
Truck240065,731.0
Truck240066,728.0
Truck240060,744.0
Truck240107,629.0
Truck240134,560.0
Truck240147,530.0
Truck240197,405.0
Truck240089,677.0
Truck240105,637.0
Truck240063,745.0
Truck240122,601.0
Truck240177,467.0
Truck240166,499.0
Truck240172,487.0
Truck240140,569.0
Truck240052,790.0
Truck240133,590.0
Truck240126,606.0
Truck240050,802.0
Truck240124,619.0
Truck240220,379.0
Truck240075,746.0
Truck240110,659.0
Truck240120,635.0
Truck240180,488.0
Truck240155,557.0
Truck240191,470.0
Truck240128,629.0
Truck240106,686.0
Truck240108,681.0
Truck240138,607.0
Truck240064,797.0
Truck240125,647.0
Truck240148,591.0
Truck240116,680.0
Truck240189,508.0
Truck240187,520.0
Truck240208,466.0
Truck240184,528.0
Truck240217,448.0
Truck240225,428.0
Truck240161,590.0
Truck240196,501.0
Truck240141,642.0
Truck240143,642.0
Truck240057,861.0
Truck240158,611.0
Truck240204,500.0
Truck240223,457.0
Truck240211,488.0
Truck240228,443.0
Truck240179,570.0
Truck240236,430.0
Truck240182,566.0
Truck240202,519.0
Truck240183,570.0
Truck240248,409.0
Truck240174,597.0
Truck240186,567.0
Truck240139,692.0
Truck240152,660.0
Truck240254,405.0
Truck240154,656.0
Truck240094,811.0
Truck240150,673.0
Truck240043,948.0
Truck240118,762.0
Truck240229,493.0
Truck240137,726.0
Truck240090,846.0
Truck240216,533.0
Truck240100,824.0
Truck240230,501.0
Truck240151,703.0
Truck240086,865.0
Truck240144,720.0
Truck240160,682.0
Truck240214,550.0
Truck240022,1032.0
Truck240218,544.0
Truck240268,421.0
Truck240227,528.0
Truck240253,463.0
Truck240203,589.0
Truck240096,855.0
Truck240267,438.0
Truck240237,519.0
Truck240185,650.0
Truck240224,552.0
Truck240238,518.0
Truck240222,560.0
Truck240142,761.0
Truck240167,703.0
Truck240192,640.0
Truck240168,707.0
Truck240215,597.0
Truck240164,723.0
Truck240231,558.0
Truck240232,554.0
Truck240263,479.0
Truck240114,856.0
Truck240206,626.0
Truck240132,816.0
Truck240199,658.0
Truck240242,548.0
Truck240212,624.0
Truck240207,640.0
Truck240234,577.0
Truck240178,719.0
Truck240240,565.0
Truck240249,545.0
Truck240277,480.0
Truck240244,564.0
Truck240300,426.0
Truck240285,467.0
Truck240279,486.0
Truck240269,515.0
Truck240190,711.0
Truck240265,527.0
Truck240270,512.0
Truck240156,798.0
Truck240193,708.0
Truck240302,433.0
Truck240169,771.0
Truck240264,534.0
Truck240260,547.0
Truck240278,515.0
Truck240287,497.0
Truck240181,765.0
Truck240281,515.0
Truck240219,671.0
Truck240289,501.0
Truck240235,642.0
Truck240171,806.0
Truck240198,737.0
Truck240245,622.0
Truck240200,733.0
Truck240313,454.0
Truck240233,655.0
Truck240257,597.0
Truck240239,643.0
Truck240246,624.0
Truck240294,504.0
Truck240299,503.0
Truck240310,474.0
Truck240256,611.0
Truck240298,511.0
Truck240303,502.0
Truck240205,750.0
Truck240293,532.0
Truck240329,445.0
Truck240252,641.0
Truck240163,868.0
Truck240162,870.0
Truck240194,791.0
Truck240251,654.0
Truck240354,394.0
Truck240213,751.0
Truck240274,598.0
Truck240280,583.0
Truck240290,559.0
Truck240288,565.0
Truck240330,461.0
Truck240312,513.0
Truck240273,620.0
Truck240311,526.0
Truck240315,520.0
Truck240276,619.0
Truck240324,499.0
Truck240262,655.0
Truck240307,548.0
Truck240304,555.0
Truck240243,717.0
Truck240345,463.0
Truck240296,585.0
Truck240221,776.0
Truck240271,651.0
Truck240308,556.0
Truck240336,486.0
Truck240376,388.0
Truck240364,419.0
Truck240320,534.0
Truck240343,479.0
Truck240286,621.0
Truck240351,465.0
Truck240291,616.0
Truck240368,421.0
Truck240301,593.0
Truck240341,495.0
Truck240195,861.0
Truck240261,697.0
Truck240323,543.0
Truck240226,785.0
Truck240292,627.0
Truck240209,842.0
Truck240210,837.0
Truck240383,410.0
Truck240333,536.0
Truck240356,478.0
Truck240350,497.0
Truck240283,669.0
Truck240322,576.0
Truck240348,512.0
Truck240295,649.0
Truck240247,770.0
Truck240309,615.0
Truck240241,790.0
Truck240275,705.0
Truck240349,522.0
Truck240362,487.0
Truck240384,432.0
Truck240282,689.0
Truck240306,629.0
Truck240338,549.0
Truck240250,778.0
Truck240335,568.0
Truck240337,563.0
Truck240353,525.0
Truck240259,765.0
Truck240297,673.0
Truck240339,570.0
Truck240255,783.0
Truck240188,949.0
Truck240325,613.0
Truck240370,501.0
Truck240410,402.0
Truck240272,753.0
Truck240380,489.0
Truck240361,540.0
Truck240360,542.0
Truck240421,393.0
Truck240318,651.0
Truck240415,413.0
Truck240340,602.0
Truck240397,463.0
Truck240373,524.0
Truck240374,519.0
Truck240411,430.0
Truck240319,663.0
Truck240314,675.0
Truck240332,631.0
Truck240417,426.0
Truck240359,573.0
Truck240392,490.0
Truck240328,651.0
Truck240363,567.0
Truck240258,828.0
Truck240357,583.0
Truck240369,559.0
Truck240347,618.0
Truck240396,495.0
Truck240399,494.0
Truck240438,394.0
Truck240327,683.0
Truck240377,568.0
Truck240352,629.0
Truck240408,490.0
Truck240422,457.0
Truck240429,443.0
Truck240305,755.0
Truck240317,725.0
Truck240398,521.0
Truck240390,545.0
Truck240430,450.0
Truck240405,519.0
Truck240385,570.0
Truck240416,493.0
Truck240316,744.0
Truck240448,417.0
Truck240358,649.0
Truck240375,612.0
Truck240372,618.0
Truck240393,569.0
Truck240334,716.0
Truck240367,637.0
Truck240389,582.0
Truck240388,585.0
Truck240344,696.0
Truck240445,451.0
Truck240407,547.0
Truck240326,749.0
Truck240355,679.0
Truck240450,439.0
Truck240346,701.0
Truck240459,422.0
Truck240395,590.0
Truck240425,516.0
Truck240331,753.0
Truck240342,724.0
Truck240440,479.0
Truck240433,501.0
Truck240379,637.0
Truck240284,879.0
Truck240466,424.0
Truck240321,792.0
Truck240266,932.0
Truck240435,512.0
Truck240366,683.0
Truck240412,570.0
Truck240449,480.0
Truck240462,451.0
Truck240471,433.0
Truck240485,399.0
Truck240428,542.0
Truck240474,427.0
Truck240409,593.0
Truck240472,436.0
Truck240452,498.0
Truck240387,668.0
Truck240420,583.0
Truck240406,620.0
Truck240489,415.0
Truck240413,611.0
Truck240403,640.0
Truck240423,590.0
Truck240386,681.0
Truck240444,540.0
Truck240439,561.0
Truck240427,594.0
Truck240431,586.0
Truck240443,556.0
Truck240458,517.0
Truck240419,624.0
Truck240481,472.0
Truck240447,558.0
Truck240467,514.0
Truck240482,476.0
Truck240381,737.0
Truck240424,627.0
Truck240446,572.0
Truck240465,529.0
Truck240432,612.0
Truck240453,564.0
Truck240555,309.0
Truck240402,693.0
Truck240484,492.0
Truck240527,387.0
Truck240477,514.0
Truck240434,620.0
Truck240455,572.0
Truck240371,783.0
Truck240394,729.0
Truck240391,740.0
Truck240490,491.0
Truck240414,686.0
Truck240457,583.0
Truck240463,571.0
Truck240496,488.0
Truck240404,719.0
Truck240480,535.0
Truck240400,737.0
Truck240426,672.0
Truck240486,528.0
Truck240528,427.0
Truck240476,560.0
Truck240469,581.0
Truck240382,797.0
Truck240451,630.0
Truck240538,412.0
Truck240454,624.0
Truck240470,585.0
Truck240365,851.0
Truck240378,817.0
Truck240460,612.0
Truck240522,460.0
Truck240468,599.0
Truck240508,499.0
Truck240436,681.0
Truck240437,685.0
Truck240456,641.0
Truck240441,683.0
Truck240494,549.0
Truck240524,475.0
Truck240475,601.0
Truck240401,788.0
Truck240418,743.0
Truck240500,539.0
Truck240534,455.0
Truck240491,567.0
Truck240503,543.0
Truck240548,428.0
Truck240442,700.0
Truck240562,400.0
Truck240499,564.0
Truck240512,534.0
Truck240495,582.0
Truck240509,548.0
Truck240519,523.0
Truck240510,547.0
Truck240511,553.0
Truck240533,498.0
Truck240535,493.0
Truck240539,487.0
Truck240497,595.0
Truck240580,395.0
Truck240473,671.0
Truck240536,514.0
Truck240584,394.0
Truck240553,480.0
Truck240504,601.0
Truck240515,577.0
Truck240464,703.0
Truck240502,608.0
Truck240588,398.0
Truck240478,678.0
Truck240525,563.0
Truck240547,514.0
Truck240595,397.0
Truck240529,569.0
Truck240498,646.0
Truck240501,646.0
Truck240514,613.0
Truck240488,683.0
Truck240530,581.0
Truck240544,548.0
Truck240582,457.0
Truck240513,634.0
Truck240506,661.0
Truck240517,636.0
Truck240518,631.0
Truck240552,546.0
Truck240569,508.0
Truck240617,388.0
Truck240549,561.0
Truck240551,557.0
Truck240567,519.0
Truck240596,444.0
Truck240603,432.0
Truck240585,486.0
Truck240571,524.0
Truck240526,638.0
Truck240505,694.0
Truck240579,509.0
Truck240531,631.0
Truck240550,585.0
Truck240521,668.0
Truck240483,769.0
Truck240540,629.0
Truck240587,515.0
Truck240600,481.0
Truck240492,756.0
Truck240537,646.0
Truck240618,442.0
Truck240561,588.0
Truck240609,469.0
Truck240558,595.0
Truck240593,517.0
Truck240608,480.0
Truck240576,561.0
Truck240541,652.0
Truck240577,564.0
Truck240619,467.0
Truck240563,610.0
Truck240556,626.0
Truck240624,460.0
Truck240629,453.0
Truck240628,454.0
Truck240507,761.0
Truck240607,514.0
Truck240578,586.0
Truck240597,543.0
Truck240532,705.0
Truck240586,570.0
Truck240542,683.0
Truck240565,628.0
Truck240599,546.0
Truck240610,517.0
Truck240554,662.0
Truck240574,613.0
Truck240479,860.0
Truck240601,559.0
Truck240520,762.0
Truck240461,913.0
Truck240523,760.0
Truck240620,516.0
Truck240623,512.0
Truck240691,346.0
Truck240559,678.0
Truck240583,622.0
Truck240546,716.0
Truck240557,693.0
Truck240487,869.0
Truck240681,385.0
Truck240594,602.0
Truck240613,558.0
Truck240614,553.0
Truck240670,418.0
Truck240564,685.0
Truck240622,543.0
Truck240651,474.0
Truck240566,690.0
Truck240493,876.0
Truck240621,557.0
Truck240590,643.0
Truck240627,555.0
Truck240581,671.0
Truck240570,703.0
Truck240639,536.0
Truck240626,569.0
Truck240634,550.0
Truck240573,706.0
Truck240637,546.0
Truck240649,516.0
Truck240545,780.0
Truck240689,420.0
Truck240612,611.0
Truck240638,546.0
Truck240680,442.0
Truck240657,515.0
Truck240589,689.0
Truck240642,562.0
Truck240683,466.0
Truck240604,662.0
Truck240668,503.0
Truck240606,661.0
Truck240696,438.0
Truck240706,413.0
Truck240655,544.0
Truck240516,890.0
Truck240647,566.0
Truck240611,663.0
Truck240707,423.0
Truck240673,511.0
Truck240730,367.0
Truck240644,583.0
Truck240633,614.0
Truck240688,474.0
Truck240641,595.0
Truck240723,390.0
Truck240685,487.0
Truck240646,584.0
Truck240729,380.0
Truck240560,801.0
Truck240648,582.0
Truck240635,620.0
Truck240605,701.0
Truck240543,857.0
Truck240616,672.0
Truck240671,541.0
Truck240699,472.0
Truck240663,567.0
Truck240660,585.0
Truck240632,657.0
Truck240687,524.0
Truck240692,509.0
Truck240667,578.0
Truck240747,380.0
Truck240630,672.0
Truck240643,642.0
Truck240640,651.0
Truck240654,620.0
Truck240686,541.0
Truck240732,429.0
Truck240695,525.0
Truck240659,618.0
Truck240591,789.0
Truck240701,518.0
Truck240592,790.0
Truck240752,391.0
Truck240710,497.0
Truck240598,779.0
Truck240684,564.0
Truck240615,742.0
Truck240719,483.0
Truck240658,639.0
Truck240664,627.0
Truck240736,453.0
Truck240698,556.0
Truck240790,327.0
Truck240709,536.0
Truck240704,551.0
Truck240645,704.0
Truck240702,563.0
Truck240575,888.0
Truck240705,563.0
Truck240716,537.0
Truck240751,452.0
Truck240679,635.0
Truck240625,771.0
Truck240772,403.0
Truck240675,649.0
Truck240665,677.0
Truck240677,648.0
Truck240728,519.0
Truck240631,766.0
Truck240572,913.0
Truck240666,679.0
Truck240741,496.0
Truck240661,698.0
Truck240737,513.0
Truck240714,575.0
Truck240708,591.0
Truck240758,466.0
Truck240693,632.0
Truck240700,612.0
Truck240761,463.0
Truck240718,570.0
Truck240725,555.0
Truck240745,509.0
Truck240662,716.0
Truck240678,676.0
Truck240733,543.0
Truck240783,419.0
Truck240652,747.0
Truck240769,459.0
Truck240636,790.0
Truck240602,876.0
Truck240690,658.0
Truck240731,559.0
Truck240674,702.0
Truck240726,573.0
Truck240754,504.0
Truck240722,590.0
Truck240760,495.0
Truck240777,464.0
Truck240786,440.0
Truck240740,559.0
Truck240735,578.0
Truck240703,659.0
Truck240805,405.0
Truck240806,403.0
Truck240780,469.0
Truck240768,501.0
Truck240568,1002.0
Truck240672,749.0
Truck240676,741.0
Truck240656,793.0
Truck240767,523.0
Truck240742,584.0
Truck240770,515.0
Truck240743,591.0
Truck240789,477.0
Truck240712,674.0
Truck240669,786.0
Truck240746,593.0
Truck240778,516.0
Truck240796,480.0
Truck240831,395.0
Truck240744,611.0
Truck240711,697.0
Truck240653,843.0
Truck240841,374.0
Truck240720,686.0
Truck240809,466.0
Truck240803,487.0
Truck240715,708.0
Truck240820,450.0
Truck240717,711.0
Truck240815,466.0
Truck240808,483.0
Truck240748,634.0
Truck240801,506.0
Truck240682,804.0
Truck240812,479.0
Truck240816,469.0
Truck240757,622.0
Truck240750,643.0
Truck240829,448.0
Truck240724,710.0
Truck240759,629.0
Truck240799,533.0
Truck240739,684.0
Truck240734,696.0
Truck240850,410.0
Truck240753,659.0
Truck240781,589.0
Truck240773,612.0
Truck240755,659.0
Truck240800,546.0
Truck240697,807.0
Truck240650,926.0
Truck240764,643.0
Truck240771,630.0
Truck240766,644.0
Truck240842,456.0
Truck240791,591.0
Truck240810,543.0
Truck240825,511.0
Truck240694,839.0
Truck240869,405.0
Truck240713,810.0
Truck240721,790.0
Truck240837,500.0
Truck240894,355.0
Truck240779,646.0
Truck240828,522.0
Truck240855,467.0
Truck240738,763.0
Truck240824,550.0
Truck240818,568.0
Truck240858,468.0
Truck240811,589.0
Truck240845,508.0
Truck240762,714.0
Truck240821,570.0
Truck240765,716.0
Truck240792,647.0
Truck240797,637.0
Truck240832,549.0
Truck240822,578.0
Truck240871,459.0
Truck240851,510.0
Truck240788,682.0
Truck240814,618.0
Truck240774,724.0
Truck240844,550.0
Truck240874,476.0
Truck240861,512.0
Truck240798,668.0
Truck240866,498.0
Truck240784,706.0
Truck240878,471.0
Truck240749,799.0
Truck240849,549.0
Truck240813,643.0
Truck240727,859.0
Truck240819,632.0
Truck240939,335.0
Truck240833,605.0
Truck240838,596.0
Truck240872,511.0
Truck240756,805.0
Truck240782,743.0
Truck240889,478.0
Truck240862,545.0
Truck240883,495.0
Truck240834,624.0
Truck240839,616.0
Truck240868,541.0
Truck240794,729.0
Truck240807,700.0
Truck240863,564.0
Truck240827,655.0
Truck240860,575.0
Truck240804,716.0
Truck240763,822.0
Truck240854,602.0
Truck240857,600.0
Truck240867,578.0
Truck240830,673.0
Truck240881,552.0
Truck240909,482.0
Truck240910,477.0
Truck240864,593.0
Truck240776,815.0
Truck240879,561.0
Truck240922,453.0
Truck240847,647.0
Truck240785,806.0
Truck240941,419.0
Truck240853,641.0
Truck240836,682.0
Truck240846,663.0
Truck240915,493.0
Truck240823,726.0
Truck240918,487.0
Truck240962,383.0
Truck240775,856.0
Truck240865,643.0
Truck240932,473.0
Truck240817,764.0
Truck240859,659.0
Truck240899,559.0
Truck240787,840.0
Truck240802,802.0
Truck240902,552.0
Truck240795,824.0
Truck240875,625.0
Truck240901,560.0
Truck240886,602.0
Truck240887,603.0
Truck240927,503.0
Truck240826,754.0
Truck240943,466.0
Truck240949,453.0
Truck240906,559.0
Truck240852,695.0
Truck240840,726.0
Truck240856,688.0
Truck240870,665.0
Truck240986,375.0
Truck240843,739.0
Truck240977,404.0
Truck240793,866.0
Truck240952,469.0
Truck240958,457.0
Truck240998,360.0
Truck240944,500.0
Truck240916,572.0
Truck240888,643.0
Truck240873,685.0
Truck240980,415.0
Truck240933,536.0
Truck240882,662.0
Truck240885,667.0
Truck240921,581.0
Truck240926,567.0
Truck240914,598.0
Truck240924,574.0
Truck240923,580.0
Truck240903,632.0
Truck240929,567.0
Truck240974,454.0
Truck240876,700.0
Truck240891,666.0
Truck240928,571.0
Truck240884,683.0
Truck240893,664.0
Truck240951,528.0
Truck240963,498.0
Truck240940,555.0
Truck240919,614.0
Truck240930,584.0
Truck240955,525.0
Truck240917,621.0
Truck240920,614.0
Truck240947,549.0
Truck240964,505.0
Truck241014,382.0
Truck240948,548.0
Truck240911,648.0
Truck240992,444.0
Truck240892,698.0
Truck240935,597.0
Truck240835,851.0
Truck240957,552.0
Truck240898,699.0
Truck240938,599.0
Truck240945,584.0
Truck240988,478.0
Truck241000,448.0
Truck240877,763.0
Truck240966,538.0
Truck240880,757.0
Truck240908,689.0
Truck241006,445.0
Truck240904,709.0
Truck240961,571.0
Truck240905,719.0
Truck240897,740.0
Truck240956,592.0
Truck240913,703.0
Truck240985,525.0
Truck240895,754.0
Truck240848,870.0
Truck240976,551.0
Truck240969,574.0
Truck240965,585.0
Truck240999,501.0
Truck240968,577.0
Truck241019,452.0
Truck240967,587.0
Truck241030,434.0
Truck240959,615.0
Truck240937,671.0
Truck240942,659.0
Truck240946,659.0
Truck241027,459.0
Truck240934,695.0
Truck241008,516.0
Truck240971,612.0
Truck241032,460.0
Truck241039,451.0
Truck241057,407.0
Truck240989,578.0
Truck240931,724.0
Truck240907,785.0
Truck240890,826.0
Truck241013,521.0
Truck240995,570.0
Truck241002,555.0
Truck240972,631.0
Truck241012,531.0
Truck241021,514.0
Truck240981,617.0
Truck241090,343.0
Truck240912,791.0
Truck240960,673.0
Truck241031,501.0
Truck241042,471.0
Truck240900,833.0
Truck240896,847.0
Truck240950,713.0
Truck241034,503.0
Truck241004,579.0
Truck240925,780.0
Truck241052,462.0
Truck240979,650.0
Truck240984,642.0
Truck240987,639.0
Truck241024,549.0
Truck241041,511.0
Truck241010,588.0
Truck241038,519.0
Truck241082,429.0
Truck240982,680.0
Truck241015,600.0
Truck241059,490.0
Truck241061,485.0
Truck241047,524.0
Truck240983,685.0
Truck240994,657.0
Truck241023,591.0
Truck241007,634.0
Truck241022,594.0
Truck240973,720.0
Truck241009,633.0
Truck241048,533.0
Truck241108,383.0
Truck241049,534.0
Truck240996,666.0
Truck241111,381.0
Truck241070,484.0
Truck241060,516.0
Truck241036,577.0
Truck241076,478.0
Truck240953,790.0
Truck240936,833.0
Truck241071,502.0
Truck241035,595.0
Truck241095,448.0
Truck240997,696.0
Truck241017,647.0
Truck241098,442.0
Truck241083,483.0
Truck241026,627.0
Truck241016,654.0
Truck240978,750.0
Truck241037,611.0
Truck241102,452.0
Truck241112,427.0
Truck241064,551.0
Truck241080,513.0
Truck241001,714.0
Truck241029,644.0
Truck241086,499.0
Truck241054,581.0
Truck241135,384.0
Truck241045,610.0
Truck241066,555.0
Truck241096,482.0
Truck241161,324.0
Truck241163,319.0
Truck241043,620.0
Truck241065,566.0
Truck241033,649.0
Truck241055,601.0
Truck241053,608.0
Truck241113,460.0
Truck241067,576.0
Truck240990,769.0
Truck241040,651.0
Truck241072,572.0
Truck241058,614.0
Truck240975,827.0
Truck241128,443.0
Truck241097,525.0
Truck241075,587.0
Truck240991,799.0
Truck241069,606.0
Truck241081,577.0
Truck241122,472.0
Truck241126,466.0
Truck241101,532.0
Truck241046,670.0
Truck241011,761.0
Truck241085,582.0
Truck240970,869.0
Truck241107,534.0
Truck241121,499.0
Truck241153,425.0
Truck241140,460.0
Truck241028,741.0
Truck241078,617.0
Truck241005,804.0
Truck241119,521.0
Truck241020,768.0
Truck241134,489.0
Truck241120,526.0
Truck241068,658.0
Truck241025,770.0
Truck240954,947.0
Truck241156,447.0
Truck241106,573.0
Truck241155,454.0
Truck241129,522.0
Truck241172,412.0
Truck241094,612.0
Truck241168,427.0
Truck241093,619.0
Truck241136,510.0
Truck241079,656.0
Truck241139,515.0
Truck240993,883.0
Truck241077,675.0
Truck241062,711.0
Truck241051,743.0
Truck241154,486.0
Truck241131,547.0
Truck241091,648.0
Truck241125,565.0
Truck241127,563.0
Truck241063,724.0
Truck241084,674.0
Truck241089,668.0
Truck241073,709.0
Truck241124,580.0
Truck241143,535.0
Truck241114,616.0
Truck241123,603.0
Truck241050,789.0
Truck241148,544.0
Truck241146,551.0
Truck241110,642.0
Truck241147,553.0
Truck241177,481.0
Truck241164,512.0
Truck241003,918.0
Truck241018,879.0
Truck241149,558.0
Truck241144,569.0
Truck241158,535.0
Truck241187,468.0
Truck241088,714.0
Truck241137,594.0
Truck241173,504.0
Truck241132,606.0
Truck241180,490.0
Truck241074,758.0
Truck241194,459.0
Truck241205,436.0
Truck241169,527.0
Truck241212,418.0
Truck241165,539.0
Truck241178,504.0
Truck241117,666.0
Truck241152,576.0
Truck241166,547.0
Truck241181,512.0
Truck241109,694.0
Truck241213,435.0
Truck241151,591.0
Truck241103,719.0
Truck241118,679.0
Truck241092,746.0
Truck241116,688.0
Truck241105,722.0
Truck241193,502.0
Truck241211,461.0
Truck241195,502.0
Truck241215,460.0
Truck241138,653.0
Truck241207,486.0
Truck241190,527.0
Truck241171,579.0
Truck241218,461.0
Truck241231,433.0
Truck241159,614.0
Truck241209,489.0
Truck241104,755.0
Truck241229,452.0
Truck241210,501.0
Truck241239,431.0
Truck241197,537.0
Truck241044,919.0
Truck241228,459.0
Truck241198,541.0
Truck241254,409.0
Truck241227,482.0
Truck241142,693.0
Truck241175,613.0
Truck241099,805.0
Truck241115,770.0
Truck241176,615.0
Truck241203,553.0
Truck241133,730.0
Truck241222,507.0
Truck241185,604.0
Truck241145,706.0
Truck241196,577.0
Truck241056,934.0
Truck241216,534.0
Truck241253,444.0
Truck241100,825.0
Truck241206,561.0
Truck241225,528.0
Truck241214,557.0
Truck241234,508.0
Truck241238,511.0
Truck241246,492.0
Truck241262,454.0
Truck241224,551.0
Truck241257,471.0
Truck241219,572.0
Truck241087,908.0
Truck241130,798.0
Truck241291,398.0
Truck241150,750.0
Truck241184,672.0
Truck241201,632.0
Truck241241,532.0
Truck241242,532.0
Truck241191,664.0
Truck241252,511.0
Truck241280,445.0
Truck241236,563.0
Truck241240,553.0
Truck241167,749.0
Truck241170,740.0
Truck241199,677.0
Truck241174,745.0
Truck241189,710.0
Truck241272,504.0
Truck241183,733.0
Truck241275,505.0
Truck241270,517.0
Truck241256,553.0
Truck241260,545.0
Truck241179,752.0
Truck241286,482.0
Truck241307,433.0
Truck241237,609.0
Truck241317,413.0
Truck241202,700.0
Truck241243,606.0
Truck241292,481.0
Truck241162,811.0
Truck241281,519.0
Truck241300,471.0
Truck241188,752.0
Truck241208,702.0
Truck241278,535.0
Truck241288,511.0
Truck241271,557.0
Truck241290,507.0
Truck241221,683.0
Truck241217,694.0
Truck241274,551.0
Truck241182,788.0
Truck241309,475.0
Truck241220,696.0
Truck241233,669.0
Truck241157,860.0
Truck241263,597.0
Truck241354,367.0
Truck241249,633.0
Truck241308,483.0
Truck241344,394.0
Truck241235,672.0
Truck241255,624.0
Truck241226,696.0
Truck241269,592.0
Truck241204,753.0
Truck241284,555.0
Truck241258,621.0
Truck241293,536.0
Truck241334,432.0
Truck241295,534.0
Truck241259,628.0
Truck241223,722.0
Truck241283,572.0
Truck241319,484.0
Truck241310,508.0
Truck241289,567.0
Truck241250,663.0
Truck241285,578.0
Truck241359,395.0
Truck241265,633.0
Truck241230,723.0
Truck241318,503.0
Truck241315,519.0
Truck241287,590.0
Truck241251,681.0
Truck241266,644.0
Truck241294,577.0
Truck241248,693.0
Truck241141,964.0
Truck241296,579.0
Truck241335,488.0
Truck241160,926.0
Truck241312,546.0
Truck241368,406.0
Truck241323,524.0
Truck241301,581.0
Truck241276,642.0
Truck241247,718.0
Truck241360,436.0
Truck241353,458.0
Truck241316,551.0
Truck241345,485.0
Truck241261,698.0
Truck241357,459.0
Truck241322,546.0
Truck241371,427.0
Truck241337,514.0
Truck241277,667.0
Truck241330,532.0
Truck241200,862.0
Truck241366,453.0
Truck241282,666.0
Truck241305,613.0
Truck241331,550.0
Truck241394,390.0
Truck241192,898.0
Truck241299,634.0
Truck241303,627.0
Truck241268,714.0
Truck241343,531.0
Truck241339,544.0
Truck241393,409.0
Truck241273,710.0
Truck241342,539.0
Truck241390,419.0
Truck241332,569.0
Truck241338,557.0
Truck241380,455.0
Truck241314,621.0
Truck241311,632.0
Truck241374,474.0
Truck241313,630.0
Truck241264,756.0
Truck241349,548.0
Truck241347,559.0
Truck241341,575.0
Truck241348,557.0
Truck241320,628.0
Truck241352,555.0
Truck241186,976.0
Truck241302,689.0
Truck241244,836.0
Truck241306,681.0
Truck241304,689.0
Truck241329,630.0
Truck241327,640.0
Truck241336,615.0
Truck241351,580.0
Truck241232,878.0
Truck241389,491.0
Truck241325,658.0
Truck241361,571.0
Truck241460,321.0
Truck241245,864.0
Truck241279,780.0
Truck241326,662.0
Truck241396,489.0
Truck241445,373.0
Truck241438,390.0
Truck241398,491.0
Truck241409,466.0
Truck241449,366.0
Truck241355,603.0
Truck241356,602.0
Truck241399,499.0
Truck241297,757.0
Truck241328,677.0
Truck241362,594.0
Truck241420,451.0
Truck241367,588.0
Truck241340,655.0
Truck241400,518.0
Truck241413,494.0
Truck241401,527.0
Truck241381,579.0
Truck241402,529.0
Truck241373,608.0
Truck241457,400.0
Truck241424,481.0
Truck241412,514.0
Truck241406,530.0
Truck241408,526.0
Truck241414,511.0
Truck241370,626.0
Truck241324,742.0
Truck241363,649.0
Truck241346,690.0
Truck241436,465.0
Truck241298,820.0
Truck241364,659.0
Truck241432,489.0
Truck241442,464.0
Truck241466,409.0
Truck241385,616.0
Truck241387,617.0
Truck241267,918.0
Truck241321,785.0
Truck241350,710.0
Truck241376,645.0
Truck241379,644.0
Truck241410,564.0
Truck241416,549.0
Truck241422,537.0
Truck241439,497.0
Truck241372,668.0
Truck241383,651.0
Truck241452,476.0
Truck241446,492.0
Truck241377,671.0
Truck241454,476.0
Truck241441,516.0
Truck241427,555.0
Truck241365,712.0
Truck241392,645.0
Truck241397,635.0
Truck241404,615.0
Truck241418,580.0
Truck241480,425.0
Truck241411,601.0
Truck241386,662.0
Truck241417,587.0
Truck241447,514.0
Truck241482,426.0
Truck241443,527.0
Truck241456,493.0
Truck241481,444.0
Truck241437,555.0
Truck241395,662.0
Truck241425,590.0
Truck241431,576.0
Truck241451,526.0
Truck241388,686.0
Truck241378,712.0
Truck241458,513.0
Truck241426,594.0
Truck241405,658.0
Truck241472,491.0
Truck241448,553.0
Truck241391,700.0
Truck241428,606.0
Truck241421,634.0
Truck241484,475.0
Truck241511,411.0
Truck241485,478.0
Truck241474,506.0
Truck241504,433.0
Truck241384,736.0
Truck241419,654.0
Truck241333,870.0
Truck241524,390.0
Truck241487,491.0
Truck241415,672.0
Truck241450,583.0
Truck241407,703.0
Truck241433,638.0
Truck241435,635.0
Truck241478,525.0
Truck241461,576.0
Truck241530,402.0
Truck241486,513.0
Truck241497,488.0
Truck241440,632.0
Truck241358,838.0
Truck241453,605.0
Truck241423,681.0
Truck241462,583.0
Truck241444,641.0
Truck241434,669.0
Truck241495,519.0
Truck241532,424.0
Truck241471,586.0
Truck241488,542.0
Truck241429,695.0
Truck241459,620.0
Truck241475,580.0
Truck241468,601.0
Truck241527,461.0
Truck241403,775.0
Truck241517,496.0
Truck241467,622.0
Truck241508,520.0
Truck241382,837.0
Truck241491,567.0
Truck241476,612.0
Truck241509,533.0
Truck241536,465.0
Truck241499,565.0
Truck241533,486.0
Truck241489,598.0
Truck241525,512.0
Truck241569,404.0
Truck241369,909.0
Truck241494,595.0
Truck241514,551.0
Truck241477,650.0
Truck241553,463.0
Truck241534,509.0
Truck241540,505.0
Truck241498,623.0
Truck241469,701.0
Truck241558,477.0
Truck241577,434.0
Truck241519,583.0
Truck241563,476.0
Truck241570,457.0
Truck241493,655.0
Truck241375,954.0
Truck241531,567.0
Truck241561,497.0
Truck241430,825.0
Truck241583,451.0
Truck241455,774.0
Truck241529,589.0
Truck241590,435.0
Truck241560,515.0
Truck241528,597.0
Truck241464,764.0
Truck241479,729.0
Truck241543,569.0
Truck241518,637.0
Truck241572,505.0
Truck241526,621.0
Truck241557,546.0
Truck241605,428.0
Truck241523,634.0
Truck241510,665.0
Truck241505,682.0
Truck241581,493.0
Truck241522,642.0
Truck241500,699.0
Truck241548,582.0
Truck241574,517.0
Truck241492,723.0
Truck241537,615.0
Truck241592,479.0
Truck241586,495.0
Truck241564,553.0
Truck241542,609.0
Truck241521,668.0
Truck241502,716.0
Truck241463,817.0
Truck241613,442.0
Truck241567,558.0
Truck241585,514.0
Truck241545,618.0
Truck241473,799.0
Truck241591,509.0
Truck241547,623.0
Truck241550,613.0
Truck241652,361.0
Truck241503,737.0
Truck241603,495.0
Truck241507,740.0
Truck241520,705.0
Truck241501,759.0
Truck241490,785.0
Truck241565,600.0
Truck241512,731.0
Truck241659,371.0
Truck241571,593.0
Truck241622,469.0
Truck241593,550.0
Truck241625,470.0
Truck241544,676.0
Truck241549,667.0
Truck241611,514.0
Truck241598,547.0
Truck241470,870.0
Truck241667,382.0
Truck241606,533.0
Truck241551,674.0
Truck241607,535.0
Truck241556,662.0
Truck241496,813.0
Truck241647,441.0
Truck241506,792.0
Truck241615,522.0
Truck241609,539.0
Truck241516,770.0
Truck241538,715.0
Truck241541,719.0
Truck241588,600.0
Truck241535,737.0
Truck241515,790.0
Truck241465,916.0
Truck241671,402.0
Truck241483,874.0
Truck241576,641.0
Truck241600,582.0
Truck241539,738.0
Truck241602,582.0
Truck241699,342.0
Truck241624,528.0
Truck241568,672.0
Truck241608,574.0
Truck241651,471.0
Truck241578,652.0
Truck241621,556.0
Truck241620,560.0
Truck241562,708.0
Truck241632,533.0
Truck241630,543.0
Truck241638,524.0
Truck241616,581.0
Truck241656,481.0
Truck241554,737.0
Truck241644,512.0
Truck241552,743.0
Truck241686,409.0
Truck241687,409.0
Truck241612,595.0
Truck241661,481.0
Truck241594,647.0
Truck241587,670.0
Truck241595,650.0
Truck241640,535.0
Truck241642,531.0
Truck241654,503.0
Truck241717,348.0
Truck241610,617.0
Truck241513,863.0
Truck241653,513.0
Truck241604,642.0
Truck241660,504.0
Truck241720,356.0
Truck241601,657.0
Truck241635,575.0
Truck241680,461.0
Truck241674,477.0
Truck241575,730.0
Truck241645,558.0
Truck241546,806.0
Truck241618,626.0
Truck241579,731.0
Truck241631,603.0
Truck241623,624.0
Truck241669,513.0
Truck241662,542.0
Truck241684,488.0
Truck241664,543.0
Truck241679,513.0
Truck241573,779.0
Truck241737,369.0
Truck241689,492.0
Truck241637,623.0
Truck241677,525.0
Truck241685,507.0
Truck241589,751.0
Truck241710,446.0
Truck241655,588.0
Truck241614,692.0
Truck241566,815.0
Truck241629,661.0
Truck241718,438.0
Truck241633,654.0
Truck241657,594.0
Truck241695,504.0
Truck241696,500.0
Truck241670,566.0
Truck241619,697.0
Truck241682,537.0
Truck241643,641.0
Truck241627,684.0
Truck241690,525.0
Truck241559,859.0
Truck241683,552.0
Truck241743,409.0
Truck241626,702.0
Truck241597,781.0
Truck241649,651.0
Truck241693,545.0
Truck241666,613.0
Truck241675,597.0
Truck241555,900.0
Truck241781,338.0
Truck241636,699.0
Truck241735,455.0
Truck241663,636.0
Truck241749,421.0
Truck241672,615.0
Truck241756,405.0
Truck241948,345.0
Truck241937,401.0
Truck241921,446.0
Truck241974,339.0
Truck241929,494.0
Truck241970,397.0
Truck241969,404.0
Truck241940,478.0
Truck241920,529.0
Truck241964,422.0
Truck241923,544.0
Truck241983,398.0
Truck241925,544.0
Truck241975,429.0
Truck241935,535.0
Truck241944,512.0
Truck241960,480.0
Truck241933,551.0
Truck241941,534.0
Truck241928,569.0
Truck241934,561.0
Truck241978,456.0
Truck241968,485.0
Truck241951,531.0
Truck242010,387.0
Truck241938,576.0
Truck241979,479.0
Truck241936,586.0
Truck241942,575.0
Truck241952,551.0
Truck241932,602.0
Truck241959,543.0
Truck241982,485.0
Truck241945,586.0
Truck241949,579.0
Truck241943,597.0
Truck241931,628.0
Truck241976,516.0
Truck241971,532.0
Truck242005,451.0
Truck241994,480.0
Truck241973,536.0
Truck242026,403.0
Truck241954,584.0
Truck241980,522.0
Truck242016,439.0
Truck242002,479.0
Truck241962,583.0
Truck241939,647.0
Truck241998,497.0
Truck241995,509.0
Truck242037,406.0
Truck241961,597.0
Truck241972,571.0
Truck241953,624.0
Truck241950,635.0
Truck241988,540.0
Truck241955,629.0
Truck241967,601.0
Truck241947,654.0
Truck242017,480.0
Truck241930,699.0
Truck241997,534.0
Truck242014,491.0
Truck242011,506.0
Truck242048,415.0
Truck241981,589.0
Truck242054,410.0
Truck241956,656.0
Truck241922,744.0
Truck242028,484.0
Truck242018,515.0
Truck242020,512.0
Truck242058,421.0
Truck241924,757.0
Truck241992,588.0
Truck241977,634.0
Truck242092,344.0
Truck242000,580.0
Truck241958,689.0
Truck241984,626.0
Truck242001,590.0
Truck242087,379.0
Truck241987,630.0
Truck242033,518.0
Truck242035,515.0
Truck242052,471.0
Truck242053,473.0
Truck241966,691.0
Truck242064,446.0
Truck241989,638.0
Truck241957,721.0
Truck242046,499.0
Truck241990,640.0
Truck242022,567.0
Truck242050,504.0
Truck242074,450.0
Truck242009,617.0
Truck242038,544.0
Truck242099,397.0
Truck242059,498.0
Truck241996,656.0
Truck242051,524.0
Truck242076,460.0
Truck242012,622.0
Truck242079,469.0
Truck242100,415.0
Truck241993,686.0
Truck242040,566.0
Truck241965,764.0
Truck242025,618.0
Truck242032,607.0
Truck242047,576.0
Truck242042,587.0
Truck242062,538.0
Truck242077,504.0
Truck242007,680.0
Truck242122,391.0
Truck242027,633.0
Truck242044,592.0
Truck241927,890.0
Truck242055,572.0
Truck242004,709.0
Truck242103,465.0
Truck241926,906.0
Truck242063,567.0
Truck242094,487.0
Truck241946,859.0
Truck241985,765.0
Truck242024,666.0
Truck242034,644.0
Truck242073,550.0
Truck242069,567.0
Truck242078,544.0
Truck242003,738.0
Truck242075,564.0
Truck242029,681.0
Truck242041,651.0
Truck242072,571.0
Truck241986,788.0
Truck242104,499.0
Truck242036,670.0
Truck242043,660.0
Truck242131,440.0
Truck242031,695.0
Truck242105,510.0
Truck242039,679.0
Truck242023,720.0
Truck242120,479.0
Truck242138,434.0
Truck242102,527.0
Truck242030,715.0
Truck242111,516.0
Truck242113,512.0
Truck242112,514.0
Truck242071,621.0
Truck241991,828.0
Truck242151,429.0
Truck242080,607.0
Truck242108,539.0
Truck242129,489.0
Truck242019,766.0
Truck242049,692.0
Truck242089,593.0
Truck242144,453.0
Truck242162,408.0
Truck242057,676.0
Truck241999,822.0
Truck241963,921.0
Truck242085,616.0
Truck242095,592.0
Truck242114,543.0
Truck242128,510.0
Truck242134,495.0
Truck242006,817.0
Truck242086,621.0
Truck242066,677.0
Truck242110,568.0
Truck242126,530.0
Truck242070,671.0
Truck242115,561.0
Truck242132,525.0
Truck242091,637.0
Truck242145,502.0
Truck242118,573.0
Truck242098,627.0
Truck242139,528.0
Truck242090,649.0
Truck242164,464.0
Truck242081,680.0
Truck242174,447.0
Truck242154,499.0
Truck242088,667.0
Truck242156,500.0
Truck242158,496.0
Truck242060,743.0
Truck242152,514.0
Truck242082,691.0
Truck242206,384.0
Truck242116,615.0
Truck242121,607.0
Truck242169,487.0
Truck242008,888.0
Truck242133,579.0
Truck242045,802.0
Truck242056,777.0
Truck242192,442.0
Truck242067,760.0
Truck242176,487.0
Truck242065,769.0
Truck242213,405.0
Truck242068,766.0
Truck242181,489.0
Truck242149,570.0
Truck242143,587.0
Truck242093,713.0
Truck242168,526.0
Truck242061,798.0
Truck242179,503.0
Truck242155,566.0
Truck242141,606.0
Truck242201,457.0
Truck242084,751.0
Truck242117,673.0
Truck242157,576.0
Truck242187,502.0
Truck242142,614.0
Truck242172,539.0
Truck242185,510.0
Truck242146,608.0
Truck242123,672.0
Truck242147,614.0
Truck242021,930.0
Truck242137,647.0
Truck242163,582.0
Truck242107,730.0
Truck242140,650.0
Truck242178,558.0
Truck242097,765.0
Truck242182,551.0
Truck242224,446.0
Truck242124,698.0
Truck242190,534.0
Truck242197,521.0
Truck242015,977.0
Truck242166,598.0
Truck242209,496.0
Truck242205,508.0
Truck242180,571.0
Truck242171,597.0
Truck242083,822.0
Truck242167,612.0
Truck242177,600.0
Truck242272,361.0
Truck242013,1017.0
Truck242234,472.0
Truck242173,628.0
Truck242148,692.0
Truck242199,568.0
Truck242106,799.0
Truck242217,525.0
Truck242127,756.0
Truck242101,828.0
Truck242203,574.0
Truck242254,446.0
Truck242255,450.0
Truck242195,603.0
Truck242096,849.0
Truck242109,822.0
Truck242239,497.0
Truck242208,573.0
Truck242183,641.0
Truck242184,638.0
Truck242159,708.0
Truck242135,769.0
Truck242198,613.0
Truck242216,568.0
Truck242161,709.0
Truck242229,539.0
Truck242186,649.0
Truck242215,582.0
Truck242210,594.0
Truck242221,569.0
Truck242235,538.0
Truck242193,648.0
Truck242136,791.0
Truck242194,647.0
Truck242175,700.0
Truck242218,590.0
Truck242233,558.0
Truck242130,819.0
Truck242189,674.0
Truck242231,569.0
Truck242150,776.0
Truck242202,649.0
Truck242247,540.0
Truck242170,731.0
Truck242196,667.0
Truck242296,418.0
Truck242165,750.0
Truck242119,867.0
Truck242275,483.0
Truck242301,418.0
Truck242200,671.0
Truck242188,703.0
Truck242325,363.0
Truck242264,517.0
Truck242227,616.0
Truck242225,624.0
Truck242258,540.0
Truck242125,879.0
Truck242214,656.0
Truck242248,573.0
Truck242212,666.0
Truck242153,818.0
Truck242297,458.0
Truck242252,569.0
Truck242330,375.0
Truck242220,651.0
Truck242222,647.0
Truck242228,639.0
Truck242293,481.0
Truck242242,607.0
Truck242204,704.0
Truck242246,600.0
Truck242241,619.0
Truck242281,519.0
Truck242191,745.0
Truck242207,705.0
Truck242268,551.0
Truck242211,701.0
Truck242309,457.0
Truck242249,611.0
Truck242266,567.0
Truck242257,595.0
Truck242294,501.0
Truck242256,605.0
Truck242230,671.0
Truck242243,642.0
Truck242236,659.0
Truck242244,642.0
Truck242345,396.0
Truck242261,608.0
Truck242238,664.0
Truck242276,576.0
Truck242340,417.0
Truck242298,526.0
Truck242320,471.0
Truck242307,509.0
Truck242287,560.0
Truck242278,581.0
Truck242335,441.0
Truck242274,592.0
Truck242338,432.0
Truck242265,621.0
Truck242316,496.0
Truck242253,657.0
Truck242310,512.0
Truck242160,892.0
Truck242273,615.0
Truck242223,741.0
Truck242283,591.0
Truck242270,629.0
Truck242346,440.0
Truck242360,413.0
Truck242263,662.0
Truck242251,695.0
Truck242328,505.0
Truck242280,627.0
Truck242284,620.0
Truck242324,522.0
Truck242232,753.0
Truck242226,773.0
Truck242271,663.0
Truck242260,693.0
Truck242237,756.0
Truck242317,556.0
Truck242326,533.0
Truck242286,634.0
Truck242314,564.0
Truck242245,742.0
Truck242302,612.0
Truck242361,471.0
Truck242339,527.0
Truck242373,442.0
Truck242323,570.0
Truck242311,602.0
Truck242313,597.0
Truck242327,562.0
Truck242319,585.0
Truck242219,841.0
Truck242304,626.0
Truck242299,642.0
Truck242269,721.0
Truck242341,542.0
Truck242262,738.0
Truck242380,443.0
Truck242282,697.0
Truck242331,577.0
Truck242364,499.0
Truck242305,651.0
Truck242285,703.0
Truck242359,525.0
Truck242292,693.0
Truck242358,532.0
Truck242367,513.0
Truck242390,453.0
Truck242362,528.0
Truck242303,686.0
Truck242353,564.0
Truck242315,661.0
Truck242329,628.0
Truck242415,413.0
Truck242405,442.0
Truck242333,623.0
Truck242368,533.0
Truck242240,854.0
Truck242321,654.0
Truck242383,502.0
Truck242369,538.0
Truck242250,839.0
Truck242312,684.0
Truck242385,504.0
Truck242349,596.0
Truck242386,502.0
Truck242279,773.0
Truck242318,673.0
Truck242277,779.0
Truck242334,638.0
Truck242354,591.0
Truck242306,712.0
Truck242397,488.0
Truck242259,834.0
Truck242387,515.0
Truck242308,715.0
Truck242401,487.0
Truck242355,608.0
Truck242412,464.0
Truck242350,621.0
Truck242393,519.0
Truck242300,753.0
Truck242410,483.0
Truck242382,554.0
Truck242343,657.0
Truck242370,587.0
Truck242337,673.0
Truck242384,555.0
Truck242429,445.0
Truck242291,793.0
Truck242363,613.0
Truck242394,535.0
Truck242290,796.0
Truck242416,482.0
Truck242399,533.0
Truck242344,672.0
Truck242459,387.0
Truck242443,431.0
Truck242322,735.0
Truck242411,517.0
Truck242476,352.0
Truck242374,621.0
Truck242437,469.0
Truck242371,635.0
Truck242403,555.0
Truck242432,480.0
Truck242458,417.0
Truck242336,728.0
Truck242347,707.0
Truck242388,603.0
Truck242455,439.0
Truck242409,555.0
Truck242424,517.0
Truck242352,698.0
Truck242433,498.0
Truck242464,419.0
Truck242289,860.0
Truck242267,925.0
Truck242413,561.0
Truck242418,546.0
Truck242425,532.0
Truck242392,623.0
Truck242465,444.0
Truck242379,661.0
Truck242396,619.0
Truck242366,695.0
Truck242389,640.0
Truck242419,566.0
Truck242377,672.0
Truck242423,559.0
Truck242348,749.0
Truck242365,716.0
Truck242485,417.0
Truck242440,529.0
Truck242463,474.0
Truck242456,492.0
Truck242372,710.0
Truck242474,456.0
Truck242483,437.0
Truck242482,438.0
Truck242444,534.0
Truck242441,552.0
Truck242451,528.0
Truck242435,569.0
Truck242449,536.0
Truck242442,553.0
Truck242475,474.0
Truck242332,833.0
Truck242400,665.0
Truck242421,616.0
Truck242436,576.0
Truck242461,518.0
Truck242490,443.0
Truck242470,495.0
Truck242438,577.0
Truck242454,537.0
Truck242501,436.0
Truck242503,432.0
Truck242417,648.0
Truck242487,473.0
Truck242404,679.0
Truck242406,675.0
Truck242469,524.0
Truck242288,975.0
Truck242295,960.0
Truck242414,664.0
Truck242486,484.0
Truck242376,762.0
Truck242457,566.0
Truck242398,712.0
Truck242407,699.0
Truck242381,765.0
Truck242422,660.0
Truck242402,712.0
Truck242557,336.0
Truck242357,837.0
Truck242375,792.0
Truck242428,658.0
Truck242445,625.0
Truck242467,572.0
Truck242472,557.0
Truck242351,863.0
Truck242526,425.0
Truck242484,532.0
Truck242395,759.0
Truck242489,528.0
Truck242549,382.0
Truck242378,820.0
Truck242499,520.0
Truck242502,510.0
Truck242391,792.0
Truck242505,512.0
Truck242408,754.0
Truck242342,921.0
Truck242468,607.0
Truck242497,539.0
Truck242508,510.0
Truck242513,500.0
Truck242544,420.0
Truck242573,352.0
Truck242480,583.0
Truck242452,654.0
Truck242535,459.0
Truck242420,746.0
Truck242506,531.0
Truck242494,563.0
Truck242512,524.0
Truck242524,495.0
Truck242446,691.0
Truck242509,538.0
Truck242552,428.0
Truck242426,746.0
Truck242553,431.0
Truck242471,638.0
Truck242522,508.0
Truck242546,449.0
Truck242431,744.0
Truck242520,520.0
Truck242491,605.0
Truck242536,490.0
Truck242496,593.0
Truck242581,383.0
Truck242477,644.0
Truck242479,643.0
Truck242514,555.0
Truck242519,550.0
Truck242504,588.0
Truck242545,489.0
Truck242447,735.0
Truck242515,565.0
Truck242427,786.0
Truck242430,778.0
Truck242507,588.0
Truck242510,579.0
Truck242530,533.0
Truck242569,449.0
Truck242500,621.0
Truck242574,437.0
Truck242453,743.0
Truck242531,550.0
Truck242567,460.0
Truck242495,641.0
Truck242466,712.0
Truck242493,648.0
Truck242550,507.0
Truck242481,688.0
Truck242439,801.0
Truck242541,546.0
Truck242448,780.0
Truck242498,660.0
Truck242516,618.0
Truck242356,1019.0
Truck242478,717.0
Truck242473,742.0
Truck242589,457.0
Truck242542,582.0
Truck242450,814.0
Truck242580,489.0
Truck242532,611.0
Truck242539,598.0
Truck242598,452.0
Truck242583,493.0
Truck242548,580.0
Truck242538,608.0
Truck242529,634.0
Truck242537,619.0
Truck242523,658.0
Truck242570,538.0
Truck242492,734.0
Truck242462,811.0
Truck242434,886.0
Truck242521,674.0
Truck242575,540.0
Truck242593,495.0
Truck242533,647.0
Truck242488,759.0
Truck242619,434.0
Truck242518,688.0
Truck242563,581.0
Truck242527,672.0
Truck242511,713.0
Truck242555,603.0
Truck242616,451.0
Truck242540,642.0
Truck242585,532.0
Truck242599,499.0
Truck242460,849.0
Truck242630,446.0
Truck242561,622.0
Truck242562,619.0
Truck242604,522.0
Truck242677,349.0
Truck242608,522.0
Truck242576,608.0
Truck242605,540.0
Truck242594,566.0
Truck242641,452.0
Truck242674,367.0
Truck242590,579.0
Truck242602,549.0
Truck242565,651.0
Truck242628,491.0
Truck242634,477.0
Truck242554,680.0
Truck242670,391.0
Truck242551,696.0
Truck242610,546.0
Truck242597,582.0
Truck242626,507.0
Truck242559,678.0
Truck242584,622.0
Truck242528,763.0
Truck242556,696.0
Truck242564,678.0
Truck242654,454.0
Truck242586,626.0
Truck242615,560.0
Truck242632,519.0
Truck242578,655.0
Truck242612,573.0
Truck242543,750.0
Truck242635,524.0
Truck242547,748.0
Truck242534,779.0
Truck242643,510.0
Truck242572,687.0
Truck242587,657.0
Truck242568,704.0
Truck242591,651.0
Truck242517,838.0
Truck242611,604.0
Truck242609,617.0
Truck242579,695.0
Truck242647,526.0
Truck242592,665.0
Truck242607,630.0
Truck242617,607.0
Truck242600,651.0
Truck242666,489.0
Truck242725,345.0
Truck242577,718.0
Truck242642,556.0
Truck242679,466.0
Truck242603,658.0
Truck242566,749.0
Truck242620,619.0
Truck242686,455.0
Truck242621,622.0
Truck242622,619.0
Truck242713,394.0
Truck242558,780.0
Truck242637,586.0
Truck242631,603.0
Truck242639,583.0
Truck242672,499.0
Truck242659,539.0
Truck242697,444.0
Truck242525,875.0
Truck242655,554.0
Truck242710,414.0
Truck242595,710.0
Truck242657,555.0
Truck242707,430.0
Truck242690,471.0
Truck242633,617.0
Truck242636,608.0
Truck242660,548.0
Truck242588,732.0
Truck242624,643.0
Truck242623,649.0
Truck242560,809.0
Truck242653,585.0
Truck242649,597.0
Truck242691,494.0
Truck242676,533.0
Truck242651,601.0
Truck242571,803.0
Truck242671,555.0
Truck242662,583.0
Truck242685,530.0
Truck242582,786.0
Truck242664,582.0
Truck242663,589.0
Truck242650,622.0
Truck242601,750.0
Truck242698,510.0
Truck242702,502.0
Truck242625,700.0
Truck242701,511.0
Truck242606,747.0
Truck242665,602.0
Truck242681,564.0
Truck242640,666.0
Truck242656,629.0
Truck242658,624.0
Truck242704,515.0
Truck242638,684.0
Truck242668,613.0
Truck242699,538.0
Truck242675,599.0
Truck242667,622.0
Truck242694,553.0
Truck242743,436.0
Truck242719,501.0
Truck242720,496.0
Truck242748,428.0
Truck242613,776.0
Truck242618,763.0
Truck242646,696.0
Truck242644,706.0
Truck242678,624.0
Truck242689,599.0
Truck242727,507.0
Truck242706,559.0
Truck242716,536.0
Truck242695,597.0
Truck242661,690.0
Truck242721,540.0
Truck242746,475.0
Truck242735,508.0
Truck242781,395.0
Truck242645,736.0
Truck242749,479.0
Truck242683,657.0
Truck242724,552.0
Truck242728,548.0
Truck242693,640.0
Truck242596,883.0
Truck242778,429.0
Truck242736,536.0
Truck242627,813.0
Truck242801,381.0
Truck242680,682.0
Truck242760,482.0
Truck242733,556.0
Truck242723,586.0
Truck242790,418.0
Truck242696,657.0
Truck242806,383.0
Truck242708,629.0
Truck242762,494.0
Truck242652,772.0
Truck242751,530.0
Truck242726,591.0
Truck242750,537.0
Truck242771,487.0
Truck242614,878.0
Truck242712,635.0
Truck242673,737.0
Truck242766,510.0
Truck242791,451.0
Truck242775,496.0
Truck242777,491.0
Truck242739,590.0
Truck242692,707.0
Truck242729,618.0
Truck242718,644.0
Truck242797,455.0
Truck242714,664.0
Truck242798,457.0
Truck242773,526.0
Truck242780,506.0
Truck242682,752.0
Truck242803,453.0
Truck242779,516.0
Truck242744,604.0
Truck242847,349.0
Truck242770,540.0
Truck242629,903.0
Truck242711,698.0
Truck242705,717.0
Truck242741,632.0
Truck242804,473.0
Truck242755,599.0
Truck242688,768.0
Truck242717,699.0
Truck242851,364.0
Truck242715,706.0
Truck242738,648.0
Truck242722,690.0
Truck242687,785.0
Truck242753,621.0
Truck242823,447.0
Truck242742,648.0
Truck242819,460.0
Truck242784,548.0
Truck242747,644.0
Truck242684,800.0
Truck242732,680.0
Truck242745,651.0
Truck242734,681.0
Truck242793,537.0
Truck242794,532.0
Truck242827,452.0
Truck242703,763.0
Truck242648,899.0
Truck242669,852.0
Truck242740,672.0
Truck242796,532.0
Truck242756,635.0
Truck242764,616.0
Truck242757,638.0
Truck242813,499.0
Truck242765,622.0
Truck242831,458.0
Truck242737,695.0
Truck242817,496.0
Truck242802,535.0
Truck242752,661.0
Truck242786,587.0
Truck242835,470.0
Truck242828,489.0
Truck242700,812.0
Truck242758,667.0
Truck242731,738.0
Truck242799,571.0
Truck242826,502.0
Truck242763,664.0
Truck242834,484.0
Truck242822,516.0
Truck242845,464.0
Truck242787,612.0
Truck242810,552.0
Truck242849,460.0
Truck242811,558.0
Truck242857,445.0
Truck242792,611.0
Truck242759,709.0
Truck242856,468.0
Truck242809,589.0
Truck242885,406.0
Truck242788,647.0
Truck242836,529.0
Truck242840,521.0
Truck242833,543.0
Truck242818,579.0
Truck242812,595.0
Truck242829,555.0
Truck242754,744.0
Truck242862,475.0
Truck242783,677.0
Truck242859,487.0
Truck242808,613.0
Truck242768,714.0
Truck242709,867.0
Truck242854,502.0
Truck242730,813.0
Truck242814,603.0
Truck242805,629.0
Truck242782,685.0
Truck242832,563.0
Truck242767,734.0
Truck242839,561.0
Truck242875,473.0
Truck242824,599.0
Truck242838,567.0
Truck242842,558.0
Truck242876,477.0
Truck242870,495.0
Truck242761,773.0
Truck242906,408.0
Truck242846,560.0
Truck242816,636.0
Truck242807,666.0
Truck242863,526.0
Truck242774,751.0
Truck242892,459.0
Truck242844,580.0
Truck242776,752.0
Truck242901,442.0
Truck242795,708.0
Truck242841,598.0
Truck242877,510.0
Truck242868,540.0
Truck242820,669.0
Truck242874,535.0
Truck242893,490.0
Truck242912,441.0
Truck242800,722.0
Truck242860,572.0
Truck242861,583.0
Truck242769,817.0
Truck242850,612.0
Truck242789,769.0
Truck242897,501.0
Truck242896,503.0
Truck242918,455.0
Truck242837,663.0
Truck242852,623.0
Truck242923,451.0
Truck242879,563.0
Truck242858,614.0
Truck242848,643.0
Truck242873,583.0
Truck242917,480.0
Truck242880,573.0
Truck242887,561.0
Truck242926,461.0
Truck242924,467.0
Truck242963,375.0
Truck242902,526.0
Truck242772,853.0
Truck242825,728.0
Truck242898,543.0
Truck242867,631.0
Truck242939,469.0
Truck242937,477.0
Truck242905,559.0
Truck242913,540.0
Truck242953,440.0
Truck242853,691.0
Truck242931,496.0
Truck242891,599.0
Truck242947,460.0
Truck242943,471.0
Truck242940,477.0
Truck242878,633.0
Truck242886,614.0
Truck242932,500.0
Truck242914,546.0
Truck242934,496.0
Truck242821,782.0
Truck242930,509.0
Truck242945,480.0
Truck242872,662.0
Truck242894,611.0
Truck242925,537.0
Truck243009,330.0
Truck242944,491.0
Truck242951,478.0
Truck242866,689.0
Truck242869,684.0
Truck242927,539.0
Truck242865,696.0
Truck242909,592.0
Truck242972,435.0
Truck242882,666.0
Truck242933,545.0
Truck242890,651.0
Truck242903,624.0
Truck242985,420.0
Truck242910,610.0
Truck242855,753.0
Truck242955,503.0
Truck242785,931.0
Truck242815,858.0
Truck242871,718.0
Truck242830,820.0
Truck243004,387.0
Truck242889,678.0
Truck242883,704.0
Truck242946,548.0
Truck242899,672.0
Truck242911,644.0
Truck242916,635.0
Truck242980,475.0
Truck242908,656.0
Truck242993,447.0
Truck242965,524.0
Truck242843,831.0
Truck242961,536.0
Truck242929,621.0
Truck242973,511.0
Truck242948,576.0
Truck242919,656.0
Truck242987,486.0
Truck242935,617.0
Truck242968,532.0
Truck242888,735.0
Truck242984,495.0
Truck243029,386.0
Truck243003,452.0
Truck242881,762.0
Truck242941,612.0
Truck242928,643.0
Truck242907,701.0
Truck242999,473.0
Truck242989,499.0
Truck242967,555.0
Truck242956,581.0
Truck242922,667.0
Truck242975,537.0
Truck242864,813.0
Truck242996,483.0
Truck242992,500.0
Truck242988,513.0
Truck242904,724.0
Truck243045,377.0
Truck242921,689.0
Truck242970,564.0
Truck242884,784.0
Truck242936,660.0
Truck242949,631.0
Truck243049,383.0
Truck242942,649.0
Truck242938,661.0
Truck242982,551.0
Truck243013,478.0
Truck243015,479.0
Truck243017,474.0
Truck242990,541.0
Truck242981,570.0
Truck243024,463.0
Truck242979,581.0
Truck243033,447.0
Truck242950,656.0
Truck243038,437.0
Truck242976,607.0
Truck243000,548.0
Truck242959,656.0
Truck242895,818.0
Truck243005,543.0
Truck242920,754.0
Truck243039,459.0
Truck242998,561.0
Truck242983,610.0
Truck242986,601.0
Truck243014,532.0
Truck243027,510.0
Truck242994,594.0
Truck243011,555.0
Truck243002,576.0
Truck242954,698.0
Truck242900,836.0
Truck243046,480.0
Truck243007,585.0
Truck243044,490.0
Truck243051,476.0
Truck243008,585.0
Truck243001,606.0
Truck243075,426.0
Truck242974,677.0
Truck243042,508.0
Truck242957,724.0
Truck243010,592.0
Truck243040,517.0
Truck242966,705.0
Truck243022,567.0
Truck242991,659.0
Truck242960,735.0
Truck243023,582.0
Truck243018,594.0
Truck242964,733.0
Truck243105,391.0
Truck242997,667.0
Truck243058,512.0
Truck243066,494.0
Truck243021,611.0
Truck243089,441.0
Truck243074,480.0
Truck243016,626.0
Truck243050,542.0
Truck242958,777.0
Truck243076,484.0
Truck243060,526.0
Truck242995,692.0
Truck243064,517.0
Truck243091,452.0
Truck243088,458.0
Truck243094,447.0
Truck242962,779.0
Truck243073,506.0
Truck243047,573.0
Truck243128,368.0
Truck243116,402.0
Truck243112,416.0
Truck242969,778.0
Truck243031,627.0
Truck243069,532.0
Truck242978,758.0
Truck242977,768.0
Truck243028,638.0
Truck243053,578.0
Truck243097,469.0
Truck243067,545.0
Truck243095,475.0
Truck243123,407.0
Truck243026,648.0
Truck243072,535.0
Truck243083,520.0
Truck243035,641.0
Truck243036,641.0
Truck243048,611.0
Truck243034,648.0
Truck243109,464.0
Truck243012,709.0
Truck243020,690.0
Truck243055,605.0
Truck243140,393.0
Truck243056,606.0
Truck243118,451.0
Truck243037,658.0
Truck243136,409.0
Truck243061,600.0
Truck243110,477.0
Truck243030,679.0
Truck243079,563.0
Truck242915,974.0
Truck243068,589.0
Truck243057,627.0
Truck243025,708.0
Truck243054,633.0
Truck243093,538.0
Truck243070,596.0
Truck243106,512.0
Truck243135,448.0
Truck243147,420.0
Truck243077,596.0
Truck243142,431.0
Truck243100,542.0
Truck243108,522.0
Truck243107,528.0
Truck243041,703.0
Truck243130,481.0
Truck243071,637.0
Truck243149,443.0
Truck243059,669.0
Truck243132,487.0
Truck243150,444.0
Truck243115,535.0
Truck243062,666.0
Truck243103,567.0
Truck243180,372.0
Truck242971,898.0
Truck243078,630.0
Truck243092,603.0
Truck243081,635.0
Truck243087,620.0
Truck243121,538.0
Truck243200,339.0
Truck243173,412.0
Truck243080,645.0
Truck243111,574.0
Truck243157,460.0
Truck243159,455.0
Truck243006,845.0
Truck243082,655.0
Truck242952,982.0
Truck243052,737.0
Truck243195,382.0
Truck243043,773.0
Truck243032,807.0
Truck243090,663.0
Truck243166,473.0
Truck243098,645.0
Truck243065,731.0
Truck243063,739.0
Truck243144,535.0
Truck243019,857.0
Truck243185,454.0
Truck243099,672.0
Truck243213,387.0
Truck243124,610.0
Truck243160,520.0
Truck243085,713.0
Truck243152,544.0
Truck243084,715.0
Truck243114,641.0
Truck243117,638.0
Truck243162,525.0
Truck243198,438.0
Truck243194,454.0
Truck243102,686.0
Truck243129,624.0
Truck243137,604.0
Truck243161,549.0
Truck243163,545.0
Truck243192,470.0
Truck243217,411.0
Truck243168,533.0
Truck243113,674.0
Truck243104,700.0
Truck243139,615.0
Truck243206,446.0
Truck243154,578.0
Truck243086,755.0
Truck243209,454.0
Truck243143,620.0
Truck243134,642.0
Truck243216,437.0
Truck243164,568.0
Truck243101,735.0
Truck243146,630.0
Truck243172,567.0
Truck243177,561.0
Truck243175,567.0
Truck243182,547.0
Truck243167,589.0
Truck243122,702.0
Truck243176,567.0
Truck243226,447.0
Truck243193,534.0
Truck243148,648.0
Truck243183,565.0
Truck243156,631.0
Truck243239,426.0
Truck243153,643.0
Truck243187,560.0
Truck243222,470.0
Truck243191,551.0
Truck243145,667.0
Truck243119,738.0
Truck243201,540.0
Truck243225,485.0
Truck243229,476.0
Truck243141,698.0
Truck243245,438.0
Truck243204,540.0
Truck243184,595.0
Truck243249,435.0
Truck243133,726.0
Truck243188,593.0
Truck243125,756.0
Truck243169,646.0
Truck243131,743.0
Truck243267,403.0
Truck243190,595.0
Truck243264,412.0
Truck243138,728.0
Truck243199,578.0
Truck243273,395.0
Truck243126,763.0
Truck243268,411.0
Truck243233,502.0
Truck243214,548.0
Truck243254,452.0
Truck243210,563.0
Truck243181,649.0
Truck243189,630.0
Truck243127,791.0
Truck243224,546.0
Truck243221,557.0
Truck243155,733.0
Truck243234,536.0
Truck243260,473.0
Truck243236,535.0
Truck243274,448.0
Truck243120,834.0
Truck243211,609.0
Truck243247,519.0
Truck243212,605.0
Truck243227,572.0
Truck243174,712.0
Truck243220,597.0
Truck243165,739.0
Truck243303,394.0
Truck243250,526.0
Truck243237,562.0
Truck243248,532.0
Truck243208,634.0
Truck243251,535.0
Truck243285,452.0
Truck243255,528.0
Truck243203,664.0
Truck243202,665.0
Truck243218,638.0
Truck243170,763.0
Truck243178,743.0
Truck243243,592.0
Truck243286,482.0
Truck243299,454.0
Truck243296,461.0
Truck243301,451.0
Truck243196,712.0
Truck243186,741.0
Truck243289,486.0
Truck243270,532.0
Truck243253,579.0
Truck243280,516.0
Truck243258,575.0
Truck243158,826.0
Truck243292,491.0
Truck243256,583.0
Truck243309,454.0
Truck243232,650.0
Truck243282,528.0
Truck243240,635.0
Truck243290,510.0
Truck243324,427.0
Truck243276,548.0
Truck243205,729.0
Truck243171,815.0
Truck243333,410.0
Truck243298,499.0
Truck243272,565.0
Truck243277,556.0
Truck243096,1009.0
Truck243313,470.0
Truck243336,410.0
Truck243315,470.0
Truck243278,564.0
Truck243355,374.0
Truck243275,575.0
Truck243287,545.0
Truck243283,558.0
Truck243261,614.0
Truck243295,530.0
Truck243271,595.0
Truck243306,506.0
Truck243151,901.0
Truck243302,525.0
Truck243257,648.0
Truck243300,538.0
Truck243337,455.0
Truck243349,426.0
Truck243332,469.0
Truck243179,855.0
Truck243235,718.0
Truck243262,648.0
Truck243230,731.0
Truck243244,707.0
Truck243318,523.0
Truck243356,428.0
Truck243329,499.0
Truck243215,786.0
Truck243269,652.0
Truck243331,498.0
Truck243310,561.0
Truck243294,602.0
Truck243335,504.0
Truck243339,496.0
Truck243238,748.0
Truck243311,569.0
Truck243316,554.0
Truck243350,471.0
Truck243304,588.0
Truck243305,588.0
Truck243388,378.0
Truck243263,694.0
Truck243312,570.0
Truck243207,836.0
Truck243365,441.0
Truck243325,544.0
Truck243266,690.0
Truck243385,396.0
Truck243342,505.0
Truck243379,415.0
Truck243340,513.0
Truck243345,504.0
Truck243368,447.0
Truck243265,710.0
Truck243314,588.0
Truck243288,661.0
Truck243389,412.0
Truck243328,563.0
Truck243353,511.0
Truck243197,902.0
Truck243307,629.0
Truck243338,549.0
Truck243252,767.0
Truck243293,667.0
Truck243242,798.0
Truck243326,590.0
Truck243398,412.0
Truck243281,708.0
Truck243334,573.0
Truck243374,473.0
Truck243370,485.0
Truck243284,701.0
Truck243323,608.0
Truck243343,561.0
Truck243421,371.0
Truck243297,687.0
Truck243330,604.0
Truck243231,856.0
Truck243403,429.0
Truck243341,587.0
Truck243364,534.0
Truck243319,650.0
Truck243346,588.0
Truck243320,656.0
Truck243223,903.0
Truck243317,669.0
Truck243308,691.0
Truck243405,451.0
Truck243246,847.0
Truck243321,662.0
Truck243327,652.0
Truck243291,743.0
Truck243279,779.0
Truck243322,670.0
Truck243241,876.0
Truck243259,832.0
Truck243351,604.0
Truck243409,478.0
Truck243445,388.0
Truck243373,571.0
Truck243390,527.0
Truck243228,934.0
Truck243443,405.0
Truck243422,456.0
Truck243397,526.0
Truck243375,586.0
Truck243418,476.0
Truck243384,566.0
Truck243444,417.0
Truck243392,548.0
Truck243428,459.0
Truck243358,638.0
Truck243219,989.0
Truck243359,639.0
Truck243479,339.0
Truck243371,611.0
Truck243377,607.0
Truck243348,679.0
Truck243416,509.0
Truck243376,612.0
Truck243446,438.0
Truck243347,691.0
Truck243412,531.0
Truck243441,462.0
Truck243451,437.0
Truck243383,612.0
Truck243394,584.0
Truck243387,605.0
Truck243395,585.0
Truck243361,675.0
Truck243420,526.0
Truck243406,566.0
Truck243381,632.0
Truck243354,699.0
Truck243362,682.0
Truck243382,638.0
Truck243344,734.0
Truck243419,549.0
Truck243429,524.0
Truck243396,605.0
Truck243363,691.0
Truck243426,531.0
Truck243466,435.0
Truck243380,651.0
Truck243411,580.0
Truck243401,610.0
Truck243413,584.0
Truck243408,595.0
Truck243453,488.0
Truck243448,500.0
Truck243497,380.0
Truck243367,711.0
Truck243431,561.0
Truck243452,506.0
Truck243469,466.0
Truck243378,692.0
Truck243465,494.0
Truck243415,621.0
Truck243460,509.0
Truck243492,429.0
Truck243410,636.0
Truck243435,576.0
Truck243455,528.0
Truck243391,692.0
Truck243432,589.0
Truck243461,519.0
Truck243360,774.0
Truck243386,712.0
Truck243437,588.0
Truck243481,478.0
Truck243433,601.0
Truck243399,690.0
Truck243369,767.0
Truck243393,707.0
Truck243423,637.0
Truck243473,515.0
Truck243494,463.0
Truck243488,480.0
Truck243478,507.0
Truck243425,644.0
Truck243439,609.0
Truck243438,612.0
Truck243470,532.0
Truck243513,427.0
Truck243427,645.0
Truck243457,570.0
Truck243442,611.0
Truck243407,703.0
Truck243561,319.0
Truck243499,476.0
Truck243491,497.0
Truck243436,638.0
Truck243430,655.0
Truck243486,515.0
Truck243414,698.0
Truck243404,725.0
Truck243508,467.0
Truck243400,738.0
Truck243510,465.0
Truck243514,459.0
Truck243475,563.0
Truck243459,606.0
Truck243372,822.0
Truck243402,754.0
Truck243504,500.0
Truck243450,641.0
Truck243447,655.0
Truck243468,600.0
Truck243531,448.0
Truck243518,480.0
Truck243434,691.0
Truck243417,737.0
Truck243456,637.0
Truck243480,578.0
Truck243511,510.0
Truck243474,606.0
Truck243366,879.0
Truck243534,462.0
Truck243458,653.0
Truck243483,594.0
Truck243527,485.0
Truck243454,674.0
Truck243352,937.0
Truck243472,637.0
Truck243462,666.0
Truck243507,557.0
Truck243515,539.0
Truck243357,935.0
Truck243490,601.0
Truck243477,637.0
Truck243493,602.0
Truck243487,618.0
Truck243549,465.0
Truck243538,491.0
Truck243495,605.0
Truck243519,546.0
Truck243489,624.0
Truck243543,490.0
Truck243577,416.0
Truck243523,553.0
Truck243606,346.0
Truck243484,652.0
Truck243572,436.0
Truck243449,753.0
Truck243529,553.0
Truck243533,545.0
Truck243541,527.0
Truck243571,452.0
Truck243565,472.0
Truck243528,566.0
Truck243526,579.0
Truck243496,655.0
Truck243505,635.0
Truck243553,516.0
Truck243501,649.0
Truck243537,559.0
Truck243485,693.0
Truck243503,650.0
Truck243424,847.0
Truck243524,598.0
Truck243500,660.0
Truck243548,543.0
Truck243440,814.0
Truck243550,543.0
Truck243463,766.0
Truck243552,545.0
Truck243559,533.0
Truck243542,579.0
Truck243560,534.0
Truck243482,731.0
Truck243467,773.0
Truck243604,428.0
Truck243566,525.0
Truck243583,485.0
Truck243591,473.0
Truck243530,629.0
Truck243563,549.0
Truck243567,541.0
Truck243569,539.0
Truck243545,604.0
Truck243551,591.0
Truck243509,697.0
Truck243476,778.0
Truck243532,639.0
Truck243498,725.0
Truck243555,587.0
Truck243464,816.0
Truck243568,556.0
Truck243615,441.0
Truck243517,687.0
Truck243570,552.0
Truck243593,499.0
Truck243575,549.0
Truck243512,706.0
Truck243618,443.0
Truck243576,551.0
Truck243595,509.0
Truck243629,426.0
Truck243587,534.0
Truck243520,704.0
Truck243590,531.0
Truck243664,347.0
Truck243592,529.0
Truck243516,724.0
Truck243585,554.0
Truck243574,580.0
Truck243578,575.0
Truck243506,756.0
Truck243589,554.0
Truck243546,661.0
Truck243616,488.0
Truck243594,545.0
Truck243599,539.0
Truck243581,586.0
Truck243685,326.0
Truck243603,532.0
Truck243623,484.0
Truck243631,464.0
Truck243584,584.0
Truck243558,651.0
Truck243639,454.0
Truck243582,596.0
Truck243614,516.0
Truck243586,588.0
Truck243580,604.0
Truck243544,698.0
Truck243554,674.0
Truck243471,888.0
Truck243605,554.0
Truck243636,474.0
Truck243610,542.0
Truck243609,548.0
Truck243588,599.0
Truck243535,736.0
Truck243658,429.0
Truck243638,483.0
Truck243557,691.0
Truck243628,516.0
Truck243525,780.0
Truck243536,750.0
Truck243601,593.0
Truck243617,554.0
Truck243573,665.0
Truck243649,475.0
Truck243547,738.0
Truck243556,717.0
Truck243596,618.0
Truck243665,463.0
Truck243597,634.0
Truck243717,336.0
Truck243619,583.0
Truck243621,578.0
Truck243637,540.0
Truck243647,516.0
Truck243600,633.0
Truck243679,439.0
Truck243650,513.0
Truck243612,610.0
Truck243651,523.0
Truck243662,493.0
Truck243660,501.0
Truck243564,743.0
Truck243666,488.0
Truck243699,410.0
Truck243539,812.0
Truck243579,713.0
Truck243655,525.0
Truck243540,811.0
Truck243646,551.0
Truck243625,607.0
Truck243630,592.0
Truck243659,524.0
Truck243562,766.0
Truck243622,616.0
Truck243644,562.0
Truck243661,522.0
Truck243708,403.0
Truck243705,414.0
Truck243726,359.0
Truck243613,646.0
Truck243607,664.0
Truck243635,594.0
Truck243698,438.0
Truck243668,515.0
Truck243598,699.0
Truck243624,648.0
Truck243626,644.0
Truck243667,547.0
Truck243673,533.0
Truck243641,615.0
Truck243689,502.0
Truck243657,583.0
Truck243676,539.0
Truck243521,935.0
Truck243687,521.0
Truck243640,637.0
Truck243695,504.0
Truck243522,942.0
Truck243700,498.0
Truck243732,424.0
Truck243620,705.0
Truck243725,445.0
Truck243671,590.0
Truck243608,747.0
Truck243696,532.0
Truck243753,392.0
Truck243713,495.0
Truck243663,623.0
Truck243645,670.0
Truck243672,601.0
Truck243669,612.0
Truck243670,609.0
Truck243714,506.0
Truck243602,788.0
Truck243681,595.0
Truck243674,615.0
Truck243633,722.0
Truck243675,625.0
Truck243738,465.0
Truck243723,507.0
Truck243707,549.0
Truck243653,687.0
Truck243740,468.0
Truck243627,755.0
Truck243680,624.0
Truck243766,412.0
Truck243718,533.0
Truck243634,745.0
Truck243648,710.0
Truck243724,520.0
Truck243611,811.0
Truck243745,478.0
Truck243691,616.0
Truck243690,618.0
Truck243781,393.0
Truck243642,743.0
Truck243656,710.0
Truck243502,1097.0
Truck243678,658.0
Truck243767,442.0
Truck243744,498.0
Truck243688,639.0
Truck243701,609.0
Truck243716,569.0
Truck243755,474.0
Truck243706,595.0
Truck243654,738.0
Truck243734,538.0
Truck243756,488.0
Truck243719,586.0
Truck243791,406.0
Truck243720,583.0
Truck243743,529.0
Truck243727,570.0
Truck243728,574.0
Truck243682,691.0
Truck243747,531.0
Truck243684,687.0
Truck243762,492.0
Truck243808,377.0
Truck243731,573.0
Truck243697,663.0
Truck243722,600.0
Truck243710,632.0
Truck243770,487.0
Truck243742,558.0
Truck243632,836.0
Truck243741,570.0
Truck243652,791.0
Truck243686,708.0
Truck243739,580.0
Truck243733,596.0
Truck243776,491.0
Truck243761,532.0
Truck243711,660.0
Truck243751,561.0
Truck243795,451.0
Truck243777,498.0
Truck243778,495.0
Truck243839,348.0
Truck243683,739.0
Truck243800,445.0
Truck243787,482.0
Truck243773,519.0
Truck243703,695.0
Truck243768,533.0
Truck243775,518.0
Truck243736,622.0
Truck243709,695.0
Truck243693,748.0
Truck243746,615.0
Truck243712,705.0
Truck243643,883.0
Truck243750,615.0
Truck243833,412.0
Truck243754,616.0
Truck243805,492.0
Truck243774,569.0
Truck243796,514.0
Truck243804,495.0
Truck243694,777.0
Truck243759,621.0
Truck243760,624.0
Truck243758,630.0
Truck243823,473.0
Truck243721,729.0
Truck243798,535.0
Truck243837,441.0
Truck243803,528.0
Truck243780,584.0
Truck243677,847.0
Truck243735,703.0
Truck243752,658.0
Truck243730,715.0
Truck243737,702.0
Truck243782,593.0
Truck243692,819.0
Truck243757,661.0
Truck243822,496.0
Truck243816,512.0
Truck243769,634.0
Truck243765,645.0
Truck243857,421.0
Truck243704,803.0
Truck243763,664.0
Truck243702,817.0
Truck243861,424.0
Truck243764,665.0
Truck243772,648.0
Truck243850,462.0
Truck243851,462.0
Truck243729,769.0
Truck243843,487.0
Truck243784,633.0
Truck243817,555.0
Truck243873,415.0
Truck243789,626.0
Truck243749,733.0
Truck243810,580.0
Truck243828,535.0
Truck243814,575.0
Truck243830,538.0
Truck243779,671.0
Truck243794,635.0
Truck243802,619.0
Truck243807,610.0
Truck243862,477.0
Truck243903,380.0
Truck243844,528.0
Truck243788,676.0
Truck243824,586.0
Truck243905,391.0
Truck243901,406.0
Truck243797,668.0
Truck243845,548.0
Truck243856,519.0
Truck243842,558.0
Truck243875,481.0
Truck243841,567.0
Truck243715,885.0
Truck243917,382.0
Truck243783,718.0
Truck243826,612.0
Truck243821,636.0
Truck243868,520.0
Truck243884,483.0
Truck243799,705.0
Truck243820,650.0
Truck243831,626.0
Truck243846,594.0
Truck243863,555.0
Truck243860,564.0
Truck243886,501.0
Truck243815,684.0
Truck243867,555.0
Truck243876,530.0
Truck243855,591.0
Truck243858,581.0
Truck243793,747.0
Truck243878,534.0
Truck243926,414.0
Truck243813,703.0
Truck243832,656.0
Truck243892,513.0
Truck243900,494.0
Truck243811,721.0
Truck243910,472.0
Truck243806,733.0
Truck243881,548.0
Truck243927,438.0
Truck243920,454.0
Truck243848,635.0
Truck243871,580.0
Truck243902,500.0
Truck243801,757.0
Truck243853,630.0
Truck243785,801.0
Truck243748,892.0
Truck243771,837.0
Truck243834,678.0
Truck243847,650.0
Truck243919,472.0
Truck243885,560.0
Truck243890,546.0
Truck243818,729.0
Truck243790,800.0
Truck243872,598.0
Truck243840,679.0
Truck243895,544.0
Truck243907,520.0
Truck243935,450.0
Truck243859,642.0
Truck243909,517.0
Truck243849,675.0
Truck243923,492.0
Truck243854,663.0
Truck243792,819.0
Truck243959,404.0
Truck243865,640.0
Truck243940,450.0
Truck243879,610.0
Truck243958,411.0
Truck243898,562.0
Truck243984,351.0
Truck243954,429.0
Truck243932,485.0
Truck243835,731.0
Truck243883,619.0
Truck243786,863.0
Truck243825,768.0
Truck243809,816.0
Truck243838,746.0
Truck243827,780.0
Truck243937,505.0
Truck243911,572.0
Truck243950,477.0
Truck243829,785.0
Truck243869,688.0
Truck243904,598.0
Truck243836,770.0
Truck243915,575.0
Truck243819,822.0
Truck243969,447.0
Truck243812,839.0
Truck243957,480.0
Truck243866,706.0
Truck243933,544.0
Truck243896,636.0
Truck243912,598.0
Truck243918,583.0
Truck243946,516.0
Truck243889,665.0
Truck243852,756.0
Truck243928,566.0
Truck243934,552.0
Truck243913,612.0
Truck244033,315.0
Truck243880,697.0
Truck243929,577.0
Truck243887,686.0
Truck243952,525.0
Truck243888,688.0
Truck243877,720.0
Truck243891,685.0
Truck243945,551.0
Truck243899,670.0
Truck243977,475.0
Truck243864,758.0
Truck243956,530.0
Truck243882,716.0
Truck243893,693.0
Truck243964,513.0
Truck243951,554.0
Truck243870,763.0
Truck243962,533.0
Truck243916,650.0
Truck243939,595.0
Truck243991,466.0
Truck243938,603.0
Truck243993,469.0
Truck243975,517.0
Truck243897,713.0
Truck243925,644.0
Truck243955,572.0
Truck244000,459.0
Truck244038,374.0
Truck243874,787.0
Truck243995,487.0
Truck243972,547.0
Truck243936,643.0
Truck244028,413.0
Truck243961,588.0
Truck243988,521.0
Truck244004,481.0
Truck243931,668.0
Truck243943,647.0
Truck243953,625.0
Truck243921,707.0
Truck244008,487.0
Truck243963,606.0
Truck243989,542.0
Truck244052,384.0
Truck243942,662.0
Truck244001,518.0
Truck244039,423.0
Truck243979,574.0
Truck243947,655.0
Truck243998,528.0
Truck244045,413.0
Truck244013,494.0
Truck243922,723.0
Truck243941,683.0
Truck243985,575.0
Truck243908,771.0
Truck243973,613.0
Truck243976,603.0
Truck243996,555.0
Truck244014,511.0
Truck243944,688.0
Truck243970,625.0
Truck244022,496.0
Truck243930,729.0
Truck244042,449.0
Truck243914,772.0
Truck243978,614.0
Truck243906,795.0
Truck243968,641.0
Truck244057,421.0
Truck243967,647.0
Truck243999,568.0
Truck244018,520.0
Truck244061,416.0
Truck243992,587.0
Truck243960,668.0
Truck243966,655.0
Truck243924,762.0
Truck243982,617.0
Truck244007,558.0
Truck243981,624.0
Truck244012,549.0
Truck244021,529.0
Truck243994,596.0
Truck244010,559.0
Truck244031,512.0
Truck243894,854.0
Truck244043,492.0
Truck243983,643.0
Truck244030,525.0
Truck244025,541.0
Truck244068,433.0
Truck243971,680.0
Truck244076,418.0
Truck244054,477.0
Truck244024,560.0
Truck244049,505.0
Truck244055,492.0
Truck244016,589.0
Truck243990,655.0
Truck244020,581.0
Truck244032,562.0
Truck244005,633.0
Truck244072,465.0
Truck243948,778.0
Truck244075,469.0
Truck244078,465.0
Truck244062,510.0
Truck244111,399.0
Truck244011,653.0
Truck244059,533.0
Truck244023,625.0
Truck244099,437.0
Truck243980,733.0
Truck244084,478.0
Truck244083,486.0
Truck243949,824.0
Truck244085,488.0
Truck244048,583.0
Truck244073,523.0
Truck244108,433.0
Truck244034,619.0
Truck244096,466.0
Truck244093,479.0
Truck244095,478.0
Truck244050,590.0
Truck244060,565.0
Truck244044,608.0
Truck244017,683.0
Truck244019,681.0
Truck244104,466.0
Truck244106,461.0
Truck244036,638.0
Truck244063,576.0
Truck244026,667.0
Truck244027,668.0
Truck244103,479.0
Truck244120,435.0
Truck244115,451.0
Truck244058,593.0
Truck244097,503.0
Truck244037,654.0
Truck244046,635.0
Truck244089,532.0
Truck244140,402.0
Truck244149,382.0
Truck244116,463.0
Truck244114,469.0
Truck244079,564.0
Truck244094,526.0
Truck244074,578.0
Truck244080,564.0
Truck244070,591.0
Truck244065,607.0
Truck244125,466.0
Truck244086,562.0
Truck244003,773.0
Truck244087,563.0
Truck244134,443.0
Truck244081,580.0
Truck244088,570.0
Truck244162,390.0
Truck244098,553.0
Truck244102,544.0
Truck244047,685.0
Truck243997,811.0
Truck244159,412.0
Truck244090,585.0
Truck244082,606.0
Truck244009,792.0
Truck244006,799.0
Truck244066,651.0
Truck244092,586.0
Truck244105,557.0
Truck244002,813.0
Truck244035,735.0
Truck244069,650.0
Truck244100,571.0
Truck244130,496.0
Truck244135,486.0
Truck243986,858.0
Truck244144,467.0
Truck244051,703.0
Truck243974,901.0
Truck244040,736.0
Truck244118,551.0
Truck243987,883.0
Truck244053,720.0
Truck244015,817.0
Truck244138,509.0
Truck244176,416.0
Truck244056,719.0
Truck244091,634.0
Truck244077,676.0
Truck244132,536.0
Truck244183,418.0
Truck244202,370.0
Truck244136,539.0
Truck244071,708.0
Truck244156,495.0
Truck244178,442.0
Truck244029,818.0
Truck244122,584.0
Truck244154,508.0
Truck244155,509.0
Truck244113,615.0
Truck244128,575.0
Truck243965,987.0
Truck244127,582.0
Truck244194,423.0
Truck244109,642.0
Truck244152,532.0
Truck244157,523.0
Truck244204,403.0
Truck244137,583.0
Truck244150,551.0
Truck244165,518.0
Truck244131,609.0
Truck244200,439.0
Truck244107,678.0
Truck244224,385.0
Truck244147,581.0
Truck244112,669.0
Truck244110,676.0
Truck244146,591.0
Truck244143,602.0
Truck244180,511.0
Truck244041,866.0
Truck244158,575.0
Truck244170,549.0
Truck244133,645.0
Truck244064,823.0
Truck244236,398.0
Truck244248,374.0
Truck244101,746.0
Truck244141,646.0
Truck244184,537.0
Truck244205,490.0
Truck244247,385.0
Truck244123,701.0
Truck244161,608.0
Truck244172,579.0
Truck244186,544.0
Truck244167,595.0
Truck244121,714.0
Truck244067,852.0
Truck244175,582.0
Truck244206,504.0
Truck244187,557.0
Truck244240,423.0
Truck244139,680.0
Truck244173,598.0
Truck244203,525.0
Truck244126,717.0
Truck244233,452.0
Truck244234,447.0
Truck244119,739.0
Truck244212,507.0
Truck244129,727.0
Truck244177,607.0
Truck244164,638.0
Truck244195,575.0
Truck244160,662.0
Truck244185,602.0
Truck244225,502.0
Truck244207,548.0
Truck244246,449.0
Truck244174,632.0
Truck244265,408.0
Truck244193,589.0
Truck244227,506.0
Truck244124,765.0
Truck244163,670.0
Truck244117,786.0
Truck244216,536.0
Truck244148,707.0
Truck244221,528.0
Truck244168,659.0
Truck244215,545.0
Truck244245,470.0
Truck244219,540.0
Truck244189,622.0
Truck244220,551.0
Truck244231,527.0
Truck244281,402.0
Truck244166,688.0
Truck244223,558.0
Truck244266,449.0
Truck244259,473.0
Truck244188,650.0
Truck244190,648.0
Truck244237,534.0
Truck244145,767.0
Truck244250,507.0
Truck244214,598.0
Truck244169,727.0
Truck244252,518.0
Truck244256,509.0
Truck244253,526.0
Truck244273,479.0
Truck244210,636.0
Truck244271,488.0
Truck244191,694.0
Truck244293,440.0
Truck244199,677.0
Truck244171,748.0
Truck244264,515.0
Truck244197,686.0
Truck244192,705.0
Truck244254,554.0
Truck244277,502.0
Truck244151,820.0
Truck244209,677.0
Truck244321,406.0
Truck244228,640.0
Truck244232,630.0
Truck244179,766.0
Truck244238,617.0
Truck244288,492.0
Truck244243,611.0
Truck244257,577.0
Truck244211,699.0
Truck244230,652.0
Truck244153,848.0
Truck244181,785.0
Truck244263,586.0
Truck244198,748.0
Truck244213,718.0
Truck244270,574.0
Truck244335,418.0
Truck244307,490.0
Truck244142,901.0
Truck244274,573.0
Truck244286,545.0
Truck244226,698.0
Truck244261,614.0
Truck244262,609.0
Truck244249,646.0
Truck244325,456.0
Truck244280,571.0
Truck244276,583.0
Truck244334,441.0
Truck244320,478.0
Truck244239,687.0
Truck244298,538.0
Truck244343,429.0
Truck244268,615.0
Truck244275,600.0
Truck244285,576.0
Truck244242,686.0
Truck244272,615.0
Truck244336,456.0
Truck244229,737.0
Truck244279,613.0
Truck244182,855.0
Truck244303,555.0
Truck244313,531.0
Truck244302,564.0
Truck244319,528.0
Truck244327,510.0
Truck244196,840.0
Truck244201,834.0
Truck244300,586.0
Truck244299,592.0
Truck244318,556.0
Truck244413,325.0
Truck244255,721.0
Truck244235,773.0
Truck244278,666.0
Truck244258,717.0
Truck244260,715.0
Truck244338,520.0
Truck244340,515.0
Truck244359,473.0
Truck244326,555.0
Truck244369,450.0
Truck244305,611.0
Truck244289,653.0
Truck244290,651.0
Truck244368,456.0
Truck244241,779.0
Truck244337,540.0
Truck244381,431.0
Truck244301,635.0
Truck244314,600.0
Truck244316,605.0
Truck244355,510.0
Truck244362,493.0
Truck244222,848.0
Truck244329,586.0
Truck244251,783.0
Truck244323,604.0
Truck244414,375.0
Truck244348,541.0
Truck244365,501.0
Truck244297,672.0
Truck244378,467.0
Truck244304,655.0
Truck244244,806.0
Truck244333,587.0
Truck244282,713.0
Truck244284,709.0
Truck244315,637.0
Truck244291,703.0
Truck244309,662.0
Truck244386,468.0
Truck244324,625.0
Truck244322,633.0
Truck244407,423.0
Truck244296,701.0
Truck244218,903.0
Truck244312,671.0
Truck244405,455.0
Truck244438,370.0
Truck244342,616.0
Truck244283,769.0
Truck244349,605.0
Truck244391,501.0
Truck244311,704.0
Truck244345,619.0
Truck244465,320.0
Truck244442,376.0
Truck244331,658.0
Truck244397,494.0
Truck244415,450.0
Truck244208,967.0
Truck244217,947.0
Truck244294,752.0
Truck244347,622.0
Truck244360,589.0
Truck244402,484.0
Truck244295,756.0
Truck244346,626.0
Truck244422,437.0
Truck244287,783.0
Truck244372,571.0
Truck244428,432.0
Truck244401,504.0
Truck244371,587.0
Truck244332,683.0
Truck244364,603.0
Truck244308,744.0
Truck244400,520.0
Truck244467,359.0
Truck244351,651.0
Truck244403,524.0
Truck244425,477.0
Truck244269,868.0
Truck244384,578.0
Truck244412,510.0
Truck244310,771.0
Truck244452,418.0
Truck244437,460.0
Truck244409,531.0
Truck244456,422.0
Truck244350,692.0
Truck244471,394.0
Truck244450,445.0
Truck244387,606.0
Truck244472,395.0
Truck244399,586.0
Truck244448,461.0
Truck244447,467.0
Truck244339,741.0
Truck244469,419.0
Truck244394,608.0
Truck244427,528.0
Truck244363,694.0
Truck244373,669.0
Truck244354,715.0
Truck244392,620.0
Truck244487,385.0
Truck244464,441.0
Truck244341,753.0
Truck244306,839.0
Truck244417,565.0
Truck244344,746.0
Truck244468,442.0
Truck244382,659.0
Truck244267,951.0
Truck244432,539.0
Truck244418,575.0
Truck244454,488.0
Truck244374,695.0
Truck244356,745.0
Truck244426,570.0
Truck244411,611.0
Truck244433,558.0
Truck244416,603.0
Truck244366,729.0
Truck244458,500.0
Truck244383,691.0
Truck244317,857.0
Truck244419,603.0
Truck244443,544.0
Truck244446,535.0
Truck244358,758.0
Truck244483,448.0
Truck244476,464.0
Truck244449,536.0
Truck244390,683.0
Truck244385,705.0
Truck244424,607.0
Truck244361,768.0
Truck244439,577.0
Truck244423,621.0
Truck244330,852.0
Truck244353,800.0
Truck244357,793.0
Truck244328,867.0
Truck244380,742.0
Truck244435,607.0
Truck244453,562.0
Truck244460,543.0
Truck244352,814.0
Truck244379,750.0
Truck244505,435.0
Truck244395,712.0
Truck244375,763.0
Truck244436,611.0
Truck244482,501.0
Truck244451,585.0
Truck244445,601.0
Truck244441,614.0
Truck244474,532.0
Truck244420,670.0
Truck244515,437.0
Truck244408,705.0
Truck244440,628.0
Truck244462,573.0
Truck244502,476.0
Truck244430,660.0
Truck244292,1009.0
Truck244377,800.0
Truck244434,656.0
Truck244459,599.0
Truck244490,522.0
Truck244444,642.0
Truck244500,503.0
Truck244431,680.0
Truck244393,784.0
Truck244396,776.0
Truck244554,383.0
Truck244410,748.0
Truck244470,598.0
Truck244461,632.0
Truck244494,558.0
Truck244499,553.0
Truck244421,749.0
Truck244540,449.0
Truck244565,390.0
Truck244429,733.0
Truck244389,835.0
Truck244486,591.0
Truck244398,813.0
Truck244518,519.0
Truck244521,514.0
Truck244370,890.0
Truck244529,496.0
Truck244457,677.0
Truck244473,642.0
Truck244516,532.0
Truck244376,883.0
Truck244496,583.0
Truck244549,455.0
Truck244498,585.0
Truck244406,816.0
Truck244556,441.0
Truck244475,648.0
Truck244493,606.0
Truck244541,493.0
Truck244484,634.0
Truck244523,542.0
Truck244512,569.0
Truck244589,381.0
Truck244573,428.0
Truck244488,639.0
Truck244463,707.0
Truck244542,507.0
Truck244532,533.0
Truck244367,950.0
Truck244478,672.0
Truck244489,648.0
Truck244595,385.0
Truck244492,641.0
Truck244503,616.0
Truck244485,664.0
Truck244388,905.0
Truck244585,419.0
Truck244477,690.0
Truck244508,610.0
Truck244479,689.0
Truck244546,520.0
Truck244535,553.0
Truck244491,665.0
Truck244506,633.0
Truck244594,416.0
Truck244613,371.0
Truck244547,539.0
Truck244617,373.0
Truck244466,750.0
Truck244566,502.0
Truck244481,720.0
Truck244545,562.0
Truck244526,608.0
Truck244571,502.0
Truck244635,342.0
Truck244550,555.0
Truck244561,534.0
Truck244520,638.0
Truck244522,635.0
Truck244578,503.0
Truck244606,435.0
Truck244517,662.0
Truck244601,454.0
Truck244531,630.0
Truck244513,676.0
Truck244404,947.0
Truck244614,424.0
Truck244514,676.0
Truck244539,619.0
Truck244507,702.0
Truck244599,473.0
Truck244602,464.0
Truck244528,650.0
Truck244577,530.0
Truck244534,636.0
Truck244569,551.0
Truck244597,482.0
Truck244501,723.0
Truck244510,698.0
Truck244527,658.0
Truck244543,619.0
Truck244572,545.0
Truck244548,611.0
Truck244579,536.0
Truck244626,416.0
Truck244568,566.0
Truck244586,521.0
Truck244642,387.0
Truck244583,543.0
Truck244817,435.0
Truck244816,447.0
Truck244842,383.0
Truck244819,449.0
Truck244813,475.0
Truck244803,518.0
Truck244823,478.0
Truck244821,484.0
Truck244875,353.0
Truck244815,512.0
Truck244800,550.0
Truck244806,537.0
Truck244812,524.0
Truck244818,517.0
Truck244828,492.0
Truck244871,391.0
Truck244810,544.0
Truck244886,363.0
Truck244834,500.0
Truck244865,438.0
Truck244849,480.0
Truck244906,345.0
Truck244838,516.0
Truck244876,430.0
Truck244825,561.0
Truck244845,511.0
Truck244850,502.0
Truck244869,458.0
Truck244866,471.0
Truck244826,572.0
Truck244805,628.0
Truck244811,614.0
Truck244802,644.0
Truck244904,394.0
Truck244808,647.0
Truck244814,632.0
Truck244867,503.0
Truck244824,612.0
Truck244827,611.0
Truck244809,657.0
Truck244860,528.0
Truck244841,580.0
Truck244874,495.0
Truck244891,455.0
Truck244894,446.0
Truck244855,548.0
Truck244877,495.0
Truck244831,612.0
Truck244836,610.0
Truck244822,658.0
Truck244820,664.0
Truck244839,619.0
Truck244835,630.0
Truck244863,565.0
Truck244801,734.0
Truck244856,594.0
Truck244879,542.0
Truck244880,537.0
Truck244913,457.0
Truck244911,465.0
Truck244881,541.0
Truck244883,536.0
Truck244862,591.0
Truck244833,670.0
Truck244872,570.0
Truck244888,530.0
Truck244921,456.0
Truck244843,653.0
Truck244878,563.0
Truck244915,477.0
Truck244861,614.0
Truck244895,532.0
Truck244857,630.0
Truck244868,601.0
Truck244899,526.0
Truck244829,712.0
Truck244852,652.0
Truck244924,472.0
Truck244882,580.0
Truck244887,570.0
Truck244903,532.0
Truck244830,713.0
Truck244952,408.0
Truck244870,615.0
Truck244970,368.0
Truck244844,685.0
Truck244898,553.0
Truck244897,561.0
Truck244851,677.0
Truck244853,678.0
Truck244914,528.0
Truck244932,483.0
Truck244893,584.0
Truck244988,347.0
Truck244967,403.0
Truck244910,546.0
Truck244848,703.0
Truck244918,529.0
Truck244935,492.0
Truck244941,477.0
Truck244920,535.0
Truck244945,482.0
Truck244928,523.0
Truck244901,594.0
Truck244916,556.0
Truck244960,447.0
Truck244940,498.0
Truck244962,452.0
Truck244979,416.0
Truck244807,848.0
Truck244846,754.0
Truck244837,782.0
Truck244933,549.0
Truck244873,700.0
Truck244937,546.0
Truck244854,755.0
Truck244931,566.0
Truck244905,632.0
Truck244965,483.0
Truck244847,783.0
Truck244912,618.0
Truck244939,555.0
Truck244964,495.0
Truck244925,598.0
Truck244957,518.0
Truck244832,829.0
Truck244980,460.0
Truck244884,702.0
Truck244907,647.0
Truck244890,691.0
Truck244840,818.0
Truck244923,621.0
Truck244948,556.0
Truck244974,493.0
Truck244984,468.0
Truck244986,466.0
Truck244989,461.0
Truck244949,563.0
Truck244990,463.0
Truck245004,428.0
Truck244889,719.0
Truck245023,395.0
Truck244892,724.0
Truck244971,530.0
Truck244917,677.0
Truck244976,532.0
Truck244985,518.0
Truck244996,488.0
Truck244858,834.0
Truck244975,548.0
Truck244927,670.0
Truck244930,662.0
Truck244951,612.0
Truck245039,393.0
Truck245006,477.0
Truck244934,659.0
Truck244958,599.0
Truck245033,414.0
Truck244926,680.0
Truck244968,575.0
Truck244956,608.0
Truck244969,578.0
Truck244944,646.0
Truck245007,492.0
Truck244929,689.0
Truck244973,580.0
Truck245034,427.0
Truck244859,869.0
Truck244991,540.0
Truck245009,497.0
Truck244963,616.0
Truck245022,467.0
Truck244900,773.0
Truck244938,678.0
Truck244953,655.0
Truck244987,570.0
Truck244954,651.0
Truck244955,654.0
Truck244943,685.0
Truck244936,702.0
Truck244981,592.0
Truck244902,789.0
Truck244908,776.0
Truck244946,681.0
Truck244961,646.0
Truck244978,601.0
Truck244992,571.0
Truck245063,400.0
Truck244896,816.0
Truck244947,696.0
Truck245005,551.0
Truck244977,624.0
Truck244982,612.0
Truck244885,860.0
Truck245024,510.0
Truck244922,768.0
Truck245084,371.0
Truck245056,447.0
Truck245049,471.0
Truck245087,376.0
Truck244966,677.0
Truck245035,510.0
Truck244950,726.0
Truck245040,506.0
Truck244942,756.0
Truck244864,956.0
Truck245085,408.0
Truck245079,424.0
Truck244993,641.0
Truck245044,512.0
Truck245062,468.0
Truck245025,564.0
Truck245057,487.0
Truck245067,462.0
Truck245019,583.0
Truck244909,861.0
Truck245020,581.0
Truck245016,592.0
Truck245036,544.0
Truck245092,408.0
Truck245073,461.0
Truck244959,749.0
Truck245047,530.0
Truck245082,441.0
Truck244972,718.0
Truck244983,698.0
Truck245038,563.0
Truck244919,869.0
Truck245096,426.0
Truck245050,543.0
Truck245001,669.0
Truck245051,546.0
Truck245130,347.0
Truck245018,631.0
Truck245090,454.0
Truck245055,545.0
Truck244997,693.0
Truck245071,511.0
Truck245100,439.0
Truck245059,545.0
Truck245102,437.0
Truck245013,663.0
Truck244804,1186.0
Truck245074,516.0
Truck245026,638.0
Truck245017,675.0
Truck245003,711.0
Truck245125,406.0
Truck245068,549.0
Truck245093,493.0
Truck245011,699.0
Truck245086,513.0
Truck245014,695.0
Truck245052,600.0
Truck245000,739.0
Truck245065,582.0
Truck245015,712.0
Truck245094,516.0
Truck245105,493.0
Truck245032,674.0
Truck245048,636.0
Truck245124,447.0
Truck245010,735.0
Truck245104,503.0
Truck245107,499.0
Truck245070,592.0
Truck245029,699.0
Truck245098,528.0
Truck245045,666.0
Truck245072,597.0
Truck245021,731.0
Truck245108,518.0
Truck244998,795.0
Truck245174,355.0
Truck245031,716.0
Truck245002,787.0
Truck245149,425.0
Truck245028,726.0
Truck245027,736.0
Truck245037,711.0
Truck245099,556.0
Truck245012,779.0
Truck245008,791.0
Truck245145,451.0
Truck245109,546.0
Truck244995,833.0
Truck245089,598.0
Truck245054,685.0
Truck245117,531.0
Truck245127,506.0
Truck245131,497.0
Truck245088,605.0
Truck245114,541.0
Truck245042,725.0
Truck245078,636.0
Truck245081,631.0
Truck244999,837.0
Truck245140,485.0
Truck245143,480.0
Truck245041,742.0
Truck245069,672.0
Truck244994,858.0
Truck245118,548.0
Truck245147,478.0
Truck245113,572.0
Truck245064,693.0
Truck245177,417.0
Truck245115,573.0
Truck245133,540.0
Truck245043,768.0
Truck245158,478.0
Truck245166,467.0
Truck245122,578.0
Truck245080,684.0
Truck245053,755.0
Truck245076,696.0
Truck245157,504.0
Truck245095,662.0
Truck245060,751.0
Truck245061,751.0
Truck245155,519.0
Truck245200,405.0
Truck245030,831.0
Truck245077,717.0
Truck245201,407.0
Truck245091,684.0
Truck245106,649.0
Truck245137,575.0
Truck245165,511.0
Truck245111,653.0
Truck245185,473.0
Truck245186,477.0
Truck245205,436.0
Truck245144,590.0
Truck245172,520.0
Truck245168,531.0
Truck245139,608.0
Truck245150,578.0
Truck245066,790.0
Truck245153,581.0
Truck245116,673.0
Truck245123,660.0
Truck245189,496.0
Truck245156,579.0
Truck245199,475.0
Truck245163,566.0
Truck245204,466.0
Truck245182,522.0
Truck245171,556.0
Truck245162,581.0
Truck245160,587.0
Truck245058,847.0
Truck245208,477.0
Truck245250,372.0
Truck245244,392.0
Truck245198,508.0
Truck245170,580.0
Truck245136,670.0
Truck245173,583.0
Truck245161,617.0
Truck245214,483.0
Truck245135,686.0
Truck245225,464.0
Truck245277,338.0
Truck245134,697.0
Truck245179,587.0
Truck245264,372.0
Truck245146,671.0
Truck245178,599.0
Truck245101,803.0
Truck245112,775.0
Truck245097,816.0
Truck245152,678.0
Truck245129,739.0
Truck245248,441.0
Truck245164,653.0
Truck245128,744.0
Truck245141,717.0
Truck245236,477.0
Truck245046,953.0
Truck245215,533.0
Truck245120,769.0
Truck245220,519.0
Truck245197,581.0
Truck245219,528.0
Truck245126,759.0
Truck245169,662.0
Truck245222,529.0
Truck245119,790.0
Truck245180,640.0
Truck245075,907.0
Truck245238,501.0
Truck245103,845.0
Truck245295,369.0
Truck245228,535.0
Truck245254,471.0
Truck245194,624.0
Truck245181,661.0
Truck245221,563.0
Truck245176,674.0
Truck245243,509.0
Truck245175,680.0
Truck245249,498.0
Truck245110,849.0
Truck245195,642.0
Truck245190,653.0
Truck245193,649.0
Truck245206,628.0
Truck245148,774.0
Truck245259,499.0
Truck245138,804.0
Truck245188,679.0
Truck245233,572.0
Truck245241,552.0
Truck245196,664.0
Truck245224,595.0
Truck245191,682.0
Truck245255,524.0
Truck245292,439.0
Truck245237,583.0
Truck245207,662.0
Truck245242,579.0
Truck245210,663.0
Truck245229,620.0
Truck245269,520.0
Truck245275,509.0
Truck245285,485.0
Truck245309,425.0
Truck245218,652.0
Truck245268,527.0
Truck245270,525.0
Truck245231,626.0
Truck245223,647.0
Truck245203,699.0
Truck245211,680.0
Truck245251,582.0
Truck245258,565.0
Truck245274,527.0
Truck245227,649.0
Truck245235,630.0
Truck245159,824.0
Truck245308,449.0
Truck245257,581.0
Truck245167,811.0
Truck245297,486.0
Truck245083,1024.0
Truck245230,655.0
Truck245234,645.0
Truck245226,669.0
Truck245283,534.0
Truck245293,510.0
Truck245299,495.0
Truck245278,547.0
Truck245334,412.0
Truck245239,654.0
Truck245305,490.0
Truck245154,867.0
Truck245266,588.0
Truck245121,954.0
Truck245279,559.0
Truck245184,802.0
Truck245314,477.0
Truck245213,733.0
Truck245132,936.0
Truck245183,812.0
Truck245367,352.0
Truck245187,803.0
Truck245240,668.0
Truck245212,739.0
Truck245326,455.0
Truck245209,757.0
Truck245202,774.0
Truck245256,640.0
Truck245291,556.0
Truck245271,609.0
Truck245272,604.0
Truck245276,594.0
Truck245232,706.0
Truck245151,914.0
Truck245320,489.0
Truck245267,627.0
Truck245346,427.0
Truck245298,549.0
Truck245317,504.0
Truck245335,459.0
Truck245289,577.0
Truck245261,649.0
Truck245338,460.0
Truck245245,698.0
Truck245351,433.0
Truck245354,429.0
Truck245363,410.0
Truck245290,592.0
Truck245288,599.0
Truck245263,665.0
Truck245142,972.0
Truck245301,580.0
Truck245325,520.0
Truck245328,510.0
Truck245273,651.0
Truck245333,504.0
Truck245286,626.0
Truck245322,540.0
Truck245329,525.0
Truck245262,691.0
Truck245312,566.0
Truck245349,480.0
Truck245341,505.0
Truck245216,822.0
Truck245192,886.0
Truck245379,426.0
Truck245307,611.0
Truck245247,762.0
Truck245360,481.0
Truck245281,687.0
Truck245347,524.0
Truck245357,499.0
Truck245390,419.0
Truck245313,619.0
Truck245280,702.0
Truck245336,565.0
Truck245332,577.0
Truck245388,438.0
Truck245310,635.0
Truck245385,456.0
Truck245413,387.0
Truck245246,803.0
Truck245371,493.0
Truck245407,405.0
Truck245345,561.0
Truck245344,563.0
Truck245421,375.0
Truck245282,722.0
Truck245396,438.0
Truck245294,694.0
Truck245300,684.0
Truck245374,499.0
Truck245311,665.0
Truck245318,647.0
Truck245321,642.0
Truck245252,816.0
Truck245355,562.0
Truck245340,601.0
Truck245302,697.0
Truck245316,665.0
Truck245358,560.0
Truck245361,555.0
Truck245253,827.0
Truck245342,602.0
Truck245370,539.0
Truck245408,450.0
Truck245217,934.0
Truck245265,820.0
Truck245427,421.0
Truck245364,577.0
Truck245400,487.0
Truck245377,550.0
Truck245337,653.0
Truck245284,786.0
Truck245386,532.0
Truck245389,538.0
Truck245331,689.0
Truck245359,620.0
Truck245393,536.0
Truck245343,662.0
Truck245447,410.0
Truck245304,769.0
Truck245315,744.0
Truck245431,457.0
Truck245381,583.0
Truck245373,604.0
Truck245384,580.0
Truck245356,651.0
Truck245324,732.0
Truck245428,474.0
Truck245458,400.0
Truck245409,526.0
Truck245303,792.0
Truck245260,900.0
Truck245353,675.0
Truck245418,512.0
Truck245327,744.0
Truck245432,483.0
Truck245376,625.0
Truck245387,607.0
Truck245490,349.0
Truck245287,861.0
Truck245306,811.0
Truck245415,541.0
Truck245366,668.0
Truck245369,667.0
Truck245391,613.0
Truck245435,503.0
Truck245411,566.0
Truck245395,608.0
Truck245455,458.0
Truck245372,664.0
Truck245383,640.0
Truck245350,721.0
Truck245420,547.0
Truck245406,585.0
Truck245457,462.0
Truck245397,614.0
Truck245416,564.0
Truck245323,802.0
Truck245394,624.0
Truck245410,591.0
Truck245412,589.0
Truck245452,490.0
Truck245444,512.0
Truck245477,434.0
Truck245402,620.0
Truck245414,591.0
Truck245464,467.0
Truck245456,489.0
Truck245403,625.0
Truck245375,703.0
Truck245453,514.0
Truck245348,775.0
Truck245392,665.0
Truck245429,576.0
Truck245451,522.0
Truck245436,558.0
Truck245398,657.0
Truck245426,592.0
Truck245474,473.0
Truck245481,472.0
Truck245496,433.0
Truck245509,403.0
Truck245471,501.0
Truck245365,768.0
Truck245460,531.0
Truck245417,644.0
Truck245433,604.0
Truck245454,550.0
Truck245405,676.0
Truck245362,784.0
Truck245434,608.0
Truck245440,597.0
Truck245468,536.0
Truck245404,698.0
Truck245352,830.0
Truck245439,618.0
Truck245503,463.0
Truck245424,666.0
Truck245422,673.0
Truck245399,740.0
Truck245499,490.0
Truck245441,636.0
Truck245502,482.0
Truck245500,488.0
Truck245330,914.0
Truck245462,585.0
Truck245534,408.0
Truck245380,794.0
Truck245465,584.0
Truck245522,440.0
Truck245438,651.0
Truck245459,602.0
Truck245368,829.0
Truck245430,675.0
Truck245495,522.0
Truck245443,654.0
Truck245423,705.0
Truck245491,538.0
Truck245382,812.0
Truck245508,499.0
Truck245319,977.0
Truck245512,496.0
Truck245513,504.0
Truck245576,346.0
Truck245515,502.0
Truck245419,743.0
Truck245450,666.0
Truck245506,528.0
Truck245461,646.0
Truck245487,581.0
Truck245488,579.0
Truck245479,606.0
Truck245339,961.0
Truck245469,636.0
Truck245497,566.0
Truck245448,688.0
Truck245485,599.0
Truck245528,494.0
Truck245463,661.0
Truck245535,482.0
Truck245493,588.0
Truck245530,493.0
Truck245472,644.0
Truck245296,1089.0
Truck245484,622.0
Truck245482,628.0
Truck245507,568.0
Truck245425,776.0
Truck245511,566.0
Truck245521,541.0
Truck245551,466.0
Truck245554,458.0
Truck245473,664.0
Truck245476,654.0
Truck245467,682.0
Truck245549,484.0
Truck245480,659.0
Truck245446,746.0
Truck245466,698.0
Truck245568,446.0
Truck245538,523.0
Truck245564,459.0
Truck245483,669.0
Truck245498,629.0
Truck245596,388.0
Truck245524,573.0
Truck245449,764.0
Truck245518,589.0
Truck245527,569.0
Truck245533,555.0
Truck245517,596.0
Truck245401,889.0
Truck245442,788.0
Truck245578,449.0
Truck245594,412.0
Truck245510,624.0
Truck245470,727.0
Truck245489,686.0
Truck245546,543.0
Truck245525,601.0
Truck245634,329.0
Truck245575,482.0
Truck245577,479.0
Truck245585,459.0
Truck245537,581.0
Truck245378,978.0
Truck245540,573.0
Truck245547,559.0
Truck245475,740.0
Truck245514,641.0
Truck245445,817.0
Truck245539,583.0
Truck245437,841.0
Truck245559,537.0
Truck245583,477.0
Truck245574,498.0
Truck245478,739.0
Truck245516,644.0
Truck245526,620.0
Truck245504,679.0
Truck245542,584.0
Truck245627,374.0
Truck245600,441.0
Truck245519,648.0
Truck245523,642.0
Truck245586,482.0
Truck245561,551.0
Truck245486,739.0
Truck245550,580.0
Truck245605,446.0
Truck245501,712.0
Truck245565,560.0
Truck245532,641.0
Truck245558,581.0
Truck245570,551.0
Truck245548,607.0
Truck245505,720.0
Truck245556,592.0
Truck245571,560.0
Truck245621,435.0
Truck245520,689.0
Truck245613,459.0
Truck245618,446.0
Truck245531,673.0
Truck245541,649.0
Truck245567,584.0
Truck245582,544.0
Truck245595,516.0
Truck245553,624.0
Truck245494,773.0
Truck245591,542.0
Truck245563,613.0
Truck245637,430.0
Truck245543,669.0
Truck245536,688.0
Truck245601,528.0
Truck245650,404.0
Truck245492,802.0
Truck245622,479.0
Truck245557,645.0
Truck245653,406.0
Truck245615,502.0
Truck245643,436.0
Truck245616,503.0
Truck245529,732.0
Truck245667,388.0
Truck245651,429.0
Truck245590,583.0
Truck245592,593.0
Truck245641,477.0
Truck245626,515.0
Truck245606,569.0
Truck245648,466.0
Truck245670,411.0
Truck245666,422.0
Truck245566,682.0
Truck245579,655.0
Truck245560,702.0
Truck245620,552.0
Truck245632,524.0
Truck245623,555.0
Truck245681,412.0
Truck245671,438.0
Truck245658,472.0
Truck245544,758.0
Truck245599,624.0
Truck245609,599.0
Truck245611,601.0
Truck245555,742.0
Truck245628,559.0
Truck245581,680.0
Truck245589,671.0
Truck245545,783.0
Truck245573,714.0
Truck245593,667.0
Truck245631,572.0
Truck245660,500.0
Truck245694,417.0
Truck245656,515.0
Truck245657,517.0
Truck245572,728.0
Truck245669,488.0
Truck245630,584.0
Truck245687,445.0
Truck245588,691.0
Truck245633,582.0
Truck245569,746.0
Truck245716,377.0
Truck245617,628.0
Truck245654,533.0
Truck245597,680.0
Truck245603,670.0
Truck245614,652.0
Truck245624,633.0
Truck245612,665.0
Truck245647,580.0
Truck245645,590.0
Truck245664,540.0
Truck245683,495.0
Truck245698,456.0
Truck245635,620.0
Truck245692,479.0
Truck245598,719.0
Truck245587,750.0
Truck245640,616.0
Truck245619,672.0
Truck245625,657.0
Truck245677,528.0
Truck245552,841.0
Truck245701,478.0
Truck245584,771.0
Truck245636,642.0
Truck245705,475.0
Truck245642,632.0
Truck245608,718.0
Truck245562,837.0
Truck245680,545.0
Truck245659,603.0
Truck245690,523.0
Truck245730,432.0
Truck245655,624.0
Truck245610,735.0
Truck245644,655.0
Truck245678,570.0
Truck245679,570.0
Truck245604,756.0
Truck245607,767.0
Truck245684,572.0
Truck245652,655.0
Truck245696,547.0
Truck245580,842.0
Truck245629,723.0
Truck245712,514.0
Truck245732,464.0
Truck245668,627.0
Truck245724,488.0
Truck245752,424.0
Truck245740,456.0
Truck245749,436.0
Truck245796,322.0
Truck245728,493.0
Truck245777,376.0
Truck245686,602.0
Truck245638,727.0
Truck245735,488.0
Truck245676,634.0
Truck245758,430.0
Truck245691,604.0
Truck245741,480.0
Truck245682,628.0
Truck245695,601.0
Truck245738,493.0
Truck245706,574.0
Truck245722,535.0
Truck245720,541.0
Truck245746,479.0
Truck245602,843.0
Truck245709,578.0
Truck245702,595.0
Truck245663,700.0
Truck245755,472.0
Truck245704,598.0
Truck245767,451.0
Truck245757,480.0
Truck245771,447.0
Truck245688,654.0
Truck245661,729.0
Truck245710,608.0
Truck245697,646.0
Truck245733,556.0
Truck245639,792.0
Truck245792,411.0
Truck245674,707.0
Truck245675,708.0
Truck245718,606.0
Truck245731,578.0
Truck245766,493.0
Truck245751,534.0
Truck245806,396.0
Truck245753,537.0
Truck245773,491.0
Truck245776,483.0
Truck245646,810.0
Truck245808,409.0
Truck245689,713.0
Truck245714,648.0
Truck245715,650.0
Truck245700,691.0
Truck245742,586.0
Truck245737,603.0
Truck245717,655.0
Truck245721,645.0
Truck245756,558.0
Truck245772,519.0
Truck245708,684.0
Truck245649,835.0
Truck245799,460.0
Truck245685,752.0
Truck245707,701.0
Truck245791,491.0
Truck245693,742.0
Truck245843,367.0
Truck245725,666.0
Truck245768,557.0
Truck245736,639.0
Truck245711,705.0
Truck245729,662.0
Truck245662,831.0
Truck245814,451.0
Truck245665,828.0
Truck245719,693.0
Truck245781,539.0
Truck245750,617.0
Truck245703,739.0
Truck245739,649.0
Truck245769,574.0
Truck245804,491.0
Truck245762,603.0
Truck245816,468.0
Truck245673,836.0
Truck245727,701.0
Truck245803,512.0
Truck245833,437.0
Truck245713,739.0
Truck245782,566.0
Truck245723,721.0
Truck245790,551.0
Truck245765,617.0
Truck245786,565.0
Truck245754,646.0
Truck245825,471.0
Truck245779,592.0
Truck245787,572.0
Truck245764,631.0
Truck245866,376.0
Truck245821,497.0
Truck245797,565.0
Truck245672,879.0
Truck245747,696.0
Truck245775,629.0
Truck245802,560.0
Truck245744,709.0
Truck245734,739.0
Truck245793,594.0
Truck245820,525.0
Truck245841,479.0
Truck245844,471.0
Truck245699,848.0
Truck245770,670.0
Truck245807,580.0
Truck245853,465.0
Truck245850,473.0
Truck245743,745.0
Truck245815,570.0
Truck245829,537.0
Truck245836,519.0
Truck245798,616.0
Truck245760,713.0
Truck245783,659.0
Truck245849,494.0
Truck245861,469.0
Truck245846,505.0
Truck245824,561.0
Truck245864,465.0
Truck245801,626.0
Truck245845,527.0
Truck245774,707.0
Truck245785,685.0
Truck245812,616.0
Truck245855,511.0
Truck245817,608.0
Truck245839,554.0
Truck245809,630.0
Truck245874,471.0
Truck245868,488.0
Truck245805,650.0
Truck245784,701.0
Truck245838,569.0
Truck245794,680.0
Truck245822,610.0
Truck245919,373.0
Truck245761,771.0
Truck245748,804.0
Truck245858,531.0
Truck245882,472.0
Truck245800,678.0
Truck245842,574.0
Truck245831,606.0
Truck245810,661.0
Truck245873,507.0
Truck245778,743.0
Truck245832,611.0
Truck245862,536.0
Truck245726,877.0
Truck245878,498.0
Truck245759,799.0
Truck245780,744.0
Truck245886,481.0
Truck245828,634.0
Truck245936,365.0
Truck245890,481.0
Truck245847,595.0
Truck245811,686.0
Truck245848,592.0
Truck245835,629.0
Truck245893,485.0
Truck245884,511.0
Truck245896,481.0
Truck245910,455.0
Truck245819,686.0
Truck245763,827.0
Truck245888,514.0
Truck245892,505.0
Truck245877,549.0
Truck245897,503.0
Truck245852,615.0
Truck245964,346.0
Truck245903,502.0
Truck245904,499.0
Truck245837,671.0
Truck245867,596.0
Truck245859,617.0
Truck245927,464.0
Truck245823,725.0
Truck245955,396.0
Truck245887,570.0
Truck245932,459.0
Truck245880,594.0
Truck245948,426.0
Truck245881,597.0
Truck245883,593.0
Truck245869,629.0
Truck245813,771.0
Truck245789,834.0
Truck245975,369.0
Truck245827,749.0
Truck245889,594.0
Truck245788,846.0
Truck245899,571.0
Truck245851,699.0
Truck245875,639.0
Truck245830,750.0
Truck245906,563.0
Truck245902,575.0
Truck245745,975.0
Truck245879,640.0
Truck245898,595.0
Truck245840,741.0
Truck245857,701.0
Truck245922,537.0
Truck245834,760.0
Truck245954,467.0
Truck245946,488.0
Truck245921,561.0
Truck245911,587.0
Truck245984,402.0
Truck245909,597.0
Truck245928,547.0
Truck245863,714.0
Truck245938,524.0
Truck245856,731.0
Truck245929,556.0
Truck245872,697.0
Truck245894,643.0
Truck245818,842.0
Truck245926,575.0
Truck245953,510.0
Truck245795,906.0
Truck246005,383.0
Truck245871,726.0
Truck245934,569.0
Truck245937,565.0
Truck245956,517.0
Truck245895,673.0
Truck245900,659.0
Truck245931,589.0
Truck245925,606.0
Truck245865,757.0
Truck245907,654.0
Truck245942,565.0
Truck245985,464.0
Truck245912,646.0
Truck245943,571.0
Truck245901,678.0
Truck245944,569.0
Truck245981,484.0
Truck245924,626.0
Truck245930,611.0
Truck245891,712.0
Truck245993,457.0
Truck245982,487.0
Truck246009,425.0
Truck245876,757.0
Truck246006,438.0
Truck245826,890.0
Truck245935,623.0
Truck245885,753.0
Truck245978,520.0
Truck245923,663.0
Truck246002,466.0
Truck245970,548.0
Truck245933,644.0
Truck245971,549.0
Truck245913,697.0
Truck245951,603.0
Truck245968,558.0
Truck245997,489.0
Truck245870,807.0
Truck245941,633.0
Truck245905,724.0
Truck246026,419.0
Truck245980,538.0
Truck245995,505.0
Truck246028,424.0
Truck245916,707.0
Truck246036,412.0
Truck245918,709.0
Truck245908,735.0
Truck245967,593.0
Truck245987,543.0
Truck245992,533.0
Truck245958,619.0
Truck245991,543.0
Truck245915,734.0
Truck245957,630.0
Truck245983,568.0
Truck246017,489.0
Truck245973,600.0
Truck246007,515.0
Truck245947,666.0
Truck245974,596.0
Truck245920,733.0
Truck245965,625.0
Truck246052,405.0
Truck245963,633.0
Truck246043,436.0
Truck246015,508.0
Truck245854,911.0
Truck245960,648.0
Truck245917,759.0
Truck246021,502.0
Truck245949,683.0
Truck246020,504.0
Truck246031,480.0
Truck246044,448.0
Truck245969,643.0
Truck245952,695.0
Truck246046,460.0
Truck246057,438.0
Truck246008,563.0
Truck246000,585.0
Truck246049,465.0
Truck246016,552.0
Truck245945,736.0
Truck245998,603.0
Truck246012,573.0
Truck246045,500.0
Truck246018,566.0
Truck246022,562.0
Truck246033,537.0
Truck246011,593.0
Truck245950,744.0
Truck246038,527.0
Truck246084,414.0
Truck246025,567.0
Truck246054,496.0
Truck246013,604.0
Truck246109,366.0
Truck245976,699.0
Truck245939,795.0
Truck245989,672.0
Truck245914,861.0
Truck245986,690.0
Truck245994,671.0
Truck245962,754.0
Truck246072,481.0
Truck246120,361.0
Truck245860,1016.0
Truck246029,599.0
Truck246037,581.0
Truck246041,571.0
Truck246087,458.0
Truck246053,544.0
Truck246047,560.0
Truck246069,508.0
Truck246027,615.0
Truck246004,672.0
Truck246030,608.0
Truck246035,598.0
Truck246091,459.0
Truck246071,513.0
Truck245966,777.0
Truck246102,437.0
Truck246034,614.0
Truck246065,540.0
Truck246098,457.0
Truck246051,585.0
Truck246085,500.0
Truck246063,558.0
Truck246070,539.0
Truck245940,866.0
Truck246001,723.0
Truck246081,523.0
Truck246061,575.0
Truck245959,832.0
Truck245999,739.0
Truck246086,520.0
Truck246101,486.0
Truck246010,712.0
Truck246152,359.0
Truck245996,751.0
Truck246095,507.0
Truck246108,472.0
Truck245979,800.0
Truck245990,772.0
Truck246073,568.0
Truck246032,669.0
Truck246048,634.0
Truck246056,617.0
Truck246083,552.0
Truck246042,655.0
Truck246055,626.0
Truck246074,582.0
Truck246024,709.0
Truck246059,625.0
Truck245988,802.0
Truck246014,740.0
Truck246019,731.0
Truck245972,852.0
Truck246039,693.0
Truck246003,784.0
Truck246040,689.0
Truck246060,639.0
Truck246121,490.0
Truck246130,465.0
Truck245977,855.0
Truck246062,640.0
Truck246107,531.0
Truck246164,390.0
Truck246088,585.0
Truck246148,437.0
Truck246023,758.0
Truck246106,549.0
Truck246064,656.0
Truck246077,627.0
Truck246172,387.0
Truck246075,636.0
Truck246050,700.0
Truck246090,605.0
Truck246125,524.0
Truck246141,495.0
Truck246143,507.0
Truck246089,644.0
Truck246132,534.0
Truck246159,478.0
Truck246078,679.0
Truck246126,562.0
Truck246142,522.0
Truck246137,540.0
Truck246139,536.0
Truck246092,653.0
Truck246105,623.0
Truck246079,689.0
Truck246082,680.0
Truck246149,515.0
Truck246103,631.0
Truck246117,599.0
Truck246168,471.0
Truck246115,610.0
Truck245961,996.0
Truck246119,601.0
Truck246157,506.0
Truck246118,602.0
Truck246127,588.0
Truck246184,443.0
Truck246170,481.0
Truck246140,562.0
Truck246189,444.0
Truck246124,606.0
Truck246093,687.0
Truck246178,485.0
Truck246068,768.0
Truck246153,560.0
Truck246123,637.0
Truck246114,659.0
Truck246129,624.0
Truck246094,711.0
Truck246138,601.0
Truck246147,581.0
Truck246182,491.0
Truck246067,785.0
Truck246111,679.0
Truck246166,542.0
Truck246122,654.0
Truck246136,619.0
Truck246196,470.0
Truck246110,691.0
Truck246215,434.0
Truck246173,540.0
Truck246100,723.0
Truck246146,608.0
Truck246058,836.0
Truck246210,460.0
Truck246131,662.0
Truck246162,582.0
Truck246113,708.0
Truck246202,484.0
Truck246185,530.0
Truck246213,461.0
Truck246134,660.0
Truck246180,546.0
Truck246112,721.0
Truck246238,414.0
Truck246192,531.0
Truck246193,531.0
Truck246205,504.0
Truck246104,758.0
Truck246174,584.0
Truck246165,610.0
Truck246099,778.0
Truck246145,665.0
Truck246156,639.0
Truck246183,575.0
Truck246080,832.0
Truck246212,504.0
Truck246228,465.0
Truck246175,602.0
Truck246237,447.0
Truck246194,555.0
Truck246179,596.0
Truck246133,714.0
Truck246258,404.0
Truck246208,535.0
Truck246169,636.0
Truck246257,419.0
Truck246096,823.0
Truck246234,480.0
Truck246154,683.0
Truck246066,904.0
Truck246231,494.0
Truck246222,516.0
Truck246155,687.0
Truck246135,739.0
Truck246236,496.0
Truck246188,617.0
Truck246076,898.0
Truck246243,485.0
Truck246150,718.0
Truck246248,474.0
Truck246286,379.0
Truck246176,657.0
Truck246281,397.0
Truck246232,521.0
Truck246200,604.0
Truck246097,871.0
Truck246240,511.0
Truck246116,826.0
Truck246241,518.0
Truck246246,504.0
Truck246144,761.0
Truck246151,749.0
Truck246225,564.0
Truck246128,808.0
Truck246252,500.0
Truck246158,738.0
Truck246201,634.0
Truck246259,497.0
Truck246167,729.0
Truck246239,553.0
Truck246295,413.0
Truck246244,539.0
Truck246209,633.0
Truck246303,399.0
Truck246171,734.0
Truck246190,684.0
Truck246223,604.0
Truck246266,494.0
Truck246181,712.0
Truck246217,622.0
Truck246186,702.0
Truck246235,583.0
Truck246230,594.0
Truck246195,687.0
Truck246300,424.0
Truck246191,704.0
Truck246245,576.0
Truck246294,452.0
Truck246293,465.0
Truck246197,708.0
Truck246221,648.0
Truck246207,684.0
Truck246271,527.0
Truck246251,578.0
Truck246224,650.0
Truck246229,646.0
Truck246278,522.0
Truck246254,587.0
Truck246280,526.0
Truck246314,445.0
Truck246318,437.0
Truck246333,402.0
Truck246198,740.0
Truck246320,442.0
Truck246177,804.0
Truck246211,720.0
Truck246255,612.0
Truck246368,332.0
Truck246297,513.0
Truck246163,849.0
Truck246256,617.0
Truck246227,697.0
Truck246203,761.0
Truck246267,602.0
Truck246270,597.0
Truck246301,525.0
Truck246219,734.0
Truck246307,514.0
Truck246277,591.0
Truck246341,431.0
Truck246262,628.0
Truck246312,503.0
Truck246216,745.0
Truck246242,682.0
Truck246285,579.0
Truck246328,469.0
Truck246289,574.0
Truck246304,536.0
Truck246282,592.0
Truck246346,434.0
Truck246249,680.0
Truck246299,559.0
Truck246276,621.0
Truck246323,506.0
Truck246206,800.0
Truck246218,774.0
Truck246275,634.0
Truck246325,511.0
Truck246161,922.0
Truck246160,923.0
Truck246268,653.0
Truck246263,669.0
Truck246204,816.0
Truck246261,677.0
Truck246344,475.0
Truck246247,723.0
Truck246199,845.0
Truck246264,682.0
Truck246332,512.0
Truck246279,648.0
Truck246377,406.0
Truck246214,812.0
Truck246250,723.0
Truck246313,568.0
Truck246233,772.0
Truck246309,582.0
Truck246272,675.0
Truck246260,709.0
Truck246291,637.0
Truck246265,712.0
Truck246330,549.0
Truck246310,600.0
Truck246365,466.0
Truck246364,470.0
Truck246220,832.0
Truck246402,380.0
Truck246253,757.0
Truck246352,513.0
Truck246290,673.0
Truck246350,523.0
Truck246269,729.0
Truck246360,501.0
Truck246283,697.0
Truck246287,690.0
Truck246337,565.0
Truck246372,480.0
Truck246342,557.0
Truck246361,512.0
Truck246273,735.0
Truck246329,597.0
Truck246371,494.0
Truck246331,596.0
Truck246362,516.0
Truck246343,568.0
Truck246416,391.0
Truck246187,968.0
Truck246292,703.0
Truck246380,487.0
Truck246306,674.0
Truck246308,669.0
Truck246302,688.0
Truck246317,654.0
Truck246284,735.0
Truck246357,556.0
Truck246401,447.0
Truck246226,883.0
Truck246386,486.0
Truck246382,497.0
Truck246347,590.0
Truck246311,682.0
Truck246420,410.0
Truck246348,593.0
Truck246315,681.0
Truck246399,471.0
Truck246327,654.0
Truck246354,588.0
Truck246363,574.0
Truck246438,392.0
Truck246321,688.0
Truck246379,544.0
Truck246421,441.0
Truck246370,575.0
Truck246388,532.0
Truck246335,671.0
Truck246384,547.0
Truck246274,824.0
Truck246356,624.0
Truck246296,776.0
Truck246316,726.0
Truck246336,678.0
Truck246430,444.0
Truck246334,686.0
Truck246389,551.0
Truck246305,763.0
Truck246390,549.0
Truck246422,469.0
Truck246425,476.0
Truck246326,728.0
Truck246417,504.0
Truck246429,475.0
Truck246396,556.0
Truck246397,557.0
Truck246408,528.0
Truck246345,690.0
Truck246367,638.0
Truck246431,480.0
Truck246405,546.0
Truck246351,683.0
Truck246298,817.0
Truck246375,633.0
Truck246374,634.0
Truck246497,332.0
Truck246324,763.0
Truck246373,644.0
Truck246340,727.0
Truck246451,454.0
Truck246441,481.0
Truck246427,517.0
Truck246499,338.0
Truck246482,381.0
Truck246456,447.0
Truck246385,633.0
Truck246378,649.0
Truck246392,621.0
Truck246288,884.0
Truck246353,725.0
Truck246455,472.0
Truck246467,442.0
Truck246369,688.0
Truck246319,818.0
Truck246383,658.0
Truck246476,423.0
Truck246470,442.0
Truck246359,725.0
Truck246355,736.0
Truck246411,600.0
Truck246433,546.0
Truck246424,568.0
Truck246407,617.0
Truck246400,633.0
Truck246391,660.0
Truck246395,650.0
Truck246419,590.0
Truck246498,393.0
Truck246322,834.0
Truck246398,645.0
Truck246403,639.0
Truck246409,628.0
Truck246439,553.0
Truck246428,584.0
Truck246387,690.0
Truck246426,592.0
Truck246463,503.0
Truck246435,579.0
Truck246450,540.0
Truck246410,644.0
Truck246414,634.0
Truck246393,690.0
Truck246358,776.0
Truck246366,756.0
Truck246418,626.0
Truck246502,417.0
Truck246458,532.0
Truck246432,598.0
Truck246415,650.0
Truck246338,846.0
Truck246484,486.0
Truck246485,486.0
Truck246440,598.0
Truck246413,671.0
Truck246459,557.0
Truck246339,864.0
Truck246473,530.0
Truck246406,696.0
Truck246381,763.0
Truck246349,845.0
Truck246448,595.0
Truck246436,626.0
Truck246460,566.0
Truck246445,609.0
Truck246457,584.0
Truck246489,505.0
Truck246423,671.0
Truck246534,394.0
Truck246503,477.0
Truck246487,519.0
Truck246444,625.0
Truck246447,623.0
Truck246461,588.0
Truck246453,613.0
Truck246494,510.0
Truck246437,657.0
Truck246446,635.0
Truck246394,768.0
Truck246443,651.0
Truck246465,601.0
Truck246468,591.0
Truck246491,536.0
Truck246376,826.0
Truck246530,445.0
Truck246516,482.0
Truck246449,653.0
Truck246546,411.0
Truck246554,398.0
Truck246404,774.0
Truck246532,455.0
Truck246505,527.0
Truck246434,703.0
Truck246501,540.0
Truck246506,529.0
Truck246442,693.0
Truck246495,563.0
Truck246477,609.0
Truck246483,594.0
Truck246508,531.0
Truck246469,632.0
Truck246474,621.0
Truck246579,366.0
Truck246522,508.0
Truck246537,476.0
Truck246488,597.0
Truck246475,633.0
Truck246490,593.0
Truck246496,579.0
Truck246549,452.0
Truck246507,560.0
Truck246471,652.0
Truck246486,614.0
Truck246514,545.0
Truck246511,558.0
Truck246481,640.0
Truck246504,580.0
Truck246510,571.0
Truck246566,432.0
Truck246521,549.0
Truck246571,427.0
Truck246526,543.0
Truck246552,478.0
Truck246525,552.0
Truck246464,709.0
Truck246544,509.0
Truck246586,405.0
Truck246559,480.0
Truck246480,678.0
Truck246553,501.0
Truck246513,602.0
Truck246518,594.0
Truck246452,765.0
Truck246493,665.0
Truck246542,543.0
Truck246590,424.0
Truck246567,486.0
Truck246412,874.0
Truck246509,634.0
Truck246462,751.0
Truck246541,556.0
Truck246515,622.0
Truck246547,547.0
Truck246626,352.0
Truck246581,468.0
Truck246556,529.0
Truck246524,610.0
Truck246589,456.0
Truck246550,554.0
Truck246520,632.0
Truck246529,614.0
Truck246535,600.0
Truck246551,560.0
Truck246573,508.0
Truck246582,483.0
Truck246576,499.0
Truck246527,625.0
Truck246466,777.0
Truck246454,811.0
Truck246597,465.0
Truck246564,551.0
Truck246533,637.0
Truck246605,457.0
Truck246472,792.0
Truck246517,682.0
Truck246603,467.0
Truck246562,571.0
Truck246523,675.0
Truck246595,498.0
Truck246519,689.0
Truck246625,429.0
Truck246548,621.0
Truck246543,640.0
Truck246561,595.0
Truck246592,516.0
Truck246563,594.0
Truck246600,504.0
Truck246612,489.0
Truck246577,580.0
Truck246596,530.0
Truck246624,465.0
Truck246570,601.0
Truck246656,387.0
Truck246622,473.0
Truck246598,538.0
Truck246540,687.0
Truck246557,657.0
Truck246631,475.0
Truck246568,631.0
Truck246639,461.0
Truck246619,515.0
Truck246539,716.0
Truck246565,651.0
Truck246609,545.0
Truck246632,486.0
Truck246593,587.0
Truck246479,873.0
Truck246630,498.0
Truck246652,446.0
Truck246643,472.0
Truck246578,634.0
Truck246685,369.0
Truck246623,527.0
Truck246654,450.0
Truck246601,590.0
Truck246660,442.0
Truck246536,753.0
Truck246611,568.0
Truck246583,644.0
Truck246478,905.0
Truck246613,570.0
Truck246615,567.0
Truck246648,482.0
Truck246591,629.0
Truck246669,435.0
Truck246572,678.0
Truck246574,676.0
Truck246594,628.0
Truck246569,694.0
Truck246528,804.0
Truck246558,730.0
Truck246672,445.0
Truck246575,692.0
Truck246545,773.0
Truck246555,753.0
Truck246492,913.0
Truck246538,798.0
Truck246655,509.0
Truck246500,896.0
Truck246635,565.0
Truck246711,379.0
Truck246641,556.0
Truck246646,544.0
Truck246676,470.0
Truck246584,704.0
Truck246608,647.0
Truck246692,437.0
Truck246670,496.0
Truck246604,670.0
Truck246616,641.0
Truck246680,487.0
Truck246607,673.0
Truck246629,618.0
Truck246531,865.0
Truck246585,734.0
Truck246621,644.0
Truck246722,390.0
Truck246642,593.0
Truck246666,534.0
Truck246587,735.0
Truck246606,691.0
Truck246588,741.0
Truck246647,599.0
Truck246661,566.0
Truck246683,511.0
Truck246709,452.0
Truck246668,554.0
Truck246673,544.0
Truck246649,610.0
Truck246610,715.0
Truck246688,525.0
Truck246634,667.0
Truck246636,667.0
Truck246637,667.0
Truck246560,859.0
Truck246705,499.0
Truck246657,620.0
Truck246691,537.0
Truck246662,610.0
Truck246732,436.0
Truck246617,727.0
Truck246687,555.0
Truck246713,497.0
Truck246693,550.0
Truck246512,1001.0
Truck246658,637.0
Truck246614,750.0
Truck246628,717.0
Truck246651,662.0
Truck246707,525.0
Truck246633,715.0
Truck246703,541.0
Truck246725,489.0
Truck246734,466.0
Truck246698,560.0
Truck246700,557.0
Truck246737,468.0
Truck246663,655.0
Truck246739,467.0
Truck246717,524.0
Truck246742,463.0
Truck246659,679.0
Truck246762,419.0
Truck246644,717.0
Truck246665,669.0
Truck246602,828.0
Truck246765,426.0
Truck246667,672.0
Truck246677,647.0
Truck246697,597.0
Truck246627,776.0
Truck246678,646.0
Truck246751,467.0
Truck246759,448.0
Truck246702,589.0
Truck246760,444.0
Truck246731,521.0
Truck246772,419.0
Truck246775,426.0
Truck246580,912.0
Truck246664,702.0
Truck246701,614.0
Truck246682,660.0
Truck246690,640.0
Truck246684,656.0
Truck246674,693.0
Truck246712,599.0
Truck246743,524.0
Truck246679,685.0
Truck246681,681.0
Truck246599,890.0
Truck246710,610.0
Truck246704,627.0
Truck246745,529.0
Truck246620,840.0
Truck246755,505.0
Truck246645,782.0
Truck246686,679.0
Truck246650,773.0
Truck246716,612.0
Truck246763,497.0
Truck246773,472.0
Truck246618,859.0
Truck246738,559.0
Truck246695,673.0
Truck246796,422.0
Truck246699,671.0
Truck246708,649.0
Truck246746,555.0
Truck246653,797.0
Truck246761,528.0
Truck246817,388.0
Truck246721,629.0
Truck246723,629.0
Truck246706,672.0
Truck246740,588.0
Truck246812,408.0
Truck246736,601.0
Truck246752,563.0
Truck246715,659.0
Truck246675,764.0
Truck246798,458.0
Truck246756,564.0
Truck246790,487.0
Truck246747,602.0
Truck246778,522.0
Truck246720,675.0
Truck246735,640.0
Truck246788,506.0
Truck246840,379.0
Truck246784,522.0
Truck246797,500.0
Truck246640,892.0
Truck246768,573.0
Truck246802,495.0
Truck246696,762.0
Truck246730,679.0
Truck246724,696.0
Truck246689,791.0
Truck246671,837.0
Truck246764,607.0
Truck246801,517.0
Truck246789,549.0
Truck246875,334.0
Truck246785,570.0
Truck246846,419.0
Truck246757,648.0
Truck246729,719.0
Truck246749,669.0
Truck246825,487.0
Truck246741,698.0
Truck246781,598.0
Truck246833,468.0
Truck246750,676.0
Truck246719,758.0
Truck246814,519.0
Truck246786,590.0
Truck246823,504.0
Truck246867,396.0
Truck246783,610.0
Truck246856,427.0
Truck246638,974.0
Truck246767,655.0
Truck246815,540.0
Truck246782,626.0
Truck246813,551.0
Truck246842,477.0
Truck246733,753.0
Truck246776,643.0
Truck246819,538.0
Truck246714,799.0
Truck246766,670.0
Truck246780,635.0
Truck246851,460.0
Truck246770,662.0
Truck246836,497.0
Truck246849,468.0
Truck246807,574.0
Truck246744,730.0
Truck246787,626.0
Truck246864,433.0
Truck246810,569.0
Truck246857,458.0
Truck246774,664.0
Truck246748,732.0
Truck246727,789.0
Truck246899,362.0
Truck246794,624.0
Truck246795,625.0
Truck246805,605.0
Truck246900,365.0
Truck246777,677.0
Truck246818,580.0
Truck246694,892.0
Truck246830,557.0
Truck246885,422.0
Truck246827,568.0
Truck246811,615.0
Truck246806,626.0
Truck246860,492.0
Truck246837,561.0
Truck246726,837.0
Truck246850,530.0
Truck246877,470.0
Truck246824,601.0
Truck246822,608.0
Truck246901,413.0
Truck246897,424.0
Truck246890,440.0
Truck246754,783.0
Truck246728,849.0
Truck246792,689.0
Truck246906,406.0
Truck246803,671.0
Truck246881,481.0
Truck246829,614.0
Truck246853,554.0
Truck246753,812.0
Truck246769,777.0
Truck246843,592.0
Truck246887,484.0
Truck246820,654.0
Truck246826,640.0
Truck246799,717.0
Truck246871,538.0
Truck246872,533.0
Truck246808,695.0
Truck246878,526.0
Truck246888,501.0
Truck246969,304.0
Truck246779,782.0
Truck246845,623.0
Truck246839,642.0
Truck246859,592.0
Truck246847,636.0
Truck246874,568.0
Truck246882,551.0
Truck246844,647.0
Truck246923,454.0
Truck246800,761.0
Truck246920,461.0
Truck246809,744.0
Truck246861,616.0
Truck246865,607.0
Truck246913,493.0
Truck246908,507.0
Truck246791,804.0
Truck246816,739.0
Truck246973,351.0
Truck246835,698.0
Truck246889,566.0
Truck246854,652.0
Truck246922,483.0
Truck246929,471.0
Truck246918,497.0
Truck246891,570.0
Truck246939,451.0
Truck246771,873.0
Truck246895,564.0
Truck246933,469.0
Truck246876,613.0
Truck246832,726.0
Truck246870,633.0
Truck246848,689.0
Truck246934,474.0
Truck246930,485.0
Truck246841,713.0
Truck246758,919.0
Truck246883,609.0
Truck246909,546.0
Truck246926,504.0
Truck246892,592.0
Truck246940,472.0
Truck246804,816.0
Truck246886,618.0
Truck246957,445.0
Truck246928,516.0
Truck246904,577.0
Truck246884,633.0
Truck246838,755.0
Truck246793,871.0
Truck246935,516.0
Truck246862,697.0
Truck246858,709.0
Truck246955,470.0
Truck246964,446.0
Truck246852,731.0
Truck246931,536.0
Truck246831,791.0
Truck246950,498.0
Truck246873,694.0
Truck246917,585.0
Truck246898,644.0
Truck246949,519.0
Truck246866,728.0
Truck246718,1103.0
Truck246945,538.0
Truck246942,553.0
Truck246834,826.0
Truck246879,719.0
Truck246936,574.0
Truck246975,482.0
Truck246902,663.0
Truck246961,519.0
Truck246932,590.0
Truck246821,875.0
Truck247000,427.0
Truck246907,664.0
Truck246984,469.0
Truck246991,460.0
Truck247014,403.0
Truck246905,683.0
Truck246855,811.0
Truck246921,646.0
Truck246976,512.0
Truck246999,457.0
Truck246987,488.0
Truck246990,479.0
Truck247001,454.0
Truck246869,785.0
Truck246952,583.0
Truck246868,795.0
Truck246994,481.0
Truck246938,622.0
Truck246972,540.0
Truck246951,598.0
Truck246971,548.0
Truck246956,588.0
Truck246828,913.0
Truck247017,453.0
Truck246943,639.0
Truck246960,594.0
Truck246916,707.0
Truck246910,724.0
Truck246911,724.0
Truck246924,690.0
Truck246941,652.0
Truck246985,542.0
Truck246925,700.0
Truck246981,565.0
Truck247034,430.0
Truck246958,622.0
Truck246959,622.0
Truck247026,452.0
Truck246954,633.0
Truck246927,704.0
Truck247004,513.0
Truck247036,435.0
Truck247059,382.0
Truck247009,509.0
Truck246912,750.0
Truck246993,551.0
Truck246967,619.0
Truck246995,550.0
Truck246974,602.0
Truck246970,614.0
Truck247031,465.0
Truck246894,808.0
Truck246903,793.0
Truck247008,529.0
Truck246863,895.0
Truck246893,820.0
Truck246946,687.0
Truck246919,760.0
Truck246963,652.0
Truck246962,653.0
Truck247041,461.0
Truck247027,501.0
Truck246953,690.0
Truck247010,546.0
Truck247032,491.0
Truck246980,626.0
Truck246978,632.0
Truck247024,519.0
Truck247095,354.0
Truck247040,492.0
Truck246992,613.0
Truck246896,856.0
Truck247030,525.0
Truck247076,412.0
Truck247039,509.0
Truck247045,494.0
Truck247018,560.0
Truck247005,596.0
Truck247052,476.0
Truck247049,488.0
Truck246989,640.0
Truck247050,487.0
Truck246880,913.0
Truck246947,749.0
Truck246966,701.0
Truck247054,481.0
Truck246948,747.0
Truck246914,833.0
Truck247022,563.0
Truck247007,610.0
Truck246997,638.0
Truck247061,479.0
Truck246982,675.0
Truck247069,461.0
Truck246996,643.0
Truck247043,530.0
Truck247063,484.0
Truck247035,556.0
Truck247006,631.0
Truck247084,436.0
Truck247019,610.0
Truck247002,653.0
Truck247012,632.0
Truck247029,593.0
Truck246915,880.0
Truck247003,660.0
Truck246977,726.0
Truck247013,637.0
Truck247038,572.0
Truck247046,560.0
Truck247047,561.0
Truck247064,518.0
Truck247037,591.0
Truck246979,737.0
Truck246965,774.0
Truck247058,540.0
Truck247021,637.0
Truck247083,485.0
Truck247124,380.0
Truck246988,724.0
Truck247073,519.0
Truck247112,427.0
Truck247147,348.0
Truck246986,750.0
Truck247081,516.0
Truck246968,802.0
Truck247044,614.0
Truck247093,494.0
Truck247016,692.0
Truck247077,547.0
Truck247078,543.0
Truck247107,477.0
Truck247068,573.0
Truck247085,539.0
Truck247115,465.0
Truck247053,627.0
Truck247033,680.0
Truck247020,712.0
Truck247067,602.0
Truck247114,482.0
Truck247079,573.0
Truck247023,715.0
Truck247098,525.0
Truck246937,939.0
Truck247062,627.0
Truck247129,465.0
Truck247082,581.0
Truck247106,521.0
Truck247145,429.0
Truck247164,379.0
Truck246998,799.0
Truck247131,470.0
Truck247028,728.0
Truck247127,486.0
Truck247066,637.0
Truck247172,376.0
Truck247135,473.0
Truck247091,586.0
Truck247057,674.0
Truck247086,600.0
Truck247092,587.0
Truck247191,342.0
Truck247088,599.0
Truck246944,961.0
Truck247071,650.0
Truck247051,701.0
Truck247090,602.0
Truck247108,558.0
Truck247080,629.0
Truck247055,695.0
Truck247110,555.0
Truck247025,772.0
Truck247101,582.0
Truck247132,512.0
Truck247148,476.0
Truck247134,514.0
Truck247154,464.0
Truck247072,670.0
Truck247087,641.0
Truck247074,673.0
Truck247120,559.0
Truck247149,489.0
Truck247056,720.0
Truck247011,837.0
Truck247160,466.0
Truck247065,709.0
Truck247179,426.0
Truck247169,462.0
Truck247096,645.0
Truck247166,470.0
Truck247136,547.0
Truck247157,497.0
Truck247151,517.0
Truck247070,718.0
Truck247139,548.0
Truck247167,478.0
Truck247186,428.0
Truck247137,554.0
Truck247165,485.0
Truck247126,584.0
Truck247122,596.0
Truck247190,429.0
Truck246983,950.0
Truck247138,563.0
Truck247141,563.0
Truck247152,535.0
Truck247097,679.0
Truck247161,519.0
Truck247104,662.0
Truck247042,822.0
Truck247089,708.0
Truck247117,640.0
Truck247171,505.0
Truck247099,687.0
Truck247185,478.0
Truck247146,576.0
Truck247143,590.0
Truck247116,657.0
Truck247118,654.0
Truck247125,639.0
Truck247121,650.0
Truck247128,630.0
Truck247239,355.0
Truck247194,468.0
Truck247236,365.0
Truck247048,836.0
Truck247060,807.0
Truck247105,707.0
Truck247192,488.0
Truck247208,448.0
Truck247222,421.0
Truck247123,672.0
Truck247015,943.0
Truck247103,727.0
Truck247198,488.0
Truck247210,458.0
Truck247181,534.0
Truck247100,735.0
Truck247109,715.0
Truck247159,591.0
Truck247248,370.0
Truck247202,486.0
Truck247119,702.0
Truck247221,451.0
Truck247111,728.0
Truck247267,340.0
Truck247178,567.0
Truck247142,658.0
Truck247130,690.0
Truck247075,834.0
Truck247113,740.0
Truck247155,636.0
Truck247175,589.0
Truck247216,484.0
Truck247150,660.0
Truck247133,706.0
Truck247207,526.0
Truck247196,552.0
Truck247197,553.0
Truck247228,475.0
Truck247180,597.0
Truck247213,517.0
Truck247162,643.0
Truck247158,654.0
Truck247163,652.0
Truck247182,604.0
Truck247224,505.0
Truck247094,833.0
Truck247204,561.0
Truck247205,567.0
Truck247206,562.0
Truck247226,519.0
Truck247173,656.0
Truck247212,556.0
Truck247215,560.0
Truck247260,449.0
Truck247219,557.0
Truck247170,681.0
Truck247234,523.0
Truck247237,518.0
Truck247247,502.0
Truck247200,621.0
Truck247255,490.0
Truck247102,883.0
Truck247251,513.0
Truck247176,699.0
Truck247156,750.0
Truck247254,508.0
Truck247261,493.0
Truck247189,674.0
Truck247270,474.0
Truck247211,626.0
Truck247258,507.0
Truck247140,804.0
Truck247184,706.0
Truck247259,523.0
Truck247253,540.0
Truck247252,542.0
Truck247218,629.0
Truck247291,452.0
Truck247195,694.0
Truck247177,747.0
Truck247257,547.0
Truck247231,615.0
Truck247243,587.0
Truck247287,479.0
Truck247168,777.0
Truck247217,658.0
Truck247203,702.0
Truck247256,567.0
Truck247266,545.0
Truck247296,477.0
Truck247299,472.0
Truck247305,457.0
Truck247174,783.0
Truck247227,656.0
Truck247245,611.0
Truck247289,501.0
Truck247153,842.0
Truck247193,743.0
Truck247244,617.0
Truck247235,643.0
Truck247225,670.0
Truck247188,761.0
Truck247273,552.0
Truck247320,433.0
Truck247317,445.0
Truck247187,773.0
Truck247283,533.0
Truck247232,661.0
Truck247334,412.0
Truck247238,653.0
Truck247249,629.0
Truck247280,551.0
Truck247339,406.0
Truck247360,356.0
Truck247318,467.0
Truck247214,731.0
Truck247209,747.0
Truck247309,499.0
Truck247220,721.0
Truck247246,657.0
Truck247263,619.0
Truck247276,584.0
Truck247322,469.0
Truck247274,593.0
Truck247278,583.0
Truck247286,564.0
Truck247290,556.0
Truck247199,787.0
Truck247144,928.0
Truck247292,560.0
Truck247272,612.0
Truck247265,634.0
Truck247312,515.0
Truck247240,696.0
Truck247230,724.0
Truck247337,459.0
Truck247183,849.0
Truck247313,524.0
Truck247223,760.0
Truck247344,457.0
Truck247303,571.0
Truck247365,416.0
Truck247326,512.0
Truck247345,473.0
Truck247336,494.0
Truck247288,621.0
Truck247321,544.0
Truck247301,595.0
Truck247308,575.0
Truck247262,691.0
Truck247264,686.0
Truck247341,501.0
Truck247285,642.0
Truck247315,569.0
Truck247324,544.0
Truck247370,433.0
Truck247316,569.0
Truck247293,638.0
Truck247282,668.0
Truck247372,443.0
Truck247377,433.0
Truck247333,544.0
Truck247361,479.0
Truck247279,685.0
Truck247397,393.0
Truck247277,695.0
Truck247311,611.0
Truck247281,689.0
Truck247298,644.0
Truck247354,505.0
Truck247363,485.0
Truck247375,455.0
Truck247332,564.0
Truck247398,403.0
Truck247328,581.0
Truck247340,565.0
Truck247364,507.0
Truck247242,816.0
Truck247310,646.0
Truck247295,690.0
Truck247229,856.0
Truck247294,693.0
Truck247353,548.0
Truck247233,849.0
Truck247373,500.0
Truck247241,831.0
Truck247325,626.0
Truck247284,728.0
Truck247404,429.0
Truck247342,585.0
Truck247383,488.0
Truck247402,447.0
Truck247399,458.0
Truck247431,380.0
Truck247304,696.0
Truck247356,566.0
Truck247330,636.0
Truck247433,382.0
Truck247201,965.0
Truck247412,436.0
Truck247302,715.0
Truck247403,471.0
Truck247418,432.0
Truck247271,806.0
Truck247450,359.0
Truck247275,802.0
Truck247349,618.0
Truck247331,665.0
Truck247378,545.0
Truck247314,706.0
Truck247430,416.0
Truck247297,753.0
Truck247323,691.0
Truck247389,526.0
Truck247250,872.0
Truck247428,427.0
Truck247343,643.0
Truck247386,534.0
Truck247424,440.0
Truck247374,571.0
Truck247400,506.0
Truck247371,583.0
Truck247427,443.0
Truck247452,379.0
Truck247329,692.0
Truck247392,533.0
Truck247268,846.0
Truck247348,651.0
Truck247307,760.0
Truck247405,519.0
Truck247456,390.0
Truck247439,438.0
Truck247335,703.0
Truck247306,776.0
Truck247422,488.0
Truck247358,654.0
Truck247419,507.0
Truck247394,571.0
Truck247411,531.0
Truck247362,652.0
Truck247434,475.0
Truck247300,815.0
Truck247380,616.0
Truck247367,654.0
Truck247438,474.0
Truck247401,572.0
Truck247368,654.0
Truck247393,594.0
Truck247414,542.0
Truck247454,444.0
Truck247327,765.0
Truck247376,642.0
Truck247435,497.0
Truck247338,744.0
Truck247355,708.0
Truck247440,495.0
Truck247351,726.0
Truck247352,725.0
Truck247366,694.0
Truck247396,622.0
Truck247350,738.0
Truck247395,636.0
Truck247391,649.0
Truck247359,731.0
Truck247426,562.0
Truck247346,766.0
Truck247432,551.0
Truck247388,663.0
Truck247387,671.0
Truck247491,411.0
Truck247382,683.0
Truck247413,608.0
Truck247476,449.0
Truck247449,520.0
Truck247480,441.0
Truck247319,848.0
Truck247423,599.0
Truck247448,534.0
Truck247357,767.0
Truck247369,739.0
Truck247534,327.0
Truck247453,534.0
Truck247451,542.0
Truck247385,709.0
Truck247464,516.0
Truck247409,659.0
Truck247416,639.0
Truck247407,666.0
Truck247486,467.0
Truck247493,453.0
Truck247466,522.0
Truck247513,407.0
Truck247487,476.0
Truck247707,394.0
Truck247687,457.0
Truck247694,443.0
Truck247722,386.0
Truck247713,413.0
Truck247697,482.0
Truck247695,488.0
Truck247701,483.0
Truck247714,464.0
Truck247711,475.0
Truck247692,528.0
Truck247709,495.0
Truck247732,435.0
Truck247689,552.0
Truck247745,414.0
Truck247688,556.0
Truck247700,529.0
Truck247690,562.0
Truck247682,589.0
Truck247727,483.0
Truck247738,455.0
Truck247708,550.0
Truck247735,488.0
Truck247702,572.0
Truck247684,621.0
Truck247740,482.0
Truck247726,528.0
Truck247762,438.0
Truck247804,340.0
Truck247787,388.0
Truck247725,550.0
Truck247746,495.0
Truck247781,418.0
Truck247691,646.0
Truck247705,612.0
Truck247733,544.0
Truck247703,631.0
Truck247779,441.0
Truck247750,512.0
Truck247739,544.0
Truck247749,520.0
Truck247768,470.0
Truck247772,460.0
Truck247788,429.0
Truck247775,465.0
Truck247720,609.0
Truck247780,464.0
Truck247686,700.0
Truck247815,382.0
Truck247681,719.0
Truck247721,619.0
Truck247816,381.0
Truck247693,694.0
Truck247751,552.0
Truck247742,573.0
Truck247796,439.0
Truck247724,621.0
Truck247757,544.0
Truck247810,411.0
Truck247710,664.0
Truck247736,602.0
Truck247761,542.0
Truck247716,653.0
Truck247729,623.0
Truck247744,583.0
Truck247728,624.0
Truck247743,589.0
Truck247805,434.0
Truck247782,492.0
Truck247683,744.0
Truck247752,570.0
Truck247785,490.0
Truck247706,689.0
Truck247704,695.0
Truck247731,633.0
Truck247754,574.0
Truck247718,665.0
Truck247758,566.0
Truck247723,657.0
Truck247734,632.0
Truck247719,675.0
Truck247747,607.0
Truck247771,550.0
Truck247699,739.0
Truck247712,705.0
Truck247777,547.0
Truck247778,545.0
Truck247803,487.0
Truck247814,460.0
Truck247809,481.0
Truck247753,625.0
Truck247774,571.0
Truck247764,597.0
Truck247767,594.0
Truck247808,497.0
Truck247854,382.0
Truck247755,633.0
Truck247763,617.0
Truck247784,566.0
Truck247766,614.0
Truck247799,534.0
Truck247741,681.0
Truck247783,577.0
Truck247680,834.0
Truck247867,369.0
Truck247696,796.0
Truck247827,471.0
Truck247717,751.0
Truck247793,561.0
Truck247756,652.0
Truck247802,538.0
Truck247797,562.0
Truck247865,398.0
Truck247798,565.0
Truck247855,427.0
Truck247877,376.0
Truck247769,653.0
Truck247811,548.0
Truck247857,438.0
Truck247830,506.0
Truck247818,537.0
Truck247823,527.0
Truck247826,518.0
Truck247786,619.0
Truck247737,747.0
Truck247773,657.0
Truck247685,879.0
Truck247698,847.0
Truck247760,692.0
Truck247834,507.0
Truck247844,492.0
Truck247866,438.0
Truck247838,512.0
Truck247765,698.0
Truck247835,525.0
Truck247715,827.0
Truck247846,502.0
Truck247859,473.0
Truck247801,621.0
Truck247825,564.0
Truck247848,504.0
Truck247831,550.0
Truck247862,470.0
Truck247770,706.0
Truck247849,511.0
Truck247832,553.0
Truck247800,639.0
Truck247819,595.0
Truck247929,327.0
Truck247842,543.0
Truck247872,468.0
Truck247789,686.0
Truck247759,765.0
Truck247833,580.0
Truck247828,599.0
Truck247817,631.0
Truck247858,531.0
Truck247776,744.0
Truck247909,414.0
Truck247904,426.0
Truck247791,713.0
Truck247795,704.0
Truck247806,674.0
Truck247730,868.0
Truck247879,502.0
Truck247841,598.0
Truck247860,551.0
Truck247882,499.0
Truck247837,618.0
Truck247898,463.0
Truck247792,735.0
Truck247829,645.0
Truck247910,440.0
Truck247881,516.0
Truck247812,687.0
Truck247807,703.0
Truck247901,476.0
Truck247908,457.0
Truck247843,623.0
Truck247876,538.0
Truck247868,562.0
Truck247824,673.0
Truck247822,685.0
Truck247889,520.0
Truck247813,722.0
Truck247894,518.0
Truck247886,539.0
Truck247895,521.0
Truck247847,642.0
Truck247927,443.0
Truck247891,540.0
Truck247874,583.0
Truck247896,528.0
Truck247933,440.0
Truck247748,903.0
Truck247959,382.0
Truck247880,580.0
Truck247936,443.0
Truck247873,604.0
Truck247924,476.0
Truck247820,737.0
Truck247853,659.0
Truck247845,681.0
Truck247893,566.0
Truck247794,812.0
Truck247911,523.0
Truck247856,662.0
Truck247930,478.0
Truck247821,756.0
Truck247912,527.0
Truck247864,648.0
Truck247870,634.0
Truck247917,521.0
Truck247892,589.0
Truck247899,575.0
Truck247863,667.0
Truck247926,511.0
Truck247935,492.0
Truck247897,589.0
Truck247890,612.0
Truck247839,747.0
Truck247918,551.0
Truck247977,408.0
Truck247836,759.0
Truck247951,474.0
Truck247850,727.0
Truck247885,644.0
Truck247956,464.0
Truck247913,575.0
Truck247840,756.0
Truck247916,570.0
Truck247922,557.0
Truck247851,738.0
Truck247972,434.0
Truck247948,496.0
Truck247938,523.0
Truck247969,450.0
Truck247931,549.0
Truck247883,671.0
Truck247878,683.0
Truck247871,706.0
Truck247919,593.0
Truck247914,607.0
Truck247939,548.0
Truck247884,685.0
Truck247964,486.0
Truck247934,564.0
Truck247790,933.0
Truck247953,528.0
Truck247940,567.0
Truck247902,664.0
Truck247921,620.0
Truck248012,392.0
Truck247915,639.0
Truck247920,625.0
Truck247932,599.0
Truck248008,409.0
Truck248019,387.0
Truck247907,668.0
Truck247963,531.0
Truck247984,476.0
Truck247937,598.0
Truck247965,528.0
Truck247979,506.0
Truck247962,550.0
Truck247955,571.0
Truck247966,541.0
Truck247923,654.0
Truck247887,751.0
Truck247999,471.0
Truck247861,818.0
Truck247949,599.0
Truck247975,538.0
Truck247985,513.0
Truck247946,615.0
Truck248014,446.0
Truck248047,379.0
Truck247978,551.0
Truck247998,503.0
Truck247875,818.0
Truck247888,784.0
Truck247869,835.0
Truck247947,647.0
Truck247941,666.0
Truck248021,467.0
Truck247981,575.0
Truck248006,513.0
Truck247906,764.0
Truck248017,493.0
Truck247997,544.0
Truck247952,656.0
Truck247945,677.0
Truck247944,680.0
Truck248003,536.0
Truck247942,693.0
Truck248059,403.0
Truck247988,579.0
Truck247925,740.0
Truck247943,708.0
Truck247986,598.0
Truck248026,501.0
Truck247996,577.0
Truck248000,569.0
Truck247961,670.0
Truck248057,435.0
Truck248007,563.0
Truck248002,581.0
Truck247987,623.0
Truck247970,664.0
Truck247954,705.0
Truck247903,837.0
Truck247967,677.0
Truck247852,963.0
Truck247968,676.0
Truck248031,521.0
Truck247990,622.0
Truck248030,525.0
Truck248010,576.0
Truck248036,511.0
Truck247980,654.0
Truck248013,574.0
Truck248048,486.0
Truck248058,461.0
Truck247976,667.0
Truck247974,673.0
Truck248078,413.0
Truck248033,530.0
Truck248072,435.0
Truck247960,718.0
Truck247905,860.0
Truck247957,730.0
Truck248028,552.0
Truck248029,554.0
Truck248016,587.0
Truck247991,659.0
Truck248015,604.0
Truck247983,687.0
Truck248071,472.0
Truck247982,699.0
Truck248018,609.0
Truck248075,469.0
Truck247971,731.0
Truck247994,674.0
Truck248005,652.0
Truck247992,684.0
Truck248042,559.0
Truck248050,540.0
Truck247995,681.0
Truck248020,617.0
Truck248023,613.0
Truck248076,479.0
Truck248049,554.0
Truck248053,544.0
Truck248039,583.0
Truck248027,617.0
Truck247928,865.0
Truck248139,342.0
Truck248046,574.0
Truck248098,445.0
Truck247958,796.0
Truck248067,527.0
Truck248004,684.0
Truck248073,514.0
Truck248063,542.0
Truck248113,423.0
Truck248025,646.0
Truck248011,686.0
Truck248125,402.0
Truck248056,573.0
Truck248043,615.0
Truck248066,557.0
Truck247900,974.0
Truck248070,552.0
Truck247989,758.0
Truck248124,418.0
Truck248009,714.0
Truck248099,491.0
Truck248087,523.0
Truck248079,546.0
Truck248082,540.0
Truck248040,646.0
Truck248110,471.0
Truck248122,443.0
Truck248035,668.0
Truck248074,570.0
Truck248081,557.0
Truck248034,675.0
Truck248055,629.0
Truck248052,635.0
Truck248111,490.0
Truck248077,576.0
Truck248120,474.0
Truck248134,439.0
Truck247993,797.0
Truck248095,547.0
Truck248150,407.0
Truck248132,453.0
Truck248084,575.0
Truck248115,502.0
Truck248155,402.0
Truck248165,377.0
Truck248001,789.0
Truck248109,520.0
Truck248069,621.0
Truck248088,575.0
Truck248083,593.0
Truck248097,560.0
Truck248163,395.0
Truck247950,928.0
Truck248138,470.0
Truck248045,706.0
Truck248096,578.0
Truck248137,481.0
Truck248105,564.0
Truck248141,475.0
Truck248062,671.0
Truck248118,535.0
Truck248112,553.0
Truck248090,609.0
Truck248032,755.0
Truck248041,738.0
Truck248117,550.0
Truck248038,753.0
Truck247973,921.0
Truck248022,797.0
Truck248102,597.0
Truck248101,604.0
Truck248037,767.0
Truck248091,632.0
Truck248094,623.0
Truck248092,632.0
Truck248106,597.0
Truck248114,579.0
Truck248171,440.0
Truck248068,699.0
Truck248159,474.0
Truck248157,482.0
Truck248089,654.0
Truck248160,490.0
Truck248181,440.0
Truck248051,766.0
Truck248161,494.0
Truck248189,429.0
Truck248080,705.0
Truck248121,609.0
Truck248180,459.0
Truck248175,476.0
Truck248061,762.0
Truck248108,647.0
Truck248140,567.0
Truck248174,484.0
Truck248142,567.0
Truck248213,393.0
Truck248024,864.0
Truck248133,596.0
Truck248065,770.0
Truck248144,571.0
Truck248173,502.0
Truck248211,407.0
Truck248064,779.0
Truck248148,569.0
Truck248104,680.0
Truck248206,426.0
Truck248158,548.0
Truck248119,659.0
Truck248167,540.0
Truck248192,475.0
Truck248196,466.0
Truck248100,707.0
Truck248126,642.0
Truck248093,730.0
Truck248195,477.0
Truck248154,583.0
Truck248203,470.0
Truck248172,549.0
Truck248116,690.0
Truck248178,535.0
Truck248221,431.0
Truck248103,737.0
Truck248179,549.0
Truck248199,501.0
Truck248123,694.0
Truck248085,791.0
Truck248188,543.0
Truck248231,441.0
Truck248168,598.0
Truck248217,478.0
Truck248054,884.0
Truck248197,530.0
Truck248248,404.0
Truck248152,645.0
Truck248086,813.0
Truck248202,524.0
Truck248169,613.0
Truck248044,926.0
Truck248166,621.0
Truck248262,388.0
Truck248237,454.0
Truck248129,725.0
Truck248170,625.0
Truck248215,515.0
Truck248229,485.0
Truck248131,736.0
Truck248127,755.0
Truck248224,514.0
Truck248222,520.0
Truck248294,340.0
Truck248191,605.0
Truck248253,450.0
Truck248135,746.0
Truck248214,546.0
Truck248269,413.0
Truck248280,383.0
Truck248193,608.0
Truck248198,593.0
Truck248136,750.0
Truck248233,510.0
Truck248209,571.0
Truck248227,526.0
Truck248128,772.0
Truck248164,682.0
Truck248060,943.0
Truck248143,741.0
Truck248201,598.0
Truck248162,697.0
Truck248147,738.0
Truck248271,428.0
Truck248190,633.0
Truck248184,651.0
Truck248153,734.0
Truck248238,524.0
Truck248107,855.0
Truck248245,512.0
Truck248185,663.0
Truck248247,509.0
Truck248256,484.0
Truck248208,609.0
Truck248223,574.0
Truck248265,469.0
Truck248299,384.0
Truck248130,810.0
Truck248186,672.0
Truck248219,593.0
Truck248244,531.0
Truck248305,381.0
Truck248204,634.0
Truck248156,759.0
Truck248207,636.0
Truck248255,521.0
Truck248268,488.0
Truck248187,695.0
Truck248246,546.0
Truck248200,664.0
Truck248270,492.0
Truck248205,658.0
Truck248177,735.0
Truck248292,449.0
Truck248273,501.0
Truck248249,565.0
Truck248316,400.0
Truck248176,754.0
Truck248212,664.0
Truck248230,620.0
Truck248257,555.0
Truck248278,501.0
Truck248145,839.0
Truck248282,496.0
Truck248216,664.0
Truck248277,514.0
Truck248327,389.0
Truck248210,680.0
Truck248341,357.0
Truck248276,529.0
Truck248260,572.0
Truck248313,442.0
Truck248286,509.0
Truck248289,505.0
Truck248264,570.0
Truck248149,866.0
Truck248242,633.0
Truck248240,646.0
Truck248267,583.0
Truck248220,701.0
Truck248250,628.0
Truck248236,664.0
Truck248243,649.0
Truck248283,556.0
Truck248254,627.0
Truck248272,582.0
Truck248315,484.0
Truck248232,690.0
Truck248306,508.0
Truck248321,475.0
Truck248258,631.0
Truck248287,561.0
Truck248194,796.0
Truck248218,739.0
Truck248274,599.0
Truck248340,435.0
Truck248182,833.0
Truck248336,448.0
Truck248234,710.0
Truck248301,546.0
Truck248183,843.0
Truck248332,469.0
Truck248281,604.0
Truck248302,557.0
Truck248296,574.0
Truck248326,501.0
Truck248362,411.0
Truck248291,596.0
Truck248266,657.0
Truck248303,568.0
Truck248295,592.0
Truck248226,763.0
Truck248309,558.0
Truck248228,761.0
Truck248241,736.0
Truck248339,493.0
Truck248358,443.0
Truck248304,581.0
Truck248308,571.0
Truck248372,419.0
Truck248251,730.0
Truck248357,469.0
Truck248297,620.0
Truck248312,580.0
Truck248298,616.0
Truck248363,457.0
Truck248275,681.0
Truck248338,521.0
Truck248252,738.0
Truck248398,375.0
Truck248386,413.0
Truck248317,595.0
Truck248344,525.0
Truck248349,515.0
Truck248329,569.0
Truck248235,809.0
Truck248419,349.0
Truck248300,649.0
Truck248335,564.0
Truck248151,1027.0
Truck248310,629.0
Truck248348,534.0
Truck248146,1040.0
Truck248325,596.0
Truck248259,764.0
Truck248360,510.0
Truck248323,606.0
Truck248328,595.0
Truck248331,590.0
Truck248384,459.0
Truck248346,557.0
Truck248318,629.0
Truck248350,551.0
Truck248355,542.0
Truck248279,733.0
Truck248400,428.0
Truck248376,489.0
Truck248225,873.0
Truck248361,533.0
Truck248311,662.0
Truck248288,721.0
Truck248293,711.0
Truck248427,377.0
Truck248378,498.0
Truck248314,659.0
Truck248428,374.0
Truck248374,511.0
Truck248261,798.0
Truck248290,730.0
Truck248347,602.0
Truck248416,427.0
Truck248342,618.0
Truck248368,554.0
Truck248353,597.0
Truck248442,374.0
Truck248284,772.0
Truck248371,557.0
Truck248380,540.0
Truck248425,432.0
Truck248437,402.0
Truck248422,440.0
Truck248385,536.0
Truck248239,903.0
Truck248393,520.0
Truck248337,665.0
Truck248343,651.0
Truck248430,431.0
Truck248359,614.0
Truck248330,692.0
Truck248354,640.0
Truck248387,561.0
Truck248379,582.0
Truck248415,496.0
Truck248441,431.0
Truck248394,547.0
Truck248414,498.0
Truck248345,679.0
Truck248406,524.0
Truck248454,407.0
Truck248391,570.0
Truck248333,716.0
Truck248383,591.0
Truck248324,738.0
Truck248461,398.0
Truck248495,313.0
Truck248319,754.0
Truck248381,599.0
Truck248413,520.0
Truck248389,585.0
Truck248263,901.0
Truck248373,626.0
Truck248388,587.0
Truck248465,403.0
Truck248375,633.0
Truck248334,736.0
Truck248438,477.0
Truck248401,579.0
Truck248352,700.0
Truck248392,603.0
Truck248322,779.0
Truck248411,562.0
Truck248433,512.0
Truck248452,462.0
Truck248468,426.0
Truck248420,547.0
Truck248366,683.0
Truck248434,515.0
Truck248370,676.0
Truck248382,648.0
Truck248320,805.0
Truck248396,620.0
Truck248405,600.0
Truck248435,527.0
Truck248369,696.0
Truck248421,569.0
Truck248417,584.0
Truck248307,861.0
Truck248459,484.0
Truck248426,565.0
Truck248418,587.0
Truck248445,523.0
Truck248444,525.0
Truck248285,928.0
Truck248455,503.0
Truck248446,524.0
Truck248364,736.0
Truck248476,457.0
Truck248424,589.0
Truck248453,519.0
Truck248399,655.0
Truck248351,776.0
Truck248467,486.0
Truck248491,426.0
Truck248460,504.0
Truck248410,633.0
Truck248503,412.0
Truck248485,467.0
Truck248409,661.0
Truck248423,626.0
Truck248473,501.0
Truck248377,743.0
Truck248431,608.0
Truck248478,490.0
Truck248365,778.0
Truck248403,685.0
Truck248432,613.0
Truck248457,554.0
Truck248470,520.0
Truck248483,492.0
Truck248475,519.0
Truck248458,569.0
Truck248407,702.0
Truck248489,498.0
Truck248494,486.0
Truck248474,537.0
Truck248524,412.0
Truck248466,558.0
Truck248463,571.0
Truck248356,838.0
Truck248488,509.0
Truck248517,442.0
Truck248477,543.0
Truck248471,559.0
Truck248493,505.0
Truck248440,637.0
Truck248367,824.0
Truck248412,709.0
Truck248404,731.0
Truck248450,616.0
Truck248480,542.0
Truck248395,759.0
Truck248484,536.0
Truck248436,657.0
Truck248462,594.0
Truck248464,591.0
Truck248501,503.0
Truck248456,621.0
Truck248506,497.0
Truck248538,421.0
Truck248513,487.0
Truck248525,460.0
Truck248507,514.0
Truck248502,525.0
Truck248448,667.0
Truck248519,493.0
Truck248490,568.0
Truck248397,804.0
Truck248510,526.0
Truck248512,521.0
Truck248546,437.0
Truck248390,833.0
Truck248522,505.0
Truck248402,806.0
Truck248449,691.0
Truck248451,692.0
Truck248504,558.0
Truck248497,581.0
Truck248541,473.0
Truck248527,512.0
Truck248540,482.0
Truck248487,619.0
Truck248472,656.0
Truck248520,536.0
Truck248447,723.0
Truck248498,595.0
Truck248539,495.0
Truck248500,593.0
Truck248482,640.0
Truck248523,540.0
Truck248505,586.0
Truck248429,779.0
Truck248529,534.0
Truck248564,456.0
Truck248532,538.0
Truck248516,579.0
Truck248530,550.0
Truck248443,771.0
Truck248518,582.0
Truck248528,557.0
Truck248558,500.0
Truck248486,683.0
Truck248492,669.0
Truck248568,480.0
Truck248547,545.0
Truck248537,573.0
Truck248567,507.0
Truck248542,569.0
Truck248481,725.0
Truck248508,655.0
Truck248515,642.0
Truck248439,836.0
Truck248496,691.0
Truck248533,601.0
Truck248600,431.0
Truck248552,555.0
Truck248545,576.0
Truck248479,750.0
Truck248560,548.0
Truck248544,589.0
Truck248469,782.0
Truck248499,709.0
Truck248595,475.0
Truck248548,594.0
Truck248565,554.0
Truck248622,411.0
Truck248543,617.0
Truck248549,604.0
Truck248585,516.0
Truck248579,533.0
Truck248604,471.0
Truck248526,669.0
Truck248553,609.0
Truck248531,668.0
Truck248521,699.0
Truck248408,981.0
Truck248609,482.0
Truck248551,631.0
Truck248606,493.0
Truck248628,438.0
Truck248534,674.0
Truck248575,574.0
Truck248581,561.0
Truck248601,511.0
Truck248566,599.0
Truck248562,610.0
Truck248554,633.0
Truck248577,579.0
Truck248561,621.0
Truck248596,531.0
Truck248535,689.0
Truck248555,640.0
Truck248511,751.0
Truck248602,521.0
Truck248608,508.0
Truck248607,517.0
Truck248626,469.0
Truck248572,605.0
Truck248569,620.0
Truck248597,551.0
Truck248619,498.0
Truck248593,568.0
Truck248655,413.0
Truck248625,490.0
Truck248587,586.0
Truck248674,367.0
Truck248509,785.0
Truck248576,615.0
Truck248514,776.0
Truck248586,601.0
Truck248559,672.0
Truck248605,561.0
Truck248610,546.0
Truck248646,460.0
Truck248631,501.0
Truck248644,474.0
Truck248637,496.0
Truck248588,617.0
Truck248589,620.0
Truck248603,587.0
Truck248657,454.0
Truck248636,506.0
Truck248638,501.0
Truck248550,724.0
Truck248570,678.0
Truck248611,578.0
Truck248573,676.0
Truck248557,718.0
Truck248656,468.0
Truck248571,687.0
Truck248592,636.0
Truck248599,624.0
Truck248556,732.0
Truck248582,667.0
Truck248536,783.0
Truck248681,429.0
Truck248648,510.0
Truck248659,488.0
Truck248616,596.0
Truck248650,512.0
Truck248660,492.0
Truck248642,538.0
Truck248651,519.0
Truck248684,437.0
Truck248613,620.0
Truck248612,622.0
Truck248639,560.0
Truck248670,480.0
Truck248621,607.0
Truck248617,620.0
Truck248679,468.0
Truck248645,554.0
Truck248598,672.0
Truck248653,544.0
Truck248584,715.0
Truck248583,721.0
Truck248665,516.0
Truck248668,506.0
Truck248654,542.0
Truck248624,623.0
Truck248672,504.0
Truck248641,585.0
Truck248678,493.0
Truck248590,728.0
Truck248623,648.0
Truck248649,585.0
Truck248658,561.0
Truck248630,632.0
Truck248695,472.0
Truck248703,453.0
Truck248578,766.0
Truck248618,671.0
Truck248634,634.0
Truck248661,571.0
Truck248614,689.0
Truck248704,469.0
Truck248706,465.0
Truck248699,487.0
Truck248632,658.0
Truck248746,379.0
Truck248725,435.0
Truck248718,456.0
Truck248697,513.0
Truck248675,570.0
Truck248759,361.0
Truck248721,459.0
Truck248680,560.0
Truck248740,410.0
Truck248737,421.0
Truck248687,548.0
Truck248563,863.0
Truck248698,527.0
Truck248629,704.0
Truck248667,610.0
Truck248689,555.0
Truck248671,601.0
Truck248751,404.0
Truck248738,441.0
Truck248652,659.0
Truck248735,456.0
Truck248705,532.0
Truck248748,423.0
Truck248682,591.0
Truck248724,486.0
Truck248685,587.0
Truck248683,595.0
Truck248676,612.0
Truck248707,537.0
Truck248744,445.0
Truck248620,757.0
Truck248615,774.0
Truck248640,711.0
Truck248692,581.0
Truck248647,697.0
Truck248688,592.0
Truck248574,878.0
Truck248580,863.0
Truck248700,563.0
Truck248713,536.0
Truck248723,512.0
Truck248727,502.0
Truck248664,659.0
Truck248673,639.0
Truck248729,501.0
Truck248702,568.0
Truck248594,839.0
Truck248635,739.0
Truck248666,659.0
Truck248669,656.0
Truck248779,383.0
Truck248691,604.0
Truck248677,651.0
Truck248730,517.0
Truck248693,617.0
Truck248662,693.0
Truck248712,578.0
Truck248719,564.0
Truck248643,765.0
Truck248710,597.0
Truck248720,576.0
Truck248686,663.0
Truck248715,597.0
Truck248785,423.0
Truck248745,526.0
Truck248780,436.0
Truck248739,544.0
Truck248800,390.0
Truck248701,641.0
Truck248778,446.0
Truck248767,481.0
Truck248733,568.0
Truck248627,840.0
Truck248774,471.0
Truck248591,934.0
Truck248764,503.0
Truck248732,587.0
Truck248690,694.0
Truck248728,600.0
Truck248726,614.0
Truck248663,784.0
Truck248761,552.0
Truck248711,682.0
Truck248736,620.0
Truck248717,682.0
Truck248765,564.0
Truck248696,741.0
Truck248769,561.0
Truck248776,544.0
Truck248830,410.0
Truck248803,483.0
Truck248714,705.0
Truck248802,487.0
Truck248862,337.0
Truck248741,643.0
Truck248752,615.0
Truck248814,460.0
Truck248756,609.0
Truck248783,548.0
Truck248753,624.0
Truck248799,519.0
Truck248851,389.0
Truck248770,590.0
Truck248788,546.0
Truck248766,604.0
Truck248758,626.0
Truck248777,584.0
Truck248708,757.0
Truck248855,392.0
Truck248864,368.0
Truck248731,705.0
Truck248810,509.0
Truck248811,510.0
Truck248798,541.0
Truck248825,476.0
Truck248768,617.0
Truck248786,575.0
Truck248792,560.0
Truck248742,686.0
Truck248791,566.0
Truck248801,542.0
Truck248826,477.0
Truck248709,773.0
Truck248848,425.0
Truck248807,536.0
Truck248804,542.0
Truck248633,978.0
Truck248754,675.0
Truck248789,590.0
Truck248834,476.0
Truck248836,472.0
Truck248823,508.0
Truck248750,689.0
Truck248763,659.0
Truck248795,586.0
Truck248857,433.0
Truck248817,536.0
Truck248841,479.0
Truck248722,776.0
Truck248805,572.0
Truck248881,382.0
Truck248747,721.0
Truck248772,660.0
Truck248816,550.0
Truck248790,619.0
Truck248819,549.0
Truck248874,415.0
Truck248755,717.0
Truck248762,706.0
Truck248694,880.0
Truck248813,585.0
Truck248846,502.0
Truck248821,568.0
Truck248845,512.0
Truck248734,788.0
Truck248794,641.0
Truck248859,482.0
Truck248880,427.0
Truck248743,773.0
Truck248888,412.0
Truck248771,712.0
Truck248796,650.0
Truck248875,457.0
Truck248833,563.0
Truck248787,680.0
Truck248749,785.0
Truck248837,565.0
Truck248775,725.0
Truck248831,585.0
Truck248853,534.0
Truck248716,878.0
Truck248806,653.0
Truck248781,724.0
Truck248842,575.0
Truck248828,611.0
Truck248838,586.0
Truck248809,663.0
Truck248897,451.0
Truck248822,637.0
Truck248889,475.0
Truck248865,541.0
Truck248861,555.0
Truck248879,510.0
Truck248852,576.0
Truck248850,585.0
Truck248839,617.0
Truck248858,568.0
Truck248892,484.0
Truck248782,764.0
Truck248835,635.0
Truck248773,793.0
Truck248829,657.0
Truck248950,353.0
Truck248849,620.0
Truck248900,490.0
Truck248818,697.0
Truck248905,483.0
Truck248760,844.0
Truck248911,469.0
Truck248797,756.0
Truck248873,570.0
Truck248914,465.0
Truck248916,460.0
Truck248896,511.0
Truck248870,578.0
Truck248860,604.0
Truck248808,736.0
Truck248923,453.0
Truck248940,410.0
Truck248840,668.0
Truck248784,810.0
Truck248913,490.0
Truck248793,794.0
Truck248866,613.0
Truck248824,721.0
Truck248884,571.0
Truck248757,898.0
Truck248854,653.0
Truck248926,473.0
Truck248812,763.0
Truck248871,620.0
Truck248843,691.0
Truck248972,369.0
Truck248893,575.0
Truck248910,531.0
Truck248922,504.0
Truck248882,607.0
Truck248918,518.0
Truck248915,530.0
Truck248961,415.0
Truck248898,571.0
Truck248937,476.0
Truck248917,529.0
Truck248820,770.0
Truck248844,710.0
Truck248909,551.0
Truck248933,491.0
Truck248827,759.0
Truck248895,593.0
Truck248934,494.0
Truck248920,530.0
Truck248925,526.0
Truck248984,376.0
Truck248856,702.0
Truck248928,523.0
Truck248832,768.0
Truck248878,654.0
Truck248887,635.0
Truck248872,672.0
Truck248815,823.0
Truck248907,598.0
Truck248952,483.0
Truck248965,456.0
Truck248863,713.0
Truck248869,701.0
Truck248953,491.0
Truck248903,627.0
Truck248970,457.0
Truck248921,590.0
Truck248941,541.0
Truck248955,507.0
Truck248883,691.0
Truck248956,511.0
Truck248990,426.0
Truck248957,518.0
Truck248890,686.0
Truck248877,726.0
Truck248906,651.0
Truck248942,568.0
Truck248948,555.0
Truck248867,764.0
Truck248993,454.0
Truck248994,449.0
Truck248935,601.0
Truck248902,683.0
Truck248894,706.0
Truck248924,632.0
Truck249017,406.0
Truck248891,722.0
Truck248949,579.0
Truck248958,555.0
Truck248977,515.0
Truck248886,744.0
Truck249037,370.0
Truck248912,684.0
Truck248938,623.0
Truck248947,606.0
Truck248963,567.0
Truck248960,576.0
Truck248989,510.0
Truck248973,552.0
Truck249016,443.0
Truck248876,794.0
Truck248995,502.0
Truck248964,580.0
Truck248868,821.0
Truck248885,782.0
Truck248951,618.0
Truck249012,468.0
Truck248997,510.0
Truck248908,735.0
Truck248980,561.0
Truck248929,695.0
Truck248983,560.0
Truck249033,439.0
Truck248968,606.0
Truck248971,602.0
Truck249024,475.0
Truck249003,535.0
Truck248998,551.0
Truck248946,683.0
Truck249073,374.0
Truck248986,593.0
Truck248975,625.0
Truck249006,545.0
Truck248943,706.0
Truck248992,593.0
Truck248999,579.0
Truck248967,661.0
Truck249028,506.0
Truck248981,628.0
Truck249023,527.0
Truck248930,758.0
Truck248982,628.0
Truck249029,513.0
Truck248976,645.0
Truck248932,758.0
Truck249034,503.0
Truck249046,474.0
Truck249030,515.0
Truck249018,548.0
Truck249043,490.0
Truck249000,596.0
Truck248899,853.0
Truck249057,460.0
Truck248962,699.0
Truck248847,993.0
Truck249025,548.0
Truck248927,794.0
Truck249014,577.0
Truck249050,489.0
Truck249069,446.0
Truck249002,612.0
Truck249020,567.0
Truck249032,538.0
Truck249004,609.0
Truck249049,499.0
Truck249075,434.0
Truck248936,781.0
Truck249036,532.0
Truck249061,473.0
Truck248985,664.0
Truck248969,711.0
Truck249041,531.0
Truck248988,662.0
Truck249062,478.0
Truck249052,507.0
Truck249089,422.0
Truck248974,709.0
Truck249035,559.0
Truck248919,850.0
Truck249088,427.0
Truck248931,823.0
Truck248944,789.0
Truck249001,650.0
Truck249022,596.0
Truck249059,506.0
Truck249048,532.0
Truck249007,639.0
Truck249005,651.0
Truck249011,646.0
Truck249013,641.0
Truck249039,577.0
Truck249114,391.0
Truck248901,927.0
Truck249099,434.0
Truck249026,615.0
Truck249009,663.0
Truck249102,428.0
Truck248945,824.0
Truck249125,375.0
Truck248954,807.0
Truck249055,563.0
Truck249058,554.0
Truck249081,501.0
Truck249021,659.0
Truck249067,546.0
Truck249047,597.0
Truck248996,725.0
Truck249096,475.0
Truck249008,697.0
Truck248959,825.0
Truck249010,702.0
Truck249044,617.0
Truck248904,973.0
Truck249015,700.0
Truck249110,463.0
Truck249031,666.0
Truck249071,567.0
Truck249135,407.0
Truck249070,569.0
Truck249040,645.0
Truck249051,621.0
Truck249038,658.0
Truck249078,561.0
Truck248979,812.0
Truck249123,453.0
Truck249097,524.0
Truck249065,607.0
Truck249092,538.0
Truck248939,924.0
Truck249093,541.0
Truck249116,481.0
Truck249045,665.0
Truck249066,610.0
Truck249150,403.0
Truck249074,603.0
Truck249090,563.0
Truck249085,580.0
Truck248991,817.0
Truck248978,848.0
Truck249129,474.0
Truck249077,605.0
Truck249072,616.0
Truck249104,543.0
Truck249086,589.0
Truck249111,532.0
Truck249134,474.0
Truck249042,705.0
Truck249083,609.0
Truck249079,626.0
Truck249056,689.0
Truck249019,787.0
Truck249127,519.0
Truck249100,586.0
Truck249105,577.0
Truck249053,709.0
Truck249182,384.0
Truck249098,595.0
Truck249084,631.0
Truck249108,576.0
Truck249109,576.0
Truck249054,712.0
Truck249064,687.0
Truck249103,599.0
Truck249119,561.0
Truck249117,567.0
Truck249106,594.0
Truck249178,415.0
Truck248987,898.0
Truck249115,582.0
Truck249091,645.0
Truck249145,510.0
Truck249063,717.0
Truck249190,397.0
Truck249184,415.0
Truck249140,526.0
Truck249153,499.0
Truck248966,967.0
Truck249142,527.0
Truck249082,678.0
Truck249181,435.0
Truck249094,652.0
Truck249027,825.0
Truck249174,458.0
Truck249131,569.0
Truck249169,477.0
Truck249076,708.0
Truck249126,587.0
Truck249165,492.0
Truck249122,598.0
Truck249121,605.0
Truck249101,657.0
Truck249188,444.0
Truck249141,566.0
Truck249160,519.0
Truck249157,530.0
Truck249220,372.0
Truck249136,587.0
Truck249118,643.0
Truck249060,791.0
Truck249095,706.0
Truck249080,742.0
Truck249170,518.0
Truck249164,534.0
Truck249144,586.0
Truck249112,676.0
Truck249068,789.0
Truck249162,557.0
Truck249192,483.0
Truck249197,475.0
Truck249206,450.0
Truck249196,476.0
Truck249210,442.0
Truck249177,533.0
Truck249223,419.0
Truck249133,646.0
Truck249152,596.0
Truck249151,603.0
Truck249180,533.0
Truck249143,630.0
Truck249087,774.0
Truck249161,591.0
Truck249158,599.0
Truck249175,560.0
Truck249130,674.0
Truck249148,629.0
Truck249139,655.0
Truck249132,671.0
Truck249120,702.0
Truck249221,458.0
Truck249128,689.0
Truck249204,501.0
Truck249124,707.0
Truck249176,579.0
Truck249219,474.0
Truck249186,559.0
Truck249235,440.0
Truck249185,566.0
Truck249191,555.0
Truck249173,601.0
Truck249224,471.0
Truck249242,429.0
Truck249231,460.0
Truck249200,536.0
Truck249203,531.0
Truck249163,634.0
Truck249159,650.0
Truck249193,565.0
Truck249205,536.0
Truck249198,554.0
Truck249187,588.0
Truck249258,408.0
Truck249276,364.0
Truck249172,628.0
Truck249260,409.0
Truck249212,530.0
Truck249222,510.0
Truck249215,532.0
Truck249201,572.0
Truck249238,478.0
Truck249146,711.0
Truck249149,710.0
Truck249233,500.0
Truck249213,558.0
Truck249286,385.0
Truck249147,739.0
Truck249267,440.0
Truck249154,722.0
Truck249199,614.0
Truck249240,511.0
Truck249246,504.0
Truck249228,550.0
Truck249214,589.0
Truck249309,355.0
Truck249137,786.0
Truck249226,562.0
Truck249183,673.0
Truck249113,854.0
Truck249171,709.0
Truck249245,524.0
Truck249156,745.0
Truck249236,550.0
Truck249248,528.0
Truck249257,508.0
Truck249107,890.0
Truck249189,686.0
Truck249243,552.0
Truck249202,654.0
Truck249259,515.0
Truck249207,650.0
Truck249269,495.0
Truck249300,420.0
Truck249138,830.0
Truck249216,637.0
Truck249301,428.0
Truck249317,395.0
Truck249297,449.0
Truck249278,504.0
Truck249194,718.0
Truck249225,645.0
Truck249287,493.0
Truck249264,550.0
Truck249284,500.0
Truck249261,562.0
Truck249179,769.0
Truck249211,695.0
Truck249299,479.0
Truck249251,600.0
Truck249294,492.0
Truck249342,376.0
Truck249262,584.0
Truck249249,621.0
Truck249168,823.0
Truck249327,431.0
Truck249298,503.0
Truck249155,864.0
Truck249270,577.0
Truck249250,631.0
Truck249280,556.0
Truck249254,628.0
Truck249208,745.0
Truck249252,645.0
Truck249373,346.0
Truck249166,864.0
Truck249247,667.0
Truck249227,718.0
Truck249253,658.0
Truck249302,535.0
Truck249263,646.0
Truck249217,765.0
Truck249279,612.0
Truck249308,538.0
Truck249313,528.0
Truck249341,459.0
Truck249229,741.0
Truck249273,632.0
Truck249241,713.0
Truck249345,453.0
Truck249282,611.0
Truck249304,556.0
Truck249239,723.0
Truck249277,631.0
Truck249285,611.0
Truck249380,371.0
Truck249318,528.0
Truck249271,653.0
Truck249305,570.0
Truck249328,510.0
Truck249347,465.0
Truck249272,653.0
Truck249350,464.0
Truck249256,700.0
Truck249336,504.0
Truck249195,860.0
Truck249312,565.0
Truck249332,519.0
Truck249167,938.0
Truck249218,810.0
Truck249265,695.0
Truck249323,552.0
Truck249244,748.0
Truck249209,840.0
Truck249319,570.0
Truck249375,435.0
Truck249274,688.0
Truck249322,569.0
Truck249281,676.0
Truck249295,645.0
Truck249321,580.0
Truck249292,651.0
Truck249340,536.0
Truck249386,421.0
Truck249306,622.0
Truck249326,578.0
Truck249293,664.0
Truck249289,675.0
Truck249343,541.0
Truck249255,763.0
Truck249353,529.0
Truck249320,612.0
Truck249338,572.0
Truck249266,753.0
Truck249296,678.0
Truck249316,635.0
Truck249387,463.0
Truck249325,619.0
Truck249400,429.0
Truck249390,456.0
Truck249333,603.0
Truck249356,545.0
Truck249324,627.0
Truck249357,547.0
Truck249268,770.0
Truck249398,448.0
Truck249360,545.0
Truck249237,858.0
Truck249381,498.0
Truck249412,422.0
Truck249275,769.0
Truck249288,739.0
Truck249339,618.0
Truck249369,543.0
Truck249385,503.0
Truck249234,880.0
Truck249395,482.0
Truck249358,573.0
Truck249415,433.0
Truck249429,398.0
Truck249230,896.0
Truck249355,586.0
Truck249363,568.0
Truck249330,650.0
Truck249335,649.0
Truck249344,624.0
Truck249418,439.0
Truck249391,510.0
Truck249422,432.0
Truck249348,618.0
Truck249417,451.0
Truck249352,613.0
Truck249411,469.0
Truck249436,405.0
Truck249405,487.0
Truck249361,601.0
Truck249428,431.0
Truck249389,540.0
Truck249307,749.0
Truck249367,599.0
Truck249291,790.0
Truck249372,586.0
Truck249392,537.0
Truck249283,813.0
Truck249314,733.0
Truck249334,683.0
Truck249401,519.0
Truck249384,562.0
Truck249366,608.0
Truck249393,544.0
Truck249388,556.0
Truck249449,410.0
Truck249311,757.0
Truck249364,623.0
Truck249431,458.0
Truck249365,626.0
Truck249406,521.0
Truck249370,620.0
Truck249346,689.0
Truck249351,685.0
Truck249445,450.0
Truck249368,642.0
Truck249399,568.0
Truck249454,431.0
Truck249396,577.0
Truck249378,624.0
Truck249315,785.0
Truck249331,745.0
Truck249440,471.0
Truck249394,588.0
Truck249404,568.0
Truck249484,372.0
Truck249423,528.0
Truck249290,866.0
Truck249426,528.0
Truck249413,572.0
Truck249438,508.0
Truck249434,520.0
Truck249470,431.0
Truck249371,682.0
Truck249379,662.0
Truck249303,855.0
Truck249432,533.0
Truck249349,744.0
Truck249310,840.0
Truck249329,803.0
Truck249362,722.0
Truck249424,571.0
Truck249425,575.0
Truck249382,682.0
Truck249374,705.0
Truck249421,592.0
Truck249414,608.0
Truck249448,525.0
Truck249232,1067.0
Truck249377,717.0
Truck249419,612.0
Truck249468,491.0
Truck249383,711.0
Truck249453,537.0
Truck249403,663.0
Truck249476,484.0
Truck249487,462.0
Truck249464,519.0
Truck249420,630.0
Truck249359,787.0
Truck249416,642.0
Truck249457,542.0
Truck249490,459.0
Truck249430,610.0
Truck249460,536.0
Truck249450,564.0
Truck249466,525.0
Truck249472,517.0
Truck249337,859.0
Truck249443,597.0
Truck249456,564.0
Truck249475,519.0
Truck249444,595.0
Truck249435,621.0
Truck249463,561.0
Truck249433,640.0
Truck249480,520.0
Truck249499,475.0
Truck249511,448.0
Truck249455,590.0
Truck249446,611.0
Truck249523,422.0
Truck249402,724.0
Truck249397,746.0
Truck249441,646.0
Truck249442,644.0
Truck249521,454.0
Truck249458,610.0
Truck249581,307.0
Truck249543,406.0
Truck249462,608.0
Truck249473,583.0
Truck249354,882.0
Truck249461,617.0
Truck249495,533.0
Truck249479,579.0
Truck249510,500.0
Truck249513,496.0
Truck249496,542.0
Truck249469,614.0
Truck249497,544.0
Truck249552,404.0
Truck249465,632.0
Truck249520,493.0
Truck249427,729.0
Truck249505,537.0
Truck249478,605.0
Truck249541,450.0
Truck249451,676.0
Truck249566,386.0
Truck249500,552.0
Truck249528,482.0
Truck249409,783.0
Truck249509,533.0
Truck249489,585.0
Truck249534,488.0
Truck249527,510.0
Truck249407,815.0
Truck249439,735.0
Truck249408,811.0
Truck249507,568.0
Truck249481,634.0
Truck249494,605.0
Truck249557,451.0
Truck249584,382.0
Truck249474,658.0
Truck249502,594.0
Truck249537,509.0
Truck249531,532.0
Truck249515,573.0
Truck249549,490.0
Truck249493,633.0
Truck249547,500.0
Truck249447,761.0
Truck249583,422.0
Truck249622,327.0
Truck249593,404.0
Truck249483,684.0
Truck249540,541.0
Truck249559,500.0
Truck249503,641.0
Truck249592,418.0
Truck249550,524.0
Truck249533,572.0
Truck249568,493.0
Truck249514,632.0
Truck249452,788.0
Truck249567,503.0
Truck249551,548.0
Truck249530,599.0
Truck249553,545.0
Truck249524,616.0
Truck249526,613.0
Truck249517,640.0
Truck249575,495.0
Truck249410,906.0
Truck249529,613.0
Truck249608,413.0
Truck249602,433.0
Truck249598,445.0
Truck249542,586.0
Truck249624,381.0
Truck249580,492.0
Truck249376,1003.0
Truck249579,500.0
Truck249556,559.0
Truck249538,605.0
Truck249590,475.0
Truck249564,543.0
Truck249437,864.0
Truck249501,704.0
Truck249561,554.0
Truck249597,465.0
Truck249555,572.0
Truck249558,563.0
Truck249573,529.0
Truck249522,664.0
Truck249532,642.0
Truck249504,713.0
Truck249623,420.0
Truck249467,814.0
Truck249609,459.0
Truck249594,495.0
Truck249471,806.0
Truck249525,672.0
Truck249606,467.0
Truck249560,585.0
Truck249535,651.0
Truck249492,758.0
Truck249548,620.0
Truck249485,782.0
Truck249486,780.0
Truck249585,537.0
Truck249612,470.0
Truck249631,427.0
Truck249569,586.0
Truck249595,522.0
Truck249605,499.0
Truck249565,600.0
Truck249618,468.0
Truck249545,657.0
Truck249599,524.0
Truck249506,757.0
Truck249536,682.0
Truck249587,557.0
Truck249546,658.0
Truck249650,401.0
Truck249563,626.0
Truck249572,604.0
Truck249576,597.0
Truck249607,530.0
Truck249488,826.0
Truck249633,467.0
Truck249632,469.0
Truck249512,774.0
Truck249459,911.0
Truck249477,868.0
Truck249482,855.0
Truck249518,767.0
Truck249617,522.0
Truck249491,838.0
Truck249516,774.0
Truck249682,359.0
Truck249615,530.0
Truck249628,495.0
Truck249635,483.0
Truck249620,519.0
Truck249498,826.0
Truck249570,646.0
Truck249626,506.0
Truck249508,804.0
Truck249638,488.0
Truck249588,620.0
Truck249554,707.0
Truck249654,457.0
Truck249630,519.0
Truck249586,631.0
Truck249603,592.0
Truck249653,467.0
Truck249578,653.0
Truck249589,629.0
Truck249613,569.0
Truck249651,481.0
Truck249611,586.0
Truck249539,770.0
Truck249636,530.0
Truck249667,456.0
Truck249689,403.0
Truck249604,622.0
Truck249683,432.0
Truck249571,717.0
Truck249616,603.0
Truck249601,644.0
Truck249596,667.0
Truck249646,545.0
Truck249696,424.0
Truck249619,625.0
Truck249663,520.0
Truck249591,701.0
Truck249610,657.0
Truck249699,437.0
Truck249544,826.0
Truck249697,452.0
Truck249577,753.0
Truck249660,551.0
Truck249640,603.0
Truck249562,799.0
Truck249519,910.0
Truck249691,481.0
Truck249664,547.0
Truck249680,508.0
Truck249627,644.0
Truck249625,650.0
Truck249639,619.0
Truck249655,581.0
Truck249647,602.0
Truck249707,452.0
Truck249600,722.0
Truck249644,613.0
Truck249671,550.0
Truck249674,542.0
Truck249710,455.0
Truck249711,459.0
Truck249574,802.0
Truck249657,598.0
Truck249659,596.0
Truck249681,541.0
Truck249713,461.0
Truck249649,629.0
Truck249771,324.0
Truck249712,477.0
Truck249716,471.0
Truck249670,588.0
Truck249669,596.0
Truck249672,588.0
Truck249688,549.0
Truck249629,703.0
Truck249673,594.0
Truck249582,825.0
Truck249676,597.0
Truck249677,602.0
Truck249643,688.0
Truck249675,609.0
Truck249784,335.0
Truck249637,706.0
Truck249708,535.0
Truck249753,425.0
Truck249790,330.0
Truck249678,613.0
Truck249642,704.0
Truck249704,557.0
Truck249777,379.0
Truck249685,612.0
Truck249686,607.0
Truck249701,575.0
Truck249720,526.0
Truck249665,670.0
Truck249634,746.0
Truck249687,623.0
Truck249760,438.0
Truck249776,398.0
Truck249702,585.0
Truck249709,572.0
Truck249684,633.0
Truck249724,534.0
Truck249736,505.0
Truck249661,697.0
Truck249692,620.0
Truck249723,547.0
Truck249668,683.0
Truck249645,745.0
Truck249715,570.0
Truck249732,527.0
Truck249744,500.0
Truck249751,492.0
Truck249757,479.0
Truck249763,465.0
Truck249614,836.0
Truck249731,546.0
Truck249717,582.0
Truck249781,426.0
Truck249703,629.0
Truck249764,475.0
Truck249693,659.0
Truck249679,695.0
Truck249721,591.0
Truck249641,794.0
Truck249770,471.0
Truck249735,563.0
Truck249658,755.0
Truck249772,479.0
Truck249719,616.0
Truck249729,591.0
Truck249808,394.0
Truck249752,536.0
Truck249725,610.0
Truck249726,606.0
Truck249705,665.0
Truck249761,525.0
Truck249652,801.0
Truck249718,636.0
Truck249734,596.0
Truck249739,586.0
Truck249695,701.0
Truck249783,486.0
Truck249694,710.0
Truck249743,590.0
Truck249621,897.0
Truck249747,582.0
Truck249766,533.0
Truck249801,449.0
Truck249754,567.0
Truck249662,806.0
Truck249759,568.0
Truck249733,634.0
Truck249722,660.0
Truck249666,803.0
Truck249853,338.0
Truck249698,727.0
Truck249741,622.0
Truck249811,449.0
Truck249778,530.0
Truck249810,452.0
Truck249706,713.0
Truck249656,841.0
Truck249780,533.0
Truck249727,670.0
Truck249749,615.0
Truck249775,552.0
Truck249758,596.0
Truck249768,576.0
Truck249765,590.0
Truck249806,485.0
Truck249648,885.0
Truck249785,550.0
Truck249756,625.0
Truck249740,671.0
Truck249798,527.0
Truck249834,439.0
Truck249767,614.0
Truck249690,810.0
Truck249787,571.0
Truck249714,752.0
Truck249762,632.0
Truck249788,569.0
Truck249838,447.0
Truck249738,700.0
Truck249822,497.0
Truck249832,474.0
Truck249774,625.0
Truck249792,582.0
Truck249803,557.0
Truck249831,491.0
Truck249818,522.0
Truck249807,559.0
Truck249750,702.0
Truck249851,456.0
Truck249862,430.0
Truck249773,657.0
Truck249794,602.0
Truck249800,587.0
Truck249742,739.0
Truck249748,724.0
Truck249863,444.0
Truck249829,532.0
Truck249869,432.0
Truck249876,412.0
Truck249700,855.0
Truck249805,598.0
Truck249828,540.0
Truck249786,650.0
Truck249789,651.0
Truck249833,548.0
Truck249728,809.0
Truck249755,747.0
Truck249820,583.0
Truck249858,489.0
Truck249873,456.0
Truck249823,584.0
Truck249737,800.0
Truck249824,580.0
Truck249842,540.0
Truck249795,662.0
Truck249730,823.0
Truck249879,454.0
Truck249817,615.0
Truck249868,487.0
Truck249791,690.0
Truck249867,500.0
Truck249836,576.0
Truck249826,602.0
Truck249819,631.0
Truck249745,817.0
Truck249928,369.0
Truck249907,425.0
Truck249889,473.0
Truck249918,408.0
Truck249840,606.0
Truck249846,591.0
Truck249815,675.0
Truck249782,758.0
Truck249821,664.0
Truck249874,529.0
Truck249864,556.0
Truck249799,727.0
Truck249802,719.0
Truck249895,489.0
Truck249845,623.0
Truck249813,706.0
Truck249852,608.0
Truck249878,544.0
Truck249809,722.0
Truck249848,622.0
Truck249893,512.0
Truck249797,754.0
Truck249866,582.0
Truck249859,603.0
Truck249875,563.0
Truck249841,651.0
Truck249847,636.0
Truck249905,491.0
Truck249849,632.0
Truck249911,483.0
Truck249814,724.0
Truck249804,753.0
Truck249769,844.0
Truck249896,529.0
Truck249925,460.0
Truck249816,733.0
Truck249850,649.0
Truck249835,701.0
Truck249915,501.0
Truck249856,647.0
Truck249909,518.0
Truck249917,501.0
Truck249933,461.0
Truck249904,533.0
Truck249871,625.0
Truck249902,546.0
Truck249930,476.0
Truck249779,858.0
Truck249854,668.0
Truck249955,418.0
Truck249883,600.0
Truck249855,671.0
Truck249861,656.0
Truck249926,497.0
Truck249916,523.0
Truck249877,625.0
Truck249793,838.0
Truck249892,588.0
Truck249843,714.0
Truck249888,599.0
Truck249921,519.0
Truck249886,605.0
Truck249830,748.0
Truck249898,578.0
Truck249914,542.0
Truck249812,799.0
Truck249839,738.0
Truck249989,363.0
Truck249970,411.0
Truck249746,973.0
Truck249796,848.0
Truck249901,589.0
Truck249825,782.0
Truck249908,573.0
Truck249887,633.0
Truck249890,623.0
Truck249897,612.0
Truck249872,673.0
Truck249882,649.0
Truck249906,589.0
Truck249865,698.0
Truck249975,424.0
Truck249938,520.0
Truck249973,435.0
Truck249913,589.0
Truck249951,494.0
Truck249884,660.0
Truck249958,477.0
Truck249927,568.0
Truck249860,743.0
Truck249891,671.0
Truck249912,618.0
Truck249881,700.0
Truck250009,382.0
Truck249931,580.0
Truck249870,731.0
Truck249827,849.0
Truck249920,614.0
Truck249880,715.0
Truck249952,544.0
Truck249844,816.0
Truck249837,841.0
Truck249943,576.0
Truck250000,431.0
Truck249947,567.0
Truck249894,702.0
Truck249948,570.0
Truck249935,608.0
Truck250004,434.0
Truck249997,457.0
Truck249936,624.0
Truck249903,711.0
Truck249934,631.0
Truck249964,556.0
Truck249924,657.0
Truck249932,637.0
Truck249857,831.0
Truck249969,551.0
Truck249966,557.0
Truck249996,482.0
Truck249963,568.0
Truck249967,559.0
Truck249910,701.0
Truck249946,611.0
Truck249959,582.0
Truck249919,690.0
Truck249900,736.0
Truck249941,637.0
Truck249993,509.0
Truck250039,400.0
Truck249944,637.0
Truck249972,573.0
Truck249978,559.0
Truck249984,545.0
Truck250040,406.0
Truck249995,523.0
Truck250031,433.0
Truck249899,765.0
Truck249929,696.0
Truck250022,466.0
Truck249957,634.0
Truck249923,730.0
Truck249971,611.0
Truck249974,601.0
Truck249968,621.0
Truck250046,428.0
Truck249998,549.0
Truck249942,690.0
Truck250008,526.0
Truck250062,391.0
Truck250077,358.0
Truck249922,745.0
Truck249981,602.0
Truck249982,597.0
Truck249962,652.0
Truck249885,851.0
Truck250014,527.0
Truck249994,579.0
Truck249956,675.0
Truck249985,606.0
Truck250001,566.0
Truck250066,402.0
Truck249937,732.0
Truck250024,518.0
Truck250018,538.0
Truck250044,474.0
Truck249983,630.0
Truck249991,610.0
Truck249961,689.0
Truck250005,590.0
Truck250028,530.0
Truck249986,642.0
Truck249949,739.0
Truck249945,751.0
Truck250055,476.0
Truck250013,582.0
Truck249976,675.0
Truck250017,575.0
Truck250064,456.0
Truck250095,383.0
Truck250086,406.0
Truck250103,369.0
Truck250034,542.0
Truck250042,527.0
Truck250002,630.0
Truck249940,792.0
Truck249977,702.0
Truck249988,672.0
Truck250037,557.0
Truck250020,601.0
Truck249999,658.0
Truck250023,599.0
Truck249953,776.0
Truck250035,571.0
Truck250090,432.0
Truck249980,715.0
Truck250068,495.0
Truck250071,490.0
Truck250082,465.0
Truck249992,694.0
Truck250027,610.0
Truck250030,608.0
Truck249960,784.0
Truck250025,629.0
Truck250012,660.0
Truck250120,390.0
Truck250088,473.0
Truck250084,489.0
Truck249979,755.0
Truck250016,660.0
Truck250052,573.0
Truck250092,475.0
Truck250019,667.0
Truck249990,738.0
Truck250047,599.0
Truck250011,692.0
Truck249939,874.0
Truck250036,629.0
Truck250003,716.0
Truck249987,757.0
Truck250032,642.0
Truck250038,634.0
Truck250067,566.0
Truck250006,717.0
Truck250081,532.0
Truck249965,831.0
Truck250110,474.0
Truck249954,865.0
Truck250060,601.0
Truck250141,403.0
Truck250063,603.0
Truck250043,658.0
Truck250159,371.0
Truck250122,462.0
Truck250126,458.0
Truck250021,724.0
Truck250114,490.0
Truck250087,563.0
Truck249950,906.0
Truck250061,631.0
Truck250094,556.0
Truck250033,716.0
Truck250065,641.0
Truck250101,553.0
Truck250106,538.0
Truck250124,497.0
Truck250026,743.0
Truck250085,598.0
Truck250029,741.0
Truck250116,521.0
Truck250147,446.0
Truck250148,443.0
Truck250015,779.0
Truck250059,673.0
Truck250129,499.0
Truck250136,482.0
Truck250010,798.0
Truck250069,653.0
Truck250178,378.0
Truck250102,569.0
Truck250076,635.0
Truck250089,606.0
Truck250050,702.0
Truck250098,584.0
Truck250058,687.0
Truck250135,499.0
Truck250045,726.0
Truck250083,632.0
Truck250149,467.0
Truck250119,549.0
Truck250048,725.0
Truck250093,616.0
Truck250158,451.0
Truck250074,664.0
Truck250041,750.0
Truck250104,593.0
Truck250134,519.0
Truck250168,436.0
Truck250108,590.0
Truck250210,338.0
Truck250080,664.0
Truck250117,575.0
Truck250057,728.0
Truck250112,588.0
Truck250133,539.0
Truck250138,524.0
Truck250056,731.0
Truck250097,633.0
Truck250192,393.0
Truck250049,755.0
Truck250196,387.0
Truck250105,619.0
Truck250172,453.0
Truck250099,640.0
Truck250075,702.0
Truck250156,502.0
Truck250145,536.0
Truck250107,633.0
Truck250111,624.0
Truck250219,358.0
Truck250054,773.0
Truck250072,728.0
Truck250162,504.0
Truck250167,495.0
Truck250164,502.0
Truck250153,537.0
Truck250165,508.0
Truck250123,614.0
Truck250070,745.0
Truck250184,461.0
Truck250053,799.0
Truck250169,510.0
Truck250181,480.0
Truck250206,417.0
Truck250160,534.0
Truck250207,419.0
Truck250245,325.0
Truck250217,399.0
Truck250155,556.0
Truck250109,672.0
Truck250118,648.0
Truck250128,627.0
Truck250073,769.0
Truck250174,517.0
Truck250193,476.0
Truck250233,377.0
Truck250150,588.0
Truck250179,520.0
Truck250100,723.0
Truck250139,634.0
Truck250127,665.0
Truck250171,557.0
Truck250182,527.0
Truck250007,970.0
Truck250175,550.0
Truck250188,515.0
Truck250201,485.0
Truck250132,660.0
Truck250234,410.0
Truck250157,610.0
Truck250121,702.0
Truck250078,809.0
Truck250131,681.0
Truck250140,659.0
Truck250151,635.0
Truck250177,572.0
Truck250113,733.0
Truck250243,408.0
Truck250130,691.0
Truck250161,619.0
Truck250166,613.0
Truck250187,564.0
Truck250213,499.0
Truck250079,835.0
Truck250125,721.0
Truck250154,650.0
Truck250152,657.0
Truck250220,489.0
Truck250198,549.0
Truck250051,922.0
Truck250137,707.0
Truck250236,458.0
Truck250176,610.0
Truck250226,491.0
Truck250197,570.0
Truck250163,656.0
Truck250189,592.0
Truck250252,434.0
Truck250215,531.0
Truck250115,789.0
Truck250091,850.0
Truck250096,840.0
Truck250143,725.0
Truck250142,726.0
Truck250250,456.0
Truck250223,530.0
Truck250225,525.0
Truck250262,436.0
Truck250231,517.0
Truck250246,482.0
Truck250270,423.0
Truck250180,651.0
Truck250191,627.0
Truck250216,562.0
Truck250170,687.0
Truck250271,438.0
Truck250224,554.0
Truck250144,757.0
Truck250146,756.0
Truck250222,567.0
Truck250263,467.0
Truck250248,504.0
Truck250228,555.0
Truck250183,671.0
Truck250186,673.0
Truck250257,501.0
Truck250304,382.0
Truck250227,579.0
Truck250273,464.0
Truck250202,640.0
Truck250218,605.0
Truck250200,651.0
Truck250265,493.0
Truck250292,423.0
Truck250302,401.0
Truck250229,587.0
Truck250268,488.0
Truck250194,678.0
Truck250299,425.0
Truck250318,379.0
Truck250249,557.0
Truck250214,647.0
Truck250195,704.0
Truck250209,670.0
Truck250212,660.0
Truck250221,641.0
Truck250238,597.0
Truck250199,698.0
Truck250253,568.0
Truck250239,604.0
Truck250303,448.0
Truck250311,432.0
Truck250255,590.0
Truck250173,800.0
Truck250185,773.0
Truck250277,543.0
Truck250242,636.0
Truck250274,556.0
Truck250293,514.0
Truck250259,600.0
Truck250278,550.0
Truck250208,727.0
Truck250211,725.0
Truck250301,500.0
Truck250336,410.0
Truck250316,463.0
Truck250256,622.0
Truck250290,543.0
Truck250235,685.0
Truck250287,555.0
Truck250232,694.0
Truck250308,507.0
Truck250320,478.0
Truck250283,575.0
Truck250281,582.0
Truck250322,478.0
Truck250340,438.0
Truck250190,814.0
Truck250289,570.0
Truck250298,546.0
Truck250344,432.0
Truck250266,630.0
Truck250269,625.0
Truck250307,530.0
Truck250204,788.0
Truck250241,699.0
Truck250230,726.0
Truck250288,590.0
Truck250314,533.0
Truck250317,528.0
Truck250326,504.0
Truck250334,488.0
Truck250346,458.0
Truck250315,539.0
Truck250261,676.0
Truck250291,601.0
Truck250355,443.0
Truck250309,560.0
Truck250331,509.0
Truck250205,825.0
Truck250351,464.0
Truck250260,690.0
Truck250327,526.0
Truck250371,417.0
Truck250353,465.0
Truck250360,447.0
Truck250324,540.0
Truck250244,744.0
Truck250319,562.0
Truck250357,467.0
Truck250247,746.0
Truck250285,653.0
Truck250264,708.0
Truck250286,658.0
Truck250254,739.0
Truck250332,546.0
Truck250275,694.0
Truck250390,404.0
Truck250240,780.0
Truck250347,515.0
Truck250294,646.0
Truck250282,677.0
Truck250321,582.0
Truck250203,878.0
Truck250276,696.0
Truck250296,651.0
Truck250295,658.0
Truck250374,463.0
Truck250591,353.0
Truck250568,413.0
Truck250569,449.0
Truck250561,491.0
Truck250590,422.0
Truck250580,463.0
Truck250583,480.0
Truck250564,535.0
Truck250562,560.0
Truck250585,520.0
Truck250592,506.0
Truck250638,392.0
Truck250587,525.0
Truck250613,463.0
Truck250597,507.0
Truck250602,494.0
Truck250631,425.0
Truck250572,572.0
Truck250574,573.0
Truck250608,491.0
Truck250618,469.0
Truck250563,616.0
Truck250573,592.0
Truck250576,582.0
Truck250595,538.0
Truck250577,587.0
Truck250617,487.0
Truck250570,604.0
Truck250596,540.0
Truck250619,490.0
Truck250566,622.0
Truck250640,438.0
Truck250603,536.0
Truck250637,452.0
Truck250625,483.0
Truck250647,432.0
Truck250632,497.0
Truck250610,553.0
Truck250667,416.0
Truck250630,510.0
Truck250565,676.0
Truck250612,558.0
Truck250593,609.0
Truck250605,581.0
Truck250588,622.0
Truck250601,592.0
Truck250614,570.0
Truck250560,706.0
Truck250615,571.0
Truck250642,501.0
Truck250661,464.0
Truck250633,544.0
Truck250620,576.0
Truck250604,617.0
Truck250656,488.0
Truck250582,679.0
Truck250578,691.0
Truck250646,528.0
Truck250671,468.0
Truck250611,619.0
Truck250600,645.0
Truck250688,425.0
Truck250579,701.0
Truck250626,586.0
Truck250609,632.0
Truck250650,527.0
Truck250685,448.0
Truck250669,489.0
Truck250648,544.0
Truck250664,506.0
Truck250665,507.0
Truck250641,569.0
Truck250668,499.0
Truck250607,656.0
Truck250621,621.0
Truck250652,542.0
Truck250636,584.0
Truck250659,529.0
Truck250594,691.0
Truck250616,637.0
Truck250639,583.0
Truck250629,613.0
Truck250666,521.0
Truck250673,507.0
Truck250586,724.0
Truck250672,512.0
Truck250571,768.0
Truck250711,420.0
Truck250663,543.0
Truck250575,764.0
Truck250706,437.0
Truck250624,649.0
Truck250675,538.0
Truck250651,599.0
Truck250660,585.0
Truck250628,667.0
Truck250716,452.0
Truck250724,438.0
Truck250635,666.0
Truck250725,441.0
Truck250581,810.0
Truck250764,350.0
Truck250627,697.0
Truck250721,464.0
Truck250727,451.0
Truck250655,635.0
Truck250703,517.0
Truck250747,408.0
Truck250707,514.0
Truck250689,561.0
Truck250709,512.0
Truck250684,573.0
Truck250733,454.0
Truck250567,871.0
Truck250649,667.0
Truck250606,774.0
Truck250677,602.0
Truck250654,660.0
Truck250701,555.0
Truck250658,661.0
Truck250643,702.0
Truck250748,438.0
Truck250729,491.0
Truck250705,557.0
Truck250743,466.0
Truck250763,418.0
Truck250676,637.0
Truck250738,482.0
Truck250760,427.0
Truck250634,744.0
Truck250657,690.0
Truck250599,836.0
Truck250622,779.0
Truck250715,549.0
Truck250745,482.0
Truck250679,649.0
Truck250817,306.0
Truck250644,738.0
Truck250693,619.0
Truck250598,860.0
Truck250698,613.0
Truck250686,644.0
Truck250718,564.0
Truck250670,685.0
Truck250769,444.0
Truck250678,670.0
Truck250710,596.0
Truck250702,624.0
Truck250690,656.0
Truck250584,922.0
Truck250750,509.0
Truck250782,429.0
Truck250645,775.0
Truck250761,487.0
Truck250734,554.0
Truck250687,676.0
Truck250719,596.0
Truck250800,391.0
Truck250744,532.0
Truck250762,490.0
Truck250736,560.0
Truck250653,772.0
Truck250662,748.0
Truck250682,699.0
Truck250704,647.0
Truck250780,458.0
Truck250731,585.0
Truck250784,450.0
Truck250696,673.0
Truck250589,945.0
Truck250806,401.0
Truck250753,549.0
Truck250751,555.0
Truck250789,461.0
Truck250752,552.0
Truck250723,629.0
Truck250712,655.0
Truck250742,580.0
Truck250674,754.0
Truck250726,624.0
Truck250623,893.0
Truck250739,606.0
Truck250775,521.0
Truck250756,569.0
Truck250776,526.0
Truck250681,769.0
Truck250807,454.0
Truck250694,737.0
Truck250730,647.0
Truck250741,624.0
Truck250746,609.0
Truck250692,749.0
Truck250720,682.0
Truck250758,588.0
Truck250757,595.0
Truck250695,755.0
Truck250794,506.0
Truck250778,551.0
Truck250766,582.0
Truck250708,728.0
Truck250697,759.0
Truck250779,558.0
Truck250732,675.0
Truck250683,804.0
Truck250768,589.0
Truck250700,760.0
Truck250772,583.0
Truck250785,553.0
Truck250714,729.0
Truck250773,585.0
Truck250765,608.0
Truck250792,542.0
Truck250809,502.0
Truck250755,638.0
Truck250770,598.0
Truck250799,528.0
Truck250691,803.0
Truck250833,448.0
Truck250832,449.0
Truck250783,577.0
Truck250822,481.0
Truck250791,562.0
Truck250680,843.0
Truck250861,400.0
Truck250767,648.0
Truck250810,546.0
Truck250804,562.0
Truck250797,583.0
Truck250882,369.0
Truck250846,469.0
Truck250873,404.0
Truck250790,611.0
Truck250735,752.0
Truck250699,844.0
Truck250754,708.0
Truck250728,776.0
Truck250823,541.0
Truck250826,532.0
Truck250862,442.0
Truck250795,614.0
Truck250803,594.0
Truck250871,426.0
Truck250802,602.0
Truck250891,382.0
Truck250870,434.0
Truck250881,409.0
Truck250737,771.0
Truck250717,822.0
Truck250816,572.0
Truck250788,644.0
Truck250805,610.0
Truck250840,520.0
Truck250815,588.0
Truck250894,388.0
Truck250863,470.0
Truck250798,633.0
Truck250801,628.0
Truck250838,534.0
Truck250906,366.0
Truck250898,387.0
Truck250868,465.0
Truck250793,658.0
Truck250849,518.0
Truck250812,616.0
Truck250831,572.0
Truck250839,553.0
Truck250786,684.0
Truck250771,725.0
Truck250843,547.0
Truck250841,554.0
Truck250847,544.0
Truck250811,638.0
Truck250828,595.0
Truck250848,548.0
Truck250787,705.0
Truck250777,732.0
Truck250759,778.0
Truck250796,689.0
Truck250877,490.0
Truck250722,878.0
Truck250749,816.0
Truck250879,494.0
Truck250869,521.0
Truck250820,646.0
Truck250899,452.0
Truck250900,450.0
Truck250865,541.0
Truck250876,511.0
Truck250850,578.0
Truck250880,504.0
Truck250713,929.0
Truck250813,680.0
Truck250875,528.0
Truck250837,624.0
Truck250827,650.0
Truck250844,610.0
Truck250740,874.0
Truck250855,589.0
Truck250887,511.0
Truck250915,442.0
Truck250821,679.0
Truck250897,490.0
Truck250933,406.0
Truck250944,380.0
Truck250859,598.0
Truck250860,596.0
Truck250953,368.0
Truck250913,471.0
Truck250903,501.0
Truck250945,397.0
Truck250829,691.0
Truck250830,691.0
Truck250808,749.0
Truck250852,640.0
Truck250919,478.0
Truck250921,474.0
Truck250930,449.0
Truck250940,425.0
Truck250956,386.0
Truck250883,576.0
Truck250902,528.0
Truck250854,649.0
Truck250924,474.0
Truck250908,515.0
Truck250819,747.0
Truck250834,710.0
Truck250888,575.0
Truck250954,413.0
Truck250836,714.0
Truck250896,564.0
Truck250825,754.0
Truck250941,465.0
Truck250864,657.0
Truck250867,653.0
Truck250774,885.0
Truck250886,605.0
Truck250878,628.0
Truck250885,613.0
Truck250893,593.0
Truck250960,425.0
Truck250950,451.0
Truck250935,497.0
Truck250853,704.0
Truck250927,521.0
Truck250814,803.0
Truck250835,757.0
Truck250932,513.0
Truck250929,528.0
Truck250845,743.0
Truck250911,578.0
Truck250943,498.0
Truck250905,595.0
Truck250967,442.0
Truck250917,568.0
Truck250920,560.0
Truck250781,915.0
Truck250949,496.0
Truck250934,536.0
Truck250951,496.0
Truck250958,476.0
Truck250851,758.0
Truck250999,390.0
Truck250914,602.0
Truck250856,751.0
Truck250890,672.0
Truck250970,474.0
Truck250818,855.0
Truck250824,841.0
Truck250858,759.0
Truck250857,767.0
Truck250895,673.0
Truck250942,561.0
Truck250901,668.0
Truck250923,613.0
Truck250937,578.0
Truck250889,699.0
Truck250916,634.0
Truck250874,740.0
Truck251002,424.0
Truck250931,606.0
Truck250866,769.0
Truck250957,545.0
Truck250938,591.0
Truck250872,761.0
Truck250959,551.0
Truck250981,496.0
Truck250884,738.0
Truck250963,543.0
Truck250976,508.0
Truck250904,690.0
Truck250971,525.0
Truck251014,417.0
Truck250910,684.0
Truck251019,414.0
Truck250939,625.0
Truck250918,677.0
Truck250991,497.0
Truck251003,468.0
Truck250973,546.0
Truck250994,496.0
Truck250974,548.0
Truck250922,681.0
Truck250926,671.0
Truck250984,528.0
Truck250998,493.0
Truck250907,729.0
Truck250979,552.0
Truck250964,598.0
Truck250968,588.0
Truck250952,631.0
Truck250842,907.0
Truck250965,607.0
Truck250969,599.0
Truck251005,512.0
Truck250936,688.0
Truck251032,451.0
Truck250972,605.0
Truck251017,495.0
Truck251028,465.0
Truck251010,513.0
Truck250946,674.0
Truck250925,740.0
Truck250983,596.0
Truck251004,541.0
Truck251008,533.0
Truck251015,522.0
Truck251051,433.0
Truck250989,591.0
Truck251000,562.0
Truck250962,658.0
Truck250892,834.0
Truck251006,549.0
Truck251023,510.0
Truck250928,746.0
Truck250948,696.0
Truck250955,683.0
Truck250982,618.0
Truck250995,588.0
Truck251037,486.0
Truck251022,524.0
Truck251018,535.0
Truck250966,667.0
Truck251027,521.0
Truck250990,612.0
Truck251011,564.0
Truck251044,484.0
Truck251024,539.0
Truck251057,459.0
Truck251059,458.0
Truck250961,713.0
Truck250987,656.0
Truck250978,681.0
Truck250986,661.0
Truck250909,862.0
Truck250985,672.0
Truck250980,683.0
Truck251048,516.0
Truck251104,376.0
Truck251035,554.0
Truck251076,450.0
Truck251012,614.0
Truck251016,604.0
Truck251041,545.0
Truck251071,471.0
Truck251085,442.0
Truck251034,568.0
Truck251031,579.0
Truck251088,437.0
Truck251089,440.0
Truck251058,518.0
Truck251026,600.0
Truck251084,457.0
Truck250993,688.0
Truck251013,641.0
Truck251077,489.0
Truck251083,476.0
Truck251007,675.0
Truck251029,622.0
Truck251070,517.0
Truck251036,612.0
Truck251025,643.0
Truck251072,524.0
Truck250977,766.0
Truck251046,591.0
Truck251052,578.0
Truck251120,408.0
Truck251078,514.0
Truck251061,560.0
Truck251073,530.0
Truck251128,393.0
Truck251086,501.0
Truck251060,567.0
Truck250988,753.0
Truck251064,566.0
Truck251096,493.0
Truck251040,640.0
Truck250992,761.0
Truck251043,637.0
Truck251066,577.0
Truck251131,418.0
Truck250912,967.0
Truck251108,477.0
Truck251047,635.0
Truck251079,558.0
Truck251042,650.0
Truck251081,556.0
Truck250997,767.0
Truck251092,528.0
Truck251039,666.0
Truck251106,498.0
Truck250996,774.0
Truck251056,626.0
Truck251055,633.0
Truck251138,425.0
Truck251090,546.0
Truck251167,360.0
Truck251107,511.0
Truck251111,512.0
Truck251045,680.0
Truck251021,741.0
Truck251049,671.0
Truck251050,667.0
Truck251159,399.0
Truck251030,721.0
Truck251134,462.0
Truck251118,503.0
Truck251148,434.0
Truck251101,556.0
Truck251105,548.0
Truck251145,450.0
Truck251053,682.0
Truck251062,660.0
Truck251087,602.0
Truck251093,592.0
Truck251151,448.0
Truck251147,461.0
Truck251097,587.0
Truck251038,733.0
Truck251115,543.0
Truck251158,444.0
Truck251121,541.0
Truck251068,673.0
Truck251074,661.0
Truck251102,591.0
Truck251116,557.0
Truck251054,716.0
Truck250947,998.0
Truck251113,583.0
Truck251033,784.0
Truck251001,865.0
Truck251152,491.0
Truck251146,509.0
Truck251183,422.0
Truck251141,530.0
Truck251127,566.0
Truck251099,642.0
Truck251126,573.0
Truck251191,418.0
Truck251103,641.0
Truck251020,847.0
Truck251204,389.0
Truck251117,610.0
Truck251125,593.0
Truck251142,548.0
Truck251123,599.0
Truck251150,534.0
Truck251067,748.0
Truck251091,692.0
Truck251100,668.0
Truck251135,584.0
Truck251129,601.0
Truck251132,592.0
Truck251112,645.0
Truck250975,991.0
Truck251202,423.0
Truck251095,694.0
Truck251063,776.0
Truck251082,727.0
Truck251080,733.0
Truck251161,539.0
Truck251009,921.0
Truck251155,557.0
Truck251139,598.0
Truck251163,538.0
Truck251149,578.0
Truck251216,408.0
Truck251114,666.0
Truck251094,718.0
Truck251201,453.0
Truck251140,605.0
Truck251173,526.0
Truck251122,653.0
Truck251143,605.0
Truck251178,517.0
Truck251130,638.0
Truck251075,780.0
Truck251214,431.0
Truck251209,448.0
Truck251175,535.0
Truck251136,631.0
Truck251200,474.0
Truck251230,399.0
Truck251206,460.0
Truck251210,450.0
Truck251184,517.0
Truck251144,618.0
Truck251137,644.0
Truck251189,515.0
Truck251110,716.0
Truck251109,730.0
Truck251193,522.0
Truck251180,556.0
Truck251124,697.0
Truck251098,766.0
Truck251243,407.0
Truck251166,601.0
Truck251188,554.0
Truck251154,645.0
Truck251165,621.0
Truck251211,506.0
Truck251169,615.0
Truck251198,542.0
Truck251199,543.0
Truck251235,457.0
Truck251227,482.0
Truck251218,508.0
Truck251168,635.0
Truck251164,653.0
Truck251174,629.0
Truck251069,898.0
Truck251160,671.0
Truck251194,587.0
Truck251231,502.0
Truck251170,658.0
Truck251213,554.0
Truck251187,620.0
Truck251196,595.0
Truck251182,631.0
Truck251219,543.0
Truck251133,769.0
Truck251208,580.0
Truck251252,471.0
Truck251186,637.0
Truck251197,615.0
Truck251222,551.0
Truck251065,955.0
Truck251181,667.0
Truck251177,681.0
Truck251241,522.0
Truck251271,451.0
Truck251205,620.0
Truck251300,380.0
Truck251258,491.0
Truck251238,542.0
Truck251171,714.0
Truck251237,550.0
Truck251229,572.0
Truck251185,683.0
Truck251225,585.0
Truck251157,757.0
Truck251207,632.0
Truck251172,719.0
Truck251224,589.0
Truck251119,856.0
Truck251195,667.0
Truck251245,546.0
Truck251242,556.0
Truck251268,491.0
Truck251290,436.0
Truck251179,719.0
Truck251232,587.0
Truck251257,531.0
Truck251190,700.0
Truck251262,520.0
Truck251292,447.0
Truck251215,649.0
Truck251288,464.0
Truck251228,619.0
Truck251236,599.0
Truck251295,460.0
Truck251287,481.0
Truck251276,507.0
Truck251311,422.0
Truck251153,818.0
Truck251254,563.0
Truck251269,528.0
Truck251277,510.0
Truck251212,671.0
Truck251253,572.0
Truck251192,724.0
Truck251251,581.0
Truck251233,628.0
Truck251217,670.0
Truck251285,500.0
Truck251281,513.0
Truck251272,534.0
Truck251156,825.0
Truck251286,500.0
Truck251221,666.0
Truck251246,608.0
Truck251261,576.0
Truck251247,613.0
Truck251289,508.0
Truck251267,569.0
Truck251270,568.0
Truck251330,418.0
Truck251176,805.0
Truck251284,539.0
Truck251223,699.0
Truck251291,529.0
Truck251259,610.0
Truck251203,752.0
Truck251220,708.0
Truck251304,498.0
Truck251250,635.0
Truck251264,611.0
Truck251255,648.0
Truck251280,583.0
Truck251265,630.0
Truck251260,645.0
Truck251320,495.0
Truck251294,573.0
Truck251318,514.0
Truck251282,606.0
Truck251308,543.0
Truck251234,733.0
Truck251335,485.0
Truck251239,726.0
Truck251301,573.0
Truck251393,343.0
Truck251244,719.0
Truck251325,519.0
Truck251345,472.0
Truck251310,564.0
Truck251348,477.0
Truck251338,505.0
Truck251327,538.0
Truck251309,584.0
Truck251263,703.0
Truck251374,423.0
Truck251359,464.0
Truck251249,740.0
Truck251319,568.0
Truck251329,544.0
Truck251274,685.0
Truck251278,675.0
Truck251303,620.0
Truck251317,585.0
Truck251266,711.0
Truck251385,416.0
Truck251313,597.0
Truck251401,378.0
Truck251240,779.0
Truck251297,641.0
Truck251354,499.0
Truck251333,559.0
Truck251360,489.0
Truck251344,533.0
Truck251357,503.0
Truck251321,596.0
Truck251299,655.0
Truck251162,1001.0
Truck251384,446.0
Truck251372,479.0
Truck251302,656.0
Truck251298,669.0
Truck251315,629.0
Truck251323,616.0
Truck251334,590.0
Truck251352,546.0
Truck251248,809.0
Truck251336,589.0
Truck251410,410.0
Truck251380,486.0
Truck251256,797.0
Truck251279,743.0
Truck251283,738.0
Truck251363,538.0
Truck251349,578.0
Truck251417,408.0
Truck251275,767.0
Truck251306,691.0
Truck251365,546.0
Truck251392,479.0
Truck251312,683.0
Truck251412,435.0
Truck251387,510.0
Truck251342,622.0
Truck251347,612.0
Truck251409,459.0
Truck251314,696.0
Truck251343,628.0
Truck251346,618.0
Truck251316,695.0
Truck251405,475.0
Truck251305,727.0
Truck251273,818.0
Truck251398,505.0
Truck251428,434.0
Truck251364,595.0
Truck251381,556.0
Truck251351,635.0
Truck251373,585.0
Truck251399,521.0
Truck251339,672.0
Truck251324,708.0
Truck251369,598.0
Truck251296,779.0
Truck251389,550.0
Truck251411,496.0
Truck251400,522.0
Truck251402,522.0
Truck251368,608.0
Truck251226,964.0
Truck251328,709.0
Truck251356,639.0
Truck251444,421.0
Truck251406,520.0
Truck251461,385.0
Truck251358,641.0
Truck251370,611.0
Truck251451,411.0
Truck251459,391.0
Truck251407,523.0
Truck251331,714.0
Truck251353,660.0
Truck251326,727.0
Truck251307,778.0
Truck251388,581.0
Truck251361,652.0
Truck251293,824.0
Truck251467,392.0
Truck251386,599.0
Truck251375,630.0
Truck251341,717.0
Truck251426,502.0
Truck251440,470.0
Truck251332,741.0
Truck251337,737.0
Truck251362,683.0
Truck251419,543.0
Truck251378,646.0
Truck251429,522.0
Truck251447,479.0
Truck251422,542.0
Truck251430,544.0
Truck251465,459.0
Truck251366,706.0
Truck251413,591.0
Truck251395,639.0
Truck251478,431.0
Truck251350,754.0
Truck251404,619.0
Truck251415,594.0
Truck251408,610.0
Truck251442,526.0
Truck251425,576.0
Truck251431,562.0
Truck251452,508.0
Truck251446,534.0
Truck251435,567.0
Truck251390,680.0
Truck251480,455.0
Truck251340,807.0
Truck251322,855.0
Truck251383,705.0
Truck251423,606.0
Truck251397,672.0
Truck251377,727.0
Truck251456,529.0
Truck251443,568.0
Truck251382,724.0
Truck251508,410.0
Truck251439,589.0
Truck251394,707.0
Truck251418,648.0
Truck251416,655.0
Truck251486,481.0
Truck251454,562.0
Truck251455,567.0
Truck251367,790.0
Truck251463,550.0
Truck251477,515.0
Truck251489,487.0
Truck251448,595.0
Truck251355,831.0
Truck251473,536.0
Truck251502,462.0
Truck251472,540.0
Truck251537,380.0
Truck251556,333.0
Truck251432,655.0
Truck251458,592.0
Truck251488,517.0
Truck251470,563.0
Truck251550,364.0
Truck251468,573.0
Truck251438,653.0
Truck251528,432.0
Truck251517,467.0
Truck251483,553.0
Truck251457,620.0
Truck251434,676.0
Truck251484,555.0
Truck251554,382.0
Truck251445,659.0
Truck251449,657.0
Truck251533,447.0
Truck251493,548.0
Truck251501,529.0
Truck251437,690.0
Truck251487,565.0
Truck251469,611.0
Truck251510,506.0
Truck251420,732.0
Truck251396,793.0
Truck251464,623.0
Truck251466,623.0
Truck251525,483.0
Truck251391,821.0
Truck251518,503.0
Truck251520,498.0
Truck251492,570.0
Truck251503,545.0
Truck251453,671.0
Truck251582,351.0
Truck251371,884.0
Truck251498,566.0
Truck251476,622.0
Truck251534,477.0
Truck251379,869.0
Truck251512,537.0
Truck251553,438.0
Truck251471,644.0
Truck251544,461.0
Truck251499,577.0
Truck251433,750.0
Truck251479,637.0
Truck251558,439.0
Truck251594,350.0
Truck251441,736.0
Truck251557,446.0
Truck251548,469.0
Truck251522,536.0
Truck251462,688.0
Truck251511,568.0
Truck251530,519.0
Truck251559,450.0
Truck251427,785.0
Truck251495,618.0
Truck251376,914.0
Truck251450,730.0
Truck251494,621.0
Truck251574,422.0
Truck251546,495.0
Truck251496,621.0
Truck251500,611.0
Truck251475,677.0
Truck251490,639.0
Truck251403,863.0
Truck251572,440.0
Truck251551,496.0
Truck251565,463.0
Truck251521,574.0
Truck251424,816.0
Truck251580,426.0
Truck251460,728.0
Truck251509,610.0
Truck251535,546.0
Truck251514,597.0
Truck251555,499.0
Truck251583,432.0
Truck251523,585.0
Truck251482,686.0
Truck251506,626.0
Truck251536,552.0
Truck251491,669.0
Truck251474,713.0
Truck251421,850.0
Truck251539,555.0
Truck251566,492.0
Truck251586,446.0
Truck251579,468.0
Truck251527,603.0
Truck251414,885.0
Truck251526,611.0
Truck251531,606.0
Truck251607,417.0
Truck251549,567.0
Truck251545,580.0
Truck251481,741.0
Truck251513,664.0
Truck251485,737.0
Truck251543,597.0
Truck251505,695.0
Truck251569,537.0
Truck251497,720.0
Truck251563,555.0
Truck251524,655.0
Truck251571,551.0
Truck251436,891.0
Truck251507,719.0
Truck251532,657.0
Truck251654,357.0
Truck251627,429.0
Truck251515,710.0
Truck251529,677.0
Truck251567,584.0
Truck251593,519.0
Truck251581,550.0
Truck251602,500.0
Truck251568,586.0
Truck251578,565.0
Truck251592,542.0
Truck251608,502.0
Truck251542,673.0
Truck251596,541.0
Truck251576,592.0
Truck251585,572.0
Truck251639,439.0
Truck251584,577.0
Truck251647,423.0
Truck251604,532.0
Truck251635,462.0
Truck251597,567.0
Truck251575,629.0
Truck251590,595.0
Truck251541,727.0
Truck251560,680.0
Truck251587,615.0
Truck251591,608.0
Truck251641,483.0
Truck251637,497.0
Truck251605,579.0
Truck251617,549.0
Truck251603,587.0
Truck251688,375.0
Truck251640,496.0
Truck251547,737.0
Truck251564,693.0
Truck251676,415.0
Truck251552,727.0
Truck251599,612.0
Truck251642,503.0
Truck251658,463.0
Truck251636,520.0
Truck251606,598.0
Truck251577,677.0
Truck251562,716.0
Truck251625,566.0
Truck251708,356.0
Truck251598,633.0
Truck251609,611.0
Truck251540,785.0
Truck251614,600.0
Truck251631,564.0
Truck251561,742.0
Truck251600,642.0
Truck251573,714.0
Truck251610,619.0
Truck251662,489.0
Truck251519,857.0
Truck251615,617.0
Truck251622,597.0
Truck251629,582.0
Truck251516,864.0
Truck251504,901.0
Truck251690,437.0
Truck251648,546.0
Truck251619,622.0
Truck251588,699.0
Truck251589,699.0
Truck251618,626.0
Truck251570,748.0
Truck251685,467.0
Truck251653,549.0
Truck251612,650.0
Truck251624,620.0
Truck251620,646.0
Truck251705,436.0
Truck251621,650.0
Truck251694,468.0
Truck251673,525.0
Truck251677,518.0
Truck251616,671.0
Truck251630,636.0
Truck251634,627.0
Truck251669,544.0
Truck251666,552.0
Truck251538,876.0
Truck251660,571.0
Truck251613,692.0
Truck251702,475.0
Truck251742,375.0
Truck251601,732.0
Truck251646,620.0
Truck251650,613.0
Truck251711,463.0
Truck251704,480.0
Truck251722,437.0
Truck251679,555.0
Truck251633,677.0
Truck251671,588.0
Truck251628,694.0
Truck251655,633.0
Truck251595,786.0
Truck251707,507.0
Truck251652,653.0
Truck251726,471.0
Truck251709,517.0
Truck251748,419.0
Truck251632,710.0
Truck251680,594.0
Truck251664,636.0
Truck251697,557.0
Truck251651,687.0
Truck251649,693.0
Truck251691,595.0
Truck251727,506.0
Truck251656,682.0
Truck251712,543.0
Truck251717,538.0
Truck251782,373.0
Truck251668,661.0
Truck251623,782.0
Truck251733,507.0
Truck251700,588.0
Truck251611,814.0
Truck251667,674.0
Truck251710,564.0
Truck251643,736.0
Truck251719,546.0
Truck251692,612.0
Truck251793,366.0
Truck251716,558.0
Truck251681,649.0
Truck251645,740.0
Truck251659,712.0
Truck251728,537.0
Truck251744,497.0
Truck251657,719.0
Truck251683,654.0
Truck251741,509.0
Truck251765,452.0
Truck251665,703.0
Truck251763,461.0
Truck251674,686.0
Truck251699,626.0
Truck251644,763.0
Truck251730,549.0
Truck251778,429.0
Truck251626,812.0
Truck251638,784.0
Truck251776,448.0
Truck251790,414.0
Truck251718,601.0
Truck251738,553.0
Truck251678,706.0
Truck251682,696.0
Truck251739,556.0
Truck251693,682.0
Truck251754,527.0
Truck251672,734.0
Truck251789,444.0
Truck251687,704.0
Truck251670,748.0
Truck251695,693.0
Truck251811,403.0
Truck251785,469.0
Truck251735,597.0
Truck251839,338.0
Truck251777,494.0
Truck251684,726.0
Truck251724,626.0
Truck251706,676.0
Truck251761,541.0
Truck251703,688.0
Truck251743,588.0
Truck251747,580.0
Truck251713,669.0
Truck251731,628.0
Truck251830,382.0
Truck251714,673.0
Truck251773,533.0
Truck251701,714.0
Truck251757,581.0
Truck251729,653.0
Truck251866,317.0
Truck251752,605.0
Truck251745,629.0
Truck251775,554.0
Truck251832,411.0
Truck251772,562.0
Truck251801,499.0
Truck251869,331.0
Truck251762,597.0
Truck251797,512.0
Truck251686,789.0
Truck251753,632.0
Truck251751,639.0
Truck251781,568.0
Truck251736,683.0
Truck251734,694.0
Truck251768,609.0
Truck251740,688.0
Truck251791,563.0
Truck251698,796.0
Truck251721,744.0
Truck251786,582.0
Truck251689,828.0
Truck251732,719.0
Truck251675,866.0
Truck251796,561.0
Truck251760,653.0
Truck251829,483.0
Truck251833,477.0
Truck251771,633.0
Truck251723,758.0
Truck251805,553.0
Truck251756,676.0
Truck251770,645.0
Truck251852,442.0
Truck251663,918.0
Truck251737,735.0
Truck251802,571.0
Truck251851,452.0
Truck251864,418.0
Truck251767,665.0
Truck251837,490.0
Truck251783,629.0
Truck251826,524.0
Truck251800,590.0
Truck251661,942.0
Truck251816,554.0
Truck251836,505.0
Truck251794,615.0
Truck251803,595.0
Truck251787,636.0
Truck251779,661.0
Truck251827,541.0
Truck251799,616.0
Truck251865,451.0
Truck251842,507.0
Truck251846,497.0
Truck251696,876.0
Truck251862,465.0
Truck251843,521.0
Truck251725,819.0
Truck251888,409.0
Truck251746,766.0
Truck251764,721.0
Truck251817,591.0
Truck251759,739.0
Truck251872,455.0
Truck251720,838.0
Truck251755,755.0
Truck251895,414.0
Truck251841,552.0
Truck251899,410.0
Truck251854,529.0
Truck251795,682.0
Truck251828,597.0
Truck251857,532.0
Truck251774,739.0
Truck251784,714.0
Truck251867,509.0
Truck251861,526.0
Truck251749,811.0
Truck251820,631.0
Truck251809,666.0
Truck251855,551.0
Truck251856,546.0
Truck251848,570.0
Truck251823,637.0
Truck251819,648.0
Truck251885,484.0
Truck251810,673.0
Truck251870,524.0
Truck251886,489.0
Truck251927,390.0
Truck251835,621.0
Truck251925,396.0
Truck251902,453.0
Truck251758,816.0
Truck251769,793.0
Truck251892,485.0
Truck251838,622.0
Truck251893,487.0
Truck251882,513.0
Truck251792,740.0
Truck251891,496.0
Truck251926,406.0
Truck251858,577.0
Truck251821,678.0
Truck251877,541.0
Truck251949,361.0
Truck251840,633.0
Truck251871,562.0
Truck251940,387.0
Truck251715,954.0
Truck251806,727.0
Truck251808,724.0
Truck251818,706.0
Truck251766,837.0
Truck251879,557.0
Truck251918,458.0
Truck251919,458.0
Truck251804,747.0
Truck251860,609.0
Truck251845,650.0
Truck251859,622.0
Truck251907,503.0
Truck251780,820.0
Truck251750,902.0
Truck251831,703.0
Truck251847,663.0
Truck251875,597.0
Truck251873,603.0
Truck251916,494.0
Truck251822,730.0
Truck251881,586.0
Truck251815,753.0
Truck251813,759.0
Truck251788,826.0
Truck251903,544.0
Truck251898,558.0
Truck251942,449.0
Truck251824,754.0
Truck251889,598.0
Truck251938,478.0
Truck251910,556.0
Truck251825,772.0
Truck251876,643.0
Truck251880,634.0
Truck251955,452.0
Truck251936,499.0
Truck251908,571.0
Truck251863,687.0
Truck251928,522.0
Truck251874,659.0
Truck251878,649.0
Truck251913,564.0
Truck251812,819.0
Truck251909,580.0
Truck251849,731.0
Truck251834,768.0
Truck251989,383.0
Truck251906,589.0
Truck251884,646.0
Truck251853,729.0
Truck251972,429.0
Truck251897,621.0
Truck251920,561.0
Truck251961,461.0
Truck251890,637.0
Truck251979,419.0
Truck251941,518.0
Truck251934,534.0
Truck251917,583.0
Truck251999,380.0
Truck251959,481.0
Truck251937,537.0
Truck251914,597.0
Truck251930,558.0
Truck251991,409.0
Truck251960,485.0
Truck251844,778.0
Truck251905,628.0
Truck251994,407.0
Truck251935,558.0
Truck251945,540.0
Truck251975,466.0
Truck251951,529.0
Truck251965,495.0
Truck251932,581.0
Truck251933,582.0
Truck251950,539.0
Truck251883,715.0
Truck251952,550.0
Truck251924,621.0
Truck251904,676.0
Truck251921,636.0
Truck252021,386.0
Truck251956,548.0
Truck251971,514.0
Truck251923,640.0
Truck251894,713.0
Truck251947,590.0
Truck251929,638.0
Truck252015,423.0
Truck251922,655.0
Truck252007,448.0
Truck252009,445.0
Truck251915,681.0
Truck251962,562.0
Truck251807,954.0
Truck251977,532.0
Truck251954,593.0
Truck251948,612.0
Truck251968,565.0
Truck251986,520.0
Truck251814,951.0
Truck251850,862.0
Truck251969,568.0
Truck251868,819.0
Truck251911,716.0
Truck252073,317.0
Truck251887,785.0
Truck251973,570.0
Truck251798,1006.0
Truck251901,753.0
Truck251939,658.0
Truck251988,534.0
Truck251998,510.0
Truck252019,463.0
Truck251943,656.0
Truck251953,631.0
Truck251983,559.0
Truck252023,459.0
Truck252029,445.0
Truck252031,441.0
Truck251900,771.0
Truck251912,743.0
Truck252001,529.0
Truck252010,508.0
Truck251982,580.0
Truck252004,531.0
Truck252034,461.0
Truck251931,722.0
Truck251946,686.0
Truck252000,559.0
Truck251958,666.0
Truck251944,705.0
Truck251974,631.0
Truck251964,657.0
Truck252059,426.0
Truck252022,517.0
Truck252072,395.0
Truck252057,436.0
Truck251967,666.0
Truck251970,661.0
Truck252026,523.0
Truck252055,454.0
Truck251978,648.0
Truck252018,548.0
Truck251957,704.0
Truck252003,589.0
Truck252064,435.0
Truck252025,536.0
Truck251993,617.0
Truck251996,607.0
Truck252006,586.0
Truck251963,697.0
Truck251987,638.0
Truck251992,624.0
Truck252065,444.0
Truck252012,575.0
Truck252049,490.0
Truck251995,629.0
Truck252075,434.0
Truck251990,645.0
Truck252052,496.0
Truck252027,562.0
Truck251984,668.0
Truck251896,889.0
Truck252066,465.0
Truck251997,642.0
Truck252013,602.0
Truck252036,544.0
Truck252062,482.0
Truck252020,590.0
Truck251985,681.0
Truck252017,603.0
Truck252005,634.0
Truck252078,450.0
Truck252054,511.0
Truck251976,719.0
Truck252086,447.0
Truck251980,714.0
Truck252032,588.0
Truck252085,458.0
Truck252016,631.0
Truck252035,589.0
Truck252045,565.0
Truck252002,674.0
Truck252088,466.0
Truck252084,477.0
Truck252041,589.0
Truck251981,741.0
Truck252030,623.0
Truck252033,620.0
Truck252145,340.0
Truck251966,794.0
Truck252061,560.0
Truck252058,567.0
Truck252139,368.0
Truck252051,593.0
Truck252156,332.0
Truck252043,618.0
Truck252080,526.0
Truck252071,560.0
Truck252104,475.0
Truck252095,501.0
Truck252056,597.0
Truck252130,412.0
Truck252128,422.0
Truck252060,597.0
Truck252044,641.0
Truck252081,554.0
Truck252097,514.0
Truck252102,499.0
Truck252117,465.0
Truck252068,587.0
Truck252077,570.0
Truck252096,522.0
Truck252123,459.0
Truck252070,592.0
Truck252100,523.0
Truck252063,622.0
Truck252172,349.0
Truck252050,662.0
Truck252048,668.0
Truck252153,409.0
Truck252037,706.0
Truck252083,592.0
Truck252108,527.0
Truck252106,538.0
Truck252092,575.0
Truck252094,570.0
Truck252014,780.0
Truck252038,723.0
Truck252039,725.0
Truck252144,460.0
Truck252103,567.0
Truck252195,338.0
Truck252069,657.0
Truck252159,437.0
Truck252180,389.0
Truck252122,538.0
Truck252110,569.0
Truck252087,630.0
Truck252042,741.0
Truck252109,578.0
Truck252105,589.0
Truck252143,494.0
Truck252166,435.0
Truck252136,512.0
Truck252098,609.0
Truck252132,527.0
Truck252011,834.0
Truck252177,421.0
Truck252157,474.0
Truck252047,750.0
Truck252147,503.0
Truck252091,649.0
Truck252076,686.0
Truck252182,427.0
Truck252133,553.0
Truck252141,534.0
Truck252190,409.0
Truck252067,720.0
Truck252131,561.0
Truck252149,517.0
Truck252142,533.0
Truck252209,373.0
Truck252053,769.0
Truck252140,550.0
Truck252008,884.0
Truck252151,531.0
Truck252028,837.0
Truck252175,473.0
Truck252116,619.0
Truck252125,600.0
Truck252168,492.0
Truck252174,479.0
Truck252107,651.0
Truck252046,806.0
Truck252079,728.0
Truck252119,630.0
Truck252184,470.0
Truck252216,391.0
Truck252198,438.0
Truck252074,757.0
Truck252024,884.0
Truck252160,545.0
Truck252120,658.0
Truck252090,734.0
Truck252089,741.0
Truck252111,687.0
Truck252169,549.0
Truck252040,875.0
Truck252204,467.0
Truck252225,418.0
Truck252134,644.0
Truck252121,681.0
Truck252127,666.0
Truck252155,602.0
Truck252152,611.0
Truck252224,434.0
Truck252114,711.0
Truck252187,532.0
Truck252138,660.0
Truck252186,542.0
Truck252191,533.0
Truck252137,670.0
Truck252252,381.0
Truck252082,810.0
Truck252162,623.0
Truck252179,585.0
Truck252101,781.0
Truck252189,562.0
Truck252237,444.0
Truck252254,404.0
Truck252185,581.0
Truck252194,558.0
Truck252256,403.0
Truck252233,468.0
Truck252148,682.0
Truck252213,525.0
Truck252235,472.0
Truck252176,620.0
Truck252262,412.0
Truck252210,549.0
Truck252163,670.0
Truck252126,764.0
Truck252146,716.0
Truck252203,576.0
Truck252113,804.0
Truck252167,673.0
Truck252150,717.0
Truck252211,567.0
Truck252178,653.0
Truck252202,593.0
Truck252297,360.0
Truck252207,590.0
Truck252181,656.0
Truck252249,486.0
Truck252221,558.0
Truck252236,519.0
Truck252112,832.0
Truck252192,632.0
Truck252242,517.0
Truck252099,882.0
Truck252164,718.0
Truck252173,698.0
Truck252217,597.0
Truck252193,658.0
Truck252214,603.0
Truck252135,804.0
Truck252255,508.0
Truck252093,915.0
Truck252188,681.0
Truck252234,568.0
Truck252231,579.0
Truck252239,559.0
Truck252161,755.0
Truck252171,731.0
Truck252321,368.0
Truck252115,884.0
Truck252208,650.0
Truck252307,407.0
Truck252183,721.0
Truck252118,885.0
Truck252279,487.0
Truck252222,628.0
Truck252272,510.0
Truck252246,576.0
Truck252268,523.0
Truck252196,710.0
Truck252223,649.0
Truck252285,496.0
Truck252309,438.0
Truck252282,504.0
Truck252229,640.0
Truck252215,676.0
Truck252124,902.0
Truck252288,492.0
Truck252251,590.0
Truck252241,617.0
Truck252250,598.0
Truck252165,816.0
Truck252257,588.0
Truck252253,599.0
Truck252289,509.0
Truck252265,570.0
Truck252154,846.0
Truck252200,734.0
Truck252261,585.0
Truck252274,553.0
Truck252228,669.0
Truck252212,710.0
Truck252287,527.0
Truck252316,453.0
Truck252230,670.0
Truck252280,547.0
Truck252170,823.0
Truck252220,699.0
Truck252263,599.0
Truck252339,410.0
Truck252206,741.0
Truck252314,471.0
Truck252199,764.0
Truck252244,653.0
Truck252259,619.0
Truck252327,450.0
Truck252260,627.0
Truck252197,789.0
Truck252267,616.0
Truck252205,774.0
Truck252218,739.0
Truck252226,724.0
Truck252158,895.0
Truck252269,623.0
Truck252336,453.0
Truck252317,504.0
Truck252232,716.0
Truck252281,599.0
Truck252284,592.0
Truck252201,803.0
Truck252227,740.0
Truck252275,620.0
Truck252292,575.0
Truck252129,987.0
Truck252299,566.0
Truck252293,584.0
Truck252325,504.0
Truck252306,554.0
Truck252342,464.0
Truck252245,712.0
Truck252219,778.0
Truck252271,648.0
Truck252320,523.0
Truck252396,333.0
Truck252340,477.0
Truck252305,570.0
Truck252258,687.0
Truck252295,597.0
Truck252266,677.0
Truck252363,439.0
Truck252302,595.0
Truck252374,426.0
Truck252238,767.0
Truck252357,473.0
Truck252273,687.0
Truck252373,439.0
Truck252381,420.0
Truck252277,682.0
Truck252369,454.0
Truck252243,772.0
Truck252350,505.0
Truck252291,658.0
Truck252397,394.0
Truck252364,475.0
Truck252312,606.0
Truck252330,563.0
Truck252367,475.0
Truck252335,556.0
Truck252344,531.0
Truck252365,482.0
Truck252326,579.0
Truck252240,795.0
Truck252351,521.0
Truck252362,493.0
Truck252356,513.0
Truck252278,711.0
Truck252283,701.0
Truck252294,671.0
Truck252394,421.0
Truck252296,668.0
Truck252276,721.0
Truck252311,636.0
Truck252401,413.0
Truck252333,584.0
Truck252379,471.0
Truck252318,623.0
Truck252310,650.0
Truck252354,540.0
Truck252301,677.0
Truck252360,527.0
Truck252270,753.0
Truck252380,478.0
Truck252399,436.0
Truck252315,648.0
Truck252298,689.0
Truck252370,509.0
Truck252391,461.0
Truck252337,601.0
Truck252331,618.0
Truck252346,579.0
Truck252384,491.0
Truck252290,729.0
Truck252428,392.0
Truck252378,518.0
Truck252319,669.0
Truck252304,708.0
Truck252376,532.0
Truck252300,730.0
Truck252383,529.0
Truck252264,829.0
Truck252382,537.0
Truck252386,527.0
Truck252303,738.0
Truck252358,599.0
Truck252347,632.0
Truck252355,613.0
Truck252393,522.0
Truck252392,523.0
Truck252371,582.0
Truck252345,650.0
Truck252348,643.0
Truck252432,435.0
Truck252388,548.0
Truck252414,484.0
Truck252375,592.0
Truck252447,415.0
Truck252324,723.0
Truck252368,615.0
Truck252308,769.0
Truck252349,670.0
Truck252423,487.0
Truck252323,739.0
Truck252405,534.0
Truck252408,528.0
Truck252413,518.0
Truck252404,539.0
Truck252248,930.0
Truck252329,740.0
Truck252465,402.0
Truck252286,853.0
Truck252402,563.0
Truck252451,443.0
Truck252400,576.0
Truck252430,503.0
Truck252412,552.0
Truck252410,560.0
Truck252247,972.0
Truck252436,498.0
Truck252424,529.0
Truck252426,527.0
Truck252478,397.0
Truck252431,519.0
Truck252389,626.0
Truck252313,821.0
Truck252359,709.0
Truck252449,487.0
Truck252444,501.0
Truck252352,733.0
Truck252434,528.0
Truck252479,418.0
Truck252411,592.0
Truck252433,537.0
Truck252332,791.0
Truck252334,787.0
Truck252445,521.0
Truck252421,589.0
Truck252435,554.0
Truck252441,544.0
Truck252454,510.0
Truck252438,551.0
Truck252338,806.0
Truck252353,771.0
Truck252409,631.0
Truck252484,442.0
Truck252427,589.0
Truck252417,616.0
Truck252442,551.0
Truck252328,838.0
Truck252385,698.0
Truck252390,684.0
Truck252463,510.0
Truck252475,484.0
Truck252387,709.0
Truck252366,760.0
Truck252420,625.0
Truck252466,511.0
Truck252514,397.0
Truck252343,828.0
Truck252452,553.0
Truck252322,880.0
Truck252398,700.0
Truck252455,562.0
Truck252472,518.0
Truck252448,579.0
Truck252508,441.0
Truck252419,670.0
Truck252361,819.0
Truck252443,616.0
Truck252453,593.0
Truck252480,524.0
Truck252494,490.0
Truck252467,562.0
Truck252505,467.0
Truck252513,447.0
Truck252429,666.0
Truck252403,735.0
Truck252477,554.0
Truck252526,435.0
Truck252406,736.0
Truck252481,551.0
Truck252487,537.0
Truck252440,653.0
Truck252457,613.0
Truck252500,503.0
Truck252525,444.0
Truck252528,434.0
Truck252450,631.0
Truck252439,663.0
Truck252497,519.0
Truck252495,529.0
Truck252425,706.0
Truck252446,651.0
Truck252372,837.0
Truck252422,713.0
Truck252491,543.0
Truck252536,432.0
Truck252474,591.0
Truck252488,563.0
Truck252415,757.0
Truck252458,650.0
Truck252533,468.0
Truck252470,625.0
Truck252341,954.0
Truck252395,821.0
Truck252462,652.0
Truck252516,527.0
Truck252471,643.0
Truck252407,805.0
Truck252489,604.0
Truck252473,646.0
Truck252542,474.0
Truck252499,588.0
Truck252496,597.0
Truck252545,477.0
Truck252527,529.0
Truck252468,679.0
Truck252485,644.0
Truck252552,488.0
Truck252461,719.0
Truck252437,780.0
Truck252573,444.0
Truck252571,451.0
Truck252567,462.0
Truck252581,427.0
Truck252503,623.0
Truck252509,611.0
Truck252498,650.0
Truck252493,666.0
Truck252506,631.0
Truck252524,587.0
Truck252510,623.0
Truck252460,749.0
Truck252522,594.0
Truck252598,406.0
Truck252521,602.0
Truck252416,864.0
Truck252588,434.0
Truck252546,543.0
Truck252492,679.0
Truck252534,574.0
Truck252563,507.0
Truck252557,523.0
Truck252483,709.0
Truck252507,649.0
Truck252464,759.0
Truck252501,671.0
Truck252535,589.0
Truck252562,522.0
Truck252515,644.0
Truck252377,992.0
Truck252456,794.0
Truck252554,549.0
Truck252418,895.0
Truck252543,589.0
Truck252512,665.0
Truck252519,650.0
Truck252577,505.0
Truck252578,500.0
Truck252589,476.0
Truck252520,651.0
Truck252529,631.0
Truck252593,473.0
Truck252569,534.0
Truck252476,769.0
Truck252579,517.0
Truck252469,797.0
Truck252559,572.0
Truck252502,713.0
Truck252608,452.0
Truck252504,713.0
Truck252486,761.0
Truck252537,636.0
Truck252596,487.0
Truck252604,471.0
Truck252576,544.0
Truck252620,436.0
Truck252532,658.0
Truck252630,415.0
Truck252641,391.0
Truck252565,583.0
Truck252541,648.0
Truck252530,675.0
Truck252553,621.0
Truck252539,666.0
Truck252574,576.0
Truck252602,507.0
Truck252551,639.0
Truck252570,589.0
Truck252624,457.0
Truck252600,518.0
Truck252564,610.0
Truck252609,500.0
Truck252490,797.0
Truck252548,653.0
Truck252560,628.0
Truck252549,659.0
Truck252590,554.0
Truck252568,613.0
Truck252561,635.0
Truck252654,402.0
Truck252606,523.0
Truck252629,468.0
Truck252544,679.0
Truck252540,694.0
Truck252572,615.0
Truck252632,465.0
Truck252459,904.0
Truck252547,692.0
Truck252575,622.0
Truck252583,608.0
Truck252555,680.0
Truck252623,510.0
Truck252594,581.0
Truck252636,476.0
Truck252531,749.0
Truck252631,503.0
Truck252582,624.0
Truck252518,786.0
Truck252667,418.0
Truck252657,450.0
Truck252592,613.0
Truck252603,592.0
Truck252626,541.0
Truck252650,481.0
Truck252586,644.0
Truck252671,434.0
Truck252550,738.0
Truck252619,571.0
Truck252610,592.0
Truck252538,773.0
Truck252635,535.0
Truck252482,917.0
Truck252605,615.0
Truck252661,475.0
Truck252584,667.0
Truck252704,372.0
Truck252677,443.0
Truck252615,600.0
Truck252517,846.0
Truck252638,541.0
Truck252672,456.0
Truck252566,723.0
Truck252597,649.0
Truck252658,494.0
Truck252556,756.0
Truck252617,612.0
Truck252649,543.0
Truck252684,461.0
Truck252634,587.0
Truck252595,691.0
Truck252655,543.0
Truck252644,574.0
Truck252621,636.0
Truck252719,392.0
Truck252612,658.0
Truck252652,559.0
Truck252607,680.0
Truck252599,705.0
Truck252587,739.0
Truck252613,676.0
Truck252523,903.0
Truck252642,607.0
Truck252707,448.0
Truck252669,544.0
Truck252676,524.0
Truck252585,755.0
Truck252683,511.0
Truck252653,587.0
Truck252511,946.0
Truck252627,656.0
Truck252674,540.0
Truck252716,438.0
Truck252558,834.0
Truck252643,624.0
Truck252660,583.0
Truck252679,539.0
Truck252611,718.0
Truck252651,621.0
Truck252734,411.0
Truck252692,520.0
Truck252703,497.0
Truck252625,694.0
Truck252637,666.0
Truck252695,532.0
Truck252697,527.0
Truck252662,616.0
Truck252710,496.0
Truck252647,661.0
Truck252616,740.0
Truck252640,689.0
Truck252622,736.0
Truck252730,473.0
Truck252725,490.0
Truck252580,855.0
Truck252749,435.0
Truck252733,478.0
Truck252663,654.0
Truck252700,559.0
Truck252686,600.0
Truck252648,697.0
Truck252748,449.0
Truck252751,445.0
Truck252591,846.0
Truck252673,641.0
Truck252720,521.0
Truck252601,823.0
Truck252799,330.0
Truck252645,716.0
Truck252759,431.0
Truck252717,539.0
Truck252729,510.0
Truck252739,492.0
Truck252750,462.0
Truck252680,638.0
Truck252618,796.0
Truck252639,746.0
Truck252723,537.0
Truck252711,569.0
Truck252709,575.0
Truck252665,686.0
Truck252690,621.0
Truck252664,687.0
Truck252738,503.0
Truck252628,780.0
Truck252689,633.0
Truck252681,654.0
Truck252646,740.0
Truck252675,670.0
Truck252721,565.0
Truck252727,550.0
Truck252754,487.0
Truck252746,509.0
Truck252668,706.0
Truck252722,576.0
Truck252793,403.0
Truck252656,750.0
Truck252784,430.0
Truck252752,511.0
Truck252742,537.0
Truck252666,728.0
Truck252797,407.0
Truck252706,633.0
Truck252772,468.0
Truck252708,638.0
Truck252614,876.0
Truck252678,716.0
Truck252736,577.0
Truck252688,698.0
Truck252735,585.0
Truck252809,404.0
Truck252763,521.0
Truck252756,537.0
Truck252765,519.0
Truck252776,489.0
Truck252633,850.0
Truck252701,680.0
Truck252712,652.0
Truck252715,647.0
Truck252783,477.0
Truck252755,549.0
Truck252726,620.0
Truck252682,731.0
Truck252696,697.0
Truck252745,579.0
Truck252699,695.0
Truck252747,584.0
Truck252796,460.0
Truck252713,673.0
Truck252702,700.0
Truck252698,711.0
Truck252743,602.0
Truck252802,457.0
Truck252714,684.0
Truck252762,565.0
Truck252761,573.0
Truck252775,540.0
Truck252805,465.0
Truck252760,577.0
Truck252781,529.0
Truck252691,761.0
Truck252693,756.0
Truck252782,531.0
Truck252767,572.0
Truck252769,569.0
Truck252790,521.0
Truck252823,441.0
Truck252830,423.0
Truck252724,690.0
Truck252741,650.0
Truck252770,579.0
Truck252740,656.0
Truck252801,508.0
Truck252737,670.0
Truck252687,797.0
Truck252789,549.0
Truck252800,524.0
Truck252792,547.0
Truck252837,438.0
Truck252832,449.0
Truck252773,602.0
Truck252728,717.0
Truck252685,833.0
Truck252771,620.0
Truck252694,813.0
Truck252804,538.0
Truck252822,493.0
Truck252876,360.0
Truck252794,575.0
Truck252774,627.0
Truck252818,520.0
Truck252815,531.0
Truck252895,332.0
Truck252864,409.0
Truck252786,613.0
Truck252768,661.0
Truck252844,471.0
Truck252732,754.0
Truck252798,590.0
Truck252778,643.0
Truck252897,349.0
Truck252659,948.0
Truck252820,547.0
Truck252824,537.0
Truck252828,532.0
Truck252791,628.0
Truck252795,620.0
Truck252777,667.0
Truck252875,422.0
Truck252907,345.0
Truck252854,476.0
Truck252840,512.0
Truck252808,593.0
Truck252803,609.0
Truck252825,557.0
Truck252766,705.0
Truck252787,660.0
Truck252833,546.0
Truck252821,577.0
Truck252839,535.0
Truck252788,661.0
Truck252882,427.0
Truck252879,444.0
Truck252853,510.0
Truck252878,448.0
Truck252764,734.0
Truck252873,466.0
Truck252847,534.0
Truck252779,711.0
Truck252866,493.0
Truck252829,590.0
Truck252816,621.0
Truck252758,767.0
Truck252757,774.0
Truck252861,517.0
Truck252831,602.0
Truck252871,504.0
Truck252850,564.0
Truck252851,564.0
Truck252916,401.0
Truck252836,606.0
Truck252891,471.0
Truck252813,668.0
Truck252780,750.0
Truck252812,675.0
Truck252819,660.0
Truck252856,567.0
Truck252843,607.0
Truck252884,505.0
Truck252785,757.0
Truck252845,607.0
Truck252881,521.0
Truck252852,595.0
Truck252841,628.0
Truck252670,1054.0
Truck252807,717.0
Truck252859,587.0
Truck252753,853.0
Truck252811,708.0
Truck252869,564.0
Truck252842,630.0
Truck252858,592.0
Truck252848,625.0
Truck252718,954.0
Truck252933,419.0
Truck252910,476.0
Truck252827,688.0
Truck252903,500.0
Truck252893,526.0
Truck252731,932.0
Truck252919,465.0
Truck252874,576.0
Truck252883,556.0
Truck252835,677.0
Truck252904,507.0
Truck252826,707.0
Truck252880,574.0
Truck252855,640.0
Truck252817,737.0
Truck252705,1019.0
Truck252890,554.0
Truck252906,519.0
Truck252900,535.0
Truck252862,632.0
Truck252872,607.0
Truck252863,636.0
Truck252860,649.0
Truck252888,580.0
Truck252899,556.0
Truck252810,779.0
Truck252912,529.0
Truck252973,379.0
Truck252931,487.0
Truck252814,778.0
Truck252886,603.0
Truck252898,573.0
Truck252927,509.0
Truck252806,812.0
Truck252744,969.0
Truck252885,621.0
Truck252917,543.0
Truck252892,607.0
Truck252924,531.0
Truck252930,517.0
Truck252928,524.0
Truck252889,628.0
Truck252969,430.0
Truck252929,532.0
Truck252920,561.0
Truck253005,354.0
Truck252932,548.0
Truck252926,566.0
Truck252894,648.0
Truck252987,421.0
Truck252868,719.0
Truck252949,526.0
Truck252939,553.0
Truck252887,685.0
Truck252934,568.0
Truck252901,655.0
Truck252918,610.0
Truck252988,438.0
Truck252942,555.0
Truck252914,626.0
Truck252946,549.0
Truck253026,351.0
Truck252961,521.0
Truck252857,782.0
Truck252968,503.0
Truck252991,449.0
Truck252982,470.0
Truck252976,486.0
Truck252915,644.0
Truck252955,547.0
Truck252977,497.0
Truck252922,634.0
Truck252947,575.0
Truck252950,565.0
Truck252952,563.0
Truck252962,539.0
Truck252921,647.0
Truck252938,604.0
Truck252944,595.0
Truck252967,540.0
Truck252846,845.0
Truck252993,484.0
Truck252838,873.0
Truck252902,713.0
Truck252992,489.0
Truck252925,661.0
Truck252943,617.0
Truck252970,547.0
Truck252909,707.0
Truck252985,517.0
Truck253015,442.0
Truck252935,646.0
Truck252948,611.0
Truck253027,416.0
Truck252941,633.0
Truck252870,809.0
Truck252951,610.0
Truck252981,535.0
Truck252940,636.0
Truck252965,576.0
Truck252937,648.0
Truck252953,609.0
Truck252958,594.0
Truck252989,523.0
Truck252956,607.0
Truck252865,839.0
Truck252996,513.0
Truck252834,921.0
Truck252849,887.0
Truck252978,566.0
Truck252974,580.0
Truck252923,713.0
Truck252966,613.0
Truck253037,446.0
Truck253056,396.0
Truck253059,391.0
Truck253018,495.0
Truck252997,554.0
Truck252936,705.0
Truck252908,778.0
Truck253064,390.0
Truck252957,665.0
Truck252963,650.0
Truck253072,379.0
Truck253011,538.0
Truck253008,546.0
Truck253054,434.0
Truck252877,888.0
Truck252964,673.0
Truck253041,485.0
Truck253042,481.0
Truck252994,602.0
Truck252972,659.0
Truck252896,854.0
Truck253012,564.0
Truck253028,528.0
Truck253076,408.0
Truck253006,584.0
Truck252960,701.0
Truck253044,493.0
Truck253007,590.0
Truck253067,443.0
Truck252905,850.0
Truck252983,657.0
Truck253024,552.0
Truck252945,757.0
Truck253053,487.0
Truck253022,567.0
Truck253029,552.0
Truck253014,589.0
Truck253114,341.0
Truck253038,532.0
Truck253050,508.0
Truck253046,522.0
Truck252979,695.0
Truck252984,680.0
Truck253039,545.0
Truck253055,507.0
Truck253004,639.0
Truck253069,485.0
Truck252999,664.0
Truck253031,587.0
Truck253090,438.0
Truck253068,494.0
Truck252980,718.0
Truck253079,476.0
Truck252913,892.0
Truck252911,898.0
Truck253021,623.0
Truck253000,676.0
Truck252959,783.0
Truck253001,678.0
Truck253081,483.0
Truck253019,639.0
Truck252971,762.0
Truck253123,395.0
Truck253063,547.0
Truck253016,667.0
Truck253045,599.0
Truck252995,730.0
Truck253034,639.0
Truck253082,520.0
Truck253061,579.0
Truck253057,592.0
Truck253002,728.0
Truck253075,548.0
Truck253070,561.0
Truck253052,607.0
Truck253128,417.0
Truck253077,549.0
Truck253066,575.0
Truck253113,460.0
Truck253107,478.0
Truck253025,685.0
Truck252986,781.0
Truck253141,396.0
Truck253043,642.0
Truck253150,375.0
Truck253013,722.0
Truck253078,558.0
Truck252954,869.0
Truck253100,507.0
Truck253010,738.0
Truck252998,772.0
Truck253098,523.0
Truck253086,554.0
Truck253062,620.0
Truck253119,484.0
Truck253131,455.0
Truck253023,729.0
Truck253112,505.0
Truck253080,587.0
Truck253108,517.0
Truck252867,1124.0
Truck253065,629.0
Truck253049,671.0
Truck253017,754.0
Truck253071,626.0
Truck253102,546.0
Truck253129,486.0
Truck253145,451.0
Truck253088,593.0
Truck253110,539.0
Truck253035,735.0
Truck253047,705.0
Truck253197,337.0
Truck253003,823.0
Truck253134,494.0
Truck253091,608.0
Truck253106,568.0
Truck253163,430.0
Truck253009,819.0
Truck253073,660.0
Truck253157,452.0
Truck253162,438.0
Truck253104,586.0
Truck253144,492.0
Truck253058,708.0
Truck253146,491.0
Truck253103,602.0
Truck253030,785.0
Truck253033,780.0
Truck253136,527.0
Truck252990,895.0
Truck253192,390.0
Truck253126,556.0
Truck253097,635.0
Truck253115,590.0
Truck253120,581.0
Truck253125,571.0
Truck253087,669.0
Truck253158,489.0
Truck253036,795.0
Truck253085,676.0
Truck253093,659.0
Truck252975,955.0
Truck253095,657.0
Truck253051,770.0
Truck253185,435.0
Truck253160,497.0
Truck253148,533.0
Truck253155,520.0
Truck253084,701.0
Truck253147,548.0
Truck253234,333.0
Truck253151,544.0
Truck253138,576.0
Truck253172,492.0
Truck253133,596.0
Truck253156,536.0
Truck253048,807.0
Truck253020,881.0
Truck253184,474.0
Truck253168,516.0
Truck253206,424.0
Truck253096,701.0
Truck253221,394.0
Truck253032,865.0
Truck253187,481.0
Truck253173,518.0
Truck253233,370.0
Truck253109,682.0
Truck253135,618.0
Truck253142,605.0
Truck253116,671.0
Truck253215,428.0
Truck253176,525.0
Truck253127,651.0
Truck253089,747.0
Truck253143,620.0
Truck253099,731.0
Truck253170,555.0
Truck253132,653.0
Truck253083,781.0
Truck253111,714.0
Truck253101,741.0
Truck253139,647.0
Truck253188,531.0
Truck253074,818.0
Truck253224,446.0
Truck253194,524.0
Truck253092,780.0
Truck253178,565.0
Truck253195,525.0
Truck253230,436.0
Truck253231,436.0
Truck253199,521.0
Truck253040,917.0
Truck253171,594.0
Truck253094,788.0
Truck253140,673.0
Truck253218,483.0
Truck253229,458.0
Truck253167,614.0
Truck253232,452.0
Truck253180,584.0
Truck253253,408.0
Truck253121,740.0
Truck253149,673.0
Truck253210,522.0
Truck253190,576.0
Truck253152,679.0
Truck253217,519.0
Truck253189,592.0
Truck253137,725.0
Truck253261,415.0
Truck253154,685.0
Truck253223,522.0
Truck253216,538.0
Truck253159,684.0
Truck253124,770.0
Truck253200,584.0
Truck253226,519.0
Truck253219,542.0
Truck253179,646.0
Truck253060,949.0
Truck253201,599.0
Truck253456,411.0
Truck253445,479.0
Truck253470,427.0
Truck253468,452.0
Truck253449,515.0
Truck253462,489.0
Truck253464,500.0
Truck253459,525.0
Truck253452,546.0
Truck253521,377.0
Truck253479,491.0
Truck253458,551.0
Truck253461,547.0
Truck253528,383.0
Truck253463,550.0
Truck253487,494.0
Truck253451,592.0
Truck253500,477.0
Truck253454,595.0
Truck253473,552.0
Truck253471,558.0
Truck253480,533.0
Truck253502,478.0
Truck253506,469.0
Truck253467,572.0
Truck253444,631.0
Truck253457,605.0
Truck253486,531.0
Truck253472,571.0
Truck253485,543.0
Truck253443,652.0
Truck253453,635.0
Truck253483,565.0
Truck253441,674.0
Truck253498,533.0
Truck253448,660.0
Truck253547,419.0
Truck253447,671.0
Truck253478,593.0
Truck253513,521.0
Truck253525,497.0
Truck253482,603.0
Truck253518,514.0
Truck253550,434.0
Truck253564,401.0
Truck253465,652.0
Truck253514,530.0
Truck253489,598.0
Truck253494,589.0
Truck253576,384.0
Truck253534,492.0
Truck253440,732.0
Truck253446,717.0
Truck253475,647.0
Truck253491,609.0
Truck253546,469.0
Truck253503,580.0
Truck253481,643.0
Truck253517,554.0
Truck253542,489.0
Truck253511,570.0
Truck253442,742.0
Truck253492,618.0
Truck253509,579.0
Truck253522,550.0
Truck253460,709.0
Truck253488,643.0
Truck253584,404.0
Truck253590,394.0
Truck253497,633.0
Truck253520,574.0
Truck253531,549.0
Truck253508,606.0
Truck253455,748.0
Truck253527,568.0
Truck253557,493.0
Truck253555,501.0
Truck253556,496.0
Truck253544,528.0
Truck253565,479.0
Truck253484,682.0
Truck253474,712.0
Truck253469,730.0
Truck253501,656.0
Truck253490,684.0
Truck253505,649.0
Truck253558,524.0
Truck253593,445.0
Truck253639,335.0
Truck253476,744.0
Truck253496,694.0
Truck253519,642.0
Truck253539,593.0
Truck253507,677.0
Truck253523,637.0
Truck253592,463.0
Truck253524,636.0
Truck253569,530.0
Truck253571,537.0
Truck253553,586.0
Truck253450,842.0
Truck253538,625.0
Truck253495,736.0
Truck253504,713.0
Truck253551,599.0
Truck253526,661.0
Truck253604,466.0
Truck253530,653.0
Truck253545,618.0
Truck253477,794.0
Truck253605,476.0
Truck253613,458.0
Truck253541,639.0
Truck253535,656.0
Truck253588,521.0
Truck253595,506.0
Truck253601,491.0
Truck253581,542.0
Truck253583,538.0
Truck253529,674.0
Truck253552,616.0
Truck253620,449.0
Truck253533,671.0
Truck253616,466.0
Truck253629,441.0
Truck253632,431.0
Truck253466,849.0
Truck253549,657.0
Truck253617,492.0
Truck253537,697.0
Truck253561,638.0
Truck253532,710.0
Truck253554,657.0
Truck253493,814.0
Truck253666,382.0
Truck253633,468.0
Truck253536,709.0
Truck253585,592.0
Truck253566,639.0
Truck253574,619.0
Truck253603,553.0
Truck253512,780.0
Truck253607,551.0
Truck253630,492.0
Truck253560,671.0
Truck253577,634.0
Truck253628,506.0
Truck253567,663.0
Truck253510,807.0
Truck253568,663.0
Truck253643,479.0
Truck253516,796.0
Truck253580,636.0
Truck253578,642.0
Truck253624,529.0
Truck253515,805.0
Truck253591,616.0
Truck253622,538.0
Truck253602,590.0
Truck253562,691.0
Truck253600,602.0
Truck253682,397.0
Truck253614,571.0
Truck253579,665.0
Truck253615,576.0
Truck253675,430.0
Truck253540,766.0
Truck253635,531.0
Truck253642,517.0
Truck253645,515.0
Truck253656,485.0
Truck253657,485.0
Truck253572,699.0
Truck253606,615.0
Truck253659,486.0
Truck253654,498.0
Truck253611,612.0
Truck253686,423.0
Truck253548,772.0
Truck253627,577.0
Truck253701,392.0
Truck253573,714.0
Truck253570,723.0
Truck253594,663.0
Truck253610,626.0
Truck253638,557.0
Truck253543,798.0
Truck253618,610.0
Truck253599,661.0
Truck253664,498.0
Truck253647,544.0
Truck253598,667.0
Truck253689,445.0
Truck253612,640.0
Truck253626,609.0
Truck253575,740.0
Truck253650,552.0
Truck253723,373.0
Truck253608,659.0
Truck253609,659.0
Truck253729,360.0
Truck253648,562.0
Truck253597,694.0
Truck253662,531.0
Truck253661,537.0
Truck253596,698.0
Truck253671,517.0
Truck253676,502.0
Truck253586,730.0
Truck253669,527.0
Truck253663,544.0
Truck253625,640.0
Truck253677,510.0
Truck253587,744.0
Truck253636,623.0
Truck253651,589.0
Truck253670,539.0
Truck253589,745.0
Truck253641,616.0
Truck253712,436.0
Truck253623,663.0
Truck253646,610.0
Truck253667,560.0
Truck253707,466.0
Truck253737,392.0
Truck253710,459.0
Truck253730,415.0
Truck253703,486.0
Truck253696,503.0
Truck253720,446.0
Truck253499,1005.0
Truck253740,400.0
Truck253644,643.0
Truck253619,710.0
Truck253621,715.0
Truck253652,635.0
Truck253673,585.0
Truck253693,536.0
Truck253672,589.0
Truck253658,625.0
Truck253708,501.0
Truck253680,574.0
Truck253634,692.0
Truck253631,711.0
Truck253559,892.0
Truck253582,834.0
Truck253640,694.0
Truck253718,500.0
Truck253713,516.0
Truck253665,642.0
Truck253709,535.0
Truck253683,601.0
Truck253637,724.0
Truck253754,429.0
Truck253781,364.0
Truck253719,522.0
Truck253691,593.0
Truck253649,700.0
Truck253694,587.0
Truck253660,673.0
Truck253681,624.0
Truck253721,525.0
Truck253653,701.0
Truck253733,507.0
Truck253679,647.0
Truck253776,403.0
Truck253742,493.0
Truck253687,634.0
Truck253702,596.0
Truck253688,633.0
Truck253705,595.0
Truck253711,581.0
Truck253732,527.0
Truck253734,522.0
Truck253736,524.0
Truck253722,560.0
Truck253783,410.0
Truck253563,961.0
Truck253668,703.0
Truck253747,513.0
Truck253784,420.0
Truck253757,491.0
Truck253745,525.0
Truck253684,676.0
Truck253810,363.0
Truck253716,599.0
Truck253725,584.0
Truck253697,655.0
Truck253717,606.0
Truck253655,762.0
Truck253777,457.0
Truck253674,717.0
Truck253765,497.0
Truck253814,375.0
Truck253706,653.0
Truck253795,434.0
Truck253700,671.0
Truck253714,642.0
Truck253692,701.0
Truck253749,566.0
Truck253752,556.0
Truck253773,511.0
Truck253791,466.0
Truck253789,485.0
Truck253753,577.0
Truck253763,554.0
Truck253785,500.0
Truck253793,480.0
Truck253799,466.0
Truck253727,648.0
Truck253758,568.0
Truck253695,731.0
Truck253824,407.0
Truck253741,623.0
Truck253790,504.0
Truck253811,454.0
Truck253819,438.0
Truck253854,350.0
Truck253744,627.0
Truck253805,479.0
Truck253850,365.0
Truck253802,486.0
Truck253778,548.0
Truck253806,480.0
Truck253760,597.0
Truck253698,754.0
Truck253724,690.0
Truck253764,594.0
Truck253715,720.0
Truck253853,376.0
Truck253830,433.0
Truck253797,521.0
Truck253748,646.0
Truck253833,436.0
Truck253769,604.0
Truck253759,630.0
Truck253780,576.0
Truck253813,496.0
Truck253762,625.0
Truck253800,533.0
Truck253751,661.0
Truck253704,779.0
Truck253699,797.0
Truck253803,537.0
Truck253775,616.0
Truck253798,558.0
Truck253768,635.0
Truck253739,714.0
Truck253822,504.0
Truck253678,869.0
Truck253750,695.0
Truck253812,541.0
Truck253774,648.0
Truck253787,620.0
Truck253807,570.0
Truck253690,864.0
Truck253771,665.0
Truck253825,537.0
Truck253731,773.0
Truck253827,534.0
Truck253832,519.0
Truck253843,496.0
Truck253837,513.0
Truck253782,654.0
Truck253743,756.0
Truck253804,602.0
Truck253815,580.0
Truck253766,708.0
Truck253728,806.0
Truck253761,727.0
Truck253808,608.0
Truck253836,539.0
Truck253685,923.0
Truck253809,618.0
Truck253788,671.0
Truck253828,573.0
Truck253878,457.0
Truck253875,471.0
Truck253834,572.0
Truck253862,503.0
Truck253823,605.0
Truck253856,522.0
Truck253844,553.0
Truck253829,598.0
Truck253726,854.0
Truck253845,560.0
Truck253842,567.0
Truck253817,634.0
Truck253864,514.0
Truck253868,510.0
Truck253852,555.0
Truck253840,591.0
Truck253770,769.0
Truck253860,548.0
Truck253839,606.0
Truck253891,477.0
Truck253847,590.0
Truck253801,708.0
Truck253851,584.0
Truck253897,469.0
Truck253738,868.0
Truck253831,638.0
Truck253887,498.0
Truck253772,784.0
Truck253826,651.0
Truck253756,828.0
Truck253796,729.0
Truck253746,855.0
Truck253792,740.0
Truck253735,890.0
Truck253919,431.0
Truck253865,571.0
Truck253907,466.0
Truck253867,568.0
Truck253855,605.0
Truck253892,511.0
Truck253923,437.0
Truck253935,411.0
Truck253794,763.0
Truck253874,569.0
Truck253913,481.0
Truck253846,647.0
Truck253858,617.0
Truck253767,851.0
Truck253841,667.0
Truck253755,883.0
Truck253900,520.0
Truck253879,577.0
Truck253944,414.0
Truck253849,658.0
Truck253861,631.0
Truck253869,611.0
Truck253908,522.0
Truck253910,518.0
Truck253779,849.0
Truck253820,746.0
Truck253870,621.0
Truck253942,442.0
Truck253886,596.0
Truck253936,473.0
Truck253786,851.0
Truck253866,652.0
Truck253877,628.0
Truck253848,700.0
Truck253881,620.0
Truck253931,498.0
Truck253895,589.0
Truck253943,472.0
Truck253898,583.0
Truck253884,619.0
Truck253821,780.0
Truck253885,627.0
Truck253838,744.0
Truck253963,438.0
Truck253883,639.0
Truck253946,487.0
Truck253896,613.0
Truck253894,621.0
Truck253915,576.0
Truck253991,388.0
Truck253973,436.0
Truck253928,549.0
Truck253890,648.0
Truck253941,528.0
Truck253930,554.0
Truck253888,660.0
Truck253872,701.0
Truck253947,516.0
Truck253957,491.0
Truck253876,692.0
Truck253937,545.0
Truck253889,666.0
Truck253911,613.0
Truck253816,849.0
Truck253899,644.0
Truck253880,692.0
Truck253965,482.0
Truck253933,564.0
Truck253904,640.0
Truck253929,582.0
Truck253818,860.0
Truck253952,527.0
Truck253918,613.0
Truck253859,764.0
Truck253960,510.0
Truck253983,458.0
Truck253835,829.0
Truck253920,615.0
Truck253945,558.0
Truck253903,664.0
Truck253948,556.0
Truck253968,506.0
Truck253873,747.0
Truck253938,588.0
Truck253912,656.0
Truck253914,656.0
Truck254004,434.0
Truck253863,796.0
Truck253925,642.0
Truck253882,748.0
Truck253906,689.0
Truck253902,701.0
Truck253932,630.0
Truck253924,660.0
Truck253961,570.0
Truck253939,627.0
Truck253997,485.0
Truck253857,837.0
Truck253949,607.0
Truck254025,419.0
Truck253927,667.0
Truck254032,411.0
Truck253901,744.0
Truck253986,529.0
Truck253988,524.0
Truck253966,581.0
Truck253987,534.0
Truck254024,441.0
Truck253970,583.0
Truck253989,538.0
Truck254027,449.0
Truck253959,620.0
Truck253871,843.0
Truck253974,584.0
Truck253962,616.0
Truck253977,581.0
Truck253999,526.0
Truck254011,507.0
Truck253926,720.0
Truck253981,585.0
Truck254007,523.0
Truck254035,454.0
Truck253893,810.0
Truck254042,436.0
Truck254002,537.0
Truck253950,668.0
Truck254009,525.0
Truck254031,470.0
Truck253909,776.0
Truck253921,753.0
Truck253964,643.0
Truck253976,615.0
Truck253993,576.0
Truck253978,618.0
Truck253958,674.0
Truck253980,619.0
Truck253992,590.0
Truck253951,696.0
Truck253971,654.0
Truck254049,464.0
Truck253934,751.0
Truck253985,627.0
Truck254008,567.0
Truck253922,785.0
Truck253994,606.0
Truck254015,560.0
Truck254029,528.0
Truck253956,709.0
Truck253955,716.0
Truck253996,613.0
Truck253916,818.0
Truck253969,694.0
Truck253917,826.0
Truck254081,417.0
Truck253954,733.0
Truck254003,615.0
Truck254034,535.0
Truck254092,394.0
Truck253905,866.0
Truck254059,490.0
Truck254023,581.0
Truck254061,486.0
Truck253979,692.0
Truck254048,517.0
Truck254000,638.0
Truck254064,481.0
Truck253967,731.0
Truck254012,617.0
Truck253940,799.0
Truck254005,639.0
Truck254078,459.0
Truck253975,722.0
Truck253995,672.0
Truck254028,589.0
Truck254021,614.0
Truck254058,520.0
Truck254046,552.0
Truck254016,637.0
Truck254014,645.0
Truck254052,552.0
Truck254018,638.0
Truck254074,498.0
Truck254044,574.0
Truck254072,505.0
Truck254045,577.0
Truck254069,521.0
Truck254006,679.0
Truck254041,594.0
Truck253972,770.0
Truck254054,567.0
Truck254010,680.0
Truck254110,432.0
Truck254013,683.0
Truck254036,624.0
Truck253982,762.0
Truck254050,599.0
Truck254109,454.0
Truck254112,444.0
Truck254037,635.0
Truck254075,543.0
Truck254104,468.0
Truck254057,592.0
Truck254040,633.0
Truck254118,439.0
Truck254020,686.0
Truck254060,588.0
Truck254062,590.0
Truck254085,538.0
Truck254086,536.0
Truck254116,463.0
Truck254098,513.0
Truck254001,759.0
Truck254017,719.0
Truck253984,800.0
Truck254038,671.0
Truck254079,571.0
Truck254119,471.0
Truck254130,441.0
Truck254043,662.0
Truck254091,544.0
Truck254089,552.0
Truck254053,648.0
Truck254026,715.0
Truck254019,736.0
Truck254129,462.0
Truck254155,397.0
Truck254106,518.0
Truck254070,609.0
Truck254051,661.0
Truck254071,614.0
Truck253990,819.0
Truck254088,576.0
Truck254077,608.0
Truck254067,635.0
Truck254083,595.0
Truck254063,652.0
Truck254102,554.0
Truck254030,738.0
Truck254121,516.0
Truck253998,824.0
Truck254065,664.0
Truck254073,645.0
Truck254033,751.0
Truck254056,691.0
Truck254108,565.0
Truck254097,597.0
Truck254095,603.0
Truck254039,745.0
Truck254084,630.0
Truck254100,594.0
Truck254103,590.0
Truck254022,791.0
Truck254173,418.0
Truck254076,660.0
Truck254127,535.0
Truck254186,385.0
Truck254175,417.0
Truck254142,499.0
Truck254153,474.0
Truck254087,658.0
Truck254133,545.0
Truck254082,676.0
Truck254144,523.0
Truck254174,450.0
Truck254099,642.0
Truck254236,304.0
Truck254165,485.0
Truck254068,729.0
Truck254125,591.0
Truck254066,737.0
Truck254195,419.0
Truck253953,1031.0
Truck254047,798.0
Truck254113,638.0
Truck254191,443.0
Truck254158,529.0
Truck254093,695.0
Truck254094,690.0
Truck254145,568.0
Truck254172,499.0
Truck254135,597.0
Truck254160,533.0
Truck254177,493.0
Truck254136,596.0
Truck254096,706.0
Truck254105,686.0
Truck254128,626.0
Truck254107,689.0
Truck254139,609.0
Truck254168,537.0
Truck254202,452.0
Truck254146,593.0
Truck254148,590.0
Truck254227,395.0
Truck254134,627.0
Truck254171,538.0
Truck254199,470.0
Truck254187,501.0
Truck254180,517.0
Truck254080,769.0
Truck254147,605.0
Truck254122,666.0
Truck254055,837.0
Truck254114,694.0
Truck254196,498.0
Truck254120,692.0
Truck254181,542.0
Truck254250,367.0
Truck254132,663.0
Truck254159,599.0
Truck254150,623.0
Truck254210,485.0
Truck254124,701.0
Truck254115,728.0
Truck254143,659.0
Truck254231,442.0
Truck254169,602.0
Truck254222,467.0
Truck254170,599.0
Truck254123,720.0
Truck254189,555.0
Truck254163,621.0
Truck254241,429.0
Truck254101,787.0
Truck254151,662.0
Truck254090,815.0
Truck254225,480.0
Truck254117,751.0
Truck254182,586.0
Truck254212,514.0
Truck254256,404.0
Truck254224,488.0
Truck254131,725.0
Truck254157,660.0
Truck254167,635.0
Truck254258,405.0
Truck254178,607.0
Truck254249,437.0
Truck254176,622.0
Truck254215,530.0
Truck254141,721.0
Truck254190,596.0
Truck254214,538.0
Truck254140,727.0
Truck254152,699.0
Truck254271,404.0
Truck254137,741.0
Truck254192,601.0
Truck254257,445.0
Truck254154,701.0
Truck254223,533.0
Truck254111,815.0
Truck254218,545.0
Truck254149,723.0
Truck254226,529.0
Truck254197,607.0
Truck254209,577.0
Truck254213,567.0
Truck254211,575.0
Truck254305,343.0
Truck254263,449.0
Truck254138,760.0
Truck254206,591.0
Truck254207,591.0
Truck254239,512.0
Truck254200,611.0
Truck254156,723.0
Truck254251,488.0
Truck254255,481.0
Truck254185,661.0
Truck254230,547.0
Truck254126,809.0
Truck254216,586.0
Truck254161,729.0
Truck254184,670.0
Truck254235,545.0
Truck254232,552.0
Truck254246,520.0
Truck254237,547.0
Truck254179,703.0
Truck254204,640.0
Truck254294,420.0
Truck254259,511.0
Truck254228,588.0
Truck254219,616.0
Truck254245,554.0
Truck254284,462.0
Truck254308,404.0
Truck254297,440.0
Truck254242,576.0
Truck254268,511.0
Truck254208,667.0
Truck254253,557.0
Truck254277,497.0
Truck254240,592.0
Truck254203,690.0
Truck254273,515.0
Truck254221,648.0
Truck254238,603.0
Truck254217,659.0
Truck254318,406.0
Truck254252,577.0
Truck254254,573.0
Truck254317,420.0
Truck254248,592.0
Truck254220,663.0
Truck254164,808.0
Truck254286,503.0
Truck254295,486.0
Truck254243,618.0
Truck254247,611.0
Truck254325,416.0
Truck254166,813.0
Truck254322,423.0
Truck254290,510.0
Truck254201,736.0
Truck254194,754.0
Truck254301,497.0
Truck254188,783.0
Truck254262,609.0
Truck254279,569.0
Truck254291,540.0
Truck254162,861.0
Truck254285,557.0
Truck254330,444.0
Truck254282,567.0
Truck254314,487.0
Truck254326,464.0
Truck254306,516.0
Truck254349,416.0
Truck254293,559.0
Truck254229,720.0
Truck254233,710.0
Truck254344,434.0
Truck254287,581.0
Truck254272,617.0
Truck254270,624.0
Truck254331,474.0
Truck254323,497.0
Truck254296,563.0
Truck254244,695.0
Truck254276,615.0
Truck254280,605.0
Truck254278,620.0
Truck254269,647.0
Truck254292,587.0
Truck254375,382.0
Truck254193,838.0
Truck254327,505.0
Truck254355,436.0
Truck254321,523.0
Truck254183,869.0
Truck254324,518.0
Truck254329,509.0
Truck254274,651.0
Truck254266,675.0
Truck254299,596.0
Truck254302,586.0
Truck254334,517.0
Truck254312,574.0
Truck254275,673.0
Truck254260,709.0
Truck254352,484.0
Truck254335,534.0
Truck254304,615.0
Truck254288,662.0
Truck254379,438.0
Truck254310,614.0
Truck254373,459.0
Truck254362,490.0
Truck254342,543.0
Truck254345,539.0
Truck254415,373.0
Truck254365,501.0
Truck254357,523.0
Truck254376,475.0
Truck254300,667.0
Truck254309,648.0
Truck254340,569.0
Truck254343,568.0
Truck254298,680.0
Truck254351,552.0
Truck254311,656.0
Truck254354,546.0
Truck254369,511.0
Truck254404,424.0
Truck254377,495.0
Truck254205,930.0
Truck254339,599.0
Truck254371,520.0
Truck254261,798.0
Truck254338,604.0
Truck254353,571.0
Truck254384,495.0
Truck254267,794.0
Truck254307,694.0
Truck254320,663.0
Truck254346,599.0
Truck254383,509.0
Truck254234,883.0
Truck254388,501.0
Truck254264,812.0
Truck254337,633.0
Truck254368,554.0
Truck254387,510.0
Truck254265,817.0
Truck254370,554.0
Truck254319,686.0
Truck254347,618.0
Truck254367,569.0
Truck254356,602.0
Truck254198,998.0
Truck254328,674.0
Truck254366,584.0
Truck254332,671.0
Truck254410,476.0
Truck254360,604.0
Truck254378,561.0
Truck254358,613.0
Truck254397,519.0
Truck254289,790.0
Truck254409,493.0
Truck254283,810.0
Truck254402,511.0
Truck254483,313.0
Truck254403,517.0
Truck254315,739.0
Truck254341,680.0
Truck254381,580.0
Truck254393,550.0
Truck254303,781.0
Truck254389,572.0
Truck254363,641.0
Truck254405,539.0
Truck254392,570.0
Truck254380,601.0
Truck254420,501.0
Truck254336,715.0
Truck254400,558.0
Truck254364,651.0
Truck254411,538.0
Truck254372,634.0
Truck254361,665.0
Truck254401,572.0
Truck254414,537.0
Truck254385,615.0
Truck254382,622.0
Truck254386,623.0
Truck254333,760.0
Truck254422,537.0
Truck254374,665.0
Truck254417,561.0
Truck254486,387.0
Truck254359,714.0
Truck254511,345.0
Truck254436,531.0
Truck254408,610.0
Truck254391,656.0
Truck254469,465.0
Truck254390,662.0
Truck254434,552.0
Truck254395,653.0
Truck254443,535.0
Truck254412,611.0
Truck254455,508.0
Truck254444,538.0
Truck254446,535.0
Truck254448,532.0
Truck254416,613.0
Truck254440,553.0
Truck254406,642.0
Truck254482,452.0
Truck254398,672.0
Truck254435,582.0
Truck254497,428.0
Truck254508,398.0
Truck254396,685.0
Truck254281,976.0
Truck254520,376.0
Truck254438,582.0
Truck254428,609.0
Truck254316,890.0
Truck254423,627.0
Truck254449,562.0
Truck254490,460.0
Truck254474,501.0
Truck254464,528.0
Truck254504,430.0
Truck254459,547.0
Truck254407,680.0
Truck254413,667.0
Truck254470,526.0
Truck254499,457.0
Truck254394,723.0
Truck254399,719.0
Truck254473,534.0
Truck254432,637.0
Truck254514,436.0
Truck254447,611.0
Truck254313,947.0
Truck254430,655.0
Truck254484,522.0
Truck254427,670.0
Truck254424,676.0
Truck254439,641.0
Truck254461,589.0
Truck254442,635.0
Truck254476,550.0
Truck254489,525.0
Truck254529,426.0
Truck254481,548.0
Truck254510,477.0
Truck254467,589.0
Truck254453,625.0
Truck254533,427.0
Truck254350,887.0
Truck254471,589.0
Truck254479,570.0
Truck254418,723.0
Truck254541,418.0
Truck254463,619.0
Truck254507,509.0
Truck254494,541.0
Truck254431,706.0
Truck254462,627.0
Truck254498,537.0
Truck254419,739.0
Truck254501,534.0
Truck254496,552.0
Truck254441,696.0
Truck254509,528.0
Truck254521,498.0
Truck254348,931.0
Truck254505,544.0
Truck254528,484.0
Truck254571,380.0
Truck254478,613.0
Truck254460,662.0
Truck254525,502.0
Truck254539,472.0
Truck254451,693.0
Truck254598,324.0
Truck254516,530.0
Truck254527,507.0
Truck254495,588.0
Truck254468,654.0
Truck254506,560.0
Truck254503,572.0
Truck254546,462.0
Truck254466,663.0
Truck254532,498.0
Truck254517,543.0
Truck254512,554.0
Truck254561,434.0
Truck254475,654.0
Truck254536,502.0
Truck254488,624.0
Truck254500,596.0
Truck254445,740.0
Truck254548,480.0
Truck254579,407.0
Truck254550,478.0
Truck254493,630.0
Truck254426,799.0
Truck254437,774.0
Truck254576,428.0
Truck254573,440.0
Truck254523,566.0
Truck254450,748.0
Truck254433,800.0
Truck254429,811.0
Truck254543,527.0
Truck254592,409.0
Truck254421,840.0
Truck254566,479.0
Truck254569,475.0
Truck254621,346.0
Truck254555,519.0
Truck254589,435.0
Truck254425,846.0
Truck254457,773.0
Truck254606,398.0
Truck254594,430.0
Truck254480,716.0
Truck254487,706.0
Truck254472,742.0
Truck254518,629.0
Truck254458,782.0
Truck254519,635.0
Truck254540,584.0
Truck254577,496.0
Truck254502,685.0
Truck254530,615.0
Truck254564,530.0
Truck254531,617.0
Truck254553,562.0
Truck254537,605.0
Truck254522,642.0
Truck254565,549.0
Truck254583,504.0
Truck254454,826.0
Truck254526,646.0
Truck254567,547.0
Truck254456,826.0
Truck254524,660.0
Truck254614,437.0
Truck254534,641.0
Truck254465,821.0
Truck254545,621.0
Truck254615,446.0
Truck254617,442.0
Truck254585,525.0
Truck254597,498.0
Truck254452,863.0
Truck254515,710.0
Truck254549,625.0
Truck254513,716.0
Truck254547,631.0
Truck254600,496.0
Truck254570,572.0
Truck254588,529.0
Truck254626,435.0
Truck254558,610.0
Truck254492,778.0
Truck254609,502.0
Truck254636,432.0
Truck254535,688.0
Truck254572,593.0
Truck254584,568.0
Truck254538,685.0
Truck254580,583.0
Truck254622,484.0
Truck254678,347.0
Truck254557,657.0
Truck254477,860.0
Truck254559,659.0
Truck254601,554.0
Truck254556,665.0
Truck254544,703.0
Truck254574,631.0
Truck254591,592.0
Truck254593,596.0
Truck254552,698.0
Truck254605,568.0
Truck254554,694.0
Truck254663,426.0
Truck254607,568.0
Truck254491,859.0
Truck254485,876.0
Truck254627,521.0
Truck254581,638.0
Truck254599,593.0
Truck254650,469.0
Truck254619,551.0
Truck254635,512.0
Truck254638,503.0
Truck254560,699.0
Truck254634,519.0
Truck254575,672.0
Truck254612,578.0
Truck254642,505.0
Truck254629,544.0
Truck254623,560.0
Truck254659,483.0
Truck254662,474.0
Truck254596,643.0
Truck254624,574.0
Truck254578,692.0
Truck254590,662.0
Truck254613,609.0
Truck254603,639.0
Truck254582,691.0
Truck254595,662.0
Truck254616,609.0
Truck254632,572.0
Truck254542,799.0
Truck254602,650.0
Truck254637,567.0
Truck254660,509.0
Truck254676,469.0
Truck254645,552.0
Truck254628,598.0
Truck254700,425.0
Truck254664,516.0
Truck254648,557.0
Truck254604,668.0
Truck254641,579.0
Truck254673,499.0
Truck254608,661.0
Truck254646,566.0
Truck254710,406.0
Truck254680,482.0
Truck254653,553.0
Truck254562,779.0
Truck254657,546.0
Truck254670,517.0
Truck254563,788.0
Truck254586,730.0
Truck254685,485.0
Truck254693,467.0
Truck254699,452.0
Truck254687,483.0
Truck254639,606.0
Truck254667,538.0
Truck254551,829.0
Truck254587,740.0
Truck254669,536.0
Truck254692,476.0
Truck254630,636.0
Truck254709,443.0
Truck254649,594.0
Truck254683,513.0
Truck254703,469.0
Truck254651,600.0
Truck254753,347.0
Truck254568,815.0
Truck254718,443.0
Truck254682,538.0
Truck254668,574.0
Truck254742,389.0
Truck254729,425.0
Truck254728,426.0
Truck254671,574.0
Truck254640,650.0
Truck254690,525.0
Truck254666,588.0
Truck254679,558.0
Truck254737,413.0
Truck254618,710.0
Truck254677,565.0
Truck254702,502.0
Truck254715,474.0
Truck254704,502.0
Truck254681,565.0
Truck254738,427.0
Truck254707,511.0
Truck254625,718.0
Truck254631,706.0
Truck254750,407.0
Truck254654,648.0
Truck254610,760.0
Truck254731,470.0
Truck254655,661.0
Truck254708,530.0
Truck254695,571.0
Truck254747,442.0
Truck254644,698.0
Truck254684,598.0
Truck254719,513.0
Truck254732,484.0
Truck254723,511.0
Truck254766,411.0
Truck254762,424.0
Truck254691,607.0
Truck254705,573.0
Truck254746,469.0
Truck254675,654.0
Truck254633,764.0
Truck254688,631.0
Truck254780,403.0
Truck254769,437.0
Truck254611,835.0
Truck254686,647.0
Truck254717,572.0
Truck254764,456.0
Truck254643,764.0
Truck254720,569.0
Truck254740,519.0
Truck254744,512.0
Truck254711,602.0
Truck254734,546.0
Truck254757,491.0
Truck254674,701.0
Truck254749,517.0
Truck254656,753.0
Truck254736,553.0
Truck254647,783.0
Truck254665,738.0
Truck254803,394.0
Truck254661,763.0
Truck254755,531.0
Truck254724,608.0
Truck254689,701.0
Truck254722,616.0
Truck254658,777.0
Truck254760,527.0
Truck254748,558.0
Truck254808,409.0
Truck254698,685.0
Truck254796,444.0
Truck254745,578.0
Truck254765,530.0
Truck254752,564.0
Truck254767,530.0
Truck254761,550.0
Truck254754,566.0
Truck254768,534.0
Truck254781,505.0
Truck254712,676.0
Truck254802,454.0
Truck254804,459.0
Truck254756,584.0
Truck254743,623.0
Truck254770,554.0
Truck254779,537.0
Truck254775,549.0
Truck254815,449.0
Truck254822,431.0
Truck254725,677.0
Truck254776,547.0
Truck254714,705.0
Truck254726,676.0
Truck254706,727.0
Truck254772,568.0
Truck254774,563.0
Truck254801,499.0
Truck254701,754.0
Truck254791,531.0
Truck254794,521.0
Truck254730,684.0
Truck254848,394.0
Truck254831,441.0
Truck254713,737.0
Truck254652,889.0
Truck254739,675.0
Truck254814,485.0
Truck254819,481.0
Truck254763,622.0
Truck254840,429.0
Truck254751,656.0
Truck254697,793.0
Truck254790,561.0
Truck254696,800.0
Truck254777,605.0
Truck254857,405.0
Truck254783,594.0
Truck254778,605.0
Truck254721,753.0
Truck254806,541.0
Truck254759,664.0
Truck254782,607.0
Truck254672,884.0
Truck254807,550.0
Truck254786,603.0
Truck254853,446.0
Truck254832,497.0
Truck254812,550.0
Truck254773,652.0
Truck254733,754.0
Truck254771,663.0
Truck254826,524.0
Truck254694,861.0
Truck254827,531.0
Truck254852,467.0
Truck254842,498.0
Truck254787,640.0
Truck254828,535.0
Truck254869,436.0
Truck254861,457.0
Truck254829,539.0
Truck254716,821.0
Truck254818,566.0
Truck254856,471.0
Truck254785,657.0
Truck254800,624.0
Truck254758,736.0
Truck254841,531.0
Truck254838,543.0
Truck254844,528.0
Truck254809,619.0
Truck254892,409.0
Truck254904,382.0
Truck254741,797.0
Truck254817,614.0
Truck254793,682.0
Truck254872,482.0
Truck254870,488.0
Truck254926,355.0
Truck254881,472.0
Truck254727,860.0
Truck254788,706.0
Truck254893,447.0
Truck254810,654.0
Truck254795,695.0
Truck254735,847.0
Truck254917,392.0
Truck254784,724.0
Truck254816,644.0
Truck254876,499.0
Truck254805,684.0
Truck254871,520.0
Truck254799,701.0
Truck254855,564.0
Truck254859,555.0
Truck254867,541.0
Truck254866,542.0
Truck254883,504.0
Truck254813,684.0
Truck254846,602.0
Truck254863,563.0
Truck254620,1169.0
Truck254854,588.0
Truck254885,514.0
Truck254843,626.0
Truck254873,552.0
Truck254875,548.0
Truck254797,745.0
Truck254864,577.0
Truck254789,771.0
Truck254792,764.0
Truck254858,601.0
Truck254897,506.0
Truck254811,723.0
Truck254823,694.0
Truck254847,647.0
Truck254849,645.0
Truck254886,555.0
Truck254889,552.0
Truck254860,624.0
Truck254839,682.0
Truck254821,731.0
Truck254920,493.0
Truck254833,716.0
Truck254862,648.0
Truck254834,720.0
Truck254882,601.0
Truck254912,529.0
Truck254948,439.0
Truck254903,558.0
Truck254930,489.0
Truck254830,741.0
Truck254939,471.0
Truck254845,707.0
Truck254896,578.0
Truck254878,634.0
Truck254879,636.0
Truck254891,609.0
Truck254825,776.0
Truck254890,618.0
Truck254924,533.0
Truck254932,517.0
Truck254959,453.0
Truck254865,689.0
Truck254895,614.0
Truck254934,517.0
Truck254824,793.0
Truck254850,729.0
Truck254836,767.0
Truck254902,602.0
Truck254961,460.0
Truck254982,405.0
Truck254906,597.0
Truck254977,423.0
Truck254914,579.0
Truck254927,552.0
Truck254933,546.0
Truck254971,451.0
Truck254953,499.0
Truck254835,795.0
Truck254899,635.0
Truck254947,520.0
Truck254936,551.0
Truck254851,767.0
Truck254963,487.0
Truck254950,519.0
Truck254798,900.0
Truck254951,520.0
Truck254820,851.0
Truck254987,437.0
Truck254928,583.0
Truck254918,612.0
Truck254884,698.0
Truck254972,479.0
Truck254888,690.0
Truck254868,749.0
Truck254916,629.0
Truck254937,582.0
Truck255021,372.0
Truck254925,614.0
Truck254988,454.0
Truck254837,835.0
Truck254874,744.0
Truck254952,549.0
Truck254880,734.0
Truck254940,585.0
Truck254913,663.0
Truck254923,639.0
Truck254915,660.0
Truck254945,586.0
Truck255038,354.0
Truck254941,601.0
Truck254946,588.0
Truck254908,684.0
Truck254978,511.0
Truck254931,632.0
Truck254956,567.0
Truck254979,512.0
Truck254911,684.0
Truck254901,713.0
Truck254877,775.0
Truck254909,695.0
Truck255049,347.0
Truck254900,718.0
Truck254935,634.0
Truck254974,541.0
Truck255008,461.0
Truck254981,533.0
Truck254949,614.0
Truck255042,379.0
Truck255012,455.0
Truck254994,504.0
Truck255029,422.0
Truck254942,640.0
Truck254980,547.0
Truck254894,766.0
Truck254966,586.0
Truck254975,567.0
Truck254921,705.0
Truck254968,586.0
Truck254973,577.0
Truck254938,665.0
Truck254910,738.0
Truck254907,755.0
Truck255005,512.0
Truck254944,664.0
Truck254996,535.0
Truck254969,607.0
Truck254919,735.0
Truck255025,475.0
Truck254922,735.0
Truck254997,552.0
Truck254992,563.0
Truck255020,494.0
Truck254887,832.0
Truck254964,641.0
Truck254984,591.0
Truck254955,668.0
Truck254970,628.0
Truck254989,586.0
Truck254960,658.0
Truck254954,679.0
Truck255030,493.0
Truck255010,544.0
Truck255016,532.0
Truck255023,517.0
Truck255050,450.0
Truck254943,721.0
Truck255057,438.0
Truck254962,682.0
Truck254983,634.0
Truck255032,510.0
Truck255004,585.0
Truck254976,656.0
Truck254991,621.0
Truck255068,429.0
Truck254986,635.0
Truck254957,712.0
Truck255014,567.0
Truck255001,605.0
Truck254898,861.0
Truck255027,555.0
Truck255011,596.0
Truck255007,613.0
Truck255015,595.0
Truck255085,424.0
Truck255018,590.0
Truck255065,476.0
Truck255058,494.0
Truck254985,680.0
Truck255000,644.0
Truck255052,519.0
Truck254967,737.0
Truck255034,570.0
Truck255035,571.0
Truck254929,838.0
Truck255064,499.0
Truck255078,466.0
Truck255022,608.0
Truck254998,673.0
Truck254905,909.0
Truck255024,609.0
Truck255043,567.0
Truck255026,612.0
Truck255033,600.0
Truck255072,502.0
Truck255062,529.0
Truck254995,703.0
Truck255054,553.0
Truck255077,499.0
Truck255075,505.0
Truck254965,784.0
Truck254993,715.0
Truck255070,523.0
Truck255111,423.0
Truck255013,671.0
Truck255132,371.0
Truck255069,533.0
Truck254958,809.0
Truck254990,732.0
Truck255083,502.0
Truck255074,523.0
Truck255017,671.0
Truck255009,703.0
Truck255119,432.0
Truck255040,628.0
Truck255003,724.0
Truck255082,524.0
Truck255002,728.0
Truck255136,393.0
Truck255056,599.0
Truck255055,605.0
Truck255031,667.0
Truck255067,577.0
Truck255076,557.0
Truck255028,681.0
Truck255006,738.0
Truck255084,544.0
Truck255041,664.0
Truck255156,374.0
Truck255060,615.0
Truck255146,402.0
Truck255087,555.0
Truck255044,661.0
Truck255095,537.0
Truck255092,543.0
Truck255019,730.0
Truck255129,455.0
Truck254999,781.0
Truck255148,421.0
Truck255080,592.0
Truck255114,509.0
Truck255037,709.0
Truck255142,444.0
Truck255051,684.0
Truck255047,696.0
Truck255159,417.0
Truck255048,696.0
Truck255091,593.0
Truck255107,554.0
Truck255059,675.0
Truck255127,507.0
Truck255097,583.0
Truck255066,664.0
Truck255036,744.0
Truck255123,536.0
Truck255093,612.0
Truck255053,713.0
Truck255094,608.0
Truck255105,588.0
Truck255151,475.0
Truck255086,640.0
Truck255130,532.0
Truck255079,663.0
Truck255100,608.0
Truck255073,681.0
Truck255122,562.0
Truck255081,671.0
Truck255096,633.0
Truck255166,458.0
Truck255110,599.0
Truck255144,514.0
Truck255158,482.0
Truck255180,427.0
Truck255045,768.0
Truck255147,513.0
Truck255063,733.0
Truck255173,460.0
Truck255088,678.0
Truck255179,454.0
Truck255193,422.0
Truck255199,407.0
Truck255071,731.0
Truck255161,507.0
Truck255178,462.0
Truck255184,447.0
Truck255115,627.0
Truck255124,603.0
Truck255039,819.0
Truck255137,580.0
Truck255117,633.0
Truck255118,629.0
Truck255109,657.0
Truck255090,706.0
Truck255133,603.0
Truck255121,634.0
Truck255104,680.0
Truck255098,701.0
Truck255108,676.0
Truck255200,446.0
Truck255061,801.0
Truck255135,616.0
Truck255212,421.0
Truck255099,707.0
Truck255102,698.0
Truck255126,641.0
Truck255196,471.0
Truck255189,493.0
Truck255113,685.0
Truck255154,583.0
Truck255183,524.0
Truck255112,701.0
Truck255149,613.0
Truck255134,651.0
Truck255143,632.0
Truck255106,724.0
Truck255101,741.0
Truck255089,775.0
Truck255139,651.0
Truck255215,463.0
Truck255186,536.0
Truck255165,593.0
Truck255229,434.0
Truck255160,605.0
Truck255231,430.0
Truck255181,556.0
Truck255201,506.0
Truck255206,495.0
Truck255219,466.0
Truck255209,492.0
Truck255185,555.0
Truck255208,495.0
Truck255150,641.0
Truck255194,532.0
Truck255190,543.0
Truck255131,695.0
Truck255170,596.0
Truck255175,586.0
Truck255197,533.0
Truck255120,727.0
Truck255157,641.0
Truck255153,654.0
Truck255125,729.0
Truck255128,726.0
Truck255155,661.0
Truck255250,423.0
Truck255241,451.0
Truck255145,693.0
Truck255210,528.0
Truck255167,642.0
Truck255220,515.0
Truck255171,642.0
Truck255116,785.0
Truck255174,640.0
Truck255163,672.0
Truck255162,679.0
Truck255205,578.0
Truck255187,624.0
Truck255259,444.0
Truck255253,460.0
Truck255164,683.0
Truck255172,663.0
Truck255233,519.0
Truck255243,495.0
Truck255046,986.0
Truck255239,507.0
Truck255195,622.0
Truck255214,572.0
Truck255198,614.0
Truck255276,419.0
Truck255188,642.0
Truck255204,608.0
Truck255207,603.0
Truck255225,558.0
Truck255176,682.0
Truck255191,649.0
Truck255141,775.0
Truck255182,671.0
Truck255255,497.0
Truck255222,587.0
Truck255244,535.0
Truck255152,768.0
Truck255103,895.0
Truck255248,537.0
Truck255287,444.0
Truck255168,740.0
Truck255252,535.0
Truck255227,601.0
Truck255245,557.0
Truck255256,531.0
Truck255291,447.0
Truck255202,668.0
Truck255235,588.0
Truck255140,833.0
Truck255260,542.0
Truck255299,448.0
Truck255169,775.0
Truck255289,489.0
Truck255242,605.0
Truck255218,666.0
Truck255321,417.0
Truck255236,628.0
Truck255278,523.0
Truck255228,649.0
Truck255264,560.0
Truck255288,502.0
Truck255234,638.0
Truck255232,644.0
Truck255267,563.0
Truck255270,557.0
Truck255294,501.0
Truck255213,708.0
Truck255223,685.0
Truck255319,447.0
Truck255322,441.0
Truck255313,467.0
Truck255338,405.0
Truck255238,656.0
Truck255258,606.0
Truck255304,491.0
Truck255309,481.0
Truck255192,772.0
Truck255301,502.0
Truck255138,911.0
Truck255297,517.0
Truck255327,446.0
Truck255246,651.0
Truck255257,637.0
Truck255249,658.0
Truck255226,714.0
Truck255261,629.0
Truck255308,510.0
Truck255271,606.0
Truck255230,707.0
Truck255303,528.0
Truck255272,605.0
Truck255348,418.0
Truck255298,544.0
Truck255328,475.0
Truck255312,521.0
Truck255275,618.0
Truck255296,565.0
Truck255237,718.0
Truck255293,581.0
Truck255273,633.0
Truck255177,877.0
Truck255268,654.0
Truck255263,671.0
Truck255389,356.0
Truck255352,450.0
Truck255217,796.0
Truck255375,404.0
Truck255354,456.0
Truck255203,839.0
Truck255269,677.0
Truck255292,618.0
Truck255360,448.0
Truck255216,809.0
Truck255317,560.0
Truck255251,727.0
Truck255262,700.0
Truck255284,647.0
Truck255343,503.0
Truck255361,461.0
Truck255280,667.0
Truck255336,533.0
Truck255254,739.0
Truck255224,818.0
Truck255290,653.0
Truck255369,459.0
Truck255266,724.0
Truck255324,579.0
Truck255295,656.0
Truck255240,795.0
Truck255340,553.0
Truck255355,519.0
Truck255345,545.0
Truck255398,410.0
Truck255353,527.0
Truck255329,588.0
Truck255332,581.0
Truck255247,800.0
Truck255330,591.0
Truck255351,542.0
Truck255282,726.0
Truck255347,566.0
Truck255277,744.0
Truck255316,644.0
Truck255311,664.0
Truck255333,617.0
Truck255331,627.0
Truck255359,560.0
Truck255334,621.0
Truck255391,481.0
Truck255362,554.0
Truck255366,548.0
Truck255302,709.0
Truck255337,629.0
Truck255344,612.0
Truck255283,771.0
Truck255382,524.0
Truck255400,481.0
Truck255323,680.0
Truck255363,580.0
Truck255401,485.0
Truck255390,512.0
Truck255211,964.0
Truck255274,811.0
Truck255281,796.0
Truck255356,606.0
Truck255381,548.0
Truck255285,789.0
Truck255310,724.0
Truck255314,716.0
Truck255379,561.0
Truck255434,429.0
Truck255423,461.0
Truck255350,645.0
Truck255403,516.0
Truck255376,582.0
Truck255378,578.0
Truck255397,534.0
Truck255326,711.0
Truck255411,501.0
Truck255341,677.0
Truck255410,502.0
Truck255279,833.0
Truck255426,465.0
Truck255415,497.0
Truck255468,362.0
Truck255383,578.0
Truck255422,481.0
Truck255432,457.0
Truck255372,608.0
Truck255393,558.0
Truck255364,631.0
Truck255395,557.0
Truck255306,780.0
Truck255387,580.0
Truck255442,440.0
Truck255357,658.0
Truck255396,559.0
Truck255407,536.0
Truck255417,511.0
Truck255380,602.0
Truck255286,847.0
Truck255320,763.0
Truck255373,635.0
Truck255479,370.0
Truck255315,782.0
Truck255392,595.0
Truck255305,817.0
Truck255399,582.0
Truck255346,713.0
Truck255221,1033.0
Truck255427,519.0
Truck255339,741.0
Truck255460,437.0
Truck255384,630.0
Truck255428,520.0
Truck255325,785.0
Truck255349,726.0
Truck255365,686.0
Truck255404,587.0
Truck255429,533.0
Truck255318,809.0
Truck255453,479.0
Truck255474,424.0
Truck255469,441.0
Truck255450,487.0
Truck255402,609.0
Truck255433,536.0
Truck255265,958.0
Truck255425,559.0
Truck255412,594.0
Truck255358,731.0
Truck255367,711.0
Truck255457,491.0
Truck255467,468.0
Truck255405,625.0
Truck255480,436.0
Truck255374,703.0
Truck255497,398.0
Truck255414,606.0
Truck255502,388.0
Truck255370,724.0
Truck255388,680.0
Truck255459,506.0
Truck255307,890.0
Truck255475,476.0
Truck255386,697.0
Truck255444,553.0
Truck255491,442.0
Truck255409,649.0
Truck255416,630.0
Truck255456,534.0
Truck255335,849.0
Truck255406,671.0
Truck255431,611.0
Truck255371,763.0
Truck255368,775.0
Truck255503,452.0
Truck255506,443.0
Truck255438,615.0
Truck255482,506.0
Truck255510,436.0
Truck255377,772.0
Truck255477,523.0
Truck255413,688.0
Truck255451,596.0
Truck255441,624.0
Truck255465,564.0
Truck255385,767.0
Truck255445,617.0
Truck255509,458.0
Truck255543,373.0
Truck255470,554.0
Truck255418,686.0
Truck255464,577.0
Truck255471,562.0
Truck255300,996.0
Truck255458,604.0
Truck255518,456.0
Truck255430,679.0
Truck255440,657.0
Truck255563,352.0
Truck255420,708.0
Truck255517,468.0
Truck255473,585.0
Truck255484,562.0
Truck255446,659.0
Truck255504,520.0
Truck255513,500.0
Truck255507,516.0
Truck255524,472.0
Truck255443,685.0
Truck255485,582.0
Truck255421,743.0
Truck255424,735.0
Truck255463,640.0
Truck255342,942.0
Truck255435,715.0
Truck255547,435.0
Truck255489,582.0
Truck255501,556.0
Truck255436,718.0
Truck255516,523.0
Truck255494,583.0
Truck255534,483.0
Truck255466,656.0
Truck255591,363.0
Truck255508,569.0
Truck255526,527.0
Truck255529,523.0
Truck255452,718.0
Truck255527,541.0
Truck255408,837.0
Truck255394,873.0
Truck255540,510.0
Truck255573,430.0
Truck255564,452.0
Truck255461,714.0
Truck255523,560.0
Truck255437,781.0
Truck255455,740.0
Truck255514,590.0
Truck255535,540.0
Truck255498,631.0
Truck255558,487.0
Truck255579,437.0
Truck255530,559.0
Truck255499,642.0
Truck255568,470.0
Truck255449,775.0
Truck255512,615.0
Truck255439,802.0
Truck255555,512.0
Truck255419,853.0
Truck255577,459.0
Truck255490,677.0
Truck255500,654.0
Truck255515,620.0
Truck255562,500.0
Truck255539,562.0
Truck255538,564.0
Truck255481,715.0
Truck255495,681.0
Truck255556,526.0
Truck255511,642.0
Truck255601,422.0
Truck255559,528.0
Truck255549,557.0
Truck255536,591.0
Truck255478,737.0
Truck255584,473.0
Truck255454,806.0
Truck255447,827.0
Truck255602,440.0
Truck255583,492.0
Truck255588,479.0
Truck255644,346.0
Truck255545,597.0
Truck255537,619.0
Truck255557,569.0
Truck255585,505.0
Truck255550,594.0
Truck255593,490.0
Truck255548,602.0
Truck255462,821.0
Truck255519,683.0
Truck255472,799.0
Truck255575,545.0
Truck255594,496.0
Truck255522,678.0
Truck255541,634.0
Truck255572,555.0
Truck255487,771.0
Truck255531,662.0
Truck255533,660.0
Truck255552,611.0
Truck255603,486.0
Truck255448,879.0
Truck255580,549.0
Truck255483,799.0
Truck255578,561.0
Truck255520,707.0
Truck255546,642.0
Truck255542,654.0
Truck255574,574.0
Truck255607,495.0
Truck255589,541.0
Truck255571,588.0
Truck255616,474.0
Truck255496,778.0
Truck255618,474.0
Truck255615,485.0
Truck255638,431.0
Truck255560,629.0
Truck255632,452.0
Truck255596,544.0
Truck255646,422.0
Truck255554,657.0
Truck255525,733.0
Truck255576,608.0
Truck255675,365.0
Truck255581,602.0
Truck255595,570.0
Truck255553,676.0
Truck255570,632.0
Truck255476,870.0
Truck255544,701.0
Truck255619,516.0
Truck255488,843.0
Truck255592,583.0
Truck255505,804.0
Truck255586,606.0
Truck255622,516.0
Truck255611,549.0
Truck255486,860.0
Truck255633,501.0
Truck255648,461.0
Truck255655,448.0
Truck255617,550.0
Truck255492,863.0
Truck255674,410.0
Truck255565,686.0
Truck255669,426.0
Truck255663,442.0
Truck255636,509.0
Truck255628,535.0
Truck255567,691.0
Truck255659,465.0
Truck255621,566.0
Truck255597,631.0
Truck255620,572.0
Truck255662,467.0
Truck255703,371.0
Truck255493,900.0
Truck255551,759.0
Truck255630,559.0
Truck255566,722.0
Truck255605,627.0
Truck255608,617.0
Truck255691,413.0
Truck255634,555.0
Truck255587,676.0
Truck255641,546.0
Truck255612,627.0
Truck255532,830.0
Truck255561,761.0
Truck255642,563.0
Truck255687,456.0
Truck255649,554.0
Truck255658,530.0
Truck255657,536.0
Truck255631,602.0
Truck255654,542.0
Truck255609,658.0
Truck255713,401.0
Truck255600,687.0
Truck255606,672.0
Truck255726,384.0
Truck255613,670.0
Truck255625,646.0
Truck255707,441.0
Truck255639,615.0
Truck255590,742.0
Truck255680,521.0
Truck255647,614.0
Truck255715,444.0
Truck255670,556.0
Truck255528,915.0
Truck255652,605.0
Truck255676,546.0
Truck255667,574.0
Truck255702,484.0
Truck255684,531.0
Truck255627,677.0
Truck255706,479.0
Truck255695,510.0
Truck255604,739.0
Truck255762,345.0
Truck255683,551.0
Truck255698,512.0
Truck255598,765.0
Truck255656,621.0
Truck255666,598.0
Truck255664,604.0
Truck255582,810.0
Truck255688,548.0
Truck255700,518.0
Truck255678,576.0
Truck255742,425.0
Truck255699,538.0
Truck255748,422.0
Truck255610,773.0
Truck255635,714.0
Truck255521,1001.0
Truck255660,652.0
Truck255661,653.0
Truck255626,740.0
Truck255720,506.0
Truck255721,512.0
Truck255671,638.0
Truck255643,710.0
Truck255682,610.0
Truck255751,441.0
Truck255690,593.0
Truck255624,759.0
Truck255697,580.0
Truck255716,532.0
Truck255765,418.0
Truck255653,701.0
Truck255741,481.0
Truck255692,606.0
Truck255673,657.0
Truck255599,866.0
Truck255759,470.0
Truck255694,631.0
Truck255681,668.0
Truck255747,505.0
Truck255737,532.0
Truck255730,549.0
Truck255756,484.0
Truck255725,565.0
Truck255757,496.0
Truck255623,832.0
Truck255672,710.0
Truck255766,482.0
Truck255786,432.0
Truck255689,685.0
Truck255723,601.0
Truck255569,987.0
Truck255640,807.0
Truck255764,497.0
Truck255750,534.0
Truck255686,695.0
Truck255724,600.0
Truck255629,841.0
Truck255701,663.0
Truck255679,719.0
Truck255801,415.0
Truck255637,830.0
Truck255614,886.0
Truck255710,651.0
Truck255825,370.0
Truck255650,816.0
Truck255696,703.0
Truck255709,677.0
Truck255794,468.0
Truck255732,624.0
Truck255809,441.0
Truck255785,502.0
Truck255729,644.0
Truck255677,776.0
Truck255704,706.0
Truck255722,661.0
Truck255693,737.0
Truck255775,535.0
Truck255645,864.0
Truck255767,568.0
Truck255768,563.0
Truck255802,479.0
Truck255711,711.0
Truck255826,427.0
Truck255851,368.0
Truck255758,606.0
Truck255834,416.0
Truck255746,638.0
Truck255792,524.0
Truck255712,726.0
Truck255753,626.0
Truck255773,577.0
Truck255755,623.0
Truck255777,570.0
Truck255784,551.0
Truck255708,743.0
Truck255763,608.0
Truck255727,700.0
Truck255665,856.0
Truck255774,584.0
Truck255855,384.0
Truck255744,660.0
Truck255816,481.0
Truck255749,654.0
Truck255754,640.0
Truck255778,582.0
Truck255782,578.0
Truck255798,539.0
Truck255668,865.0
Truck255803,530.0
Truck255771,613.0
Truck255651,919.0
Truck255806,529.0
Truck255836,454.0
Truck255795,560.0
Truck255734,711.0
Truck255769,626.0
Truck255817,506.0
Truck255850,432.0
Truck255718,764.0
Truck255805,549.0
Truck255821,509.0
Truck255843,455.0
Truck255685,851.0
Truck255812,531.0
Truck255731,737.0
Truck255799,567.0
Truck255824,502.0
Truck255752,684.0
Truck255793,584.0
Truck255728,750.0
Truck255820,520.0
Truck255814,537.0
Truck255717,783.0
Truck255789,603.0
Truck255823,520.0
Truck255827,512.0
Truck255743,724.0
Truck255739,738.0
Truck255847,468.0
Truck255849,463.0
Truck255837,495.0
Truck255736,748.0
Truck255761,689.0
Truck255866,432.0
Truck255719,803.0
Truck255881,399.0
Truck255780,650.0
Truck255714,816.0
Truck255772,671.0
Truck255783,648.0
Truck255870,428.0
Truck255740,772.0
Truck255705,865.0
Truck255841,528.0
Truck255887,414.0
Truck255800,630.0
Truck255853,503.0
Truck255745,774.0
Truck255819,589.0
Truck255738,792.0
Truck255796,647.0
Truck255907,372.0
Truck255856,499.0
Truck255891,416.0
Truck255833,564.0
Truck255831,573.0
Truck255882,449.0
Truck255865,497.0
Truck255815,625.0
Truck255840,560.0
Truck255893,434.0
Truck255848,546.0
Truck255733,837.0
Truck255770,743.0
Truck255807,653.0
Truck255844,563.0
Truck255781,724.0
Truck255822,625.0
Truck255790,709.0
Truck255859,542.0
Truck255906,422.0
Truck255760,789.0
Truck255854,555.0
Truck255797,701.0
Truck255890,466.0
Truck255892,463.0
Truck255832,614.0
Truck255913,419.0
Truck255779,758.0
Truck255830,630.0
Truck255846,591.0
Truck255864,547.0
Truck255788,741.0
Truck255735,880.0
Truck255869,547.0
Truck255852,588.0
Truck255872,549.0
Truck255811,708.0
Truck255874,548.0
Truck255898,491.0
Truck255903,481.0
Truck255879,544.0
Truck255877,554.0
Truck255873,566.0
Truck255857,607.0
Truck255860,599.0
Truck255810,733.0
Truck255880,558.0
Truck255895,528.0
Truck255791,790.0
Truck255804,756.0
Truck255918,473.0
Truck255900,519.0
Truck255962,368.0
Truck255871,601.0
Truck255914,498.0
Truck255883,580.0
Truck255863,631.0
Truck255897,547.0
Truck255901,549.0
Truck255923,504.0
Truck255947,445.0
Truck255894,576.0
Truck255916,521.0
Truck255858,668.0
Truck255936,473.0
Truck255808,798.0
Truck255839,723.0
Truck255959,424.0
Truck255776,880.0
Truck255909,550.0
Truck255787,856.0
Truck255945,469.0
Truck255878,640.0
Truck255954,450.0
Truck255917,546.0
Truck255861,687.0
Truck255941,488.0
Truck255835,755.0
Truck255813,812.0
Truck255910,567.0
Truck255946,477.0
Truck255845,733.0
Truck255867,678.0
Truck255940,493.0
Truck255838,753.0
Truck255939,503.0
Truck255889,630.0
Truck255896,610.0
Truck255888,631.0
Truck255921,567.0
Truck255929,555.0
Truck255902,622.0
Truck255868,710.0
Truck255862,730.0
Truck255927,571.0
Truck255986,429.0
Truck255875,711.0
Truck255828,827.0
Truck255886,682.0
Truck255955,512.0
Truck255905,638.0
Truck255915,613.0
Truck255899,654.0
Truck255904,645.0
Truck255960,505.0
Truck255818,863.0
Truck255943,553.0
Truck256009,390.0
Truck255912,631.0
Truck255911,640.0
Truck255971,493.0
Truck255829,851.0
Truck255937,583.0
Truck255908,654.0
Truck255934,590.0
Truck255931,603.0
Truck255842,825.0
Truck255967,516.0
Truck255942,578.0
Truck255989,466.0
Truck256017,396.0
Truck255919,649.0
Truck255924,635.0
Truck256016,411.0
Truck255928,637.0
Truck256005,449.0
Truck255938,618.0
Truck255972,537.0
Truck255885,761.0
Truck255958,576.0
Truck255978,529.0
Truck255930,653.0
Truck256023,432.0
Truck255956,598.0
Truck256037,401.0
Truck256039,396.0
Truck256014,462.0
Truck255932,670.0
Truck255984,540.0
Truck255993,522.0
Truck255968,584.0
Truck255995,519.0
Truck255876,816.0
Truck255951,639.0
Truck255966,599.0
Truck256025,455.0
Truck256058,371.0
Truck255884,807.0
Truck256060,370.0
Truck255933,694.0
Truck255935,689.0
Truck255922,729.0
Truck255926,719.0
Truck256024,478.0
Truck255976,599.0
Truck255991,565.0
Truck255969,622.0
Truck256046,432.0
Truck256010,524.0
Truck256036,462.0
Truck255952,675.0
Truck256031,482.0
Truck256028,490.0
Truck255965,653.0
Truck256007,551.0
Truck255970,642.0
Truck256012,537.0
Truck255944,708.0
Truck255961,671.0
Truck256029,502.0
Truck255953,693.0
Truck255982,619.0
Truck256032,494.0
Truck256001,576.0
Truck256106,311.0
Truck255948,708.0
Truck255973,648.0
Truck256002,573.0
Truck256034,493.0
Truck255980,629.0
Truck256055,450.0
Truck255979,650.0
Truck255999,600.0
Truck256052,467.0
Truck255957,708.0
Truck255990,624.0
Truck255977,660.0
Truck255920,803.0
Truck256004,594.0
Truck255949,735.0
Truck255998,612.0
Truck256015,572.0
Truck256056,470.0
Truck256035,541.0
Truck256027,563.0
Truck256038,533.0
Truck256054,493.0
Truck255925,820.0
Truck256066,475.0
Truck256078,452.0
Truck255992,672.0
Truck256073,478.0
Truck256011,635.0
Truck255975,728.0
Truck256064,503.0
Truck256019,621.0
Truck256000,670.0
Truck255987,710.0
Truck256026,613.0
Truck255981,729.0
Truck256090,454.0
Truck256020,632.0
Truck256013,658.0
Truck255950,815.0
Truck256063,536.0
Truck256084,481.0
Truck256108,424.0
Truck256003,691.0
Truck255997,709.0
Truck256095,466.0
Truck256030,627.0
Truck256045,593.0
Truck256072,523.0
Truck255964,795.0
Truck255983,751.0
Truck256089,486.0
Truck256093,477.0
Truck256134,376.0
Truck256094,486.0
Truck256041,626.0
Truck256147,365.0
Truck256081,541.0
Truck256077,553.0
Truck256092,513.0
Truck256033,664.0
Truck255985,785.0
Truck256067,580.0
Truck256114,460.0
Truck256061,598.0
Truck256053,620.0
Truck256057,610.0
Truck256087,537.0
Truck255988,785.0
Truck256074,573.0
Truck256125,448.0
Truck256018,714.0
Truck255963,856.0
Truck256112,483.0
Truck256069,595.0
Truck256083,560.0
Truck256068,596.0
Truck256091,542.0
Truck256075,590.0
Truck256107,510.0
Truck256138,437.0
Truck256065,628.0
Truck256076,599.0
Truck256129,475.0
Truck256049,676.0
Truck256124,489.0
Truck256328,398.0
Truck256336,387.0
Truck256358,357.0
Truck256355,386.0
Truck256339,437.0
Truck256338,457.0
Truck256359,432.0
Truck256337,494.0
Truck256322,540.0
Truck256332,516.0
Truck256381,406.0
Truck256380,407.0
Truck256343,504.0
Truck256368,443.0
Truck256378,422.0
Truck256372,438.0
Truck256330,545.0
Truck256356,480.0
Truck256324,563.0
Truck256331,548.0
Truck256334,547.0
Truck256333,557.0
Truck256399,398.0
Truck256357,504.0
Truck256327,583.0
Truck256349,528.0
Truck256396,409.0
Truck256371,481.0
Truck256320,608.0
Truck256345,549.0
Truck256388,442.0
Truck256329,596.0
Truck256340,577.0
Truck256360,527.0
Truck256352,550.0
Truck256369,510.0
Truck256365,527.0
Truck256419,399.0
Truck256363,541.0
Truck256384,488.0
Truck256389,482.0
Truck256413,423.0
Truck256354,569.0
Truck256385,496.0
Truck256377,522.0
Truck256418,418.0
Truck256373,535.0
Truck256426,400.0
Truck256405,459.0
Truck256397,480.0
Truck256341,622.0
Truck256367,561.0
Truck256321,685.0
Truck256376,545.0
Truck256350,611.0
Truck256364,580.0
Truck256342,642.0
Truck256335,666.0
Truck256430,440.0
Truck256346,653.0
Truck256323,716.0
Truck256412,492.0
Truck256406,511.0
Truck256402,524.0
Truck256374,595.0
Truck256382,577.0
Truck256468,365.0
Truck256344,680.0
Truck256403,538.0
Truck256410,520.0
Truck256414,510.0
Truck256433,468.0
Truck256446,434.0
Truck256437,461.0
Truck256348,682.0
Truck256392,572.0
Truck256351,678.0
Truck256375,618.0
Truck256325,748.0
Truck256400,562.0
Truck256383,608.0
Truck256379,619.0
Truck256361,666.0
Truck256347,702.0
Truck256408,558.0
Truck256485,380.0
Truck256423,537.0
Truck256448,473.0
Truck256424,535.0
Truck256475,411.0
Truck256434,518.0
Truck256449,483.0
Truck256455,471.0
Truck256508,340.0
Truck256411,588.0
Truck256415,578.0
Truck256458,474.0
Truck256500,370.0
Truck256464,461.0
Truck256393,642.0
Truck256362,731.0
Truck256386,671.0
Truck256366,723.0
Truck256394,654.0
Truck256353,761.0
Truck256404,631.0
Truck256428,571.0
Truck256438,550.0
Truck256488,426.0
Truck256442,552.0
Truck256401,661.0
Truck256417,621.0
Truck256463,507.0
Truck256465,503.0
Truck256409,649.0
Truck256470,500.0
Truck256416,639.0
Truck256420,635.0
Truck256486,470.0
Truck256515,400.0
Truck256460,541.0
Truck256326,877.0
Truck256398,698.0
Truck256425,637.0
Truck256444,599.0
Truck256422,656.0
Truck256461,562.0
Truck256507,455.0
Truck256479,526.0
Truck256503,469.0
Truck256472,546.0
Truck256452,599.0
Truck256548,362.0
Truck256495,498.0
Truck256390,759.0
Truck256451,613.0
Truck256370,814.0
Truck256462,587.0
Truck256440,643.0
Truck256445,633.0
Truck256427,680.0
Truck256506,481.0
Truck256474,563.0
Truck256431,676.0
Truck256443,652.0
Truck256467,593.0
Truck256436,678.0
Truck256505,508.0
Truck256454,638.0
Truck256421,724.0
Truck256391,801.0
Truck256473,597.0
Truck256435,694.0
Truck256489,561.0
Truck256501,540.0
Truck256560,390.0
Truck256523,486.0
Truck256539,449.0
Truck256407,780.0
Truck256509,525.0
Truck256483,594.0
Truck256457,661.0
Truck256387,837.0
Truck256450,681.0
Truck256494,571.0
Truck256526,498.0
Truck256477,630.0
Truck256544,462.0
Truck256497,585.0
Truck256557,435.0
Truck256481,630.0
Truck256588,364.0
Truck256429,769.0
Truck256469,671.0
Truck256447,727.0
Truck256453,714.0
Truck256456,704.0
Truck256512,564.0
Truck256499,600.0
Truck256487,631.0
Truck256566,431.0
Truck256493,622.0
Truck256510,581.0
Truck256556,466.0
Truck256478,662.0
Truck256395,874.0
Truck256529,540.0
Truck256553,483.0
Truck256537,529.0
Truck256466,711.0
Truck256567,461.0
Truck256585,416.0
Truck256439,782.0
Truck256480,677.0
Truck256459,735.0
Truck256432,801.0
Truck256516,591.0
Truck256608,361.0
Truck256471,713.0
Truck256610,366.0
Truck256522,588.0
Truck256492,665.0
Truck256558,501.0
Truck256532,571.0
Truck256552,522.0
Truck256546,538.0
Truck256530,580.0
Truck256511,631.0
Truck256498,668.0
Truck256441,819.0
Truck256491,694.0
Truck256564,510.0
Truck256521,621.0
Truck256543,568.0
Truck256563,522.0
Truck256569,509.0
Truck256504,674.0
Truck256555,550.0
Truck256524,626.0
Truck256616,396.0
Truck256482,732.0
Truck256531,612.0
Truck256599,445.0
Truck256581,494.0
Truck256561,545.0
Truck256528,628.0
Truck256596,458.0
Truck256476,760.0
Truck256586,486.0
Truck256551,578.0
Truck256496,715.0
Truck256533,628.0
Truck256525,654.0
Truck256513,687.0
Truck256527,653.0
Truck256562,563.0
Truck256535,634.0
Truck256574,537.0
Truck256520,673.0
Truck256490,751.0
Truck256623,422.0
Truck256534,649.0
Truck256518,690.0
Truck256559,594.0
Truck256575,555.0
Truck256550,618.0
Truck256571,570.0
Truck256542,641.0
Truck256484,797.0
Truck256554,622.0
Truck256577,567.0
Truck256671,335.0
Truck256576,571.0
Truck256613,490.0
Truck256538,676.0
Truck256589,556.0
Truck256622,474.0
Truck256587,565.0
Truck256612,500.0
Truck256519,741.0
Truck256568,618.0
Truck256541,698.0
Truck256591,573.0
Truck256584,589.0
Truck256605,541.0
Truck256630,476.0
Truck256655,416.0
Truck256660,407.0
Truck256572,628.0
Truck256594,579.0
Truck256672,385.0
Truck256565,656.0
Truck256536,728.0
Truck256517,785.0
Truck256590,600.0
Truck256580,630.0
Truck256592,600.0
Truck256502,826.0
Truck256602,580.0
Truck256626,523.0
Truck256549,723.0
Truck256598,598.0
Truck256614,559.0
Truck256625,534.0
Truck256661,444.0
Truck256647,484.0
Truck256624,541.0
Truck256627,541.0
Truck256597,618.0
Truck256629,539.0
Truck256638,515.0
Truck256570,688.0
Truck256540,764.0
Truck256545,758.0
Truck256579,675.0
Truck256573,691.0
Truck256648,502.0
Truck256673,442.0
Truck256637,534.0
Truck256667,460.0
Truck256640,526.0
Truck256514,843.0
Truck256619,592.0
Truck256643,537.0
Truck256634,560.0
Truck256669,482.0
Truck256595,676.0
Truck256632,583.0
Truck256620,617.0
Truck256666,503.0
Truck256646,554.0
Truck256654,534.0
Truck256679,478.0
Truck256690,449.0
Truck256645,565.0
Truck256708,412.0
Truck256674,501.0
Truck256704,428.0
Truck256656,550.0
Truck256694,458.0
Truck256670,520.0
Truck256601,696.0
Truck256600,700.0
Truck256685,496.0
Truck256678,518.0
Truck256652,584.0
Truck256609,695.0
Truck256582,762.0
Truck256683,514.0
Truck256631,651.0
Truck256615,696.0
Truck256604,723.0
Truck256664,573.0
Truck256698,490.0
Truck256676,548.0
Truck256649,624.0
Truck256692,517.0
Truck256621,698.0
Truck256628,679.0
Truck256751,374.0
Truck256633,670.0
Truck256668,581.0
Truck256723,446.0
Truck256702,498.0
Truck256735,418.0
Truck256724,445.0
Truck256593,776.0
Truck256665,596.0
Truck256578,815.0
Truck256651,635.0
Truck256745,403.0
Truck256642,659.0
Truck256583,813.0
Truck256603,763.0
Truck256617,730.0
Truck256547,906.0
Truck256611,748.0
Truck256686,559.0
Truck256696,538.0
Truck256618,736.0
Truck256636,701.0
Truck256719,500.0
Truck256713,518.0
Truck256688,581.0
Truck256687,591.0
Truck256730,482.0
Truck256684,604.0
Truck256728,497.0
Truck256712,538.0
Truck256764,411.0
Truck256689,603.0
Truck256703,568.0
Truck256691,602.0
Truck256715,542.0
Truck256675,643.0
Truck256682,626.0
Truck256700,581.0
Truck256732,501.0
Truck256749,462.0
Truck256635,749.0
Truck256697,596.0
Truck256785,379.0
Truck256677,658.0
Truck256706,590.0
Truck256727,540.0
Truck256775,420.0
Truck256641,758.0
Truck256725,549.0
Truck256607,848.0
Truck256644,760.0
Truck256657,730.0
Truck256695,642.0
Truck256739,532.0
Truck256650,758.0
Truck256773,455.0
Truck256701,636.0
Truck256681,688.0
Truck256747,526.0
Truck256757,511.0
Truck256658,757.0
Truck256738,558.0
Truck256748,534.0
Truck256659,763.0
Truck256755,525.0
Truck256741,565.0
Truck256817,378.0
Truck256639,824.0
Truck256806,405.0
Truck256767,509.0
Truck256814,395.0
Truck256808,414.0
Truck256801,435.0
Truck256662,784.0
Truck256717,649.0
Truck256750,569.0
Truck256716,655.0
Truck256761,546.0
Truck256776,508.0
Truck256710,679.0
Truck256742,599.0
Truck256653,830.0
Truck256726,646.0
Truck256709,692.0
Truck256680,764.0
Truck256768,544.0
Truck256778,520.0
Truck256753,588.0
Truck256795,495.0
Truck256663,827.0
Truck256752,602.0
Truck256815,447.0
Truck256765,577.0
Truck256606,975.0
Truck256800,494.0
Truck256760,604.0
Truck256744,647.0
Truck256820,459.0
Truck256731,686.0
Truck256802,508.0
Truck256722,715.0
Truck256743,667.0
Truck256790,548.0
Truck256804,514.0
Truck256853,395.0
Truck256733,697.0
Truck256772,598.0
Truck256816,488.0
Truck256737,689.0
Truck256707,766.0
Truck256799,538.0
Truck256770,610.0
Truck256711,761.0
Truck256766,622.0
Truck256769,618.0
Truck256781,590.0
Truck256811,518.0
Truck256720,744.0
Truck256825,484.0
Truck256851,419.0
Truck256734,710.0
Truck256826,482.0
Truck256721,752.0
Truck256881,354.0
Truck256736,718.0
Truck256754,673.0
Truck256699,814.0
Truck256783,604.0
Truck256827,495.0
Truck256867,398.0
Truck256819,521.0
Truck256758,677.0
Truck256843,474.0
Truck256803,575.0
Truck256762,679.0
Truck256786,619.0
Truck256829,515.0
Truck256813,556.0
Truck256759,695.0
Truck256838,496.0
Truck256805,582.0
Truck256797,611.0
Truck256833,521.0
Truck256729,788.0
Truck256798,613.0
Truck256746,744.0
Truck256841,509.0
Truck256856,473.0
Truck256774,680.0
Truck256830,540.0
Truck256792,636.0
Truck256812,586.0
Truck256864,460.0
Truck256756,732.0
Truck256887,409.0
Truck256784,665.0
Truck256904,365.0
Truck256740,781.0
Truck256789,661.0
Truck256714,850.0
Truck256835,551.0
Truck256839,550.0
Truck256831,572.0
Truck256859,503.0
Truck256865,488.0
Truck256791,676.0
Truck256782,700.0
Truck256879,462.0
Truck256933,327.0
Truck256763,757.0
Truck256771,738.0
Truck256780,714.0
Truck256823,611.0
Truck256876,478.0
Truck256777,730.0
Truck256828,602.0
Truck256870,500.0
Truck256842,572.0
Truck256860,534.0
Truck256837,597.0
Truck256810,663.0
Truck256821,641.0
Truck256705,937.0
Truck256794,713.0
Truck256855,564.0
Truck256869,529.0
Truck256882,499.0
Truck256832,628.0
Truck256718,915.0
Truck256927,397.0
Truck256787,760.0
Truck256779,783.0
Truck256884,521.0
Truck256809,714.0
Truck256902,480.0
Truck256895,501.0
Truck256834,659.0
Truck256934,410.0
Truck256889,526.0
Truck256900,497.0
Truck256693,1019.0
Truck256845,644.0
Truck256847,639.0
Truck256793,775.0
Truck256871,581.0
Truck256848,639.0
Truck256916,469.0
Truck256840,660.0
Truck256921,460.0
Truck256861,614.0
Truck256849,646.0
Truck256875,583.0
Truck256873,592.0
Truck256796,785.0
Truck256818,734.0
Truck256891,554.0
Truck256961,379.0
Truck256939,435.0
Truck256944,424.0
Truck256912,509.0
Truck256935,456.0
Truck256836,702.0
Truck256878,598.0
Truck256915,509.0
Truck256877,610.0
Truck256898,562.0
Truck256822,753.0
Truck256913,529.0
Truck256938,467.0
Truck256956,428.0
Truck256924,509.0
Truck256852,692.0
Truck256886,608.0
Truck256863,669.0
Truck256918,530.0
Truck256931,510.0
Truck256868,666.0
Truck256943,481.0
Truck256862,689.0
Truck256929,524.0
Truck256973,417.0
Truck256893,620.0
Truck256909,580.0
Truck256872,675.0
Truck256928,536.0
Truck256857,717.0
Truck256850,733.0
Truck256968,439.0
Truck256963,456.0
Truck256885,652.0
Truck256957,473.0
Truck256966,448.0
Truck256883,659.0
Truck256920,564.0
Truck256949,497.0
Truck256905,608.0
Truck256922,566.0
Truck256946,507.0
Truck256953,494.0
Truck256990,399.0
Truck256942,523.0
Truck256899,634.0
Truck256874,697.0
Truck256917,593.0
Truck256854,750.0
Truck256982,431.0
Truck256903,635.0
Truck256890,667.0
Truck256844,783.0
Truck256858,749.0
Truck256948,524.0
Truck256807,881.0
Truck256824,837.0
Truck256923,594.0
Truck257014,367.0
Truck256888,686.0
Truck256919,619.0
Truck256925,609.0
Truck256788,958.0
Truck256970,504.0
Truck256989,462.0
Truck256894,703.0
Truck256907,677.0
Truck256979,499.0
Truck256914,661.0
Truck256969,527.0
Truck256985,488.0
Truck256945,589.0
Truck256959,556.0
Truck256952,572.0
Truck256932,623.0
Truck256980,504.0
Truck256994,471.0
Truck256958,569.0
Truck256901,718.0
Truck256897,730.0
Truck256910,699.0
Truck257016,434.0
Truck256995,515.0
Truck256866,836.0
Truck257054,367.0
Truck256908,734.0
Truck257008,485.0
Truck256999,512.0
Truck256940,663.0
Truck257027,448.0
Truck256951,645.0
Truck256996,530.0
Truck257007,507.0
Truck256936,684.0
Truck256962,621.0
Truck257048,406.0
Truck256964,617.0
Truck256906,764.0
Truck257026,465.0
Truck257002,526.0
Truck256941,688.0
Truck257031,464.0
Truck257015,505.0
Truck257006,526.0
Truck256896,808.0
Truck256892,819.0
Truck257034,464.0
Truck256937,712.0
Truck256972,623.0
Truck256991,578.0
Truck256984,598.0
Truck257005,550.0
Truck256846,952.0
Truck256926,754.0
Truck256950,695.0
Truck257020,521.0
Truck256955,690.0
Truck256976,635.0
Truck257023,520.0
Truck257017,540.0
Truck257012,553.0
Truck257018,538.0
Truck256971,659.0
Truck256965,676.0
Truck257052,461.0
Truck256930,774.0
Truck256967,684.0
Truck256997,612.0
Truck257039,511.0
Truck257001,608.0
Truck256974,674.0
Truck256975,678.0
Truck256981,663.0
Truck257024,553.0
Truck257072,434.0
Truck257087,400.0
Truck256983,661.0
Truck256992,638.0
Truck257021,568.0
Truck257043,514.0
Truck257010,596.0
Truck256993,646.0
Truck257003,621.0
Truck257067,463.0
Truck257029,562.0
Truck256998,638.0
Truck257037,545.0
Truck257011,611.0
Truck257079,442.0
Truck257089,423.0
Truck257009,625.0
Truck256978,703.0
Truck256986,684.0
Truck257059,507.0
Truck256960,764.0
Truck257071,490.0
Truck257049,552.0
Truck256987,709.0
Truck257025,614.0
Truck257045,566.0
Truck257085,468.0
Truck256947,815.0
Truck256954,800.0
Truck257036,597.0
Truck257044,578.0
Truck257000,690.0
Truck257022,639.0
Truck257093,464.0
Truck257057,557.0
Truck256977,760.0
Truck257053,576.0
Truck257055,578.0
Truck257064,556.0
Truck257097,479.0
Truck257086,507.0
Truck257094,488.0
Truck257013,699.0
Truck257065,570.0
Truck257096,491.0
Truck257041,632.0
Truck257137,392.0
Truck257110,459.0
Truck257058,592.0
Truck257063,582.0
Truck257101,504.0
Truck257125,444.0
Truck257051,630.0
Truck257084,545.0
Truck256911,981.0
Truck257028,688.0
Truck257046,643.0
Truck257111,483.0
Truck257019,714.0
Truck257091,535.0
Truck256880,1063.0
Truck256988,801.0
Truck257115,492.0
Truck257109,514.0
Truck257088,566.0
Truck257116,497.0
Truck257128,468.0
Truck257033,711.0
Truck257080,591.0
Truck257122,486.0
Truck257076,609.0
Truck257074,617.0
Truck257139,458.0
Truck257068,644.0
Truck257070,639.0
Truck257032,736.0
Truck257035,731.0
Truck257030,745.0
Truck257066,657.0
Truck257040,724.0
Truck257090,602.0
Truck257073,650.0
Truck257142,479.0
Truck257056,698.0
Truck257098,594.0
Truck257123,538.0
Truck257146,479.0
Truck257126,532.0
Truck257107,585.0
Truck257118,561.0
Truck257069,691.0
Truck257153,482.0
Truck257106,600.0
Truck257077,679.0
Truck257062,715.0
Truck257047,756.0
Truck257102,618.0
Truck257167,462.0
Truck257124,575.0
Truck257082,682.0
Truck257160,490.0
Truck257170,465.0
Truck257104,631.0
Truck257114,609.0
Truck257158,499.0
Truck257181,445.0
Truck257042,792.0
Truck257061,748.0
Truck257136,561.0
Truck257143,546.0
Truck257163,499.0
Truck257050,784.0
Truck257140,559.0
Truck257155,525.0
Truck257169,490.0
Truck257083,713.0
Truck257199,423.0
Truck257135,588.0
Truck257196,434.0
Truck257130,602.0
Truck257095,693.0
Truck257100,679.0
Truck257119,634.0
Truck257144,575.0
Truck257060,786.0
Truck257149,566.0
Truck257105,682.0
Truck257154,559.0
Truck257113,665.0
Truck257161,548.0
Truck257188,479.0
Truck257131,625.0
Truck257127,636.0
Truck257179,506.0
Truck257138,610.0
Truck257099,711.0
Truck257214,425.0
Truck257092,737.0
Truck257165,558.0
Truck257187,504.0
Truck257112,690.0
Truck257174,538.0
Truck257219,429.0
Truck257081,775.0
Truck257108,706.0
Truck257132,648.0
Truck257117,689.0
Truck257166,569.0
Truck257212,456.0
Truck257182,532.0
Truck257164,579.0
Truck257151,616.0
Truck257213,461.0
Truck257152,614.0
Truck257141,647.0
Truck257247,384.0
Truck257156,611.0
Truck257220,453.0
Truck257195,520.0
Truck257185,548.0
Truck257198,516.0
Truck257224,451.0
Truck257200,516.0
Truck257183,570.0
Truck257215,490.0
Truck257150,659.0
Truck257205,526.0
Truck257197,548.0
Truck257145,681.0
Truck257194,556.0
Truck257206,526.0
Truck257184,584.0
Truck257210,522.0
Truck257186,583.0
Truck257147,686.0
Truck257038,957.0
Truck257004,1046.0
Truck257249,436.0
Truck257207,542.0
Truck257226,494.0
Truck257259,415.0
Truck257191,588.0
Truck257120,764.0
Truck257157,674.0
Truck257217,527.0
Truck257162,665.0
Truck257189,602.0
Truck257121,784.0
Truck257272,404.0
Truck257190,610.0
Truck257173,657.0
Truck257078,893.0
Truck257268,425.0
Truck257177,661.0
Truck257225,541.0
Truck257216,563.0
Truck257129,784.0
Truck257202,603.0
Truck257223,556.0
Truck257176,676.0
Truck257075,934.0
Truck257238,528.0
Truck257208,604.0
Truck257230,553.0
Truck257239,534.0
Truck257209,611.0
Truck257241,541.0
Truck257298,399.0
Truck257203,643.0
Truck257237,560.0
Truck257290,429.0
Truck257134,823.0
Truck257240,559.0
Truck257236,570.0
Truck257296,423.0
Truck257243,567.0
Truck257255,538.0
Truck257172,745.0
Truck257201,679.0
Truck257321,383.0
Truck257245,578.0
Truck257228,620.0
Truck257269,521.0
Truck257308,421.0
Truck257234,607.0
Truck257168,773.0
Truck257258,548.0
Truck257317,405.0
Truck257251,572.0
Truck257192,719.0
Truck257253,569.0
Truck257318,404.0
Truck257316,410.0
Truck257276,513.0
Truck257211,681.0
Truck257265,548.0
Truck257302,454.0
Truck257222,657.0
Truck257242,609.0
Truck257103,966.0
Truck257218,676.0
Truck257246,609.0
Truck257309,455.0
Truck257244,616.0
Truck257180,778.0
Truck257227,663.0
Truck257267,564.0
Truck257148,860.0
Truck257256,590.0
Truck257232,653.0
Truck257277,543.0
Truck257330,408.0
Truck257204,724.0
Truck257262,580.0
Truck257159,843.0
Truck257323,435.0
Truck257233,662.0
Truck257303,487.0
Truck257171,825.0
Truck257193,770.0
Truck257133,927.0
Truck257335,424.0
Truck257264,602.0
Truck257299,520.0
Truck257306,501.0
Truck257286,559.0
Truck257329,458.0
Truck257260,629.0
Truck257312,499.0
Truck257331,458.0
Truck257341,433.0
Truck257370,358.0
Truck257175,849.0
Truck257310,509.0
Truck257362,380.0
Truck257250,661.0
Truck257353,408.0
Truck257252,660.0
Truck257284,586.0
Truck257283,592.0
Truck257291,572.0
Truck257261,650.0
Truck257178,860.0
Truck257359,411.0
Truck257279,613.0
Truck257282,603.0
Truck257231,736.0
Truck257263,660.0
Truck257324,507.0
Truck257350,444.0
Truck257271,648.0
Truck257333,496.0
Truck257355,442.0
Truck257363,428.0
Truck257301,590.0
Truck257307,576.0
Truck257288,623.0
Truck257347,479.0
Truck257270,670.0
Truck257343,490.0
Truck257314,562.0
Truck257375,415.0
Truck257229,781.0
Truck257235,766.0
Truck257322,546.0
Truck257356,462.0
Truck257345,495.0
Truck257364,452.0
Truck257221,816.0
Truck257280,666.0
Truck257293,636.0
Truck257275,682.0
Truck257346,503.0
Truck257254,739.0
Truck257354,489.0
Truck257248,756.0
Truck257327,567.0
Truck257313,604.0
Truck257334,550.0
Truck257257,748.0
Truck257292,658.0
Truck257320,589.0
Truck257315,615.0
Truck257278,709.0
Truck257401,406.0
Truck257273,727.0
Truck257386,443.0
Truck257358,515.0
Truck257300,669.0
Truck257348,549.0
Truck257289,701.0
Truck257338,576.0
Truck257434,336.0
Truck257360,523.0
Truck257361,528.0
Truck257373,502.0
Truck257376,492.0
Truck257336,595.0
Truck257394,450.0
Truck257274,751.0
Truck257266,774.0
Truck257377,499.0
Truck257305,685.0
Truck257325,637.0
Truck257410,425.0
Truck257381,505.0
Truck257352,577.0
Truck257398,464.0
Truck257328,645.0
Truck257342,610.0
Truck257337,628.0
Truck257389,499.0
Truck257409,449.0
Truck257416,429.0
Truck257415,436.0
Truck257390,497.0
Truck257430,399.0
Truck257295,744.0
Truck257281,780.0
Truck257368,560.0
Truck257441,382.0
Truck257304,727.0
Truck257395,504.0
Truck257287,777.0
Truck257339,658.0
Truck257369,584.0
Truck257294,780.0
Truck257427,453.0
Truck257403,515.0
Truck257311,746.0
Truck257452,394.0
Truck257463,371.0
Truck257326,721.0
Truck257380,586.0
Truck257402,533.0
Truck257491,315.0
Truck257426,477.0
Truck257319,749.0
Truck257439,451.0
Truck257437,458.0
Truck257387,584.0
Truck257408,535.0
Truck257444,450.0
Truck257455,432.0
Truck257349,698.0
Truck257388,599.0
Truck257357,686.0
Truck257382,624.0
Truck257438,484.0
Truck257448,459.0
Truck257404,574.0
Truck257454,453.0
Truck257285,879.0
Truck257413,562.0
Truck257487,377.0
Truck257374,663.0
Truck257399,605.0
Truck257425,542.0
Truck257340,754.0
Truck257392,629.0
Truck257460,459.0
Truck257297,871.0
Truck257400,613.0
Truck257344,757.0
Truck257464,471.0
Truck257497,391.0
Truck257470,459.0
Truck257332,805.0
Truck257406,620.0
Truck257419,593.0
Truck257391,665.0
Truck257450,518.0
Truck257366,729.0
Truck257383,690.0
Truck257378,706.0
Truck257407,637.0
Truck257471,478.0
Truck257467,495.0
Truck257445,558.0
Truck257423,618.0
Truck257461,523.0
Truck257457,536.0
Truck257365,767.0
Truck257418,632.0
Truck257529,362.0
Truck257480,483.0
Truck257442,581.0
Truck257484,479.0
Truck257351,832.0
Truck257417,669.0
Truck257443,604.0
Truck257459,564.0
Truck257447,595.0
Truck257526,397.0
Truck257501,463.0
Truck257453,589.0
Truck257440,620.0
Truck257477,532.0
Truck257367,811.0
Truck257385,766.0
Truck257431,651.0
Truck257411,703.0
Truck257489,509.0
Truck257481,531.0
Truck257371,807.0
Truck257393,753.0
Truck257458,589.0
Truck257384,782.0
Truck257379,798.0
Truck257433,668.0
Truck257479,556.0
Truck257436,666.0
Truck257510,481.0
Truck257482,553.0
Truck257504,508.0
Truck257372,839.0
Truck257420,720.0
Truck257451,648.0
Truck257456,633.0
Truck257421,725.0
Truck257465,622.0
Truck257485,582.0
Truck257396,813.0
Truck257513,523.0
Truck257561,403.0
Truck257432,726.0
Truck257488,589.0
Truck257505,550.0
Truck257534,476.0
Truck257515,529.0
Truck257530,489.0
Truck257493,587.0
Truck257525,510.0
Truck257397,831.0
Truck257473,641.0
Truck257521,522.0
Truck257414,789.0
Truck257496,587.0
Truck257475,645.0
Truck257549,461.0
Truck257446,721.0
Truck257486,626.0
Truck257405,832.0
Truck257462,687.0
Truck257474,658.0
Truck257545,488.0
Truck257412,821.0
Truck257574,416.0
Truck257428,785.0
Truck257472,675.0
Truck257512,576.0
Truck257523,551.0
Truck257518,565.0
Truck257524,556.0
Truck257541,517.0
Truck257503,615.0
Truck257536,530.0
Truck257543,524.0
Truck257567,468.0
Truck257586,419.0
Truck257506,620.0
Truck257469,716.0
Truck257589,423.0
Truck257552,517.0
Truck257565,490.0
Truck257562,500.0
Truck257555,523.0
Truck257468,739.0
Truck257528,590.0
Truck257560,512.0
Truck257540,564.0
Truck257575,481.0
Truck257502,667.0
Truck257449,805.0
Truck257533,598.0
Truck257550,553.0
Truck257553,548.0
Truck257429,861.0
Truck257544,578.0
Truck257424,881.0
Truck257422,888.0
Truck257590,468.0
Truck257476,756.0
Truck257511,676.0
Truck257546,586.0
Truck257517,662.0
Truck257584,494.0
Truck257542,600.0
Truck257508,693.0
Truck257559,568.0
Truck257539,622.0
Truck257588,500.0
Truck257558,576.0
Truck257583,519.0
Truck257625,414.0
Truck257483,770.0
Truck257499,730.0
Truck257564,565.0
Truck257500,728.0
Truck257492,749.0
Truck257596,489.0
Truck257435,895.0
Truck257507,715.0
Truck257605,472.0
Truck257554,598.0
Truck257577,545.0
Truck257601,487.0
Truck257478,796.0
Truck257498,748.0
Truck257516,703.0
Truck257639,406.0
Truck257587,537.0
Truck257597,515.0
Truck257661,360.0
Truck257585,553.0
Truck257551,641.0
Truck257509,747.0
Truck257520,717.0
Truck257622,464.0
Truck257645,410.0
Truck257538,677.0
Truck257570,597.0
Truck257535,688.0
Truck257582,574.0
Truck257608,509.0
Truck257537,696.0
Truck257632,459.0
Truck257580,590.0
Truck257514,756.0
Truck257594,558.0
Truck257466,885.0
Truck257531,725.0
Truck257649,430.0
Truck257490,826.0
Truck257519,756.0
Truck257629,485.0
Truck257600,564.0
Truck257663,411.0
Truck257619,529.0
Truck257556,689.0
Truck257576,658.0
Truck257563,695.0
Truck257593,622.0
Truck257653,473.0
Truck257532,774.0
Truck257611,580.0
Truck257599,613.0
Truck257495,874.0
Truck257624,552.0
Truck257604,604.0
Truck257568,695.0
Truck257633,536.0
Truck257547,753.0
Truck257579,676.0
Truck257598,626.0
Truck257527,807.0
Truck257557,732.0
Truck257636,532.0
Truck257659,480.0
Truck257522,824.0
Truck257620,579.0
Truck257606,615.0
Truck257646,515.0
Truck257617,593.0
Truck257578,690.0
Truck257581,685.0
Truck257682,436.0
Truck257621,592.0
Truck257603,640.0
Truck257615,610.0
Truck257631,571.0
Truck257656,509.0
Truck257630,575.0
Truck257641,550.0
Truck257591,678.0
Truck257626,592.0
Truck257635,583.0
Truck257618,625.0
Truck257699,425.0
Truck257665,514.0
Truck257692,450.0
Truck257623,627.0
Truck257706,417.0
Truck257614,648.0
Truck257675,500.0
Truck257667,521.0
Truck257640,588.0
Truck257602,685.0
Truck257628,622.0
Truck257654,557.0
Truck257710,422.0
Truck257607,687.0
Truck257610,679.0
Truck257697,464.0
Truck257627,641.0
Truck257494,973.0
Truck257679,514.0
Truck257671,535.0
Truck257689,490.0
Truck257613,684.0
Truck257747,349.0
Truck257569,795.0
Truck257651,595.0
Truck257688,503.0
Truck257634,642.0
Truck257595,743.0
Truck257647,613.0
Truck257612,707.0
Truck257668,570.0
Truck257566,827.0
Truck257685,532.0
Truck257643,644.0
Truck257660,603.0
Truck257690,528.0
Truck257718,461.0
Truck257734,421.0
Truck257696,517.0
Truck257571,835.0
Truck257670,586.0
Truck257687,551.0
Truck257655,633.0
Truck257681,568.0
Truck257637,680.0
Truck257650,646.0
Truck257732,441.0
Truck257616,735.0
Truck257724,465.0
Truck257664,618.0
Truck257572,850.0
Truck257695,548.0
Truck257652,655.0
Truck257744,429.0
Truck257592,810.0
Truck257755,406.0
Truck257609,776.0
Truck257684,586.0
Truck257673,617.0
Truck257709,528.0
Truck257693,575.0
Truck257705,545.0
Truck257711,530.0
Truck257642,708.0
Truck257698,573.0
Truck257677,630.0
Truck257756,435.0
Truck257548,960.0
Truck257721,530.0
Truck257672,651.0
Truck257676,642.0
Truck257714,552.0
Truck257657,702.0
Truck257730,519.0
Truck257638,753.0
Truck257740,498.0
Truck257573,921.0
Truck257779,406.0
Truck257742,497.0
Truck257758,457.0
Truck257658,710.0
Truck257760,455.0
Truck257678,663.0
Truck257735,524.0
Truck257662,705.0
Truck257736,528.0
Truck257683,667.0
Truck257674,688.0
Truck257719,585.0
Truck257716,592.0
Truck257754,497.0
Truck257694,649.0
Truck257713,608.0
Truck257738,543.0
Truck257764,480.0
Truck257680,693.0
Truck257786,428.0
Truck257726,582.0
Truck257769,479.0
Truck257686,697.0
Truck257763,514.0
Truck257795,435.0
Truck257701,671.0
Truck257739,576.0
Truck257770,498.0
Truck257666,759.0
Truck257702,669.0
Truck257708,654.0
Truck257748,554.0
Truck257704,665.0
Truck257757,535.0
Truck257801,427.0
Truck257712,653.0
Truck257703,679.0
Truck257816,397.0
Truck257743,583.0
Truck257820,393.0
Truck257750,569.0
Truck257707,687.0
Truck257768,532.0
Truck257720,660.0
Truck257787,495.0
Truck257765,555.0
Truck257691,744.0
Truck257766,554.0
Truck257752,590.0
Truck257729,653.0
Truck257773,545.0
Truck257700,733.0
Truck257741,636.0
Truck257771,561.0
Truck257838,396.0
Truck257780,544.0
Truck257753,617.0
Truck257751,630.0
Truck257749,636.0
Truck257774,571.0
Truck257733,678.0
Truck257728,689.0
Truck257781,561.0
Truck257644,906.0
Truck257772,589.0
Truck257812,489.0
Truck257782,565.0
Truck257862,369.0
Truck257648,908.0
Truck257767,614.0
Truck257829,463.0
Truck257784,579.0
Truck257790,564.0
Truck257783,586.0
Truck257775,613.0
Truck257860,400.0
Truck257715,767.0
Truck257802,547.0
Truck257809,532.0
Truck257785,593.0
Truck257808,533.0
Truck257807,540.0
Truck257828,485.0
Truck257826,502.0
Truck257762,667.0
Truck257847,457.0
Truck257788,607.0
Truck257810,559.0
Truck257861,435.0
Truck257789,616.0
Truck257717,799.0
Truck257791,616.0
Truck257761,692.0
Truck257813,562.0
Truck257835,513.0
Truck257727,786.0
Truck257815,566.0
Truck257737,762.0
Truck257745,747.0
Truck257854,473.0
Truck257759,714.0
Truck257834,526.0
Truck257722,813.0
Truck257669,950.0
Truck257850,499.0
Truck257853,495.0
Truck257776,686.0
Truck257833,547.0
Truck257870,453.0
Truck257777,691.0
Truck257746,769.0
Truck257836,544.0
Truck257859,495.0
Truck257725,831.0
Truck257778,697.0
Truck257811,617.0
Truck257875,458.0
Truck257723,843.0
Truck257825,588.0
Truck257856,512.0
Truck257818,611.0
Truck257827,595.0
Truck257831,586.0
Truck257800,666.0
Truck257821,616.0
Truck257881,471.0
Truck257857,532.0
Truck257824,614.0
Truck257845,565.0
Truck257919,391.0
Truck257849,567.0
Truck257879,493.0
Truck257844,586.0
Truck257885,491.0
Truck257855,567.0
Truck257901,453.0
Truck257797,718.0
Truck257884,498.0
Truck257891,485.0
Truck257851,588.0
Truck257910,439.0
Truck257852,586.0
Truck257798,725.0
Truck257822,670.0
Truck257841,627.0
Truck257876,537.0
Truck257731,904.0
Truck257832,652.0
Truck257840,634.0
Truck257848,621.0
Truck257868,575.0
Truck257863,591.0
Truck257866,581.0
Truck257846,633.0
Truck257858,603.0
Truck257914,466.0
Truck257874,567.0
Truck257793,774.0
Truck257897,516.0
Truck257923,453.0
Truck257805,751.0
Truck257877,575.0
Truck257883,560.0
Truck257817,730.0
Truck257940,420.0
Truck257792,795.0
Truck257843,673.0
Truck257865,618.0
Truck257837,689.0
Truck257806,766.0
Truck257889,563.0
Truck257890,565.0
Truck257872,616.0
Truck257906,534.0
Truck257814,772.0
Truck257819,763.0
Truck257799,824.0
Truck257794,838.0
Truck257842,719.0
Truck257951,455.0
Truck257956,443.0
Truck257900,585.0
Truck257864,676.0
Truck257869,668.0
Truck257902,583.0
Truck257952,459.0
Truck257894,607.0
Truck257898,603.0
Truck257954,468.0
Truck257830,779.0
Truck257905,595.0
Truck257888,636.0
Truck257917,567.0
Truck257941,509.0
Truck257966,445.0
Truck257796,876.0
Truck257873,688.0
Truck257908,599.0
Truck257944,510.0
Truck257964,462.0
Truck257909,607.0
Truck257935,548.0
Truck257921,584.0
Truck257896,645.0
Truck257804,876.0
Truck257918,592.0
Truck257880,688.0
Truck257907,623.0
Truck257968,470.0
Truck257867,726.0
Truck257999,397.0
Truck257912,619.0
Truck257947,540.0
Truck257939,563.0
Truck257931,586.0
Truck257803,908.0
Truck257899,668.0
Truck257886,699.0
Truck257839,820.0
Truck257990,441.0
Truck257957,533.0
Truck257903,672.0
Truck257904,668.0
Truck257922,623.0
Truck257974,502.0
Truck257930,613.0
Truck257933,612.0
Truck257887,730.0
Truck257982,492.0
Truck257920,649.0
Truck257983,499.0
Truck257911,680.0
Truck258044,346.0
Truck257946,595.0
Truck257978,515.0
Truck257916,677.0
Truck257882,763.0
Truck257913,691.0
Truck257915,686.0
Truck257963,574.0
Truck257971,557.0
Truck258005,472.0
Truck257976,544.0
Truck258054,349.0
Truck257925,677.0
Truck257892,759.0
Truck257932,659.0
Truck257949,621.0
Truck258006,476.0
Truck258019,449.0
Truck257928,680.0
Truck257973,572.0
Truck257924,693.0
Truck257986,539.0
Truck257981,556.0
Truck258038,415.0
Truck257943,659.0
Truck257969,595.0
Truck257945,656.0
Truck257929,697.0
Truck257958,625.0
Truck257948,653.0
Truck257934,691.0
Truck258060,376.0
Truck258010,502.0
Truck257994,543.0
Truck258029,459.0
Truck257979,585.0
Truck258018,489.0
Truck257927,721.0
Truck257871,864.0
Truck257970,614.0
Truck257823,989.0
Truck257993,565.0
Truck258030,477.0
Truck258031,481.0
Truck257965,647.0
Truck257878,864.0
Truck257975,625.0
Truck258043,455.0
Truck258020,511.0
Truck257895,828.0
Truck257995,585.0
Truck257937,732.0
Truck257960,674.0
Truck257989,609.0
Truck258079,386.0
Truck257953,702.0
Truck258015,549.0
Truck257998,590.0
Truck258024,526.0
Truck258039,495.0
Truck257988,621.0
Truck258014,558.0
Truck257972,668.0
Truck257984,646.0
Truck258083,401.0
Truck258000,608.0
Truck257997,619.0
Truck257987,650.0
Truck257996,629.0
Truck258003,615.0
Truck258081,420.0
Truck258042,518.0
Truck258050,498.0
Truck257936,787.0
Truck258013,604.0
Truck258082,429.0
Truck257985,676.0
Truck257991,661.0
Truck258045,528.0
Truck258048,520.0
Truck258057,501.0
Truck257961,743.0
Truck258065,484.0
Truck258027,580.0
Truck258032,565.0
Truck258035,566.0
Truck257955,768.0
Truck258099,411.0
Truck257938,814.0
Truck257893,932.0
Truck258077,474.0
Truck257980,715.0
Truck258025,609.0
Truck258055,538.0
Truck258058,530.0
Truck257959,784.0
Truck258026,616.0
Truck257992,705.0
Truck258123,380.0
Truck257962,782.0
Truck258009,668.0
Truck258040,588.0
Truck258072,508.0
Truck258047,580.0
Truck258074,513.0
Truck258053,570.0
Truck258037,612.0
Truck258046,589.0
Truck258085,494.0
Truck258076,516.0
Truck258086,494.0
Truck258067,555.0
Truck257942,867.0
Truck258063,567.0
Truck258115,445.0
Truck257950,857.0
Truck257926,919.0
Truck258080,539.0
Truck258002,735.0
Truck258091,515.0
Truck258068,572.0
Truck258102,487.0
Truck258129,423.0
Truck257967,836.0
Truck258087,536.0
Truck258056,618.0
Truck258097,519.0
Truck258112,482.0
Truck258049,645.0
Truck258028,697.0
Truck258036,677.0
Truck258007,753.0
Truck258012,743.0
Truck258084,563.0
Truck258098,537.0
Truck258001,785.0
Truck258094,550.0
Truck257977,846.0
Truck258166,374.0
Truck258022,735.0
Truck258004,782.0
Truck258078,601.0
Truck258111,522.0
Truck258033,720.0
Truck258109,533.0
Truck258066,644.0
Truck258143,454.0
Truck258095,575.0
Truck258119,518.0
Truck258121,513.0
Truck258155,430.0
Truck258021,768.0
Truck258104,559.0
Truck258093,591.0
Truck258089,603.0
Truck258139,480.0
Truck258023,771.0
Truck258106,564.0
Truck258126,519.0
Truck258075,650.0
Truck258008,818.0
Truck258171,422.0
Truck258016,809.0
Truck258071,679.0
Truck258132,528.0
Truck258108,591.0
Truck258130,536.0
Truck258142,511.0
Truck258059,723.0
Truck258122,564.0
Truck258137,531.0
Truck258052,745.0
Truck258164,465.0
Truck258103,622.0
Truck258117,588.0
Truck258011,857.0
Truck258061,733.0
Truck258165,474.0
Truck258163,484.0
Truck258100,646.0
Truck258114,612.0
Truck258150,522.0
Truck258185,438.0
Truck258017,866.0
Truck258120,613.0
Truck258158,523.0
Truck258062,764.0
Truck258034,838.0
Truck258051,798.0
Truck258073,746.0
Truck258199,432.0
Truck258169,511.0
Truck258096,695.0
Truck258127,627.0
Truck258176,503.0
Truck258217,404.0
Truck258116,655.0
Truck258154,564.0
Truck258090,728.0
Truck258179,513.0
Truck258220,412.0
Truck258041,863.0
Truck258157,573.0
Truck258070,795.0
Truck258101,721.0
Truck258203,467.0
Truck258180,523.0
Truck258144,616.0
Truck258177,538.0
Truck258135,647.0
Truck258152,602.0
Truck258149,616.0
Truck258153,606.0
Truck258148,619.0
Truck258118,701.0
Truck258069,828.0
Truck258223,449.0
Truck258151,630.0
Truck258241,405.0
Truck258213,476.0
Truck258138,662.0
Truck258110,735.0
Truck258113,732.0
Truck258168,594.0
Truck258182,559.0
Truck258231,443.0
Truck258146,658.0
Truck258181,574.0
Truck258064,868.0
Truck258140,678.0
Truck258161,628.0
Truck258105,770.0
Truck258131,705.0
Truck258107,767.0
Truck258209,518.0
Truck258133,709.0
Truck258141,690.0
Truck258194,556.0
Truck258088,824.0
Truck258145,685.0
Truck258184,585.0
Truck258240,447.0
Truck258147,683.0
Truck258188,581.0
Truck258159,659.0
Truck258229,484.0
Truck258175,624.0
Truck258239,466.0
Truck258160,665.0
Truck258206,552.0
Truck258214,532.0
Truck258190,595.0
Truck258196,580.0
Truck258174,641.0
Truck258218,543.0
Truck258205,581.0
Truck258281,395.0
Truck258243,491.0
Truck258208,577.0
Truck258156,721.0
Truck258170,687.0
Truck258189,648.0
Truck258195,634.0
Truck258248,499.0
Truck258183,665.0
Truck258225,561.0
Truck258125,813.0
Truck258178,679.0
Truck258210,599.0
Truck258264,464.0
Truck258227,560.0
Truck258260,475.0
Truck258192,646.0
Truck258238,531.0
Truck258258,485.0
Truck258282,425.0
Truck258327,316.0
Truck258287,418.0
Truck258211,613.0
Truck258219,598.0
Truck258215,611.0
Truck258232,566.0
Truck258261,496.0
Truck258274,461.0
Truck258250,522.0
Truck258255,524.0
Truck258167,751.0
Truck258134,832.0
Truck258221,619.0
Truck258270,494.0
Truck258271,501.0
Truck258162,772.0
Truck258259,534.0
Truck258237,590.0
Truck258247,565.0
Truck258315,397.0
Truck258201,687.0
Truck258254,553.0
Truck258198,697.0
Truck258289,475.0
Truck258312,418.0
Truck258197,710.0
Truck258202,697.0
Truck258323,400.0
Truck258124,896.0
Truck258092,980.0
Truck258269,542.0
Truck258308,446.0
Truck258307,456.0
Truck258246,607.0
Truck258313,442.0
Truck258236,636.0
Truck258224,669.0
Truck258200,730.0
Truck258280,530.0
Truck258249,612.0
Truck258329,413.0
Truck258193,754.0
Truck258324,431.0
Truck258322,438.0
Truck258204,734.0
Truck258242,640.0
Truck258191,775.0
Truck258299,505.0
Truck258300,500.0
Truck258253,621.0
Truck258387,290.0
Truck258314,471.0
Truck258293,527.0
Truck258244,648.0
Truck258173,835.0
Truck258265,605.0
Truck258305,506.0
Truck258279,574.0
Truck258292,540.0
Truck258172,845.0
Truck258267,610.0
Truck258136,936.0
Truck258186,815.0
Truck258207,765.0
Truck258262,629.0
Truck258245,675.0
Truck258234,701.0
Truck258235,701.0
Truck258320,487.0
Truck258277,598.0
Truck258301,544.0
Truck258295,561.0
Truck258128,978.0
Truck258256,660.0
Truck258291,584.0
Truck258230,735.0
Truck258337,470.0
Truck258266,652.0
Truck258252,688.0
Truck258339,475.0
Truck258342,466.0
Truck258273,647.0
Truck258349,457.0
Truck258316,538.0
Truck258319,538.0
Truck258228,765.0
Truck258222,781.0
Truck258278,644.0
Truck258283,639.0
Truck258212,815.0
Truck258363,442.0
Truck258272,669.0
Truck258251,729.0
Truck258290,630.0
Truck258347,490.0
Truck258321,558.0
Truck258378,413.0
Truck258358,465.0
Truck258285,653.0
Truck258298,623.0
Truck258276,680.0
Truck258302,617.0
Truck258375,437.0
Truck258257,735.0
Truck258304,618.0
Truck258368,471.0
Truck258384,436.0
Truck258392,421.0
Truck258216,867.0
Truck258233,828.0
Truck258318,623.0
Truck258345,566.0
Truck258390,451.0
Truck258338,584.0
Truck258367,514.0
Truck258360,530.0
Truck258413,401.0
Truck258344,572.0
Truck258334,602.0
Truck258263,790.0
Truck258187,990.0
Truck258335,622.0
Truck258372,527.0
Truck258374,522.0
Truck258309,688.0
Truck258333,629.0
Truck258385,499.0
Truck258394,474.0
Truck258362,555.0
Truck258449,343.0
Truck258303,710.0
Truck258352,587.0
Truck258296,730.0
Truck258226,906.0
Truck258275,786.0
Truck258331,648.0
Truck258346,608.0
Truck258336,639.0
Truck258432,400.0
Truck258284,774.0
Truck258343,629.0
Truck258443,383.0
Truck258359,595.0
Truck258326,676.0
Truck258353,611.0
Truck258364,583.0
Truck258366,582.0
Truck258354,615.0
Truck258430,425.0
Truck258370,580.0
Truck258311,736.0
Truck258409,495.0
Truck258268,848.0
Truck258369,598.0
Truck258365,616.0
Truck258317,738.0
Truck258341,679.0
Truck258422,478.0
Truck258376,594.0
Truck258330,712.0
Truck258388,568.0
Truck258297,800.0
Truck258340,694.0
Truck258396,554.0
Truck258357,655.0
Truck258457,408.0
Truck258410,524.0
Truck258479,355.0
Truck258386,588.0
Truck258418,508.0
Truck258423,499.0
Truck258400,556.0
Truck258478,363.0
Truck258484,351.0
Truck258476,372.0
Truck258310,788.0
Truck258380,614.0
Truck258399,570.0
Truck258325,757.0
Truck258452,437.0
Truck258332,743.0
Truck258371,650.0
Truck258397,585.0
Truck258389,608.0
Truck258415,547.0
Truck258455,451.0
Truck258328,767.0
Truck258437,497.0
Truck258350,715.0
Truck258391,615.0
Truck258420,543.0
Truck258395,611.0
Truck258419,551.0
Truck258412,569.0
Truck258414,568.0
Truck258288,886.0
Truck258424,548.0
Truck258373,681.0
Truck258361,718.0
Truck258436,537.0
Truck258348,759.0
Truck258356,743.0
Truck258398,638.0
Truck258383,682.0
Truck258377,700.0
Truck258406,630.0
Truck258428,575.0
Truck258445,535.0
Truck258404,639.0
Truck258286,943.0
Truck258427,596.0
Truck258431,586.0
Truck258351,787.0
Truck258294,933.0
Truck258439,577.0
Truck258501,423.0
Truck258448,555.0
Truck258421,626.0
Truck258403,674.0
Truck258306,915.0
Truck258447,566.0
Truck258381,738.0
Truck258434,604.0
Truck258456,551.0
Truck258535,361.0
Truck258425,638.0
Truck258444,591.0
Truck258461,553.0
Truck258517,414.0
Truck258467,545.0
Truck258393,731.0
Truck258468,541.0
Truck258382,757.0
Truck258408,693.0
Truck258494,478.0
Truck258355,830.0
Truck258417,676.0
Truck258475,531.0
Truck258480,519.0
Truck258474,536.0
Truck258401,722.0
Truck258440,622.0
Truck258429,654.0
Truck258469,558.0
Truck258416,692.0
Truck258451,608.0
Truck258463,591.0
Truck258473,568.0
Truck258568,342.0
Truck258514,488.0
Truck258481,575.0
Truck258492,548.0
Truck258379,834.0
Truck258490,554.0
Truck258527,465.0
Truck258541,432.0
Truck258464,623.0
Truck258402,784.0
Truck258462,637.0
Truck258465,632.0
Truck258405,786.0
Truck258524,489.0
Truck258560,400.0
Truck258426,737.0
Truck258446,692.0
Truck258600,309.0
Truck258411,786.0
Truck258530,489.0
Truck258450,694.0
Truck258470,646.0
Truck258515,538.0
Truck258508,559.0
Truck258513,550.0
Truck258460,682.0
Truck258498,591.0
Truck258466,672.0
Truck258472,658.0
Truck258495,604.0
Truck258453,710.0
Truck258489,621.0
Truck258529,521.0
Truck258458,699.0
Truck258575,414.0
Truck258485,642.0
Truck258502,598.0
Truck258471,680.0
Truck258526,540.0
Truck258579,418.0
Truck258454,731.0
Truck258482,665.0
Truck258438,777.0
Truck258613,342.0
Truck258588,407.0
Truck258512,601.0
Truck258534,546.0
Truck258536,541.0
Truck258433,802.0
Truck258550,507.0
Truck258545,525.0
Truck258521,586.0
Truck258561,487.0
Truck258563,483.0
Truck258506,625.0
Truck258459,746.0
Truck258533,566.0
Truck258591,425.0
Truck258562,497.0
Truck258523,600.0
Truck258483,701.0
Truck258580,459.0
Truck258537,574.0
Truck258551,543.0
Truck258549,551.0
Truck258590,454.0
Truck258499,685.0
Truck258614,398.0
Truck258497,695.0
Truck258546,570.0
Truck258587,470.0
Truck258582,481.0
Truck258407,925.0
Truck258493,711.0
Truck258441,842.0
Truck258540,594.0
Truck258548,575.0
Truck258542,592.0
Truck258486,733.0
Truck258601,450.0
Truck258507,687.0
Truck258539,607.0
Truck258500,706.0
Truck258547,591.0
Truck258509,688.0
Truck258605,449.0
Truck258589,492.0
Truck258595,479.0
Truck258487,753.0
Truck258505,710.0
Truck258532,642.0
Truck258569,562.0
Truck258573,555.0
Truck258637,395.0
Truck258491,763.0
Truck258520,695.0
Truck258617,455.0
Truck258518,701.0
Truck258619,463.0
Truck258557,624.0
Truck258511,740.0
Truck258528,695.0
Truck258663,361.0
Truck258578,573.0
Truck258599,528.0
Truck258611,500.0
Truck258630,452.0
Truck258555,644.0
Truck258638,434.0
Truck258442,927.0
Truck258435,949.0
Truck258567,620.0
Truck258598,540.0
Truck258576,596.0
Truck258553,658.0
Truck258631,463.0
Truck258477,849.0
Truck258496,802.0
Truck258612,512.0
Truck258636,453.0
Truck258543,695.0
Truck258608,531.0
Truck258577,612.0
Truck258585,596.0
Truck258632,477.0
Truck258602,559.0
Truck258581,620.0
Truck258522,767.0
Truck258488,857.0
Truck258574,642.0
Truck258654,443.0
Truck258652,451.0
Truck258570,657.0
Truck258609,562.0
Truck258593,606.0
Truck258571,662.0
Truck258559,693.0
Truck258538,747.0
Truck258627,534.0
Truck258675,417.0
Truck258606,589.0
Truck258615,573.0
Truck258519,816.0
Truck258556,728.0
Truck258640,518.0
Truck258688,398.0
Truck258669,453.0
Truck258516,834.0
Truck258705,364.0
Truck258525,817.0
Truck258667,464.0
Truck258544,770.0
Truck258564,720.0
Truck258572,702.0
Truck258664,473.0
Truck258566,722.0
Truck258703,382.0
Truck258503,888.0
Truck258621,594.0
Truck258531,821.0
Truck258681,446.0
Truck258596,664.0
Truck258584,696.0
Truck258629,586.0
Truck258657,517.0
Truck258554,773.0
Truck258683,467.0
Truck258592,695.0
Truck258552,796.0
Truck258583,722.0
Truck258725,374.0
Truck258677,495.0
Truck258618,641.0
Truck258643,581.0
Truck258510,912.0
Truck258651,565.0
Truck258684,481.0
Truck258650,567.0
Truck258633,614.0
Truck258565,785.0
Truck258558,801.0
Truck258648,581.0
Truck258660,552.0
Truck258610,679.0
Truck258676,514.0
Truck258635,622.0
Truck258712,429.0
Truck258647,595.0
Truck258504,951.0
Truck258690,488.0
Truck258594,732.0
Truck258625,658.0
Truck258642,615.0
Truck258692,490.0
Truck258662,569.0
Truck258679,532.0
Truck258713,447.0
Truck258708,459.0
Truck258680,533.0
Truck258641,634.0
Truck258646,621.0
Truck258623,685.0
Truck258689,521.0
Truck258659,600.0
Truck258626,681.0
Truck258668,577.0
Truck258645,639.0
Truck258655,614.0
Truck258603,749.0
Truck258715,471.0
Truck258661,607.0
Truck258620,708.0
Truck258658,614.0
Truck258656,620.0
Truck258672,580.0
Truck258685,551.0
Truck258710,487.0
Truck258694,531.0
Truck258597,782.0
Truck258722,469.0
Truck258586,813.0
Truck258719,492.0
Truck258738,442.0
Truck258769,368.0
Truck258717,504.0
Truck258706,531.0
Truck258604,788.0
Truck258695,570.0
Truck258728,485.0
Truck258666,647.0
Truck258653,683.0
Truck258628,750.0
Truck258687,605.0
Truck258686,607.0
Truck258723,517.0
Truck258616,785.0
Truck258739,480.0
Truck258607,811.0
Truck258737,486.0
Truck258781,377.0
Truck258693,598.0
Truck258673,654.0
Truck258734,500.0
Truck258709,567.0
Truck258624,782.0
Truck258771,417.0
Truck258729,526.0
Truck258751,475.0
Truck258753,470.0
Truck258704,591.0
Truck258696,612.0
Truck258721,561.0
Truck258744,501.0
Truck258698,625.0
Truck258726,555.0
Truck258700,622.0
Truck258765,464.0
Truck258758,481.0
Truck258678,688.0
Truck258714,604.0
Truck258699,649.0
Truck258702,642.0
Truck258730,579.0
Truck258741,554.0
Truck258779,460.0
Truck258649,787.0
Truck258796,421.0
Truck258772,483.0
Truck258670,739.0
Truck258770,489.0
Truck258682,712.0
Truck258691,694.0
Truck258665,761.0
Truck258757,537.0
Truck258711,654.0
Truck258750,554.0
Truck258697,690.0
Truck258775,495.0
Truck258634,846.0
Truck258797,446.0
Truck258740,590.0
Truck258805,430.0
Truck258760,542.0
Truck258768,522.0
Truck258707,678.0
Truck258800,448.0
Truck258784,489.0
Truck258671,785.0
Truck258748,591.0
Truck258776,521.0
Truck258826,396.0
Truck258764,552.0
Truck258860,312.0
Truck258754,583.0
Truck258823,414.0
Truck258755,585.0
Truck258674,787.0
Truck258622,920.0
Truck258798,483.0
Truck258799,483.0
Truck258644,872.0
Truck258639,888.0
Truck258742,636.0
Truck258745,636.0
Truck258731,673.0
Truck258811,476.0
Truck258852,371.0
Truck258718,709.0
Truck258720,704.0
Truck258787,547.0
Truck258701,765.0
Truck258862,363.0
Truck258716,730.0
Truck258727,709.0
Truck258732,695.0
Truck258752,647.0
Truck258749,663.0
Truck258806,521.0
Truck258804,528.0
Truck258777,599.0
Truck258821,490.0
Truck258786,578.0
Truck258824,484.0
Truck258782,601.0
Truck258756,667.0
Truck258747,693.0
Truck258843,454.0
Truck258743,705.0
Truck258795,580.0
Truck258763,666.0
Truck258746,708.0
Truck258792,593.0
Truck258780,624.0
Truck258801,575.0
Truck258815,541.0
Truck258761,678.0
Truck258789,609.0
Truck258841,481.0
Truck258774,657.0
Truck258790,624.0
Truck258733,770.0
Truck258803,596.0
Truck258835,516.0
Truck258838,506.0
Truck258822,549.0
Truck258817,567.0
Truck258813,583.0
Truck258766,699.0
Truck258816,574.0
Truck258844,505.0
Truck258735,785.0
Truck258837,532.0
Truck258793,645.0
Truck258832,549.0
Truck258834,546.0
Truck258893,402.0
Truck258861,487.0
Truck258788,671.0
Truck258851,516.0
Truck258808,622.0
Truck258895,411.0
Truck258724,838.0
Truck258828,585.0
Truck258802,652.0
Truck258846,545.0
Truck258762,763.0
Truck258778,723.0
Truck258827,608.0
Truck258794,689.0
Truck258773,754.0
Truck258900,439.0
Truck258810,666.0
Truck258868,521.0
Truck258869,523.0
Truck258870,519.0
Truck258830,627.0
Truck258767,790.0
Truck258855,571.0
Truck258879,512.0
Truck258847,593.0
Truck258825,649.0
Truck258864,555.0
Truck258856,577.0
Truck258831,644.0
Truck258867,557.0
Truck258833,643.0
Truck258848,604.0
Truck258897,484.0
Truck258791,750.0
Truck258842,622.0
Truck258853,597.0
Truck258877,537.0
Truck258902,474.0
Truck258903,477.0
Truck258759,838.0
Truck258916,444.0
Truck258889,516.0
Truck258807,725.0
Truck258845,632.0
Truck258783,788.0
Truck258736,907.0
Truck258839,657.0
Truck258829,685.0
Truck258884,546.0
Truck258809,739.0
Truck258910,485.0
Truck258904,503.0
Truck258836,674.0
Truck258840,664.0
Truck258878,569.0
Truck258885,555.0
Truck258812,737.0
Truck258882,562.0
Truck258937,432.0
Truck258950,399.0
Truck258819,732.0
Truck258956,394.0
Truck258894,555.0
Truck258818,747.0
Truck258923,497.0
Truck258914,518.0
Truck258814,771.0
Truck258929,489.0
Truck258930,484.0
Truck258926,495.0
Truck258891,586.0
Truck258912,534.0
Truck258881,617.0
Truck258898,575.0
Truck258820,771.0
Truck258859,678.0
Truck258874,641.0
Truck258920,528.0
Truck258925,518.0
Truck258953,449.0
Truck258969,416.0
Truck258854,703.0
Truck258946,473.0
Truck258871,666.0
Truck258942,491.0
Truck258944,487.0
Truck258876,661.0
Truck258939,506.0
Truck258880,652.0
Truck258887,638.0
Truck258918,558.0
Truck258931,531.0
Truck258966,441.0
Truck258927,543.0
Truck258858,724.0
Truck258875,685.0
Truck258908,601.0
Truck258982,425.0
Truck258911,612.0
Truck258785,932.0
Truck258883,687.0
Truck258977,452.0
Truck258913,615.0
Truck258866,733.0
Truck258850,774.0
Truck258949,531.0
Truck258958,508.0
Truck258959,508.0
Truck258901,654.0
Truck258991,430.0
Truck258888,690.0
Truck258933,585.0
Truck258890,691.0
Truck259008,403.0
Truck259007,409.0
Truck258865,765.0
Truck258907,660.0
Truck258935,591.0
Truck259030,355.0
Truck258980,481.0
Truck258948,562.0
Truck258941,583.0
Truck258940,588.0
Truck258849,822.0
Truck258951,569.0
Truck258964,535.0
Truck258922,642.0
Truck258954,577.0
Truck259020,413.0
Truck258945,604.0
Truck259001,465.0
Truck258961,569.0
Truck258976,530.0
Truck258863,817.0
Truck258892,743.0
Truck258947,609.0
Truck258981,529.0
Truck259037,389.0
Truck258872,802.0
Truck258973,559.0
Truck258962,587.0
Truck258921,693.0
Truck258952,614.0
Truck258873,817.0
average,593.9511558397337
