ID,travel_time
Truck28800,310.0
Truck28804,291.0
Truck28805,291.0
Truck28803,316.0
Truck28808,291.0
Truck28802,326.0
Truck28806,309.0
Truck28807,307.0
Truck28812,291.0
Truck28801,351.0
Truck28809,330.0
Truck28817,291.0
Truck28813,314.0
Truck28820,291.0
Truck28821,291.0
Truck28810,350.0
Truck28819,308.0
Truck28825,291.0
Truck28814,348.0
Truck28826,291.0
Truck28815,362.0
Truck28822,330.0
Truck28830,291.0
Truck28828,304.0
Truck28824,326.0
Truck28816,369.0
Truck28823,336.0
Truck28832,291.0
Truck28833,291.0
Truck28831,303.0
Truck28811,405.0
Truck28834,291.0
Truck28835,291.0
Truck28837,291.0
Truck28818,393.0
Truck28839,291.0
Truck28829,347.0
Truck28841,291.0
Truck28842,291.0
Truck28844,291.0
Truck28827,378.0
Truck28845,291.0
Truck28836,345.0
Truck28847,291.0
Truck28850,291.0
Truck28848,302.0
Truck28851,291.0
Truck28849,310.0
Truck28853,291.0
Truck28843,342.0
Truck28840,374.0
Truck28855,305.0
Truck28856,309.0
Truck28860,291.0
Truck28854,324.0
Truck28846,365.0
Truck28862,291.0
Truck28859,307.0
Truck28857,318.0
Truck28861,303.0
Truck28865,304.0
Truck28868,291.0
Truck28870,291.0
Truck28871,291.0
Truck28866,321.0
Truck28875,291.0
Truck28876,291.0
Truck28852,414.0
Truck28877,291.0
Truck28867,343.0
Truck28838,492.0
Truck28869,338.0
Truck28863,371.0
Truck28864,372.0
Truck28881,291.0
Truck28880,306.0
Truck28858,420.0
Truck28872,354.0
Truck28882,306.0
Truck28873,356.0
Truck28883,306.0
Truck28885,309.0
Truck28879,348.0
Truck28874,379.0
Truck28892,291.0
Truck28878,372.0
Truck28887,333.0
Truck28896,291.0
Truck28894,303.0
Truck28890,327.0
Truck28886,362.0
Truck28888,355.0
Truck28893,333.0
Truck28884,381.0
Truck28897,316.0
Truck28902,291.0
Truck28891,349.0
Truck28901,302.0
Truck28904,291.0
Truck28905,291.0
Truck28903,304.0
Truck28907,291.0
Truck28889,383.0
Truck28899,335.0
Truck28895,361.0
Truck28900,341.0
Truck28898,355.0
Truck28908,305.0
Truck28906,320.0
Truck28915,291.0
Truck28917,291.0
Truck28916,301.0
Truck28909,337.0
Truck28912,322.0
Truck28911,332.0
Truck28914,319.0
Truck28921,291.0
Truck28913,333.0
Truck28922,291.0
Truck28918,317.0
Truck28925,291.0
Truck28910,368.0
Truck28926,291.0
Truck28927,291.0
Truck28924,308.0
Truck28929,291.0
Truck28930,291.0
Truck28928,306.0
Truck28931,291.0
Truck28923,337.0
Truck28919,366.0
Truck28934,291.0
Truck28920,372.0
Truck28937,291.0
Truck28936,301.0
Truck28939,291.0
Truck28932,328.0
Truck28940,291.0
Truck28933,345.0
Truck28938,323.0
Truck28945,291.0
Truck28942,308.0
Truck28947,291.0
Truck28948,291.0
Truck28943,325.0
Truck28941,342.0
Truck28946,325.0
Truck28954,291.0
Truck28949,317.0
Truck28944,343.0
Truck28951,311.0
Truck28935,395.0
Truck28956,291.0
Truck28955,311.0
Truck28950,337.0
Truck28960,291.0
Truck28953,328.0
Truck28962,291.0
Truck28952,344.0
Truck28963,291.0
Truck28957,345.0
Truck28965,305.0
Truck28959,349.0
Truck28958,356.0
Truck28971,291.0
Truck28970,307.0
Truck28967,328.0
Truck28964,348.0
Truck28976,291.0
Truck28973,311.0
Truck28975,301.0
Truck28969,332.0
Truck28974,307.0
Truck28978,291.0
Truck28972,345.0
Truck28980,316.0
Truck28985,291.0
Truck28986,291.0
Truck28984,307.0
Truck28981,328.0
Truck28982,325.0
Truck28979,341.0
Truck28961,440.0
Truck28988,307.0
Truck28992,291.0
Truck28983,337.0
Truck28968,420.0
Truck28977,378.0
Truck28966,434.0
Truck28993,306.0
Truck28996,291.0
Truck28987,338.0
Truck28990,332.0
Truck28991,330.0
Truck28999,291.0
Truck29000,291.0
Truck29002,291.0
Truck29003,291.0
Truck29004,291.0
Truck28989,375.0
Truck28995,347.0
Truck29007,291.0
Truck28997,343.0
Truck28994,369.0
Truck29001,336.0
Truck29010,306.0
Truck29015,291.0
Truck29012,317.0
Truck29018,291.0
Truck28998,392.0
Truck29006,359.0
Truck29016,309.0
Truck29005,365.0
Truck29009,346.0
Truck29017,312.0
Truck29020,301.0
Truck29011,349.0
Truck29023,291.0
Truck29013,345.0
Truck29008,374.0
Truck29028,291.0
Truck29029,291.0
Truck29025,316.0
Truck29031,291.0
Truck29024,345.0
Truck29035,291.0
Truck29036,291.0
Truck29034,306.0
Truck29037,291.0
Truck29022,371.0
Truck29026,353.0
Truck29019,403.0
Truck29032,351.0
Truck29014,445.0
Truck29045,291.0
Truck29021,412.0
Truck29033,358.0
Truck29048,291.0
Truck29039,340.0
Truck29027,402.0
Truck29038,347.0
Truck29030,389.0
Truck29051,291.0
Truck29040,349.0
Truck29041,345.0
Truck29046,320.0
Truck29053,291.0
Truck29042,347.0
Truck29043,348.0
Truck29047,336.0
Truck29056,291.0
Truck29044,357.0
Truck29049,345.0
Truck29060,291.0
Truck29050,344.0
Truck29052,338.0
Truck29062,291.0
Truck29061,305.0
Truck29058,326.0
Truck29065,291.0
Truck29059,327.0
Truck29068,291.0
Truck29066,304.0
Truck29069,291.0
Truck29057,353.0
Truck29055,371.0
Truck29064,328.0
Truck29067,317.0
Truck29070,306.0
Truck29073,291.0
Truck29063,344.0
Truck29074,291.0
Truck29075,291.0
Truck29077,291.0
Truck29072,320.0
Truck29083,291.0
Truck29080,307.0
Truck29086,291.0
Truck29079,329.0
Truck29087,291.0
Truck29076,351.0
Truck29054,470.0
Truck29088,301.0
Truck29090,291.0
Truck29071,390.0
Truck29082,335.0
Truck29085,321.0
Truck29091,291.0
Truck29078,366.0
Truck29098,291.0
Truck29081,383.0
Truck29094,318.0
Truck29095,314.0
Truck29096,317.0
Truck29093,347.0
Truck29084,395.0
Truck29105,291.0
Truck29099,330.0
Truck29102,321.0
Truck29108,291.0
Truck29104,319.0
Truck29092,384.0
Truck29113,291.0
Truck29114,291.0
Truck29106,332.0
Truck29116,291.0
Truck29097,389.0
Truck29117,291.0
Truck29089,432.0
Truck29110,328.0
Truck29112,325.0
Truck29109,344.0
Truck29100,390.0
Truck29103,376.0
Truck29120,291.0
Truck29101,387.0
Truck29111,343.0
Truck29122,291.0
Truck29118,314.0
Truck29119,318.0
Truck29126,291.0
Truck29128,291.0
Truck29107,397.0
Truck29125,319.0
Truck29130,305.0
Truck29132,301.0
Truck29123,347.0
Truck29135,291.0
Truck29121,365.0
Truck29129,325.0
Truck29133,307.0
Truck29115,405.0
Truck29138,291.0
Truck29124,374.0
Truck29127,361.0
Truck29141,291.0
Truck29139,307.0
Truck29131,348.0
Truck29145,291.0
Truck29134,347.0
Truck29137,333.0
Truck29146,291.0
Truck29143,307.0
Truck29142,331.0
Truck29151,291.0
Truck29148,308.0
Truck29136,372.0
Truck29150,305.0
Truck29154,291.0
Truck29155,291.0
Truck29156,291.0
Truck29144,355.0
Truck29158,291.0
Truck29147,349.0
Truck29160,291.0
Truck29157,307.0
Truck29149,350.0
Truck29140,400.0
Truck29164,291.0
Truck29161,315.0
Truck29166,291.0
Truck29169,291.0
Truck29153,372.0
Truck29159,351.0
Truck29163,337.0
Truck29165,335.0
Truck29152,411.0
Truck29168,331.0
Truck29176,291.0
Truck29171,327.0
Truck29170,340.0
Truck29173,325.0
Truck29180,291.0
Truck29174,324.0
Truck29175,329.0
Truck29162,397.0
Truck29178,317.0
Truck29184,291.0
Truck29177,327.0
Truck29182,303.0
Truck29185,291.0
Truck29181,333.0
Truck29187,304.0
Truck29191,291.0
Truck29179,354.0
Truck29189,309.0
Truck29183,342.0
Truck29192,301.0
Truck29195,291.0
Truck29188,339.0
Truck29198,291.0
Truck29196,303.0
Truck29199,291.0
Truck29197,306.0
Truck29201,291.0
Truck29167,464.0
Truck29203,291.0
Truck29186,379.0
Truck29190,360.0
Truck29172,452.0
Truck29193,354.0
Truck29206,291.0
Truck29202,313.0
Truck29204,305.0
Truck29208,291.0
Truck29205,320.0
Truck29211,291.0
Truck29194,386.0
Truck29214,291.0
Truck29207,327.0
Truck29213,300.0
Truck29215,291.0
Truck29210,323.0
Truck29216,309.0
Truck29217,304.0
Truck29218,306.0
Truck29221,291.0
Truck29219,302.0
Truck29212,340.0
Truck29209,361.0
Truck29200,410.0
Truck29223,307.0
Truck29225,308.0
Truck29220,336.0
Truck29226,306.0
Truck29222,344.0
Truck29234,291.0
Truck29230,313.0
Truck29235,291.0
Truck29232,307.0
Truck29224,348.0
Truck29229,327.0
Truck29231,335.0
Truck29238,300.0
Truck29227,364.0
Truck29242,291.0
Truck29243,291.0
Truck29241,305.0
Truck29244,291.0
Truck29240,312.0
Truck29236,333.0
Truck29228,374.0
Truck29245,291.0
Truck29233,360.0
Truck29247,291.0
Truck29248,306.0
Truck29252,291.0
Truck29237,368.0
Truck29249,329.0
Truck29246,346.0
Truck29254,309.0
Truck29256,307.0
Truck29260,291.0
Truck29239,398.0
Truck29251,340.0
Truck29255,325.0
Truck29250,358.0
Truck29265,291.0
Truck29263,305.0
Truck29266,291.0
Truck29262,312.0
Truck29264,308.0
Truck29261,325.0
Truck29258,341.0
Truck29259,343.0
Truck29267,305.0
Truck29257,359.0
Truck29271,291.0
Truck29273,291.0
Truck29272,308.0
Truck29275,301.0
Truck29279,291.0
Truck29277,303.0
Truck29274,320.0
Truck29269,349.0
Truck29270,349.0
Truck29278,311.0
Truck29280,304.0
Truck29281,305.0
Truck29284,291.0
Truck29276,333.0
Truck29268,375.0
Truck29285,291.0
Truck29287,291.0
Truck29253,475.0
Truck29288,301.0
Truck29286,313.0
Truck29293,291.0
Truck29294,291.0
Truck29282,353.0
Truck29292,305.0
Truck29299,291.0
Truck29295,314.0
Truck29298,300.0
Truck29283,376.0
Truck29289,346.0
Truck29291,343.0
Truck29302,304.0
Truck29305,291.0
Truck29290,367.0
Truck29296,337.0
Truck29297,332.0
Truck29304,300.0
Truck29301,323.0
Truck29306,301.0
Truck29308,291.0
Truck29300,332.0
Truck29309,291.0
Truck29310,291.0
Truck29311,291.0
Truck29314,291.0
Truck29303,348.0
Truck29307,330.0
Truck29313,306.0
Truck29317,291.0
Truck29312,331.0
Truck29318,305.0
Truck29321,291.0
Truck29319,314.0
Truck29325,291.0
Truck29326,291.0
Truck29315,354.0
Truck29324,317.0
Truck29320,338.0
Truck29316,365.0
Truck29331,291.0
Truck29322,339.0
Truck29332,291.0
Truck29333,291.0
Truck29323,354.0
Truck29329,326.0
Truck29327,343.0
Truck29337,303.0
Truck29330,340.0
Truck29340,291.0
Truck29344,291.0
Truck29335,344.0
Truck29343,309.0
Truck29328,386.0
Truck29347,291.0
Truck29345,307.0
Truck29341,328.0
Truck29334,364.0
Truck29336,361.0
Truck29350,291.0
Truck29348,303.0
Truck29346,315.0
Truck29352,291.0
Truck29351,301.0
Truck29353,291.0
Truck29338,373.0
Truck29339,373.0
Truck29342,367.0
Truck29354,309.0
Truck29358,291.0
Truck29349,338.0
Truck29355,308.0
Truck29361,291.0
Truck29365,291.0
Truck29356,342.0
Truck29362,319.0
Truck29369,291.0
Truck29357,352.0
Truck29370,291.0
Truck29359,347.0
Truck29360,343.0
Truck29366,315.0
Truck29371,291.0
Truck29373,291.0
Truck29364,338.0
Truck29367,324.0
Truck29372,300.0
Truck29374,291.0
Truck29376,291.0
Truck29377,306.0
Truck29380,291.0
Truck29363,377.0
Truck29375,321.0
Truck29379,301.0
Truck29381,303.0
Truck29385,291.0
Truck29368,379.0
Truck29378,329.0
Truck29384,300.0
Truck29386,291.0
Truck29388,291.0
Truck29382,331.0
Truck29387,306.0
Truck29391,291.0
Truck29392,291.0
Truck29390,305.0
Truck29393,291.0
Truck29394,291.0
Truck29383,347.0
Truck29396,291.0
Truck29389,341.0
Truck29400,291.0
Truck29399,305.0
Truck29395,334.0
Truck29404,291.0
Truck29401,309.0
Truck29397,330.0
Truck29403,308.0
Truck29402,329.0
Truck29412,291.0
Truck29414,291.0
Truck29415,291.0
Truck29411,316.0
Truck29409,327.0
Truck29398,386.0
Truck29405,356.0
Truck29413,320.0
Truck29416,307.0
Truck29408,357.0
Truck29419,313.0
Truck29424,291.0
Truck29418,327.0
Truck29417,335.0
Truck29406,397.0
Truck29420,329.0
Truck29426,302.0
Truck29421,331.0
Truck29423,322.0
Truck29407,414.0
Truck29422,343.0
Truck29429,308.0
Truck29431,306.0
Truck29433,308.0
Truck29428,342.0
Truck29439,291.0
Truck29432,327.0
Truck29438,309.0
Truck29427,366.0
Truck29440,301.0
Truck29442,291.0
Truck29443,291.0
Truck29425,394.0
Truck29444,301.0
Truck29430,372.0
Truck29410,481.0
Truck29437,346.0
Truck29449,291.0
Truck29446,307.0
Truck29441,334.0
Truck29451,291.0
Truck29436,369.0
Truck29448,315.0
Truck29454,291.0
Truck29450,312.0
Truck29447,330.0
Truck29456,291.0
Truck29453,309.0
Truck29458,291.0
Truck29460,291.0
Truck29434,428.0
Truck29459,308.0
Truck29463,291.0
Truck29461,308.0
Truck29435,439.0
Truck29465,291.0
Truck29455,345.0
Truck29466,291.0
Truck29462,325.0
Truck29457,352.0
Truck29464,317.0
Truck29452,382.0
Truck29445,418.0
Truck29467,311.0
Truck29469,304.0
Truck29472,291.0
Truck29470,306.0
Truck29475,291.0
Truck29474,301.0
Truck29468,339.0
Truck29477,311.0
Truck29479,308.0
Truck29483,291.0
Truck29480,309.0
Truck29484,291.0
Truck29476,334.0
Truck29473,351.0
Truck29485,291.0
Truck29486,291.0
Truck29489,291.0
Truck29487,307.0
Truck29478,362.0
Truck29471,398.0
Truck29481,348.0
Truck29488,315.0
Truck29491,306.0
Truck29482,354.0
Truck29495,308.0
Truck29496,303.0
Truck29497,301.0
Truck29499,291.0
Truck29490,342.0
Truck29493,329.0
Truck29492,338.0
Truck29494,340.0
Truck29502,302.0
Truck29504,319.0
Truck29503,326.0
Truck29500,354.0
Truck29510,308.0
Truck29507,327.0
Truck29506,338.0
Truck29509,325.0
Truck29511,318.0
Truck29517,291.0
Truck29498,389.0
Truck29508,347.0
Truck29501,386.0
Truck29515,316.0
Truck29516,313.0
Truck29513,331.0
Truck29514,330.0
Truck29505,380.0
Truck29523,291.0
Truck29524,291.0
Truck29522,311.0
Truck29527,291.0
Truck29512,367.0
Truck29520,334.0
Truck29529,291.0
Truck29531,291.0
Truck29518,370.0
Truck29534,291.0
Truck29530,318.0
Truck29533,306.0
Truck29537,291.0
Truck29519,383.0
Truck29526,351.0
Truck29539,291.0
Truck29525,362.0
Truck29536,319.0
Truck29540,302.0
Truck29541,300.0
Truck29532,351.0
Truck29521,412.0
Truck29543,302.0
Truck29546,291.0
Truck29528,384.0
Truck29538,341.0
Truck29550,291.0
Truck29549,301.0
Truck29552,291.0
Truck29547,319.0
Truck29548,321.0
Truck29544,345.0
Truck29535,391.0
Truck29551,318.0
Truck29542,388.0
Truck29556,318.0
Truck29562,291.0
Truck29557,326.0
Truck29566,291.0
Truck29564,304.0
Truck29565,302.0
Truck29559,333.0
Truck29555,354.0
Truck29553,366.0
Truck29568,291.0
Truck29569,291.0
Truck29570,291.0
Truck29545,421.0
Truck29571,291.0
Truck29558,357.0
Truck29572,291.0
Truck29573,291.0
Truck29554,389.0
Truck29574,291.0
Truck29575,291.0
Truck29563,353.0
Truck29560,371.0
Truck29567,338.0
Truck29580,291.0
Truck29579,305.0
Truck29583,291.0
Truck29576,330.0
Truck29577,344.0
Truck29584,309.0
Truck29561,425.0
Truck29578,345.0
Truck29589,291.0
Truck29586,307.0
Truck29591,291.0
Truck29582,346.0
Truck29593,291.0
Truck29594,291.0
Truck29588,330.0
Truck29596,291.0
Truck29587,339.0
Truck29585,353.0
Truck29599,291.0
Truck29597,304.0
Truck29600,291.0
Truck29601,291.0
Truck29602,291.0
Truck29590,354.0
Truck29603,291.0
Truck29581,406.0
Truck29595,354.0
Truck29609,291.0
Truck29610,291.0
Truck29604,325.0
Truck29612,291.0
Truck29605,345.0
Truck29598,386.0
Truck29592,417.0
Truck29614,307.0
Truck29608,339.0
Truck29619,291.0
Truck29620,291.0
Truck29606,362.0
Truck29611,341.0
Truck29616,321.0
Truck29621,303.0
Truck29618,323.0
Truck29607,379.0
Truck29615,345.0
Truck29627,291.0
Truck29628,291.0
Truck29629,291.0
Truck29623,324.0
Truck29624,325.0
Truck29622,338.0
Truck29617,364.0
Truck29633,291.0
Truck29613,394.0
Truck29632,315.0
Truck29625,353.0
Truck29631,324.0
Truck29638,291.0
Truck29640,291.0
Truck29636,314.0
Truck29641,291.0
Truck29642,306.0
Truck29645,291.0
Truck29626,387.0
Truck29630,369.0
Truck29644,302.0
Truck29637,341.0
Truck29647,291.0
Truck29634,361.0
Truck29649,291.0
Truck29635,376.0
Truck29655,291.0
Truck29651,316.0
Truck29652,323.0
Truck29653,318.0
Truck29648,344.0
Truck29657,303.0
Truck29646,361.0
Truck29660,291.0
Truck29639,409.0
Truck29663,291.0
Truck29656,331.0
Truck29661,309.0
Truck29665,291.0
Truck29650,374.0
Truck29643,413.0
Truck29659,333.0
Truck29658,340.0
Truck29664,317.0
Truck29662,336.0
Truck29666,316.0
Truck29670,300.0
Truck29672,291.0
Truck29667,317.0
Truck29668,316.0
Truck29671,301.0
Truck29673,291.0
Truck29675,291.0
Truck29654,410.0
Truck29678,291.0
Truck29669,349.0
Truck29681,291.0
Truck29680,302.0
Truck29683,291.0
Truck29679,316.0
Truck29676,332.0
Truck29682,306.0
Truck29685,291.0
Truck29674,349.0
Truck29677,346.0
Truck29687,301.0
Truck29686,315.0
Truck29690,304.0
Truck29691,303.0
Truck29688,320.0
Truck29695,291.0
Truck29696,291.0
Truck29693,310.0
Truck29698,291.0
Truck29689,341.0
Truck29684,371.0
Truck29701,291.0
Truck29692,337.0
Truck29702,291.0
Truck29700,306.0
Truck29694,342.0
Truck29699,318.0
Truck29704,300.0
Truck29697,338.0
Truck29703,317.0
Truck29706,305.0
Truck29709,291.0
Truck29710,291.0
Truck29712,291.0
Truck29713,291.0
Truck29714,291.0
Truck29705,349.0
Truck29707,340.0
Truck29708,346.0
Truck29719,291.0
Truck29721,291.0
Truck29711,348.0
Truck29716,323.0
Truck29723,291.0
Truck29724,291.0
Truck29722,303.0
Truck29715,339.0
Truck29717,338.0
Truck29727,291.0
Truck29720,358.0
Truck29730,308.0
Truck29731,304.0
Truck29728,329.0
Truck29734,301.0
Truck29736,291.0
Truck29740,291.0
Truck29737,307.0
Truck29739,305.0
Truck29732,341.0
Truck29729,357.0
Truck29718,419.0
Truck29725,385.0
Truck29733,351.0
Truck29742,307.0
Truck29744,306.0
Truck29747,291.0
Truck29726,411.0
Truck29750,291.0
Truck29741,342.0
Truck29738,363.0
Truck29743,347.0
Truck29745,340.0
Truck29753,302.0
Truck29748,330.0
Truck29749,326.0
Truck29756,291.0
Truck29751,323.0
Truck29755,303.0
Truck29735,412.0
Truck29760,291.0
Truck29758,305.0
Truck29746,366.0
Truck29765,291.0
Truck29754,347.0
Truck29764,301.0
Truck29767,291.0
Truck29768,291.0
Truck29759,344.0
Truck29752,381.0
Truck29757,359.0
Truck29772,291.0
Truck29774,291.0
Truck29766,334.0
Truck29776,291.0
Truck29770,329.0
Truck29778,291.0
Truck29763,371.0
Truck29769,343.0
Truck29773,325.0
Truck29780,291.0
Truck29779,308.0
Truck29762,396.0
Truck29784,291.0
Truck29786,291.0
Truck29782,322.0
Truck29775,363.0
Truck29788,300.0
Truck29783,326.0
Truck29790,291.0
Truck29771,389.0
Truck29777,364.0
Truck29781,344.0
Truck29793,291.0
Truck29789,320.0
Truck29787,337.0
Truck29798,291.0
Truck29795,308.0
Truck29799,291.0
Truck29785,364.0
Truck29794,323.0
Truck29797,311.0
Truck29796,323.0
Truck29800,304.0
Truck29761,506.0
Truck29805,291.0
Truck29802,308.0
Truck29792,375.0
Truck29791,381.0
Truck29809,291.0
Truck29811,291.0
Truck29803,335.0
Truck29804,341.0
Truck29812,301.0
Truck29817,291.0
Truck29818,291.0
Truck29801,379.0
Truck29806,355.0
Truck29819,291.0
Truck29808,349.0
Truck29820,291.0
Truck29807,359.0
Truck29815,319.0
Truck29814,327.0
Truck29810,349.0
Truck29823,291.0
Truck29821,309.0
Truck29826,291.0
Truck29824,308.0
Truck29816,350.0
Truck29813,375.0
Truck29830,291.0
Truck29827,310.0
Truck29832,291.0
Truck29825,336.0
Truck29835,291.0
Truck29829,323.0
Truck29831,323.0
Truck29828,339.0
Truck29834,321.0
Truck29822,383.0
Truck29841,291.0
Truck29842,291.0
Truck29843,291.0
Truck29836,327.0
Truck29838,318.0
Truck29839,329.0
Truck29837,341.0
Truck29848,291.0
Truck29846,302.0
Truck29849,291.0
Truck29850,291.0
Truck29844,329.0
Truck29840,350.0
Truck29852,291.0
Truck29851,302.0
Truck29855,291.0
Truck29845,347.0
Truck29857,291.0
Truck29858,291.0
Truck29847,357.0
Truck29853,332.0
Truck29859,306.0
Truck29833,438.0
Truck29865,291.0
Truck29856,337.0
Truck29862,311.0
Truck29866,291.0
Truck29868,291.0
Truck29863,321.0
Truck29860,337.0
Truck29872,291.0
Truck29867,326.0
Truck29869,321.0
Truck29876,291.0
Truck29874,302.0
Truck29877,291.0
Truck29870,329.0
Truck29878,291.0
Truck29861,380.0
Truck29879,291.0
Truck29875,320.0
Truck29882,291.0
Truck29880,305.0
Truck29881,304.0
Truck29864,391.0
Truck29884,291.0
Truck29887,291.0
Truck29888,291.0
Truck29890,291.0
Truck29886,317.0
Truck29892,291.0
Truck29889,307.0
Truck29871,403.0
Truck29894,291.0
Truck29891,308.0
Truck29893,300.0
Truck29895,291.0
Truck29898,291.0
Truck29896,303.0
Truck29885,371.0
Truck29901,291.0
Truck29854,527.0
Truck29902,291.0
Truck29903,291.0
Truck29873,445.0
Truck29883,396.0
Truck29904,291.0
Truck29899,321.0
Truck29897,353.0
Truck29909,311.0
Truck29900,360.0
Truck29911,305.0
Truck29914,291.0
Truck29907,330.0
Truck29906,338.0
Truck29916,291.0
Truck29908,335.0
Truck29918,291.0
Truck29915,307.0
Truck29905,358.0
Truck29913,319.0
Truck29919,291.0
Truck29917,307.0
Truck29923,291.0
Truck29912,350.0
Truck29924,291.0
Truck29922,303.0
Truck29921,314.0
Truck29920,322.0
Truck29927,291.0
Truck29928,291.0
Truck29926,306.0
Truck29930,291.0
Truck29931,291.0
Truck29933,291.0
Truck29910,409.0
Truck29932,301.0
Truck29934,291.0
Truck29925,348.0
Truck29938,291.0
Truck29937,305.0
Truck29929,351.0
Truck29935,340.0
Truck29941,312.0
Truck29940,320.0
Truck29946,291.0
Truck29945,305.0
Truck29936,352.0
Truck29939,356.0
Truck29952,291.0
Truck29944,335.0
Truck29953,291.0
Truck29951,308.0
Truck29943,349.0
Truck29956,291.0
Truck29950,333.0
Truck29947,349.0
Truck29954,316.0
Truck29959,291.0
Truck29948,348.0
Truck29961,291.0
Truck29960,300.0
Truck29949,356.0
Truck29962,291.0
Truck29942,399.0
Truck29964,291.0
Truck29957,336.0
Truck29965,307.0
Truck29958,346.0
Truck29970,291.0
Truck29955,378.0
Truck29974,291.0
Truck29963,355.0
Truck29976,291.0
Truck29969,328.0
Truck29975,306.0
Truck29979,291.0
Truck29978,304.0
Truck29983,291.0
Truck29973,348.0
Truck29985,291.0
Truck29977,336.0
Truck29972,363.0
Truck29980,323.0
Truck29971,373.0
Truck29968,390.0
Truck29988,291.0
Truck29986,308.0
Truck29990,291.0
Truck29991,291.0
Truck29993,291.0
Truck29981,354.0
Truck29989,314.0
Truck29982,351.0
Truck29967,429.0
Truck29995,291.0
Truck29966,438.0
Truck29996,291.0
Truck29987,338.0
Truck29997,291.0
Truck29998,291.0
Truck29999,301.0
Truck30001,291.0
Truck30003,291.0
Truck30004,300.0
Truck30006,291.0
Truck29994,352.0
Truck29984,414.0
Truck30009,291.0
Truck30002,336.0
Truck30008,306.0
Truck30000,347.0
Truck30012,291.0
Truck30013,291.0
Truck30011,303.0
Truck30015,291.0
Truck30010,322.0
Truck30007,343.0
Truck30016,303.0
Truck29992,425.0
Truck30005,360.0
Truck30019,291.0
Truck30021,291.0
Truck30023,291.0
Truck30024,291.0
Truck30027,291.0
Truck30018,339.0
Truck30026,306.0
Truck30025,320.0
Truck30022,340.0
Truck30017,371.0
Truck30014,391.0
Truck30031,308.0
Truck30029,324.0
Truck30028,334.0
Truck30037,291.0
Truck30039,291.0
Truck30032,328.0
Truck30030,345.0
Truck30035,322.0
Truck30042,291.0
Truck30043,291.0
Truck30020,413.0
Truck30033,348.0
Truck30034,343.0
Truck30041,315.0
Truck30036,344.0
Truck30047,291.0
Truck30051,291.0
Truck30038,359.0
Truck30040,351.0
Truck30049,318.0
Truck30055,291.0
Truck30056,291.0
Truck30048,336.0
Truck30057,291.0
Truck30044,363.0
Truck30059,291.0
Truck30052,328.0
Truck30060,291.0
Truck30061,291.0
Truck30064,291.0
Truck30053,349.0
Truck30065,291.0
Truck30046,393.0
Truck30050,376.0
Truck30067,291.0
Truck30063,321.0
Truck30054,368.0
Truck30045,420.0
Truck30071,291.0
Truck30058,358.0
Truck30069,308.0
Truck30068,319.0
Truck30074,291.0
Truck30066,336.0
Truck30075,291.0
Truck30076,291.0
Truck30077,291.0
Truck30078,291.0
Truck30073,328.0
Truck30062,384.0
Truck30079,301.0
Truck30082,291.0
Truck30083,291.0
Truck30072,349.0
Truck30084,291.0
Truck30085,291.0
Truck30080,327.0
Truck30091,291.0
Truck30092,291.0
Truck30089,308.0
Truck30070,406.0
Truck30088,316.0
Truck30087,322.0
Truck30081,359.0
Truck30095,291.0
Truck30090,319.0
Truck30096,291.0
Truck30086,344.0
Truck30097,300.0
Truck30099,291.0
Truck30101,291.0
Truck30094,335.0
Truck30105,291.0
Truck30100,319.0
Truck30106,291.0
Truck30107,291.0
Truck30102,329.0
Truck30108,305.0
Truck30111,291.0
Truck30109,305.0
Truck30110,305.0
Truck30113,291.0
Truck30093,401.0
Truck30115,291.0
Truck30117,291.0
Truck30114,326.0
Truck30121,291.0
Truck30122,291.0
Truck30120,303.0
Truck30103,394.0
Truck30104,398.0
Truck30118,328.0
Truck30127,291.0
Truck30116,350.0
Truck30098,441.0
Truck30123,318.0
Truck30112,376.0
Truck30119,342.0
Truck30128,304.0
Truck30126,318.0
Truck30132,291.0
Truck30125,334.0
Truck30134,291.0
Truck30131,310.0
Truck30124,347.0
Truck30129,340.0
Truck30142,291.0
Truck30143,291.0
Truck30130,359.0
Truck30137,326.0
Truck30146,291.0
Truck30144,306.0
Truck30139,337.0
Truck30147,300.0
Truck30136,361.0
Truck30152,291.0
Truck30151,305.0
Truck30138,374.0
Truck30149,323.0
Truck30135,403.0
Truck30155,314.0
Truck30140,392.0
Truck30161,291.0
Truck30162,291.0
Truck30148,362.0
Truck30145,378.0
Truck30150,353.0
Truck30153,346.0
Truck30159,326.0
Truck30163,307.0
Truck30157,340.0
Truck30154,356.0
Truck30164,313.0
Truck30165,315.0
Truck30141,436.0
Truck30160,344.0
Truck30156,366.0
Truck30171,291.0
Truck30133,485.0
Truck30170,300.0
Truck30166,329.0
Truck30174,291.0
Truck30168,327.0
Truck30169,325.0
Truck30172,319.0
Truck30167,346.0
Truck30180,291.0
Truck30241,291.0
Truck30242,291.0
Truck30240,302.0
Truck30245,291.0
Truck30246,291.0
Truck30248,291.0
Truck30243,320.0
Truck30244,321.0
Truck30253,291.0
Truck30252,302.0
Truck30255,291.0
Truck30247,332.0
Truck30256,291.0
Truck30250,325.0
Truck30258,291.0
Truck30249,338.0
Truck30259,291.0
Truck30251,332.0
Truck30257,304.0
Truck30261,291.0
Truck30254,333.0
Truck30263,291.0
Truck30260,309.0
Truck30264,291.0
Truck30265,291.0
Truck30266,291.0
Truck30268,303.0
Truck30262,339.0
Truck30269,308.0
Truck30270,308.0
Truck30274,291.0
Truck30267,341.0
Truck30271,322.0
Truck30275,305.0
Truck30276,309.0
Truck30272,345.0
Truck30280,313.0
Truck30273,355.0
Truck30279,325.0
Truck30277,340.0
Truck30287,291.0
Truck30288,291.0
Truck30278,342.0
Truck30289,291.0
Truck30281,333.0
Truck30286,308.0
Truck30290,291.0
Truck30283,328.0
Truck30282,334.0
Truck30291,291.0
Truck30284,336.0
Truck30292,306.0
Truck30295,291.0
Truck30299,291.0
Truck30294,321.0
Truck30297,310.0
Truck30301,291.0
Truck30302,291.0
Truck30298,313.0
Truck30300,305.0
Truck30303,291.0
Truck30304,291.0
Truck30296,343.0
Truck30293,359.0
Truck30308,291.0
Truck30285,409.0
Truck30311,291.0
Truck30309,309.0
Truck30313,291.0
Truck30314,291.0
Truck30305,337.0
Truck30306,334.0
Truck30318,291.0
Truck30310,335.0
Truck30312,332.0
Truck30315,320.0
Truck30317,311.0
Truck30321,291.0
Truck30307,367.0
Truck30316,328.0
Truck30324,309.0
Truck30328,291.0
Truck30326,310.0
Truck30330,291.0
Truck30320,348.0
Truck30322,343.0
Truck30329,309.0
Truck30323,351.0
Truck30335,291.0
Truck30325,342.0
Truck30319,379.0
Truck30334,305.0
Truck30333,330.0
Truck30331,344.0
Truck30327,371.0
Truck30332,347.0
Truck30336,329.0
Truck30345,291.0
Truck30344,303.0
Truck30348,291.0
Truck30349,291.0
Truck30350,291.0
Truck30339,349.0
Truck30342,336.0
Truck30337,362.0
Truck30338,360.0
Truck30340,350.0
Truck30352,291.0
Truck30347,330.0
Truck30353,300.0
Truck30356,291.0
Truck30358,291.0
Truck30346,355.0
Truck30357,303.0
Truck30343,374.0
Truck30354,321.0
Truck30359,303.0
Truck30351,346.0
Truck30361,301.0
Truck30341,404.0
Truck30367,291.0
Truck30365,304.0
Truck30364,315.0
Truck30369,291.0
Truck30366,313.0
Truck30355,369.0
Truck30368,312.0
Truck30374,291.0
Truck30372,302.0
Truck30377,291.0
Truck30371,324.0
Truck30378,291.0
Truck30380,291.0
Truck30381,291.0
Truck30382,291.0
Truck30379,320.0
Truck30385,291.0
Truck30360,419.0
Truck30375,349.0
Truck30363,419.0
Truck30383,319.0
Truck30370,392.0
Truck30376,365.0
Truck30387,310.0
Truck30388,306.0
Truck30391,291.0
Truck30362,438.0
Truck30392,291.0
Truck30384,338.0
Truck30373,396.0
Truck30395,291.0
Truck30386,343.0
Truck30393,311.0
Truck30394,306.0
Truck30396,300.0
Truck30399,291.0
Truck30389,347.0
Truck30398,309.0
Truck30402,291.0
Truck30403,291.0
Truck30405,291.0
Truck30390,371.0
Truck30404,308.0
Truck30397,344.0
Truck30406,305.0
Truck30409,291.0
Truck30401,338.0
Truck30408,303.0
Truck30407,310.0
Truck30400,346.0
Truck30412,291.0
Truck30410,304.0
Truck30417,291.0
Truck30418,307.0
Truck30424,291.0
Truck30413,349.0
Truck30415,339.0
Truck30423,303.0
Truck30426,291.0
Truck30416,345.0
Truck30427,291.0
Truck30419,347.0
Truck30420,345.0
Truck30431,291.0
Truck30422,337.0
Truck30428,314.0
Truck30433,291.0
Truck30425,333.0
Truck30421,365.0
Truck30414,403.0
Truck30429,329.0
Truck30432,314.0
Truck30436,300.0
Truck30438,291.0
Truck30430,344.0
Truck30435,329.0
Truck30411,465.0
Truck30441,318.0
Truck30434,356.0
Truck30447,291.0
Truck30439,336.0
Truck30446,304.0
Truck30443,320.0
Truck30440,348.0
Truck30437,369.0
Truck30453,291.0
Truck30444,340.0
Truck30448,335.0
Truck30455,307.0
Truck30445,359.0
Truck30450,335.0
Truck30442,378.0
Truck30449,347.0
Truck30454,325.0
Truck30462,291.0
Truck30452,349.0
Truck30464,291.0
Truck30456,341.0
Truck30458,333.0
Truck30461,320.0
Truck30467,291.0
Truck30468,291.0
Truck30470,291.0
Truck30471,291.0
Truck30472,291.0
Truck30473,291.0
Truck30457,373.0
Truck30451,404.0
Truck30459,375.0
Truck30463,355.0
Truck30474,301.0
Truck30476,291.0
Truck30478,291.0
Truck30466,353.0
Truck30460,384.0
Truck30469,339.0
Truck30481,291.0
Truck30465,373.0
Truck30477,328.0
Truck30485,291.0
Truck30483,304.0
Truck30475,351.0
Truck30479,341.0
Truck30489,291.0
Truck30486,333.0
Truck30492,306.0
Truck30484,348.0
Truck30496,291.0
Truck30495,304.0
Truck30488,340.0
Truck30490,332.0
Truck30491,337.0
Truck30501,291.0
Truck30502,291.0
Truck30487,370.0
Truck30498,318.0
Truck30482,403.0
Truck30505,291.0
Truck30493,355.0
Truck30480,422.0
Truck30500,322.0
Truck30497,338.0
Truck30507,291.0
Truck30503,320.0
Truck30499,344.0
Truck30512,291.0
Truck30506,329.0
Truck30504,343.0
Truck30508,327.0
Truck30509,324.0
Truck30494,414.0
Truck30519,291.0
Truck30511,336.0
Truck30513,336.0
Truck30516,322.0
Truck30515,333.0
Truck30524,291.0
Truck30525,291.0
Truck30528,291.0
Truck30510,389.0
Truck30514,369.0
Truck30521,340.0
Truck30532,291.0
Truck30523,338.0
Truck30522,359.0
Truck30518,382.0
Truck30534,306.0
Truck30536,304.0
Truck30526,359.0
Truck30540,291.0
Truck30533,327.0
Truck30531,341.0
Truck30538,306.0
Truck30527,362.0
Truck30529,354.0
Truck30520,407.0
Truck30539,313.0
Truck30541,305.0
Truck30545,291.0
Truck30517,432.0
Truck30535,347.0
Truck30530,376.0
Truck30546,305.0
Truck30543,321.0
Truck30551,291.0
Truck30549,302.0
Truck30542,338.0
Truck30544,331.0
Truck30552,300.0
Truck30554,291.0
Truck30556,291.0
Truck30550,330.0
Truck30555,305.0
Truck30553,317.0
Truck30560,291.0
Truck30547,365.0
Truck30559,305.0
Truck30563,291.0
Truck30537,424.0
Truck30548,371.0
Truck30567,291.0
Truck30568,291.0
Truck30561,327.0
Truck30564,313.0
Truck30566,306.0
Truck30570,291.0
Truck30565,330.0
Truck30562,354.0
Truck30569,320.0
Truck30575,305.0
Truck30571,334.0
Truck30581,291.0
Truck30578,307.0
Truck30572,343.0
Truck30579,309.0
Truck30584,291.0
Truck30557,427.0
Truck30558,422.0
Truck30580,312.0
Truck30582,304.0
Truck30576,337.0
Truck30574,354.0
Truck30589,291.0
Truck30573,376.0
Truck30577,356.0
Truck30592,291.0
Truck30586,329.0
Truck30585,346.0
Truck30588,338.0
Truck30594,313.0
Truck30595,308.0
Truck30591,331.0
Truck30599,291.0
Truck30590,337.0
Truck30587,354.0
Truck30596,321.0
Truck30602,308.0
Truck30593,355.0
Truck30598,333.0
Truck30603,309.0
Truck30607,291.0
Truck30608,291.0
Truck30600,335.0
Truck30609,291.0
Truck30601,334.0
Truck30604,319.0
Truck30583,429.0
Truck30610,308.0
Truck30605,345.0
Truck30606,345.0
Truck30617,291.0
Truck30619,291.0
Truck30597,402.0
Truck30614,326.0
Truck30615,330.0
Truck30613,341.0
Truck30612,351.0
Truck30625,291.0
Truck30626,291.0
Truck30616,342.0
Truck30620,326.0
Truck30627,291.0
Truck30611,378.0
Truck30629,291.0
Truck30622,327.0
Truck30630,291.0
Truck30621,351.0
Truck30631,302.0
Truck30636,291.0
Truck30635,301.0
Truck30618,391.0
Truck30623,367.0
Truck30642,291.0
Truck30638,314.0
Truck30643,291.0
Truck30632,347.0
Truck30644,303.0
Truck30634,356.0
Truck30633,364.0
Truck30637,348.0
Truck30645,313.0
Truck30624,421.0
Truck30651,291.0
Truck30628,407.0
Truck30649,305.0
Truck30653,291.0
Truck30648,318.0
Truck30655,291.0
Truck30650,320.0
Truck30656,291.0
Truck30639,379.0
Truck30641,369.0
Truck30640,376.0
Truck30646,352.0
Truck30657,306.0
Truck30647,357.0
Truck30662,291.0
Truck30652,358.0
Truck30658,331.0
Truck30664,304.0
Truck30660,335.0
Truck30659,345.0
Truck30661,338.0
Truck30669,300.0
Truck30654,376.0
Truck30674,291.0
Truck30671,309.0
Truck30672,304.0
Truck30667,342.0
Truck30666,348.0
Truck30680,291.0
Truck30668,356.0
Truck30679,303.0
Truck30681,300.0
Truck30663,393.0
Truck30676,329.0
Truck30673,347.0
Truck30685,291.0
Truck30683,309.0
Truck30687,291.0
Truck30678,339.0
Truck30686,304.0
Truck30689,291.0
Truck30684,321.0
Truck30665,425.0
Truck30692,291.0
Truck30670,406.0
Truck30675,383.0
Truck30694,291.0
Truck30688,328.0
Truck30677,385.0
Truck30695,319.0
Truck30690,346.0
Truck30701,291.0
Truck30697,321.0
Truck30700,306.0
Truck30693,347.0
Truck30691,363.0
Truck30699,324.0
Truck30706,291.0
Truck30704,304.0
Truck30707,291.0
Truck30702,325.0
Truck30703,323.0
Truck30696,365.0
Truck30682,439.0
Truck30712,291.0
Truck30698,369.0
Truck30711,307.0
Truck30709,320.0
Truck30715,291.0
Truck30705,349.0
Truck30719,291.0
Truck30716,323.0
Truck30714,340.0
Truck30724,291.0
Truck30710,362.0
Truck30720,313.0
Truck30717,336.0
Truck30723,310.0
Truck30708,391.0
Truck30718,345.0
Truck30730,291.0
Truck30713,378.0
Truck30731,291.0
Truck30721,345.0
Truck30722,344.0
Truck30733,291.0
Truck30735,291.0
Truck30729,325.0
Truck30728,341.0
Truck30739,291.0
Truck30741,291.0
Truck30732,343.0
Truck30736,328.0
Truck30727,376.0
Truck30725,395.0
Truck30737,336.0
Truck30738,332.0
Truck30747,291.0
Truck30740,331.0
Truck30734,363.0
Truck30750,291.0
Truck30743,327.0
Truck30748,313.0
Truck30726,431.0
Truck30754,291.0
Truck30744,344.0
Truck30755,291.0
Truck30745,345.0
Truck30756,291.0
Truck30751,321.0
Truck30752,326.0
Truck30759,291.0
Truck30742,377.0
Truck30761,300.0
Truck30763,291.0
Truck30746,379.0
Truck30753,344.0
Truck30764,291.0
Truck30749,371.0
Truck30760,324.0
Truck30768,291.0
Truck30757,348.0
Truck30770,291.0
Truck30767,309.0
Truck30771,291.0
Truck30762,341.0
Truck30773,291.0
Truck30774,291.0
Truck30766,333.0
Truck30775,291.0
Truck30772,307.0
Truck30777,291.0
Truck30769,337.0
Truck30776,303.0
Truck30779,291.0
Truck30782,291.0
Truck30758,415.0
Truck30780,306.0
Truck30784,291.0
Truck30783,301.0
Truck30786,291.0
Truck30787,291.0
Truck30781,322.0
Truck30788,291.0
Truck30792,291.0
Truck30778,365.0
Truck30793,291.0
Truck30794,291.0
Truck30791,307.0
Truck30796,291.0
Truck30789,335.0
Truck30798,291.0
Truck30797,306.0
Truck30795,317.0
Truck30790,350.0
Truck30765,478.0
Truck30799,322.0
Truck30803,304.0
Truck30806,291.0
Truck30785,405.0
Truck30808,291.0
Truck30802,323.0
Truck30810,291.0
Truck30807,320.0
Truck30805,337.0
Truck30801,360.0
Truck30800,367.0
Truck30804,349.0
Truck30815,300.0
Truck30812,317.0
Truck30817,300.0
Truck30809,342.0
Truck30814,322.0
Truck30822,291.0
Truck30816,324.0
Truck30821,300.0
Truck30823,291.0
Truck30813,351.0
Truck30826,291.0
Truck30827,291.0
Truck30820,327.0
Truck30828,291.0
Truck30811,379.0
Truck30819,343.0
Truck30830,291.0
Truck30818,354.0
Truck30831,291.0
Truck30824,328.0
Truck30832,291.0
Truck30825,329.0
Truck30835,291.0
Truck30829,330.0
Truck30837,291.0
Truck30838,291.0
Truck30839,291.0
Truck30841,291.0
Truck30842,291.0
Truck30836,323.0
Truck30834,336.0
Truck30843,291.0
Truck30840,321.0
Truck30845,304.0
Truck30848,291.0
Truck30844,315.0
Truck30847,318.0
Truck30850,306.0
Truck30833,402.0
Truck30857,291.0
Truck30858,304.0
Truck30852,335.0
Truck30861,291.0
Truck30851,348.0
Truck30860,306.0
Truck30863,291.0
Truck30855,332.0
Truck30854,342.0
Truck30865,291.0
Truck30856,347.0
Truck30868,291.0
Truck30859,340.0
Truck30869,291.0
Truck30846,410.0
Truck30849,396.0
Truck30871,291.0
Truck30867,319.0
Truck30864,335.0
Truck30873,291.0
Truck30866,330.0
Truck30875,301.0
Truck30876,302.0
Truck30880,291.0
Truck30877,309.0
Truck30881,291.0
Truck30879,303.0
Truck30874,329.0
Truck30878,316.0
Truck30883,291.0
Truck30862,415.0
Truck30888,291.0
Truck30885,308.0
Truck30884,320.0
Truck30886,311.0
Truck30890,291.0
Truck30853,481.0
Truck30870,396.0
Truck30891,291.0
Truck30872,394.0
Truck30895,291.0
Truck30887,333.0
Truck30893,316.0
Truck30898,291.0
Truck30882,378.0
Truck30889,344.0
Truck30900,291.0
Truck30901,291.0
Truck30894,336.0
Truck30903,291.0
Truck30899,314.0
Truck30892,356.0
Truck30897,337.0
Truck30907,291.0
Truck30909,291.0
Truck30905,333.0
Truck30908,322.0
Truck30904,349.0
Truck30916,291.0
Truck30906,342.0
Truck30913,308.0
Truck30911,338.0
Truck30902,390.0
Truck30896,425.0
Truck30915,334.0
Truck30918,319.0
Truck30921,307.0
Truck30914,344.0
Truck30912,365.0
Truck30920,328.0
Truck30924,308.0
Truck30917,349.0
Truck30919,340.0
Truck30910,386.0
Truck30926,308.0
Truck30925,327.0
Truck30933,291.0
Truck30922,351.0
Truck30923,346.0
Truck30931,311.0
Truck30929,343.0
Truck30940,291.0
Truck30928,356.0
Truck30934,328.0
Truck30939,309.0
Truck30938,316.0
Truck30942,305.0
Truck30945,291.0
Truck30927,386.0
Truck30932,367.0
Truck30943,312.0
Truck30935,357.0
Truck30941,327.0
Truck30949,291.0
Truck30952,291.0
Truck30936,375.0
Truck30953,291.0
Truck30930,408.0
Truck30937,379.0
Truck30955,291.0
Truck30944,348.0
Truck30948,337.0
Truck30946,357.0
Truck30957,304.0
Truck30960,291.0
Truck30951,337.0
Truck30954,340.0
Truck30950,362.0
Truck30947,380.0
Truck30959,326.0
Truck30966,291.0
Truck30963,308.0
Truck30956,346.0
Truck30967,291.0
Truck30964,309.0
Truck30971,291.0
Truck30961,344.0
Truck30962,340.0
Truck30969,308.0
Truck30973,291.0
Truck30974,291.0
Truck30958,372.0
Truck30965,344.0
Truck30968,335.0
Truck30970,329.0
Truck30980,291.0
Truck30982,291.0
Truck30979,310.0
Truck30981,308.0
Truck30975,340.0
Truck30985,291.0
Truck30983,310.0
Truck30987,291.0
Truck30978,337.0
Truck30988,291.0
Truck30977,353.0
Truck30976,360.0
Truck30991,291.0
Truck30972,392.0
Truck30989,316.0
Truck30994,291.0
Truck30986,349.0
Truck30984,364.0
Truck30997,300.0
Truck30996,310.0
Truck30995,316.0
Truck31000,291.0
Truck30998,303.0
Truck31001,291.0
Truck30990,349.0
Truck30992,347.0
Truck31005,301.0
Truck31008,291.0
Truck31003,330.0
Truck31006,322.0
Truck31004,334.0
Truck31009,310.0
Truck31010,307.0
Truck30993,394.0
Truck30999,365.0
Truck31012,301.0
Truck31007,332.0
Truck31002,365.0
Truck31018,291.0
Truck31016,315.0
Truck31019,302.0
Truck31022,291.0
Truck31023,291.0
Truck31014,343.0
Truck31011,365.0
Truck31027,291.0
Truck31028,291.0
Truck31013,367.0
Truck31026,307.0
Truck31017,354.0
Truck31024,325.0
Truck31031,291.0
Truck31029,307.0
Truck31033,291.0
Truck31021,352.0
Truck31034,291.0
Truck31015,387.0
Truck31020,362.0
Truck31032,309.0
Truck31036,291.0
Truck31037,305.0
Truck31025,374.0
Truck31042,291.0
Truck31041,302.0
Truck31030,361.0
Truck31044,291.0
Truck31043,300.0
Truck31047,291.0
Truck31035,363.0
Truck31050,291.0
Truck31053,291.0
Truck31038,367.0
Truck31054,291.0
Truck31045,338.0
Truck31055,291.0
Truck31052,307.0
Truck31046,338.0
Truck31039,377.0
Truck31057,291.0
Truck31048,346.0
Truck31049,342.0
Truck31058,309.0
Truck31063,291.0
Truck31040,411.0
Truck31051,356.0
Truck31064,291.0
Truck31066,291.0
Truck31056,349.0
Truck31059,343.0
Truck31067,304.0
Truck31065,315.0
Truck31062,341.0
Truck31070,306.0
Truck31073,291.0
Truck31069,322.0
Truck31076,291.0
Truck31074,306.0
Truck31075,313.0
Truck31080,291.0
Truck31060,393.0
Truck31081,291.0
Truck31072,340.0
Truck31082,291.0
Truck31068,365.0
Truck31084,291.0
Truck31078,326.0
Truck31079,331.0
Truck31090,291.0
Truck31083,328.0
Truck31091,291.0
Truck31088,308.0
Truck31086,319.0
Truck31085,331.0
Truck31092,300.0
Truck31094,291.0
Truck31087,327.0
Truck31089,319.0
Truck31071,416.0
Truck31097,291.0
Truck31096,304.0
Truck31098,300.0
Truck31101,291.0
Truck31095,329.0
Truck31061,509.0
Truck31103,304.0
Truck31104,301.0
Truck31106,291.0
Truck31107,291.0
Truck31077,444.0
Truck31105,305.0
Truck31109,291.0
Truck31111,291.0
Truck31100,349.0
Truck31110,301.0
Truck31093,390.0
Truck31113,291.0
Truck31099,364.0
Truck31115,291.0
Truck31102,360.0
Truck31119,291.0
Truck31120,291.0
Truck31117,308.0
Truck31122,291.0
Truck31108,364.0
Truck31123,291.0
Truck31114,338.0
Truck31118,324.0
Truck31125,291.0
Truck31121,319.0
Truck31124,307.0
Truck31128,291.0
Truck31126,325.0
Truck31129,311.0
Truck31133,291.0
Truck31112,400.0
Truck31132,301.0
Truck31134,291.0
Truck31131,308.0
Truck31127,331.0
Truck31130,322.0
Truck31137,291.0
Truck31139,291.0
Truck31116,418.0
Truck31135,339.0
Truck31142,308.0
Truck31140,322.0
Truck31143,313.0
Truck31147,303.0
Truck31141,336.0
Truck31144,325.0
Truck31146,320.0
Truck31148,316.0
Truck31145,338.0
Truck31138,375.0
Truck31156,291.0
Truck31154,302.0
Truck31136,399.0
Truck31159,291.0
Truck31155,320.0
Truck31161,291.0
Truck31157,312.0
Truck31152,346.0
Truck31163,291.0
Truck31149,362.0
Truck31151,362.0
Truck31160,320.0
Truck31166,291.0
Truck31153,363.0
Truck31162,329.0
Truck31167,315.0
Truck31169,305.0
Truck31158,361.0
Truck31172,291.0
Truck31168,315.0
Truck31150,406.0
Truck31171,302.0
Truck31170,308.0
Truck31174,291.0
Truck31164,352.0
Truck31173,313.0
Truck31177,300.0
Truck31179,291.0
Truck31181,291.0
Truck31182,291.0
Truck31184,291.0
Truck31180,321.0
Truck31187,291.0
Truck31165,404.0
Truck31175,361.0
Truck31176,356.0
Truck31178,352.0
Truck31186,317.0
Truck31188,310.0
Truck31185,328.0
Truck31193,291.0
Truck31194,291.0
Truck31196,291.0
Truck31183,359.0
Truck31195,301.0
Truck31197,291.0
Truck31191,328.0
Truck31190,335.0
Truck31199,291.0
Truck31189,348.0
Truck31200,302.0
Truck31201,301.0
Truck31192,353.0
Truck31205,291.0
Truck31198,332.0
Truck31202,314.0
Truck31207,300.0
Truck31210,291.0
Truck31212,291.0
Truck31214,291.0
Truck31203,348.0
Truck31206,337.0
Truck31218,291.0
Truck31215,307.0
Truck31209,338.0
Truck31220,300.0
Truck31219,306.0
Truck31213,346.0
Truck31216,331.0
Truck31211,360.0
Truck31217,332.0
Truck31226,291.0
Truck31208,389.0
Truck31228,291.0
Truck31221,327.0
Truck31204,417.0
Truck31230,291.0
Truck31227,307.0
Truck31224,323.0
Truck31232,291.0
Truck31223,340.0
Truck31233,291.0
Truck31225,350.0
Truck31231,326.0
Truck31239,291.0
Truck31222,384.0
Truck31234,333.0
Truck31243,291.0
Truck31241,305.0
Truck31235,338.0
Truck31242,304.0
Truck31245,304.0
Truck31229,392.0
Truck31246,313.0
Truck31248,306.0
Truck31252,291.0
Truck31236,374.0
Truck31244,338.0
Truck31250,309.0
Truck31255,291.0
Truck31238,378.0
Truck31240,372.0
Truck31247,340.0
Truck31237,394.0
Truck31257,301.0
Truck31259,291.0
Truck31253,331.0
Truck31249,353.0
Truck31251,346.0
Truck31260,306.0
Truck31263,291.0
Truck31261,305.0
Truck31256,336.0
Truck31265,291.0
Truck31254,348.0
Truck31264,303.0
Truck31267,291.0
Truck31262,322.0
Truck31269,291.0
Truck31272,291.0
Truck31273,291.0
Truck31274,291.0
Truck31276,291.0
Truck31268,335.0
Truck31271,321.0
Truck31275,303.0
Truck31258,389.0
Truck31270,331.0
Truck31278,291.0
Truck31266,355.0
Truck31279,291.0
Truck31280,291.0
Truck31281,291.0
Truck31282,291.0
Truck31283,291.0
Truck31277,333.0
Truck31284,304.0
Truck31287,291.0
Truck31286,302.0
Truck31290,291.0
Truck31292,291.0
Truck31289,319.0
Truck31285,344.0
Truck31291,316.0
Truck31296,291.0
Truck31293,308.0
Truck31294,307.0
Truck31298,291.0
Truck31288,346.0
Truck31297,308.0
Truck31303,301.0
Truck31300,320.0
Truck31301,317.0
Truck31308,291.0
Truck31312,291.0
Truck31299,358.0
Truck31302,344.0
Truck31307,324.0
Truck31309,316.0
Truck31314,291.0
Truck31305,343.0
Truck31316,291.0
Truck31311,317.0
Truck31310,331.0
Truck31306,355.0
Truck31319,291.0
Truck31304,372.0
Truck31317,311.0
Truck31321,291.0
Truck31295,424.0
Truck31323,291.0
Truck31324,291.0
Truck31315,340.0
Truck31325,291.0
Truck31318,328.0
Truck31326,291.0
Truck31313,357.0
Truck31322,316.0
Truck31327,291.0
Truck31329,291.0
Truck31330,291.0
Truck31320,343.0
Truck31334,291.0
Truck31332,308.0
Truck31328,331.0
Truck31336,291.0
Truck31337,291.0
Truck31331,324.0
Truck31333,323.0
Truck31338,307.0
Truck31340,303.0
Truck31339,312.0
Truck31341,309.0
Truck31344,302.0
Truck31345,306.0
Truck31348,291.0
Truck31343,324.0
Truck31351,291.0
Truck31342,337.0
Truck31352,291.0
Truck31349,318.0
Truck31355,291.0
Truck31350,318.0
Truck31347,335.0
Truck31346,348.0
Truck31358,291.0
Truck31359,291.0
Truck31356,310.0
Truck31357,309.0
Truck31353,333.0
Truck31335,435.0
Truck31364,291.0
Truck31354,347.0
Truck31363,302.0
Truck31360,326.0
Truck31367,291.0
Truck31362,326.0
Truck31365,313.0
Truck31370,291.0
Truck31374,291.0
Truck31366,333.0
Truck31371,309.0
Truck31361,363.0
Truck31372,309.0
Truck31373,305.0
Truck31376,291.0
Truck31368,341.0
Truck31379,302.0
Truck31383,291.0
Truck31369,364.0
Truck31375,335.0
Truck31384,291.0
Truck31385,291.0
Truck31386,291.0
Truck31381,327.0
Truck31377,357.0
Truck31378,362.0
Truck31393,291.0
Truck31390,310.0
Truck31391,309.0
Truck31380,367.0
Truck31388,330.0
Truck31396,291.0
Truck31387,354.0
Truck31398,306.0
Truck31382,396.0
Truck31397,332.0
Truck31395,349.0
Truck31408,291.0
Truck31402,324.0
Truck31401,331.0
Truck31410,291.0
Truck31411,291.0
Truck31400,347.0
Truck31392,390.0
Truck31394,381.0
Truck31412,291.0
Truck31399,368.0
Truck31405,346.0
Truck31416,291.0
Truck31389,427.0
Truck31407,341.0
Truck31417,291.0
Truck31403,365.0
Truck31409,340.0
Truck31406,364.0
Truck31419,306.0
Truck31422,291.0
Truck31404,386.0
Truck31414,338.0
Truck31413,344.0
Truck31418,320.0
Truck31424,291.0
Truck31423,303.0
Truck31421,325.0
Truck31415,370.0
Truck31431,291.0
Truck31425,323.0
Truck31433,291.0
Truck31428,331.0
Truck31432,315.0
Truck31437,291.0
Truck31427,346.0
Truck31440,291.0
Truck31430,347.0
Truck31426,368.0
Truck31436,318.0
Truck31438,308.0
Truck31439,303.0
Truck31429,358.0
Truck31441,303.0
Truck31435,337.0
Truck31434,344.0
Truck31443,307.0
Truck31448,291.0
Truck31447,303.0
Truck31452,291.0
Truck31442,342.0
Truck31445,331.0
Truck31453,291.0
Truck31420,460.0
Truck31454,291.0
Truck31446,333.0
Truck31455,291.0
Truck31450,317.0
Truck31451,313.0
Truck31458,291.0
Truck31444,363.0
Truck31456,308.0
Truck31460,291.0
Truck31449,364.0
Truck31465,291.0
Truck31459,347.0
Truck31464,329.0
Truck31463,340.0
Truck31468,317.0
Truck31462,348.0
Truck31466,336.0
Truck31469,326.0
Truck31467,345.0
Truck31472,321.0
Truck31475,306.0
Truck31478,291.0
Truck31471,334.0
Truck31480,291.0
Truck31457,409.0
Truck31481,291.0
Truck31474,331.0
Truck31470,355.0
Truck31473,342.0
Truck31477,330.0
Truck31476,342.0
Truck31461,418.0
Truck31487,291.0
Truck31482,322.0
Truck31484,328.0
Truck31479,356.0
Truck31489,307.0
Truck31490,305.0
Truck31493,291.0
Truck31494,291.0
Truck31492,303.0
Truck31485,358.0
Truck31483,372.0
Truck31501,291.0
Truck31502,291.0
Truck31486,375.0
Truck31497,326.0
Truck31496,340.0
Truck31499,331.0
Truck31491,375.0
Truck31504,313.0
Truck31505,308.0
Truck31488,395.0
Truck31500,337.0
Truck31507,302.0
Truck31498,352.0
Truck31503,329.0
Truck31511,291.0
Truck31509,304.0
Truck31512,291.0
Truck31514,291.0
Truck31510,320.0
Truck31513,305.0
Truck31518,291.0
Truck31508,350.0
Truck31520,291.0
Truck31506,365.0
Truck31516,317.0
Truck31495,429.0
Truck31515,330.0
Truck31521,305.0
Truck31524,300.0
Truck31517,338.0
Truck31519,330.0
Truck31523,313.0
Truck31528,291.0
Truck31530,291.0
Truck31531,291.0
Truck31529,310.0
Truck31533,291.0
Truck31526,330.0
Truck31532,302.0
Truck31527,340.0
Truck31525,351.0
Truck31537,291.0
Truck31538,291.0
Truck31522,379.0
Truck31542,291.0
Truck31540,306.0
Truck31543,291.0
Truck31544,291.0
Truck31535,340.0
Truck31547,291.0
Truck31536,347.0
Truck31534,368.0
Truck31550,291.0
Truck31539,348.0
Truck31549,301.0
Truck31553,291.0
Truck31545,336.0
Truck31548,323.0
Truck31551,321.0
Truck31557,291.0
Truck31546,355.0
Truck31560,291.0
Truck31559,303.0
Truck31562,291.0
Truck31541,402.0
Truck31564,291.0
Truck31565,291.0
Truck31552,369.0
Truck31556,350.0
Truck31567,308.0
Truck31561,343.0
Truck31563,334.0
Truck31558,366.0
Truck31566,333.0
Truck31575,291.0
Truck31569,322.0
Truck31554,399.0
Truck31574,303.0
Truck31577,291.0
Truck31568,339.0
Truck31572,326.0
Truck31570,340.0
Truck31555,416.0
Truck31571,345.0
Truck31578,320.0
Truck31576,334.0
Truck31580,337.0
Truck31587,306.0
Truck31581,337.0
Truck31586,312.0
Truck31591,291.0
Truck31573,383.0
Truck31585,324.0
Truck31592,291.0
Truck31583,339.0
Truck31593,291.0
Truck31588,317.0
Truck31595,291.0
Truck31590,324.0
Truck31584,356.0
Truck31589,331.0
Truck31597,291.0
Truck31582,378.0
Truck31600,291.0
Truck31601,291.0
Truck31594,337.0
Truck31579,426.0
Truck31606,291.0
Truck31599,330.0
Truck31607,291.0
Truck31608,291.0
Truck31596,355.0
Truck31609,291.0
Truck31598,361.0
Truck31612,291.0
Truck31603,337.0
Truck31610,313.0
Truck31602,355.0
Truck31611,312.0
Truck31605,365.0
Truck31615,315.0
Truck31619,300.0
Truck31621,291.0
Truck31684,291.0
Truck31683,309.0
Truck31688,291.0
Truck31689,291.0
Truck31681,338.0
Truck31686,313.0
Truck31680,348.0
Truck31692,305.0
Truck31693,306.0
Truck31690,324.0
Truck31687,348.0
Truck31696,303.0
Truck31695,311.0
Truck31699,291.0
Truck31700,291.0
Truck31697,309.0
Truck31701,291.0
Truck31691,345.0
Truck31694,334.0
Truck31703,291.0
Truck31704,291.0
Truck31705,291.0
Truck31702,309.0
Truck31707,291.0
Truck31685,410.0
Truck31682,429.0
Truck31706,309.0
Truck31711,291.0
Truck31710,301.0
Truck31708,322.0
Truck31715,291.0
Truck31709,328.0
Truck31717,291.0
Truck31714,310.0
Truck31698,404.0
Truck31721,291.0
Truck31713,342.0
Truck31712,350.0
Truck31718,329.0
Truck31719,331.0
Truck31716,348.0
Truck31725,307.0
Truck31720,335.0
Truck31730,291.0
Truck31722,340.0
Truck31727,318.0
Truck31728,316.0
Truck31726,330.0
Truck31734,291.0
Truck31724,349.0
Truck31736,291.0
Truck31737,291.0
Truck31729,339.0
Truck31733,323.0
Truck31732,331.0
Truck31738,301.0
Truck31735,331.0
Truck31723,394.0
Truck31743,306.0
Truck31746,291.0
Truck31731,368.0
Truck31745,301.0
Truck31741,326.0
Truck31744,321.0
Truck31740,346.0
Truck31751,291.0
Truck31742,340.0
Truck31749,305.0
Truck31750,300.0
Truck31739,361.0
Truck31753,291.0
Truck31748,328.0
Truck31755,300.0
Truck31747,346.0
Truck31758,291.0
Truck31759,291.0
Truck31757,309.0
Truck31754,332.0
Truck31763,291.0
Truck31760,309.0
Truck31752,356.0
Truck31765,291.0
Truck31764,304.0
Truck31756,346.0
Truck31761,324.0
Truck31768,291.0
Truck31767,302.0
Truck31762,333.0
Truck31772,291.0
Truck31773,291.0
Truck31777,291.0
Truck31771,323.0
Truck31778,291.0
Truck31769,341.0
Truck31780,291.0
Truck31776,322.0
Truck31783,291.0
Truck31779,313.0
Truck31775,334.0
Truck31781,306.0
Truck31784,291.0
Truck31774,343.0
Truck31766,390.0
Truck31770,376.0
Truck31787,291.0
Truck31788,291.0
Truck31785,307.0
Truck31786,316.0
Truck31792,291.0
Truck31789,308.0
Truck31790,309.0
Truck31782,353.0
Truck31795,291.0
Truck31791,323.0
Truck31800,291.0
Truck31801,291.0
Truck31793,343.0
Truck31804,291.0
Truck31794,346.0
Truck31799,326.0
Truck31803,318.0
Truck31796,356.0
Truck31809,291.0
Truck31807,304.0
Truck31808,305.0
Truck31811,291.0
Truck31798,357.0
Truck31802,342.0
Truck31812,303.0
Truck31813,306.0
Truck31816,291.0
Truck31806,344.0
Truck31797,390.0
Truck31810,329.0
Truck31815,311.0
Truck31817,331.0
Truck31825,291.0
Truck31818,336.0
Truck31827,291.0
Truck31805,407.0
Truck31821,327.0
Truck31820,335.0
Truck31828,310.0
Truck31829,312.0
Truck31822,349.0
Truck31824,341.0
Truck31826,332.0
Truck31823,348.0
Truck31835,291.0
Truck31836,291.0
Truck31834,302.0
Truck31837,291.0
Truck31832,322.0
Truck31839,291.0
Truck31833,327.0
Truck31814,423.0
Truck31841,291.0
Truck31819,406.0
Truck31831,349.0
Truck31840,309.0
Truck31846,291.0
Truck31838,337.0
Truck31830,390.0
Truck31844,325.0
Truck31849,301.0
Truck31851,291.0
Truck31843,344.0
Truck31845,340.0
Truck31852,315.0
Truck31857,291.0
Truck31848,344.0
Truck31842,375.0
Truck31850,342.0
Truck31859,305.0
Truck31864,291.0
Truck31865,291.0
Truck31854,354.0
Truck31847,392.0
Truck31862,320.0
Truck31869,291.0
Truck31867,309.0
Truck31866,318.0
Truck31855,374.0
Truck31868,310.0
Truck31856,371.0
Truck31853,387.0
Truck31861,349.0
Truck31870,307.0
Truck31858,378.0
Truck31876,291.0
Truck31871,320.0
Truck31877,291.0
Truck31863,375.0
Truck31880,291.0
Truck31878,310.0
Truck31872,341.0
Truck31879,307.0
Truck31874,336.0
Truck31860,413.0
Truck31873,362.0
Truck31885,306.0
Truck31890,291.0
Truck31888,302.0
Truck31891,291.0
Truck31887,314.0
Truck31884,332.0
Truck31889,309.0
Truck31882,349.0
Truck31881,357.0
Truck31895,291.0
Truck31896,291.0
Truck31883,358.0
Truck31875,403.0
Truck31886,350.0
Truck31897,305.0
Truck31892,335.0
Truck31893,330.0
Truck31894,327.0
Truck31902,291.0
Truck31904,291.0
Truck31898,327.0
Truck31900,324.0
Truck31907,291.0
Truck31899,348.0
Truck31911,291.0
Truck31901,344.0
Truck31912,291.0
Truck31909,318.0
Truck31915,291.0
Truck31910,319.0
Truck31905,345.0
Truck31914,309.0
Truck31920,291.0
Truck31916,321.0
Truck31919,306.0
Truck31903,388.0
Truck31924,291.0
Truck31925,291.0
Truck31921,312.0
Truck31926,291.0
Truck31918,335.0
Truck31929,291.0
Truck31908,401.0
Truck31922,336.0
Truck31931,291.0
Truck31923,335.0
Truck31932,291.0
Truck31906,423.0
Truck31913,393.0
Truck31930,313.0
Truck31938,291.0
Truck31933,320.0
Truck31928,347.0
Truck31935,315.0
Truck31940,291.0
Truck31917,409.0
Truck31939,306.0
Truck31937,317.0
Truck31936,326.0
Truck31943,291.0
Truck31927,380.0
Truck31945,291.0
Truck31947,291.0
Truck31948,291.0
Truck31946,303.0
Truck31934,365.0
Truck31952,291.0
Truck31941,347.0
Truck31951,304.0
Truck31950,312.0
Truck31942,353.0
Truck31944,349.0
Truck31955,308.0
Truck31956,304.0
Truck31953,320.0
Truck31959,291.0
Truck31949,345.0
Truck31957,309.0
Truck31963,291.0
Truck31961,305.0
Truck31960,317.0
Truck31965,305.0
Truck31958,346.0
Truck31966,306.0
Truck31969,291.0
Truck31967,306.0
Truck31970,291.0
Truck31954,376.0
Truck31962,337.0
Truck31974,291.0
Truck31976,291.0
Truck31964,355.0
Truck31971,320.0
Truck31973,320.0
Truck31981,291.0
Truck31979,309.0
Truck31985,291.0
Truck31977,335.0
Truck31984,306.0
Truck31978,346.0
Truck31980,340.0
Truck31990,291.0
Truck31972,385.0
Truck31968,406.0
Truck31991,291.0
Truck31992,291.0
Truck31988,319.0
Truck31993,302.0
Truck31986,340.0
Truck31994,306.0
Truck31989,338.0
Truck31996,309.0
Truck32000,291.0
Truck31997,308.0
Truck31987,361.0
Truck31982,391.0
Truck32002,291.0
Truck31995,338.0
Truck31983,400.0
Truck31998,325.0
Truck32007,291.0
Truck32008,291.0
Truck31975,469.0
Truck32004,324.0
Truck32005,323.0
Truck32010,305.0
Truck32011,300.0
Truck32013,291.0
Truck32006,334.0
Truck31999,376.0
Truck32016,291.0
Truck32003,370.0
Truck32018,302.0
Truck32001,391.0
Truck32012,340.0
Truck32014,345.0
Truck32025,291.0
Truck32024,301.0
Truck32026,291.0
Truck32028,291.0
Truck32015,360.0
Truck32027,306.0
Truck32009,397.0
Truck32022,332.0
Truck32017,358.0
Truck32019,350.0
Truck32031,291.0
Truck32021,351.0
Truck32030,306.0
Truck32033,291.0
Truck32023,347.0
Truck32036,291.0
Truck32020,375.0
Truck32040,291.0
Truck32029,349.0
Truck32037,309.0
Truck32039,306.0
Truck32032,346.0
Truck32034,338.0
Truck32044,291.0
Truck32041,309.0
Truck32038,326.0
Truck32045,291.0
Truck32035,345.0
Truck32048,291.0
Truck32042,326.0
Truck32050,291.0
Truck32049,302.0
Truck32046,320.0
Truck32047,319.0
Truck32051,302.0
Truck32043,348.0
Truck32054,308.0
Truck32055,314.0
Truck32058,300.0
Truck32052,331.0
Truck32057,306.0
Truck32053,330.0
Truck32060,301.0
Truck32062,291.0
Truck32064,291.0
Truck32061,308.0
Truck32065,291.0
Truck32059,331.0
Truck32069,291.0
Truck32056,362.0
Truck32071,303.0
Truck32063,344.0
Truck32066,343.0
Truck32074,304.0
Truck32077,291.0
Truck32075,302.0
Truck32067,344.0
Truck32068,339.0
Truck32072,336.0
Truck32083,291.0
Truck32084,291.0
Truck32073,356.0
Truck32070,376.0
Truck32078,336.0
Truck32087,291.0
Truck32076,354.0
Truck32085,311.0
Truck32089,291.0
Truck32079,346.0
Truck32081,336.0
Truck32090,291.0
Truck32086,315.0
Truck32091,291.0
Truck32093,291.0
Truck32080,364.0
Truck32082,357.0
Truck32096,291.0
Truck32097,291.0
Truck32098,291.0
Truck32099,291.0
Truck32094,324.0
Truck32102,300.0
Truck32095,340.0
Truck32105,291.0
Truck32106,291.0
Truck32100,322.0
Truck32088,385.0
Truck32107,291.0
Truck32108,291.0
Truck32092,373.0
Truck32109,301.0
Truck32104,331.0
Truck32103,340.0
Truck32114,291.0
Truck32101,360.0
Truck32117,291.0
Truck32115,303.0
Truck32111,329.0
Truck32119,291.0
Truck32110,342.0
Truck32118,302.0
Truck32121,291.0
Truck32112,340.0
Truck32122,291.0
Truck32123,291.0
Truck32120,308.0
Truck32113,353.0
Truck32116,344.0
Truck32127,291.0
Truck32128,291.0
Truck32129,291.0
Truck32130,291.0
Truck32125,318.0
Truck32124,327.0
Truck32132,291.0
Truck32126,323.0
Truck32134,291.0
Truck32136,291.0
Truck32137,300.0
Truck32141,291.0
Truck32138,307.0
Truck32139,302.0
Truck32131,346.0
Truck32140,303.0
Truck32143,300.0
Truck32133,351.0
Truck32144,315.0
Truck32150,291.0
Truck32142,335.0
Truck32151,291.0
Truck32149,303.0
Truck32152,291.0
Truck32135,379.0
Truck32145,333.0
Truck32146,330.0
Truck32154,291.0
Truck32155,291.0
Truck32147,336.0
Truck32153,308.0
Truck32156,305.0
Truck32159,291.0
Truck32148,351.0
Truck32160,291.0
Truck32157,309.0
Truck32158,304.0
Truck32162,291.0
Truck32163,291.0
Truck32166,291.0
Truck32168,291.0
Truck32165,309.0
Truck32161,330.0
Truck32171,291.0
Truck32174,291.0
Truck32175,291.0
Truck32164,362.0
Truck32173,323.0
Truck32178,307.0
Truck32169,354.0
Truck32179,306.0
Truck32182,291.0
Truck32184,291.0
Truck32181,307.0
Truck32172,359.0
Truck32183,306.0
Truck32176,342.0
Truck32170,381.0
Truck32188,291.0
Truck32177,347.0
Truck32186,307.0
Truck32185,321.0
Truck32191,291.0
Truck32180,352.0
Truck32193,291.0
Truck32194,291.0
Truck32167,428.0
Truck32189,331.0
Truck32197,291.0
Truck32196,300.0
Truck32198,291.0
Truck32199,291.0
Truck32187,360.0
Truck32195,320.0
Truck32201,291.0
Truck32202,291.0
Truck32192,346.0
Truck32206,291.0
Truck32207,291.0
Truck32190,378.0
Truck32209,291.0
Truck32208,301.0
Truck32210,291.0
Truck32211,291.0
Truck32203,342.0
Truck32212,310.0
Truck32216,291.0
Truck32200,376.0
Truck32219,291.0
Truck32215,317.0
Truck32221,291.0
Truck32204,377.0
Truck32205,376.0
Truck32223,291.0
Truck32214,337.0
Truck32220,313.0
Truck32225,291.0
Truck32217,334.0
Truck32218,340.0
Truck32224,315.0
Truck32229,291.0
Truck32228,301.0
Truck32230,291.0
Truck32231,291.0
Truck32222,343.0
Truck32213,394.0
Truck32234,291.0
Truck32235,291.0
Truck32236,291.0
Truck32227,337.0
Truck32237,291.0
Truck32226,347.0
Truck32233,324.0
Truck32238,308.0
Truck32242,291.0
Truck32232,362.0
Truck32239,329.0
Truck32245,306.0
Truck32246,306.0
Truck32243,323.0
Truck32241,342.0
Truck32249,304.0
Truck32247,317.0
Truck32248,316.0
Truck32254,291.0
Truck32255,291.0
Truck32253,303.0
Truck32256,291.0
Truck32258,291.0
Truck32250,340.0
Truck32260,291.0
Truck32251,343.0
Truck32240,399.0
Truck32263,291.0
Truck32264,291.0
Truck32244,393.0
Truck32252,356.0
Truck32262,313.0
Truck32267,291.0
Truck32259,332.0
Truck32261,325.0
Truck32266,301.0
Truck32268,291.0
Truck32257,349.0
Truck32265,309.0
Truck32269,303.0
Truck32274,291.0
Truck32270,320.0
Truck32278,291.0
Truck32280,291.0
Truck32271,340.0
Truck32281,291.0
Truck32275,323.0
Truck32283,291.0
Truck32277,322.0
Truck32276,334.0
Truck32273,355.0
Truck32282,314.0
Truck32285,303.0
Truck32279,346.0
Truck32286,315.0
Truck32287,314.0
Truck32293,291.0
Truck32295,291.0
Truck32292,308.0
Truck32284,349.0
Truck32294,306.0
Truck32297,291.0
Truck32272,423.0
Truck32288,353.0
Truck32298,305.0
Truck32301,291.0
Truck32290,348.0
Truck32299,304.0
Truck32289,355.0
Truck32291,345.0
Truck32304,303.0
Truck32302,324.0
Truck32296,364.0
Truck32311,291.0
Truck32300,359.0
Truck32308,319.0
Truck32314,304.0
Truck32310,326.0
Truck32315,304.0
Truck32318,291.0
Truck32305,361.0
Truck32309,344.0
Truck32320,291.0
Truck32316,312.0
Truck32319,301.0
Truck32321,291.0
Truck32322,291.0
Truck32303,387.0
Truck32324,291.0
Truck32317,328.0
Truck32325,291.0
Truck32312,365.0
Truck32327,291.0
Truck32328,291.0
Truck32326,305.0
Truck32323,325.0
Truck32330,291.0
Truck32306,420.0
Truck32329,306.0
Truck32307,422.0
Truck32313,400.0
Truck32337,291.0
Truck32335,302.0
Truck32333,316.0
Truck32339,291.0
Truck32340,291.0
Truck32334,325.0
Truck32332,341.0
Truck32344,291.0
Truck32341,309.0
Truck32345,291.0
Truck32331,364.0
Truck32343,309.0
Truck32348,291.0
Truck32346,302.0
Truck32349,291.0
Truck32342,333.0
Truck32338,362.0
Truck32336,374.0
Truck32353,291.0
Truck32354,291.0
Truck32355,291.0
Truck32356,291.0
Truck32351,317.0
Truck32358,291.0
Truck32350,335.0
Truck32361,291.0
Truck32347,385.0
Truck32360,320.0
Truck32367,291.0
Truck32357,345.0
Truck32368,291.0
Truck32369,291.0
Truck32365,313.0
Truck32370,291.0
Truck32364,325.0
Truck32362,340.0
Truck32373,291.0
Truck32371,304.0
Truck32374,291.0
Truck32376,291.0
Truck32359,377.0
Truck32377,291.0
Truck32352,420.0
Truck32363,371.0
Truck32366,380.0
Truck32382,302.0
Truck32384,300.0
Truck32372,369.0
Truck32378,346.0
Truck32386,306.0
Truck32375,362.0
Truck32381,334.0
Truck32380,350.0
Truck32379,367.0
Truck32392,314.0
Truck32389,335.0
Truck32398,291.0
Truck32385,357.0
Truck32391,328.0
Truck32399,291.0
Truck32383,375.0
Truck32387,368.0
Truck32393,340.0
Truck32397,321.0
Truck32394,343.0
Truck32390,368.0
Truck32400,321.0
Truck32396,342.0
Truck32395,352.0
Truck32402,322.0
Truck32388,400.0
Truck32408,307.0
Truck32406,318.0
Truck32401,346.0
Truck32407,319.0
Truck32405,336.0
Truck32404,342.0
Truck32414,301.0
Truck32413,319.0
Truck32417,300.0
Truck32416,309.0
Truck32420,291.0
Truck32409,354.0
Truck32410,350.0
Truck32423,291.0
Truck32411,354.0
Truck32424,291.0
Truck32422,310.0
Truck32403,406.0
Truck32418,337.0
Truck32415,355.0
Truck32427,302.0
Truck32430,291.0
Truck32426,318.0
Truck32412,390.0
Truck32425,326.0
Truck32429,306.0
Truck32421,349.0
Truck32433,291.0
Truck32436,291.0
Truck32432,323.0
Truck32434,319.0
Truck32440,291.0
Truck32441,291.0
Truck32428,357.0
Truck32431,349.0
Truck32444,291.0
Truck32438,325.0
Truck32449,291.0
Truck32435,364.0
Truck32447,304.0
Truck32451,291.0
Truck32442,340.0
Truck32452,291.0
Truck32445,328.0
Truck32439,362.0
Truck32446,333.0
Truck32448,333.0
Truck32458,291.0
Truck32443,368.0
Truck32437,399.0
Truck32419,491.0
Truck32459,291.0
Truck32460,291.0
Truck32453,339.0
Truck32461,301.0
Truck32454,339.0
Truck32450,361.0
Truck32457,331.0
Truck32455,350.0
Truck32467,291.0
Truck32465,304.0
Truck32468,291.0
Truck32466,303.0
Truck32470,291.0
Truck32456,371.0
Truck32472,291.0
Truck32469,307.0
Truck32462,350.0
Truck32471,307.0
Truck32475,291.0
Truck32474,302.0
Truck32464,361.0
Truck32463,375.0
Truck32482,291.0
Truck32483,291.0
Truck32480,312.0
Truck32473,348.0
Truck32479,324.0
Truck32481,316.0
Truck32490,291.0
Truck32493,291.0
Truck32487,322.0
Truck32476,378.0
Truck32495,291.0
Truck32486,340.0
Truck32496,291.0
Truck32477,387.0
Truck32478,389.0
Truck32489,343.0
Truck32498,302.0
Truck32492,334.0
Truck32501,291.0
Truck32485,373.0
Truck32494,339.0
Truck32484,393.0
Truck32499,330.0
Truck32507,291.0
Truck32504,308.0
Truck32508,291.0
Truck32510,291.0
Truck32488,402.0
Truck32505,319.0
Truck32502,337.0
Truck32512,291.0
Truck32503,343.0
Truck32514,291.0
Truck32497,377.0
Truck32491,408.0
Truck32506,340.0
Truck32509,330.0
Truck32500,404.0
Truck32517,319.0
Truck32520,308.0
Truck32515,335.0
Truck32513,346.0
Truck32511,360.0
Truck32525,291.0
Truck32526,291.0
Truck32527,291.0
Truck32521,323.0
Truck32518,341.0
Truck32523,333.0
Truck32528,310.0
Truck32524,331.0
Truck32532,291.0
Truck32522,356.0
Truck32535,291.0
Truck32516,391.0
Truck32536,291.0
Truck32533,308.0
Truck32539,291.0
Truck32529,343.0
Truck32540,291.0
Truck32538,303.0
Truck32534,328.0
Truck32531,352.0
Truck32541,305.0
Truck32530,364.0
Truck32545,291.0
Truck32546,291.0
Truck32519,427.0
Truck32537,342.0
Truck32548,291.0
Truck32543,317.0
Truck32550,291.0
Truck32544,332.0
Truck32555,291.0
Truck32551,314.0
Truck32554,301.0
Truck32556,291.0
Truck32553,310.0
Truck32558,291.0
Truck32559,291.0
Truck32557,302.0
Truck32552,339.0
Truck32564,291.0
Truck32562,304.0
Truck32549,372.0
Truck32566,291.0
Truck32567,291.0
Truck32561,326.0
Truck32560,332.0
Truck32568,305.0
Truck32571,291.0
Truck32547,419.0
Truck32565,329.0
Truck32573,291.0
Truck32570,309.0
Truck32569,319.0
Truck32572,309.0
Truck32576,291.0
Truck32574,303.0
Truck32582,291.0
Truck32578,329.0
Truck32586,291.0
Truck32575,354.0
Truck32588,291.0
Truck32577,348.0
Truck32579,339.0
Truck32542,525.0
Truck32584,321.0
Truck32590,291.0
Truck32581,338.0
Truck32580,351.0
Truck32592,291.0
Truck32583,348.0
Truck32591,313.0
Truck32563,459.0
Truck32593,310.0
Truck32587,341.0
Truck32597,291.0
Truck32596,308.0
Truck32599,301.0
Truck32594,328.0
Truck32602,291.0
Truck32600,302.0
Truck32601,300.0
Truck32603,291.0
Truck32589,367.0
Truck32595,341.0
Truck32606,291.0
Truck32608,291.0
Truck32598,363.0
Truck32613,291.0
Truck32604,340.0
Truck32609,325.0
Truck32614,303.0
Truck32610,330.0
Truck32618,291.0
Truck32612,322.0
Truck32616,302.0
Truck32611,329.0
Truck32615,322.0
Truck32585,475.0
Truck32622,291.0
Truck32623,291.0
Truck32624,291.0
Truck32607,377.0
Truck32625,291.0
Truck32620,322.0
Truck32605,400.0
Truck32627,291.0
Truck32629,291.0
Truck32617,357.0
Truck32631,291.0
Truck32632,291.0
Truck32619,357.0
Truck32633,291.0
Truck32626,340.0
Truck32635,306.0
Truck32638,291.0
Truck32621,386.0
Truck32641,291.0
Truck32634,333.0
Truck32640,303.0
Truck32644,291.0
Truck32628,373.0
Truck32645,291.0
Truck32643,311.0
Truck32646,300.0
Truck32636,354.0
Truck32649,291.0
Truck32630,392.0
Truck32651,291.0
Truck32650,301.0
Truck32637,376.0
Truck32654,291.0
Truck32639,368.0
Truck32647,335.0
Truck32657,301.0
Truck32648,349.0
Truck32652,344.0
Truck32653,344.0
Truck32642,400.0
Truck32660,314.0
Truck32662,305.0
Truck32656,339.0
Truck32658,329.0
Truck32663,305.0
Truck32667,291.0
Truck32664,308.0
Truck32661,332.0
Truck32655,374.0
Truck32672,300.0
Truck32674,291.0
Truck32666,336.0
Truck32675,291.0
Truck32668,338.0
Truck32673,316.0
Truck32678,291.0
Truck32677,301.0
Truck32679,291.0
Truck32659,400.0
Truck32671,348.0
Truck32683,291.0
Truck32680,307.0
Truck32681,305.0
Truck32684,291.0
Truck32682,308.0
Truck32687,291.0
Truck32670,390.0
Truck32676,360.0
Truck32686,312.0
Truck32665,418.0
Truck32669,401.0
Truck32690,301.0
Truck32695,291.0
Truck32692,307.0
Truck32693,306.0
Truck32685,347.0
Truck32688,335.0
Truck32700,291.0
Truck32691,337.0
Truck32699,311.0
Truck32698,324.0
Truck32702,306.0
Truck32697,332.0
Truck32701,316.0
Truck32706,291.0
Truck32707,291.0
Truck32708,291.0
Truck32689,388.0
Truck32696,356.0
Truck32703,321.0
Truck32694,368.0
Truck32711,291.0
Truck32712,291.0
Truck32705,343.0
Truck32716,291.0
Truck32709,331.0
Truck32714,308.0
Truck32715,307.0
Truck32710,342.0
Truck32704,376.0
Truck32713,333.0
Truck32722,291.0
Truck32719,313.0
Truck32725,291.0
Truck32723,303.0
Truck32717,341.0
Truck32727,291.0
Truck32720,328.0
Truck32729,291.0
Truck32728,302.0
Truck32721,343.0
Truck32724,329.0
Truck32718,364.0
Truck32730,307.0
Truck32732,301.0
Truck32737,291.0
Truck32726,362.0
Truck32734,330.0
Truck32731,351.0
Truck32741,306.0
Truck32744,304.0
Truck32747,291.0
Truck32743,313.0
Truck32740,329.0
Truck32749,291.0
Truck32736,361.0
Truck32733,378.0
Truck32748,306.0
Truck32742,338.0
Truck32752,291.0
Truck32746,327.0
Truck32739,363.0
Truck32754,291.0
Truck32745,347.0
Truck32753,307.0
Truck32738,383.0
Truck32751,320.0
Truck32755,306.0
Truck32756,307.0
Truck32735,413.0
Truck32750,349.0
Truck32765,291.0
Truck32766,291.0
Truck32767,291.0
Truck32759,332.0
Truck32757,345.0
Truck32758,340.0
Truck32761,333.0
Truck32763,328.0
Truck32760,346.0
Truck32771,291.0
Truck32764,330.0
Truck32772,291.0
Truck32770,304.0
Truck32773,291.0
Truck32774,291.0
Truck32775,304.0
Truck32779,291.0
Truck32762,390.0
Truck32780,301.0
Truck32782,291.0
Truck32769,360.0
Truck32783,291.0
Truck32781,305.0
Truck32784,291.0
Truck32785,291.0
Truck32777,332.0
Truck32786,291.0
Truck32768,384.0
Truck32788,291.0
Truck32787,301.0
Truck32776,357.0
Truck32791,291.0
Truck32792,291.0
Truck32790,302.0
Truck32789,316.0
Truck32795,291.0
Truck32778,379.0
Truck32793,308.0
Truck32794,305.0
Truck32798,291.0
Truck32799,291.0
Truck32796,327.0
Truck32797,326.0
Truck32804,291.0
Truck32800,315.0
Truck32802,310.0
Truck32806,291.0
Truck32801,318.0
Truck32807,291.0
Truck32812,291.0
Truck32813,305.0
Truck32803,356.0
Truck32816,291.0
Truck32805,350.0
Truck32809,335.0
Truck32811,329.0
Truck32819,291.0
Truck32820,291.0
Truck32821,291.0
Truck32822,291.0
Truck32814,337.0
Truck32818,319.0
Truck32825,291.0
Truck32815,345.0
Truck32810,375.0
Truck32808,396.0
Truck32817,351.0
Truck32829,291.0
Truck32826,307.0
Truck32827,307.0
Truck32831,291.0
Truck32828,307.0
Truck32824,329.0
Truck32833,291.0
Truck32823,346.0
Truck32835,291.0
Truck32837,291.0
Truck32838,291.0
Truck32832,345.0
Truck32834,337.0
Truck32840,310.0
Truck32844,291.0
Truck32845,291.0
Truck32836,341.0
Truck32839,337.0
Truck32843,323.0
Truck32841,336.0
Truck32847,309.0
Truck32851,291.0
Truck32842,338.0
Truck32852,300.0
Truck32854,291.0
Truck32849,319.0
Truck32850,322.0
Truck32846,352.0
Truck32860,291.0
Truck32856,318.0
Truck32855,325.0
Truck32862,291.0
Truck32848,372.0
Truck32830,467.0
Truck32866,291.0
Truck32863,316.0
Truck32857,349.0
Truck32869,291.0
Truck32858,355.0
Truck32865,322.0
Truck32861,352.0
Truck32868,318.0
Truck32853,395.0
Truck32875,291.0
Truck32871,318.0
Truck32874,307.0
Truck32872,327.0
Truck32864,368.0
Truck32881,291.0
Truck32859,405.0
Truck32873,336.0
Truck32870,353.0
Truck32885,291.0
Truck32886,291.0
Truck32867,390.0
Truck32889,291.0
Truck32882,327.0
Truck32891,291.0
Truck32880,348.0
Truck32883,335.0
Truck32877,370.0
Truck32893,291.0
Truck32879,362.0
Truck32896,291.0
Truck32892,316.0
Truck32894,306.0
Truck32895,309.0
Truck32876,406.0
Truck32888,356.0
Truck32901,291.0
Truck32887,362.0
Truck32898,307.0
Truck32884,382.0
Truck32899,308.0
Truck32878,427.0
Truck32900,325.0
Truck32897,352.0
Truck32904,320.0
Truck32902,334.0
Truck32903,334.0
Truck32890,402.0
Truck32906,341.0
Truck32910,326.0
Truck32917,291.0
Truck32914,307.0
Truck32918,291.0
Truck32916,305.0
Truck32905,362.0
Truck32921,291.0
Truck32911,354.0
Truck32924,291.0
Truck32926,291.0
Truck32908,384.0
Truck32913,359.0
Truck32919,329.0
Truck32927,291.0
Truck32907,397.0
Truck32929,291.0
Truck32909,393.0
Truck32912,388.0
Truck32930,304.0
Truck32920,363.0
Truck32922,353.0
Truck32935,291.0
Truck32937,291.0
Truck32928,341.0
Truck32939,291.0
Truck32933,324.0
Truck32923,384.0
Truck32932,340.0
Truck32934,334.0
Truck32941,300.0
Truck32925,390.0
Truck32945,291.0
Truck32931,362.0
Truck32915,446.0
Truck32940,323.0
Truck32942,314.0
Truck32936,348.0
Truck32948,291.0
Truck32947,302.0
Truck32950,291.0
Truck32944,322.0
Truck32946,334.0
Truck32956,291.0
Truck32938,383.0
Truck32951,318.0
Truck32952,330.0
Truck32943,378.0
Truck32961,291.0
Truck32962,291.0
Truck32954,332.0
Truck32955,341.0
Truck32960,324.0
Truck32949,381.0
Truck32965,301.0
Truck32964,312.0
Truck32966,302.0
Truck32963,318.0
Truck32953,370.0
Truck32957,354.0
Truck32958,353.0
Truck32959,352.0
Truck32968,308.0
Truck32972,291.0
Truck32973,291.0
Truck32967,327.0
Truck32975,291.0
Truck32977,291.0
Truck32978,291.0
Truck32970,336.0
Truck32981,291.0
Truck32974,330.0
Truck32976,325.0
Truck32983,291.0
Truck32979,317.0
Truck32987,291.0
Truck32969,385.0
Truck32971,384.0
Truck32982,339.0
Truck32993,291.0
Truck32994,291.0
Truck32995,291.0
Truck32992,307.0
Truck32996,291.0
Truck32986,342.0
Truck32985,348.0
Truck32989,336.0
Truck32998,291.0
Truck32990,332.0
Truck32999,291.0
Truck32980,393.0
Truck33001,291.0
Truck32988,357.0
Truck33002,291.0
Truck33000,304.0
Truck32984,387.0
Truck33005,291.0
Truck33007,291.0
Truck33003,316.0
Truck33009,291.0
Truck33006,307.0
Truck33010,291.0
Truck32991,388.0
Truck33012,291.0
Truck33013,291.0
Truck33004,354.0
Truck33018,291.0
Truck33011,343.0
Truck33014,331.0
Truck33022,291.0
Truck33020,302.0
Truck33008,369.0
Truck33021,308.0
Truck33025,291.0
Truck33023,305.0
Truck33016,342.0
Truck33029,291.0
Truck33026,309.0
Truck32997,455.0
Truck33019,347.0
Truck33015,373.0
Truck33024,334.0
Truck33035,291.0
Truck33037,291.0
Truck33031,325.0
Truck33017,402.0
Truck33040,291.0
Truck33032,332.0
Truck33036,313.0
Truck33030,345.0
Truck33027,371.0
Truck33044,291.0
Truck33042,302.0
Truck33045,291.0
Truck33028,387.0
Truck33038,340.0
Truck33034,365.0
Truck33049,291.0
Truck33043,329.0
Truck33051,291.0
Truck33033,384.0
Truck33041,357.0
Truck33053,303.0
Truck33057,291.0
Truck33047,343.0
Truck33056,304.0
Truck33060,291.0
Truck33061,291.0
Truck33052,337.0
Truck33120,291.0
Truck33121,291.0
Truck33122,291.0
Truck33126,291.0
Truck33127,300.0
Truck33129,291.0
Truck33124,318.0
Truck33131,291.0
Truck33128,309.0
Truck33132,291.0
Truck33133,291.0
Truck33134,291.0
Truck33125,338.0
Truck33123,353.0
Truck33136,291.0
Truck33135,306.0
Truck33130,334.0
Truck33140,291.0
Truck33141,291.0
Truck33142,291.0
Truck33138,312.0
Truck33143,291.0
Truck33145,291.0
Truck33139,336.0
Truck33149,291.0
Truck33137,353.0
Truck33148,301.0
Truck33150,291.0
Truck33151,291.0
Truck33153,291.0
Truck33152,300.0
Truck33154,291.0
Truck33155,291.0
Truck33144,355.0
Truck33146,347.0
Truck33147,345.0
Truck33160,291.0
Truck33158,309.0
Truck33162,291.0
Truck33156,341.0
Truck33168,291.0
Truck33157,347.0
Truck33165,309.0
Truck33166,308.0
Truck33164,319.0
Truck33170,291.0
Truck33167,308.0
Truck33159,356.0
Truck33172,291.0
Truck33163,340.0
Truck33173,291.0
Truck33174,291.0
Truck33175,291.0
Truck33171,336.0
Truck33178,308.0
Truck33161,396.0
Truck33169,360.0
Truck33183,291.0
Truck33176,333.0
Truck33187,291.0
Truck33180,329.0
Truck33179,341.0
Truck33186,308.0
Truck33181,341.0
Truck33192,291.0
Truck33189,310.0
Truck33177,374.0
Truck33194,291.0
Truck33184,343.0
Truck33195,291.0
Truck33185,343.0
Truck33182,369.0
Truck33198,291.0
Truck33197,300.0
Truck33200,291.0
Truck33190,344.0
Truck33191,340.0
Truck33206,291.0
Truck33203,307.0
Truck33193,360.0
Truck33188,388.0
Truck33202,320.0
Truck33208,291.0
Truck33209,291.0
Truck33207,302.0
Truck33199,348.0
Truck33201,351.0
Truck33205,334.0
Truck33211,304.0
Truck33204,343.0
Truck33215,291.0
Truck33196,392.0
Truck33217,291.0
Truck33218,291.0
Truck33212,330.0
Truck33216,311.0
Truck33213,329.0
Truck33221,301.0
Truck33223,291.0
Truck33226,291.0
Truck33219,331.0
Truck33227,291.0
Truck33210,382.0
Truck33225,307.0
Truck33230,291.0
Truck33229,303.0
Truck33222,350.0
Truck33214,391.0
Truck33224,343.0
Truck33220,365.0
Truck33233,305.0
Truck33236,291.0
Truck33234,303.0
Truck33237,291.0
Truck33235,307.0
Truck33239,291.0
Truck33240,291.0
Truck33241,305.0
Truck33228,374.0
Truck33231,364.0
Truck33246,291.0
Truck33232,365.0
Truck33238,338.0
Truck33243,325.0
Truck33251,291.0
Truck33242,341.0
Truck33247,317.0
Truck33253,291.0
Truck33254,291.0
Truck33244,348.0
Truck33258,291.0
Truck33245,359.0
Truck33256,305.0
Truck33248,347.0
Truck33249,346.0
Truck33257,313.0
Truck33261,300.0
Truck33263,291.0
Truck33250,359.0
Truck33260,309.0
Truck33259,324.0
Truck33267,291.0
Truck33252,377.0
Truck33255,363.0
Truck33264,323.0
Truck33269,309.0
Truck33265,335.0
Truck33262,351.0
Truck33277,291.0
Truck33268,338.0
Truck33278,291.0
Truck33266,363.0
Truck33279,304.0
Truck33272,340.0
Truck33273,335.0
Truck33280,301.0
Truck33271,348.0
Truck33281,301.0
Truck33282,301.0
Truck33284,291.0
Truck33285,291.0
Truck33276,340.0
Truck33275,348.0
Truck33287,291.0
Truck33274,364.0
Truck33289,291.0
Truck33293,291.0
Truck33270,408.0
Truck33295,291.0
Truck33296,291.0
Truck33286,350.0
Truck33299,291.0
Truck33288,348.0
Truck33283,374.0
Truck33290,341.0
Truck33292,342.0
Truck33301,300.0
Truck33297,326.0
Truck33294,342.0
Truck33291,370.0
Truck33305,302.0
Truck33304,317.0
Truck33302,330.0
Truck33298,353.0
Truck33307,309.0
Truck33311,291.0
Truck33308,308.0
Truck33314,291.0
Truck33306,343.0
Truck33317,291.0
Truck33313,319.0
Truck33310,340.0
Truck33318,302.0
Truck33321,291.0
Truck33322,291.0
Truck33315,339.0
Truck33325,291.0
Truck33303,402.0
Truck33312,360.0
Truck33300,421.0
Truck33326,291.0
Truck33320,323.0
Truck33327,291.0
Truck33328,308.0
Truck33330,300.0
Truck33319,363.0
Truck33331,304.0
Truck33323,347.0
Truck33332,302.0
Truck33309,422.0
Truck33324,353.0
Truck33316,394.0
Truck33329,330.0
Truck33340,291.0
Truck33337,307.0
Truck33341,291.0
Truck33334,330.0
Truck33333,341.0
Truck33344,291.0
Truck33347,291.0
Truck33336,352.0
Truck33339,345.0
Truck33351,291.0
Truck33342,337.0
Truck33345,323.0
Truck33338,363.0
Truck33353,291.0
Truck33335,389.0
Truck33355,291.0
Truck33359,291.0
Truck33346,358.0
Truck33360,291.0
Truck33356,316.0
Truck33358,310.0
Truck33349,356.0
Truck33362,291.0
Truck33352,353.0
Truck33366,291.0
Truck33364,305.0
Truck33367,291.0
Truck33343,413.0
Truck33350,383.0
Truck33348,394.0
Truck33370,291.0
Truck33369,301.0
Truck33361,346.0
Truck33372,291.0
Truck33354,385.0
Truck33373,291.0
Truck33374,291.0
Truck33375,291.0
Truck33368,341.0
Truck33379,291.0
Truck33357,404.0
Truck33365,364.0
Truck33377,304.0
Truck33381,291.0
Truck33363,382.0
Truck33378,316.0
Truck33371,355.0
Truck33385,307.0
Truck33389,291.0
Truck33390,291.0
Truck33383,327.0
Truck33382,336.0
Truck33384,330.0
Truck33387,320.0
Truck33393,291.0
Truck33391,302.0
Truck33394,291.0
Truck33388,329.0
Truck33386,342.0
Truck33380,381.0
Truck33398,291.0
Truck33396,305.0
Truck33392,340.0
Truck33402,291.0
Truck33399,314.0
Truck33400,312.0
Truck33397,328.0
Truck33401,317.0
Truck33408,291.0
Truck33406,302.0
Truck33409,291.0
Truck33395,362.0
Truck33410,291.0
Truck33376,464.0
Truck33411,291.0
Truck33403,340.0
Truck33405,333.0
Truck33414,291.0
Truck33407,329.0
Truck33417,291.0
Truck33413,315.0
Truck33418,291.0
Truck33404,365.0
Truck33419,291.0
Truck33412,336.0
Truck33420,301.0
Truck33422,291.0
Truck33423,291.0
Truck33425,291.0
Truck33416,345.0
Truck33429,291.0
Truck33430,291.0
Truck33415,370.0
Truck33421,340.0
Truck33431,291.0
Truck33426,318.0
Truck33427,328.0
Truck33424,347.0
Truck33432,309.0
Truck33438,291.0
Truck33437,302.0
Truck33435,315.0
Truck33433,327.0
Truck33441,291.0
Truck33428,362.0
Truck33434,336.0
Truck33436,330.0
Truck33439,316.0
Truck33444,301.0
Truck33440,331.0
Truck33447,305.0
Truck33450,291.0
Truck33451,291.0
Truck33445,331.0
Truck33453,291.0
Truck33448,320.0
Truck33457,291.0
Truck33455,313.0
Truck33452,331.0
Truck33460,291.0
Truck33446,366.0
Truck33443,384.0
Truck33464,291.0
Truck33462,304.0
Truck33454,355.0
Truck33458,337.0
Truck33461,327.0
Truck33456,353.0
Truck33467,300.0
Truck33463,326.0
Truck33442,441.0
Truck33468,311.0
Truck33472,291.0
Truck33459,358.0
Truck33470,305.0
Truck33469,321.0
Truck33465,343.0
Truck33473,310.0
Truck33475,303.0
Truck33466,368.0
Truck33482,291.0
Truck33449,457.0
Truck33479,308.0
Truck33471,357.0
Truck33477,335.0
Truck33484,303.0
Truck33481,325.0
Truck33485,306.0
Truck33488,291.0
Truck33476,355.0
Truck33474,366.0
Truck33487,311.0
Truck33478,363.0
Truck33480,357.0
Truck33494,291.0
Truck33491,311.0
Truck33495,291.0
Truck33493,306.0
Truck33496,291.0
Truck33498,291.0
Truck33492,324.0
Truck33483,374.0
Truck33486,361.0
Truck33490,350.0
Truck33504,291.0
Truck33499,318.0
Truck33502,306.0
Truck33503,309.0
Truck33497,340.0
Truck33505,300.0
Truck33489,390.0
Truck33509,291.0
Truck33508,300.0
Truck33511,291.0
Truck33513,291.0
Truck33501,355.0
Truck33512,308.0
Truck33506,339.0
Truck33518,291.0
Truck33507,348.0
Truck33500,387.0
Truck33516,308.0
Truck33510,339.0
Truck33515,320.0
Truck33522,291.0
Truck33519,308.0
Truck33523,291.0
Truck33524,291.0
Truck33517,336.0
Truck33526,291.0
Truck33514,354.0
Truck33529,291.0
Truck33527,306.0
Truck33530,291.0
Truck33528,304.0
Truck33521,340.0
Truck33535,291.0
Truck33536,291.0
Truck33531,321.0
Truck33533,323.0
Truck33520,390.0
Truck33540,291.0
Truck33541,291.0
Truck33539,305.0
Truck33525,386.0
Truck33545,291.0
Truck33534,350.0
Truck33547,291.0
Truck33542,319.0
Truck33548,291.0
Truck33546,309.0
Truck33537,362.0
Truck33538,360.0
Truck33550,300.0
Truck33552,291.0
Truck33532,398.0
Truck33543,348.0
Truck33551,310.0
Truck33553,306.0
Truck33557,291.0
Truck33556,308.0
Truck33549,346.0
Truck33560,291.0
Truck33544,375.0
Truck33554,326.0
Truck33555,329.0
Truck33564,291.0
Truck33561,307.0
Truck33565,291.0
Truck33562,308.0
Truck33569,291.0
Truck33568,300.0
Truck33559,350.0
Truck33563,330.0
Truck33566,316.0
Truck33571,291.0
Truck33574,291.0
Truck33576,291.0
Truck33577,291.0
Truck33578,291.0
Truck33570,352.0
Truck33575,327.0
Truck33573,345.0
Truck33579,321.0
Truck33572,357.0
Truck33586,291.0
Truck33583,309.0
Truck33584,306.0
Truck33587,291.0
Truck33588,291.0
Truck33558,444.0
Truck33567,399.0
Truck33591,291.0
Truck33582,348.0
Truck33581,356.0
Truck33594,291.0
Truck33597,291.0
Truck33595,308.0
Truck33596,305.0
Truck33589,341.0
Truck33599,291.0
Truck33580,396.0
Truck33601,291.0
Truck33590,347.0
Truck33602,291.0
Truck33603,291.0
Truck33593,342.0
Truck33600,314.0
Truck33608,291.0
Truck33585,407.0
Truck33598,342.0
Truck33610,291.0
Truck33611,291.0
Truck33604,336.0
Truck33607,326.0
Truck33614,291.0
Truck33615,291.0
Truck33592,410.0
Truck33616,291.0
Truck33605,347.0
Truck33609,332.0
Truck33612,320.0
Truck33618,291.0
Truck33617,301.0
Truck33619,291.0
Truck33613,335.0
Truck33622,302.0
Truck33606,385.0
Truck33626,291.0
Truck33628,291.0
Truck33627,302.0
Truck33621,341.0
Truck33624,326.0
Truck33620,347.0
Truck33634,291.0
Truck33631,307.0
Truck33637,291.0
Truck33636,302.0
Truck33635,308.0
Truck33633,337.0
Truck33643,291.0
Truck33640,307.0
Truck33629,364.0
Truck33638,320.0
Truck33623,396.0
Truck33644,291.0
Truck33645,291.0
Truck33625,403.0
Truck33641,326.0
Truck33632,372.0
Truck33630,384.0
Truck33648,300.0
Truck33647,306.0
Truck33651,291.0
Truck33650,301.0
Truck33639,371.0
Truck33655,291.0
Truck33646,339.0
Truck33652,309.0
Truck33653,306.0
Truck33656,291.0
Truck33649,335.0
Truck33642,378.0
Truck33657,303.0
Truck33660,291.0
Truck33662,291.0
Truck33658,329.0
Truck33666,291.0
Truck33654,358.0
Truck33659,340.0
Truck33663,322.0
Truck33667,306.0
Truck33661,337.0
Truck33669,306.0
Truck33670,306.0
Truck33674,291.0
Truck33671,307.0
Truck33664,345.0
Truck33677,291.0
Truck33668,346.0
Truck33676,307.0
Truck33665,363.0
Truck33672,333.0
Truck33673,329.0
Truck33680,305.0
Truck33683,291.0
Truck33681,306.0
Truck33675,339.0
Truck33685,291.0
Truck33682,311.0
Truck33689,291.0
Truck33679,344.0
Truck33691,291.0
Truck33692,291.0
Truck33678,362.0
Truck33686,324.0
Truck33688,316.0
Truck33693,291.0
Truck33690,309.0
Truck33687,341.0
Truck33697,291.0
Truck33695,306.0
Truck33700,291.0
Truck33684,373.0
Truck33694,341.0
Truck33696,334.0
Truck33699,321.0
Truck33701,319.0
Truck33708,291.0
Truck33702,325.0
Truck33703,325.0
Truck33698,352.0
Truck33709,300.0
Truck33705,321.0
Truck33707,311.0
Truck33711,291.0
Truck33704,329.0
Truck33706,340.0
Truck33716,291.0
Truck33710,323.0
Truck33717,291.0
Truck33718,291.0
Truck33712,331.0
Truck33715,318.0
Truck33714,332.0
Truck33724,291.0
Truck33722,312.0
Truck33719,331.0
Truck33713,366.0
Truck33728,291.0
Truck33726,308.0
Truck33720,343.0
Truck33721,349.0
Truck33723,341.0
Truck33733,291.0
Truck33730,318.0
Truck33731,320.0
Truck33727,341.0
Truck33736,301.0
Truck33740,291.0
Truck33741,291.0
Truck33738,309.0
Truck33735,325.0
Truck33729,358.0
Truck33725,386.0
Truck33743,301.0
Truck33745,291.0
Truck33739,327.0
Truck33742,322.0
Truck33734,363.0
Truck33737,354.0
Truck33751,291.0
Truck33732,387.0
Truck33750,306.0
Truck33753,291.0
Truck33744,341.0
Truck33754,291.0
Truck33755,291.0
Truck33756,291.0
Truck33746,347.0
Truck33761,291.0
Truck33762,291.0
Truck33765,291.0
Truck33763,304.0
Truck33747,385.0
Truck33759,325.0
Truck33749,392.0
Truck33758,347.0
Truck33748,405.0
Truck33772,291.0
Truck33766,325.0
Truck33773,291.0
Truck33752,397.0
Truck33757,374.0
Truck33768,319.0
Truck33771,316.0
Truck33774,301.0
Truck33777,291.0
Truck33764,361.0
Truck33770,333.0
Truck33760,386.0
Truck33779,291.0
Truck33781,291.0
Truck33782,291.0
Truck33767,368.0
Truck33785,291.0
Truck33775,343.0
Truck33776,338.0
Truck33769,376.0
Truck33784,301.0
Truck33787,291.0
Truck33778,349.0
Truck33780,339.0
Truck33790,291.0
Truck33789,300.0
Truck33788,314.0
Truck33793,291.0
Truck33792,304.0
Truck33795,291.0
Truck33786,349.0
Truck33797,302.0
Truck33796,311.0
Truck33799,301.0
Truck33802,291.0
Truck33803,291.0
Truck33801,307.0
Truck33798,329.0
Truck33783,405.0
Truck33804,304.0
Truck33800,327.0
Truck33808,291.0
Truck33809,291.0
Truck33805,312.0
Truck33791,384.0
Truck33811,291.0
Truck33806,325.0
Truck33794,393.0
Truck33816,291.0
Truck33813,307.0
Truck33818,291.0
Truck33815,307.0
Truck33820,291.0
Truck33814,324.0
Truck33821,291.0
Truck33812,339.0
Truck33822,291.0
Truck33819,307.0
Truck33810,362.0
Truck33807,383.0
Truck33823,320.0
Truck33828,301.0
Truck33830,291.0
Truck33824,335.0
Truck33825,330.0
Truck33832,306.0
Truck33835,291.0
Truck33826,337.0
Truck33831,323.0
Truck33827,346.0
Truck33817,399.0
Truck33833,320.0
Truck33837,312.0
Truck33836,321.0
Truck33842,291.0
Truck33839,310.0
Truck33843,291.0
Truck33838,319.0
Truck33847,291.0
Truck33840,337.0
Truck33850,291.0
Truck33834,373.0
Truck33851,291.0
Truck33853,291.0
Truck33844,337.0
Truck33849,312.0
Truck33854,291.0
Truck33846,332.0
Truck33845,340.0
Truck33852,307.0
Truck33841,366.0
Truck33856,291.0
Truck33848,339.0
Truck33858,291.0
Truck33855,309.0
Truck33861,291.0
Truck33829,454.0
Truck33862,291.0
Truck33864,291.0
Truck33865,291.0
Truck33863,306.0
Truck33857,342.0
Truck33871,291.0
Truck33868,309.0
Truck33872,291.0
Truck33870,305.0
Truck33866,326.0
Truck33859,365.0
Truck33874,291.0
Truck33867,335.0
Truck33876,291.0
Truck33869,327.0
Truck33878,291.0
Truck33873,321.0
Truck33880,291.0
Truck33860,413.0
Truck33885,291.0
Truck33879,322.0
Truck33882,309.0
Truck33886,291.0
Truck33883,310.0
Truck33884,305.0
Truck33888,291.0
Truck33875,369.0
Truck33881,345.0
Truck33893,291.0
Truck33891,308.0
Truck33890,317.0
Truck33887,333.0
Truck33897,291.0
Truck33901,291.0
Truck33902,291.0
Truck33900,302.0
Truck33889,365.0
Truck33903,308.0
Truck33894,357.0
Truck33877,444.0
Truck33892,377.0
Truck33898,349.0
Truck33910,291.0
Truck33896,364.0
Truck33908,304.0
Truck33911,291.0
Truck33895,375.0
Truck33904,333.0
Truck33914,291.0
Truck33905,338.0
Truck33915,291.0
Truck33906,338.0
Truck33909,323.0
Truck33916,291.0
Truck33917,291.0
Truck33907,346.0
Truck33921,300.0
Truck33923,291.0
Truck33912,354.0
Truck33899,423.0
Truck33924,306.0
Truck33927,291.0
Truck33928,291.0
Truck33926,305.0
Truck33929,304.0
Truck33920,352.0
Truck33918,363.0
Truck33919,360.0
Truck33932,300.0
Truck33935,291.0
Truck33922,357.0
Truck33913,405.0
Truck33936,291.0
Truck33925,355.0
Truck33934,316.0
Truck33940,291.0
Truck33931,339.0
Truck33930,348.0
Truck33933,347.0
Truck33941,307.0
Truck33943,305.0
Truck33942,314.0
Truck33939,335.0
Truck33937,348.0
Truck33949,291.0
Truck33944,324.0
Truck33938,358.0
Truck33945,329.0
Truck33954,291.0
Truck33955,291.0
Truck33948,327.0
Truck33953,310.0
Truck33958,291.0
Truck33946,357.0
Truck33951,337.0
Truck33950,349.0
Truck33947,365.0
Truck33959,305.0
Truck33962,291.0
Truck33964,291.0
Truck33956,349.0
Truck33966,302.0
Truck33969,291.0
Truck33957,354.0
Truck33967,309.0
Truck33952,387.0
Truck33961,348.0
Truck33973,291.0
Truck33970,307.0
Truck33965,339.0
Truck33960,371.0
Truck33972,318.0
Truck33971,324.0
Truck33963,365.0
Truck33968,343.0
Truck33980,291.0
Truck33974,324.0
Truck33976,321.0
Truck33982,291.0
Truck33984,291.0
Truck33981,312.0
Truck33975,345.0
Truck33986,301.0
Truck33988,291.0
Truck33979,338.0
Truck33993,291.0
Truck33985,333.0
Truck33991,306.0
Truck33994,291.0
Truck33977,377.0
Truck33992,308.0
Truck33996,291.0
Truck33997,291.0
Truck33978,394.0
Truck33989,345.0
Truck33995,323.0
Truck33983,390.0
Truck34004,291.0
Truck34005,291.0
Truck34002,309.0
Truck34000,322.0
Truck34007,291.0
Truck33999,334.0
Truck33990,380.0
Truck33998,340.0
Truck33987,410.0
Truck34014,291.0
Truck34006,337.0
Truck34003,363.0
Truck34001,376.0
Truck34019,291.0
Truck34012,330.0
Truck34020,291.0
Truck34011,338.0
Truck34009,349.0
Truck34015,325.0
Truck34018,311.0
Truck34008,364.0
Truck34022,302.0
Truck34010,363.0
Truck34013,355.0
Truck34023,306.0
Truck34026,291.0
Truck34027,291.0
Truck34024,308.0
Truck34028,291.0
Truck34029,291.0
Truck34031,291.0
Truck34032,291.0
Truck34030,306.0
Truck34033,291.0
Truck34025,336.0
Truck34016,386.0
Truck34036,291.0
Truck34038,291.0
Truck34039,291.0
Truck34021,386.0
Truck34040,291.0
Truck34034,323.0
Truck34041,291.0
Truck34017,428.0
Truck34048,291.0
Truck34035,358.0
Truck34043,319.0
Truck34049,291.0
Truck34045,326.0
Truck34052,291.0
Truck34051,301.0
Truck34053,303.0
Truck34046,345.0
Truck34057,291.0
Truck34047,346.0
Truck34060,291.0
Truck34050,345.0
Truck34054,332.0
Truck34042,393.0
Truck34055,336.0
Truck34064,291.0
Truck34037,431.0
Truck34056,342.0
Truck34065,301.0
Truck34069,291.0
Truck34067,305.0
Truck34070,291.0
Truck34073,291.0
Truck34063,342.0
Truck34062,349.0
Truck34071,307.0
Truck34075,291.0
Truck34072,309.0
Truck34068,330.0
Truck34076,291.0
Truck34077,291.0
Truck34044,459.0
Truck34066,355.0
Truck34061,389.0
Truck34080,303.0
Truck34074,344.0
Truck34085,291.0
Truck34086,303.0
Truck34087,302.0
Truck34058,448.0
Truck34059,451.0
Truck34079,358.0
Truck34090,303.0
Truck34093,291.0
Truck34078,376.0
Truck34084,347.0
Truck34083,355.0
Truck34096,291.0
Truck34098,291.0
Truck34099,291.0
Truck34091,333.0
Truck34081,387.0
Truck34089,349.0
Truck34092,335.0
Truck34101,291.0
Truck34088,359.0
Truck34103,291.0
Truck34097,325.0
Truck34095,347.0
Truck34100,324.0
Truck34107,291.0
Truck34109,291.0
Truck34082,427.0
Truck34094,368.0
Truck34108,306.0
Truck34102,341.0
Truck34113,291.0
Truck34112,301.0
Truck34105,346.0
Truck34104,355.0
Truck34106,345.0
Truck34119,291.0
Truck34110,346.0
Truck34116,318.0
Truck34118,308.0
Truck34122,291.0
Truck34124,291.0
Truck34121,310.0
Truck34126,291.0
Truck34123,308.0
Truck34115,351.0
Truck34114,363.0
Truck34130,291.0
Truck34120,346.0
Truck34131,291.0
Truck34127,317.0
Truck34125,330.0
Truck34111,401.0
Truck34133,291.0
Truck34117,382.0
Truck34128,330.0
Truck34136,291.0
Truck34138,291.0
Truck34129,337.0
Truck34134,316.0
Truck34139,291.0
Truck34132,328.0
Truck34141,291.0
Truck34143,291.0
Truck34135,342.0
Truck34147,291.0
Truck34145,302.0
Truck34149,291.0
Truck34144,318.0
Truck34137,361.0
Truck34152,291.0
Truck34146,345.0
Truck34155,308.0
Truck34153,322.0
Truck34142,385.0
Truck34159,301.0
Truck34160,300.0
Truck34163,291.0
Truck34165,291.0
Truck34167,291.0
Truck34150,377.0
Truck34154,366.0
Truck34156,358.0
Truck34166,309.0
Truck34170,291.0
Truck34158,355.0
Truck34157,361.0
Truck34162,336.0
Truck34169,301.0
Truck34164,327.0
Truck34172,291.0
Truck34148,413.0
Truck34171,300.0
Truck34161,364.0
Truck34176,291.0
Truck34174,316.0
Truck34181,291.0
Truck34140,501.0
Truck34175,335.0
Truck34168,371.0
Truck34184,291.0
Truck34173,349.0
Truck34182,309.0
Truck34180,321.0
Truck34178,333.0
Truck34187,301.0
Truck34189,291.0
Truck34185,313.0
Truck34179,348.0
Truck34151,494.0
Truck34186,325.0
Truck34190,318.0
Truck34183,354.0
Truck34194,301.0
Truck34192,318.0
Truck34199,291.0
Truck34191,332.0
Truck34200,291.0
Truck34188,356.0
Truck34201,303.0
Truck34202,300.0
Truck34204,291.0
Truck34196,334.0
Truck34193,355.0
Truck34195,347.0
Truck34197,339.0
Truck34207,291.0
Truck34198,339.0
Truck34177,446.0
Truck34205,307.0
Truck34209,291.0
Truck34211,291.0
Truck34208,307.0
Truck34206,321.0
Truck34213,291.0
Truck34214,291.0
Truck34215,291.0
Truck34216,291.0
Truck34203,362.0
Truck34218,291.0
Truck34212,327.0
Truck34222,291.0
Truck34217,318.0
Truck34220,305.0
Truck34210,360.0
Truck34221,305.0
Truck34225,291.0
Truck34223,309.0
Truck34227,291.0
Truck34232,291.0
Truck34231,304.0
Truck34235,291.0
Truck34233,302.0
Truck34230,323.0
Truck34219,387.0
Truck34226,354.0
Truck34241,291.0
Truck34224,379.0
Truck34229,357.0
Truck34243,291.0
Truck34228,372.0
Truck34236,334.0
Truck34234,348.0
Truck34242,309.0
Truck34246,291.0
Truck34239,347.0
Truck34251,291.0
Truck34240,349.0
Truck34244,331.0
Truck34252,291.0
Truck34248,315.0
Truck34253,291.0
Truck34254,291.0
Truck34257,291.0
Truck34237,392.0
Truck34245,352.0
Truck34258,291.0
Truck34247,348.0
Truck34259,291.0
Truck34256,309.0
Truck34260,291.0
Truck34261,291.0
Truck34249,360.0
Truck34263,291.0
Truck34264,291.0
Truck34267,291.0
Truck34268,291.0
Truck34270,291.0
Truck34255,367.0
Truck34271,291.0
Truck34266,322.0
Truck34262,343.0
Truck34238,471.0
Truck34274,291.0
Truck34265,338.0
Truck34276,291.0
Truck34269,327.0
Truck34277,291.0
Truck34280,305.0
Truck34283,291.0
Truck34278,320.0
Truck34282,310.0
Truck34273,357.0
Truck34275,355.0
Truck34285,305.0
Truck34250,490.0
Truck34284,321.0
Truck34290,291.0
Truck34279,348.0
Truck34291,291.0
Truck34281,343.0
Truck34292,291.0
Truck34272,402.0
Truck34287,343.0
Truck34294,308.0
Truck34288,340.0
Truck34293,316.0
Truck34286,354.0
Truck34300,291.0
Truck34299,309.0
Truck34295,343.0
Truck34298,328.0
Truck34289,375.0
Truck34301,315.0
Truck34296,341.0
Truck34307,291.0
Truck34309,291.0
Truck34310,291.0
Truck34311,291.0
Truck34305,322.0
Truck34297,368.0
Truck34313,291.0
Truck34302,349.0
Truck34303,350.0
Truck34318,291.0
Truck34319,291.0
Truck34312,331.0
Truck34314,322.0
Truck34321,291.0
Truck34306,371.0
Truck34304,383.0
Truck34320,310.0
Truck34315,336.0
Truck34308,379.0
Truck34323,308.0
Truck34316,357.0
Truck34317,352.0
Truck34330,291.0
Truck34331,291.0
Truck34326,318.0
Truck34328,312.0
Truck34329,309.0
Truck34325,331.0
Truck34333,291.0
Truck34324,340.0
Truck34334,291.0
Truck34322,354.0
Truck34327,336.0
Truck34337,291.0
Truck34339,291.0
Truck34338,304.0
Truck34332,341.0
Truck34335,332.0
Truck34345,291.0
Truck34340,320.0
Truck34346,291.0
Truck34342,314.0
Truck34347,291.0
Truck34348,291.0
Truck34343,319.0
Truck34336,357.0
Truck34344,327.0
Truck34352,291.0
Truck34341,348.0
Truck34354,291.0
Truck34349,323.0
Truck34353,316.0
Truck34359,291.0
Truck34350,339.0
Truck34360,302.0
Truck34363,291.0
Truck34356,330.0
Truck34351,357.0
Truck34355,340.0
Truck34367,291.0
Truck34364,310.0
Truck34368,291.0
Truck34365,311.0
Truck34369,291.0
Truck34366,310.0
Truck34361,336.0
Truck34357,370.0
Truck34374,291.0
Truck34372,303.0
Truck34371,309.0
Truck34362,361.0
Truck34376,291.0
Truck34358,392.0
Truck34379,305.0
Truck34382,291.0
Truck34381,306.0
Truck34385,291.0
Truck34375,345.0
Truck34377,340.0
Truck34389,291.0
Truck34383,323.0
Truck34380,343.0
Truck34388,309.0
Truck34373,386.0
Truck34384,337.0
Truck34394,291.0
Truck34370,413.0
Truck34386,334.0
Truck34387,334.0
Truck34391,318.0
Truck34392,319.0
Truck34398,291.0
Truck34401,291.0
Truck34400,306.0
Truck34403,291.0
Truck34399,315.0
Truck34396,336.0
Truck34397,331.0
Truck34402,306.0
Truck34390,371.0
Truck34378,434.0
Truck34407,291.0
Truck34408,291.0
Truck34409,291.0
Truck34393,373.0
Truck34395,364.0
Truck34406,309.0
Truck34410,291.0
Truck34412,291.0
Truck34413,291.0
Truck34414,291.0
Truck34405,337.0
Truck34417,291.0
Truck34411,327.0
Truck34415,308.0
Truck34420,291.0
Truck34419,302.0
Truck34404,393.0
Truck34425,291.0
Truck34427,291.0
Truck34423,313.0
Truck34421,331.0
Truck34416,359.0
Truck34422,332.0
Truck34424,324.0
Truck34431,291.0
Truck34429,304.0
Truck34432,291.0
Truck34430,308.0
Truck34434,291.0
Truck34436,291.0
Truck34418,393.0
Truck34435,310.0
Truck34428,348.0
Truck34440,291.0
Truck34441,291.0
Truck34442,291.0
Truck34439,322.0
Truck34433,356.0
Truck34437,338.0
Truck34426,397.0
Truck34448,291.0
Truck34445,314.0
Truck34444,323.0
Truck34449,308.0
Truck34443,340.0
Truck34455,291.0
Truck34456,291.0
Truck34457,291.0
Truck34446,349.0
Truck34450,331.0
Truck34451,329.0
Truck34462,291.0
Truck34438,412.0
Truck34453,337.0
Truck34463,291.0
Truck34464,291.0
Truck34458,329.0
Truck34454,353.0
Truck34459,330.0
Truck34467,291.0
Truck34468,291.0
Truck34452,380.0
Truck34465,315.0
Truck34470,291.0
Truck34447,408.0
Truck34461,342.0
Truck34472,291.0
Truck34469,310.0
Truck34476,291.0
Truck34474,304.0
Truck34471,324.0
Truck34478,291.0
Truck34475,315.0
Truck34480,291.0
Truck34481,291.0
Truck34466,369.0
Truck34479,304.0
Truck34487,291.0
Truck34488,291.0
Truck34477,347.0
Truck34473,369.0
Truck34489,291.0
Truck34460,439.0
Truck34492,291.0
Truck34485,327.0
Truck34483,342.0
Truck34494,291.0
Truck34486,333.0
Truck34495,291.0
Truck34482,359.0
Truck34490,321.0
Truck34497,291.0
Truck34493,322.0
Truck34491,333.0
Truck34498,308.0
Truck34560,291.0
Truck34562,291.0
Truck34563,291.0
Truck34566,291.0
Truck34567,291.0
Truck34565,309.0
Truck34569,291.0
Truck34570,291.0
Truck34561,339.0
Truck34572,291.0
Truck34573,291.0
Truck34571,309.0
Truck34564,349.0
Truck34574,302.0
Truck34568,348.0
Truck34580,291.0
Truck34577,308.0
Truck34581,291.0
Truck34582,291.0
Truck34579,310.0
Truck34585,291.0
Truck34576,337.0
Truck34586,291.0
Truck34588,291.0
Truck34590,291.0
Truck34583,331.0
Truck34591,291.0
Truck34575,380.0
Truck34594,291.0
Truck34593,301.0
Truck34595,291.0
Truck34584,348.0
Truck34589,339.0
Truck34578,395.0
Truck34596,309.0
Truck34597,305.0
Truck34600,291.0
Truck34601,291.0
Truck34587,362.0
Truck34603,291.0
Truck34598,318.0
Truck34602,305.0
Truck34599,327.0
Truck34607,291.0
Truck34610,291.0
Truck34605,335.0
Truck34606,330.0
Truck34615,291.0
Truck34592,410.0
Truck34604,352.0
Truck34609,327.0
Truck34613,310.0
Truck34618,291.0
Truck34608,344.0
Truck34617,300.0
Truck34616,307.0
Truck34622,291.0
Truck34620,305.0
Truck34612,346.0
Truck34621,301.0
Truck34614,344.0
Truck34611,368.0
Truck34624,305.0
Truck34623,321.0
Truck34619,357.0
Truck34629,316.0
Truck34627,333.0
Truck34625,345.0
Truck34636,291.0
Truck34637,291.0
Truck34626,347.0
Truck34634,309.0
Truck34630,331.0
Truck34633,337.0
Truck34635,327.0
Truck34628,378.0
Truck34642,309.0
Truck34647,291.0
Truck34632,369.0
Truck34643,316.0
Truck34648,291.0
Truck34645,308.0
Truck34638,345.0
Truck34631,390.0
Truck34649,304.0
Truck34650,304.0
Truck34639,361.0
Truck34654,291.0
Truck34640,362.0
Truck34646,334.0
Truck34653,300.0
Truck34652,310.0
Truck34656,291.0
Truck34657,291.0
Truck34655,303.0
Truck34658,291.0
Truck34651,327.0
Truck34644,369.0
Truck34641,387.0
Truck34661,291.0
Truck34662,291.0
Truck34663,291.0
Truck34664,291.0
Truck34665,291.0
Truck34667,291.0
Truck34670,291.0
Truck34659,351.0
Truck34671,291.0
Truck34668,307.0
Truck34672,291.0
Truck34660,359.0
Truck34666,345.0
Truck34676,308.0
Truck34680,291.0
Truck34682,291.0
Truck34673,337.0
Truck34677,318.0
Truck34674,334.0
Truck34684,291.0
Truck34685,291.0
Truck34669,374.0
Truck34683,307.0
Truck34679,331.0
Truck34686,305.0
Truck34687,301.0
Truck34690,291.0
Truck34675,371.0
Truck34689,301.0
Truck34691,291.0
Truck34694,291.0
Truck34693,301.0
Truck34696,291.0
Truck34688,347.0
Truck34702,291.0
Truck34692,346.0
Truck34697,324.0
Truck34678,423.0
Truck34701,308.0
Truck34681,414.0
Truck34695,344.0
Truck34706,291.0
Truck34700,330.0
Truck34708,291.0
Truck34711,291.0
Truck34699,352.0
Truck34703,335.0
Truck34710,308.0
Truck34705,336.0
Truck34713,305.0
Truck34717,291.0
Truck34720,291.0
Truck34698,404.0
Truck34721,291.0
Truck34714,327.0
Truck34716,317.0
Truck34719,310.0
Truck34704,396.0
Truck34725,291.0
Truck34727,291.0
Truck34722,320.0
Truck34729,291.0
Truck34730,291.0
Truck34718,357.0
Truck34723,334.0
Truck34715,380.0
Truck34733,291.0
Truck34728,317.0
Truck34707,423.0
Truck34732,305.0
Truck34726,338.0
Truck34736,291.0
Truck34709,427.0
Truck34737,291.0
Truck34739,291.0
Truck34734,331.0
Truck34740,302.0
Truck34744,291.0
Truck34742,305.0
Truck34724,396.0
Truck34735,341.0
Truck34712,464.0
Truck34743,323.0
Truck34750,291.0
Truck34751,291.0
Truck34753,291.0
Truck34748,318.0
Truck34741,354.0
Truck34755,291.0
Truck34731,417.0
Truck34747,343.0
Truck34746,352.0
Truck34738,400.0
Truck34745,365.0
Truck34761,291.0
Truck34763,291.0
Truck34754,341.0
Truck34765,291.0
Truck34756,342.0
Truck34767,291.0
Truck34768,291.0
Truck34749,388.0
Truck34757,354.0
Truck34770,291.0
Truck34752,382.0
Truck34758,363.0
Truck34762,344.0
Truck34760,359.0
Truck34764,339.0
Truck34772,304.0
Truck34771,310.0
Truck34777,291.0
Truck34774,307.0
Truck34766,348.0
Truck34778,291.0
Truck34779,291.0
Truck34759,396.0
Truck34780,291.0
Truck34784,291.0
Truck34785,291.0
Truck34788,291.0
Truck34773,370.0
Truck34782,325.0
Truck34790,291.0
Truck34769,400.0
Truck34791,291.0
Truck34789,309.0
Truck34787,321.0
Truck34783,347.0
Truck34775,389.0
Truck34795,291.0
Truck34792,308.0
Truck34796,291.0
Truck34786,346.0
Truck34797,291.0
Truck34781,385.0
Truck34776,415.0
Truck34794,339.0
Truck34798,319.0
Truck34804,291.0
Truck34793,348.0
Truck34799,327.0
Truck34807,291.0
Truck34802,321.0
Truck34809,291.0
Truck34800,339.0
Truck34806,309.0
Truck34801,338.0
Truck34810,301.0
Truck34813,291.0
Truck34812,308.0
Truck34805,356.0
Truck34814,320.0
Truck34808,358.0
Truck34817,315.0
Truck34803,386.0
Truck34822,291.0
Truck34823,291.0
Truck34821,305.0
Truck34824,291.0
Truck34811,364.0
Truck34815,359.0
Truck34819,346.0
Truck34820,344.0
Truck34816,370.0
Truck34833,291.0
Truck34825,335.0
Truck34818,374.0
Truck34832,304.0
Truck34826,335.0
Truck34835,291.0
Truck34834,308.0
Truck34836,306.0
Truck34828,347.0
Truck34827,359.0
Truck34830,344.0
Truck34841,291.0
Truck34840,303.0
Truck34829,359.0
Truck34843,291.0
Truck34837,326.0
Truck34839,326.0
Truck34847,291.0
Truck34848,291.0
Truck34849,291.0
Truck34838,349.0
Truck34851,291.0
Truck34831,393.0
Truck34853,291.0
Truck34844,340.0
Truck34852,300.0
Truck34842,356.0
Truck34856,291.0
Truck34850,322.0
Truck34858,291.0
Truck34860,291.0
Truck34846,368.0
Truck34863,291.0
Truck34861,302.0
Truck34857,325.0
Truck34864,291.0
Truck34854,351.0
Truck34859,332.0
Truck34868,291.0
Truck34855,357.0
Truck34867,301.0
Truck34869,291.0
Truck34870,291.0
Truck34845,417.0
Truck34871,291.0
Truck34866,323.0
Truck34862,351.0
Truck34865,336.0
Truck34872,304.0
Truck34873,301.0
Truck34877,291.0
Truck34878,291.0
Truck34880,291.0
Truck34881,304.0
Truck34879,321.0
Truck34875,347.0
Truck34888,291.0
Truck34874,362.0
Truck34884,314.0
Truck34889,291.0
Truck34885,314.0
Truck34890,291.0
Truck34883,329.0
Truck34887,310.0
Truck34876,366.0
Truck34891,291.0
Truck34892,291.0
Truck34882,349.0
Truck34886,337.0
Truck34894,310.0
Truck34898,291.0
Truck34899,308.0
Truck34893,344.0
Truck34905,291.0
Truck34906,291.0
Truck34904,302.0
Truck34895,349.0
Truck34903,309.0
Truck34896,347.0
Truck34908,291.0
Truck34897,348.0
Truck34909,291.0
Truck34911,291.0
Truck34912,291.0
Truck34900,354.0
Truck34914,291.0
Truck34918,291.0
Truck34907,350.0
Truck34916,306.0
Truck34919,291.0
Truck34910,341.0
Truck34921,291.0
Truck34922,291.0
Truck34915,331.0
Truck34923,291.0
Truck34901,405.0
Truck34902,400.0
Truck34917,330.0
Truck34925,291.0
Truck34913,357.0
Truck34927,291.0
Truck34929,308.0
Truck34920,354.0
Truck34933,291.0
Truck34930,307.0
Truck34924,348.0
Truck34937,291.0
Truck34932,320.0
Truck34928,345.0
Truck34931,332.0
Truck34940,291.0
Truck34926,366.0
Truck34942,291.0
Truck34939,312.0
Truck34941,303.0
Truck34934,339.0
Truck34935,340.0
Truck34947,291.0
Truck34938,338.0
Truck34948,291.0
Truck34945,309.0
Truck34943,324.0
Truck34951,291.0
Truck34952,291.0
Truck34953,291.0
Truck34950,309.0
Truck34954,291.0
Truck34936,385.0
Truck34955,291.0
Truck34956,291.0
Truck34944,356.0
Truck34957,291.0
Truck34946,347.0
Truck34958,291.0
Truck34963,291.0
Truck34961,307.0
Truck34960,315.0
Truck34962,313.0
Truck34967,291.0
Truck34966,302.0
Truck34949,409.0
Truck34970,305.0
Truck34974,291.0
Truck34965,338.0
Truck34972,309.0
Truck34976,291.0
Truck34964,355.0
Truck34975,300.0
Truck34977,291.0
Truck34969,342.0
Truck34968,353.0
Truck34982,291.0
Truck34979,307.0
Truck34978,313.0
Truck34959,416.0
Truck34980,313.0
Truck34985,291.0
Truck34971,369.0
Truck34987,304.0
Truck34986,318.0
Truck34983,341.0
Truck34981,354.0
Truck34984,340.0
Truck34973,400.0
Truck34989,339.0
Truck34992,324.0
Truck34995,309.0
Truck34993,335.0
Truck34988,363.0
Truck35000,305.0
Truck35001,305.0
Truck35004,291.0
Truck34998,342.0
Truck34999,339.0
Truck35003,326.0
Truck35011,291.0
Truck34997,366.0
Truck35012,291.0
Truck35007,321.0
Truck34996,378.0
Truck34991,404.0
Truck35014,291.0
Truck35010,317.0
Truck35016,291.0
Truck35015,301.0
Truck34994,413.0
Truck34990,443.0
Truck35005,368.0
Truck35006,363.0
Truck35009,348.0
Truck35021,291.0
Truck35018,309.0
Truck35002,396.0
Truck35019,311.0
Truck35008,369.0
Truck35023,307.0
Truck35013,360.0
Truck35027,291.0
Truck35028,291.0
Truck35017,350.0
Truck35025,311.0
Truck35029,291.0
Truck35031,291.0
Truck35032,305.0
Truck35035,291.0
Truck35026,346.0
Truck35036,303.0
Truck35020,397.0
Truck35037,314.0
Truck35038,309.0
Truck35039,305.0
Truck35024,381.0
Truck35044,291.0
Truck35030,362.0
Truck35043,314.0
Truck35022,420.0
Truck35033,369.0
Truck35041,347.0
Truck35034,390.0
Truck35051,309.0
Truck35042,358.0
Truck35056,291.0
Truck35046,343.0
Truck35055,300.0
Truck35057,291.0
Truck35058,291.0
Truck35040,385.0
Truck35052,325.0
Truck35048,348.0
Truck35049,344.0
Truck35060,291.0
Truck35061,291.0
Truck35062,291.0
Truck35047,370.0
Truck35053,347.0
Truck35045,391.0
Truck35066,291.0
Truck35059,332.0
Truck35068,291.0
Truck35069,291.0
Truck35054,371.0
Truck35070,291.0
Truck35063,341.0
Truck35071,306.0
Truck35075,291.0
Truck35076,291.0
Truck35073,308.0
Truck35064,356.0
Truck35077,291.0
Truck35050,443.0
Truck35067,359.0
Truck35082,291.0
Truck35072,343.0
Truck35083,291.0
Truck35079,316.0
Truck35078,336.0
Truck35080,331.0
Truck35088,291.0
Truck35084,314.0
Truck35081,330.0
Truck35089,291.0
Truck35090,291.0
Truck35087,307.0
Truck35085,318.0
Truck35074,374.0
Truck35091,300.0
Truck35086,338.0
Truck35094,307.0
Truck35095,305.0
Truck35092,325.0
Truck35099,291.0
Truck35096,308.0
Truck35065,471.0
Truck35101,291.0
Truck35103,291.0
Truck35106,291.0
Truck35100,328.0
Truck35093,366.0
Truck35109,291.0
Truck35098,347.0
Truck35110,291.0
Truck35104,327.0
Truck35097,371.0
Truck35113,291.0
Truck35107,324.0
Truck35114,291.0
Truck35115,291.0
Truck35108,327.0
Truck35102,363.0
Truck35112,321.0
Truck35116,311.0
Truck35121,291.0
Truck35105,375.0
Truck35120,306.0
Truck35117,324.0
Truck35122,303.0
Truck35119,324.0
Truck35126,291.0
Truck35127,300.0
Truck35111,383.0
Truck35118,350.0
Truck35130,291.0
Truck35125,321.0
Truck35124,331.0
Truck35132,291.0
Truck35123,337.0
Truck35129,318.0
Truck35128,326.0
Truck35135,291.0
Truck35133,302.0
Truck35134,304.0
Truck35137,291.0
Truck35136,309.0
Truck35141,291.0
Truck35131,346.0
Truck35143,291.0
Truck35142,310.0
Truck35146,291.0
Truck35147,291.0
Truck35150,291.0
Truck35148,307.0
Truck35138,359.0
Truck35139,356.0
Truck35140,356.0
Truck35153,291.0
Truck35145,332.0
Truck35149,312.0
Truck35154,291.0
Truck35156,291.0
Truck35152,315.0
Truck35157,291.0
Truck35158,291.0
Truck35144,362.0
Truck35155,307.0
Truck35161,291.0
Truck35162,291.0
Truck35159,312.0
Truck35165,291.0
Truck35151,369.0
Truck35167,291.0
Truck35168,291.0
Truck35169,291.0
Truck35166,307.0
Truck35171,291.0
Truck35163,333.0
Truck35173,291.0
Truck35164,350.0
Truck35177,291.0
Truck35176,301.0
Truck35180,291.0
Truck35175,317.0
Truck35181,291.0
Truck35172,340.0
Truck35179,306.0
Truck35160,408.0
Truck35178,325.0
Truck35184,309.0
Truck35188,291.0
Truck35189,291.0
Truck35182,336.0
Truck35174,378.0
Truck35170,401.0
Truck35191,303.0
Truck35194,291.0
Truck35183,349.0
Truck35195,291.0
Truck35186,348.0
Truck35196,300.0
Truck35198,291.0
Truck35199,291.0
Truck35187,365.0
Truck35202,291.0
Truck35204,291.0
Truck35185,396.0
Truck35201,322.0
Truck35197,343.0
Truck35190,380.0
Truck35192,370.0
Truck35205,305.0
Truck35207,314.0
Truck35214,291.0
Truck35203,347.0
Truck35210,322.0
Truck35206,349.0
Truck35200,383.0
Truck35215,310.0
Truck35193,422.0
Truck35213,327.0
Truck35218,302.0
Truck35222,291.0
Truck35217,317.0
Truck35219,308.0
Truck35208,368.0
Truck35224,291.0
Truck35212,359.0
Truck35209,375.0
Truck35226,291.0
Truck35216,347.0
Truck35221,322.0
Truck35211,390.0
Truck35231,291.0
Truck35220,356.0
Truck35232,304.0
Truck35235,291.0
Truck35227,336.0
Truck35229,329.0
Truck35237,291.0
Truck35239,291.0
Truck35223,373.0
Truck35225,364.0
Truck35236,309.0
Truck35234,330.0
Truck35242,291.0
Truck35228,362.0
Truck35243,291.0
Truck35244,305.0
Truck35249,291.0
Truck35233,373.0
Truck35238,350.0
Truck35250,291.0
Truck35251,291.0
Truck35247,313.0
Truck35252,291.0
Truck35246,323.0
Truck35230,406.0
Truck35245,340.0
Truck35256,291.0
Truck35241,369.0
Truck35257,291.0
Truck35240,392.0
Truck35255,322.0
Truck35259,303.0
Truck35262,291.0
Truck35253,343.0
Truck35260,310.0
Truck35266,291.0
Truck35248,384.0
Truck35261,319.0
Truck35258,340.0
Truck35268,291.0
Truck35265,308.0
Truck35263,330.0
Truck35272,291.0
Truck35270,303.0
Truck35264,342.0
Truck35277,291.0
Truck35269,343.0
Truck35274,326.0
Truck35281,291.0
Truck35267,365.0
Truck35275,325.0
Truck35282,291.0
Truck35254,432.0
Truck35278,336.0
Truck35279,336.0
Truck35283,316.0
Truck35273,368.0
Truck35289,291.0
Truck35276,360.0
Truck35280,345.0
Truck35285,321.0
Truck35291,291.0
Truck35284,327.0
Truck35293,291.0
Truck35288,321.0
Truck35295,291.0
Truck35271,413.0
Truck35292,314.0
Truck35298,291.0
Truck35287,354.0
Truck35299,300.0
Truck35302,300.0
Truck35303,301.0
Truck35305,291.0
Truck35290,369.0
Truck35307,291.0
Truck35286,404.0
Truck35301,329.0
Truck35309,291.0
Truck35296,360.0
Truck35313,291.0
Truck35314,291.0
Truck35315,291.0
Truck35300,371.0
Truck35317,291.0
Truck35318,291.0
Truck35306,357.0
Truck35312,327.0
Truck35308,351.0
Truck35321,291.0
Truck35310,349.0
Truck35311,345.0
Truck35322,291.0
Truck35320,309.0
Truck35297,425.0
Truck35294,455.0
Truck35304,406.0
Truck35316,348.0
Truck35328,291.0
Truck35319,343.0
Truck35326,309.0
Truck35330,291.0
Truck35332,291.0
Truck35324,335.0
Truck35335,291.0
Truck35333,305.0
Truck35337,291.0
Truck35325,356.0
Truck35323,375.0
Truck35340,291.0
Truck35327,361.0
Truck35334,329.0
Truck35339,309.0
Truck35341,306.0
Truck35344,291.0
Truck35338,325.0
Truck35343,312.0
Truck35342,321.0
Truck35336,360.0
Truck35329,398.0
Truck35351,291.0
Truck35331,393.0
Truck35353,291.0
Truck35346,334.0
Truck35345,342.0
Truck35347,333.0
Truck35354,308.0
Truck35348,341.0
Truck35358,291.0
Truck35349,342.0
Truck35356,311.0
Truck35361,291.0
Truck35363,291.0
Truck35357,330.0
Truck35350,369.0
Truck35367,291.0
Truck35355,358.0
Truck35369,291.0
Truck35359,344.0
Truck35371,291.0
Truck35362,338.0
Truck35365,326.0
Truck35372,291.0
Truck35366,322.0
Truck35370,307.0
Truck35374,291.0
Truck35364,344.0
Truck35375,291.0
Truck35360,370.0
Truck35377,291.0
Truck35352,425.0
Truck35368,348.0
Truck35380,291.0
Truck35381,291.0
Truck35373,334.0
Truck35385,291.0
Truck35386,291.0
Truck35387,291.0
Truck35378,339.0
Truck35384,314.0
Truck35391,291.0
Truck35376,373.0
Truck35394,291.0
Truck35382,352.0
Truck35388,322.0
Truck35392,306.0
Truck35395,291.0
Truck35389,326.0
Truck35390,322.0
Truck35398,291.0
Truck35393,320.0
Truck35399,291.0
Truck35400,310.0
Truck35405,291.0
Truck35379,426.0
Truck35404,307.0
Truck35396,349.0
Truck35402,320.0
Truck35383,416.0
Truck35409,291.0
Truck35406,308.0
Truck35407,310.0
Truck35410,304.0
Truck35397,371.0
Truck35413,291.0
Truck35403,346.0
Truck35415,291.0
Truck35412,310.0
Truck35408,336.0
Truck35416,303.0
Truck35401,390.0
Truck35417,312.0
Truck35411,350.0
Truck35423,291.0
Truck35418,317.0
Truck35425,291.0
Truck35427,304.0
Truck35422,332.0
Truck35421,340.0
Truck35424,330.0
Truck35433,291.0
Truck35426,327.0
Truck35428,320.0
Truck35432,305.0
Truck35436,291.0
Truck35420,372.0
Truck35430,322.0
Truck35437,291.0
Truck35438,307.0
Truck35419,405.0
Truck35442,291.0
Truck35441,305.0
Truck35444,291.0
Truck35414,442.0
Truck35445,291.0
Truck35429,373.0
Truck35435,344.0
Truck35448,291.0
Truck35446,302.0
Truck35447,301.0
Truck35449,291.0
Truck35434,369.0
Truck35431,386.0
Truck35451,291.0
Truck35440,354.0
Truck35453,291.0
Truck35454,291.0
Truck35439,371.0
Truck35443,353.0
Truck35456,291.0
Truck35450,334.0
Truck35452,330.0
Truck35460,291.0
Truck35455,320.0
Truck35461,291.0
Truck35457,329.0
Truck35464,301.0
Truck35467,291.0
Truck35458,339.0
Truck35466,303.0
Truck35469,291.0
Truck35471,291.0
Truck35459,353.0
Truck35474,291.0
Truck35477,291.0
Truck35463,362.0
Truck35465,362.0
Truck35480,291.0
Truck35475,317.0
Truck35481,291.0
Truck35472,337.0
Truck35479,305.0
Truck35470,356.0
Truck35484,291.0
Truck35478,322.0
Truck35482,302.0
Truck35473,350.0
Truck35485,291.0
Truck35476,338.0
Truck35462,413.0
Truck35483,309.0
Truck35487,291.0
Truck35488,291.0
Truck35491,291.0
Truck35494,291.0
Truck35493,305.0
Truck35497,291.0
Truck35489,339.0
Truck35499,291.0
Truck35490,339.0
Truck35468,450.0
Truck35500,291.0
Truck35501,291.0
Truck35502,291.0
Truck35495,329.0
Truck35503,291.0
Truck35506,291.0
Truck35486,394.0
Truck35492,370.0
Truck35508,291.0
Truck35511,301.0
Truck35513,291.0
Truck35510,309.0
Truck35504,341.0
Truck35516,291.0
Truck35514,309.0
Truck35515,306.0
Truck35518,291.0
Truck35498,395.0
Truck35496,406.0
Truck35507,352.0
Truck35519,304.0
Truck35505,382.0
Truck35521,305.0
Truck35524,291.0
Truck35512,355.0
Truck35509,375.0
Truck35522,310.0
Truck35517,342.0
Truck35525,311.0
Truck35520,339.0
Truck35530,291.0
Truck35523,338.0
Truck35526,324.0
Truck35534,291.0
Truck35527,331.0
Truck35529,324.0
Truck35536,291.0
Truck35537,291.0
Truck35535,303.0
Truck35528,341.0
Truck35533,316.0
Truck35539,291.0
Truck35531,336.0
Truck35532,341.0
Truck35540,308.0
Truck35538,323.0
Truck35544,309.0
Truck35547,301.0
Truck35550,291.0
Truck35551,291.0
Truck35541,347.0
Truck35542,344.0
Truck35553,291.0
Truck35548,321.0
Truck35545,338.0
Truck35552,305.0
Truck35546,352.0
Truck35549,345.0
Truck35561,291.0
Truck35559,305.0
Truck35558,311.0
Truck35562,291.0
Truck35555,327.0
Truck35557,321.0
Truck35563,291.0
Truck35554,338.0
Truck35560,308.0
Truck35543,403.0
Truck35568,291.0
Truck35569,291.0
Truck35570,291.0
Truck35571,291.0
Truck35572,291.0
Truck35564,341.0
Truck35576,291.0
Truck35573,308.0
Truck35556,394.0
Truck35577,291.0
Truck35565,353.0
Truck35578,291.0
Truck35582,291.0
Truck35575,329.0
Truck35567,376.0
Truck35584,291.0
Truck35574,347.0
Truck35581,318.0
Truck35580,348.0
Truck35589,305.0
Truck35590,301.0
Truck35592,291.0
Truck35583,341.0
Truck35585,332.0
Truck35595,291.0
Truck35591,312.0
Truck35566,440.0
Truck35593,313.0
Truck35600,291.0
Truck35588,353.0
Truck35594,337.0
Truck35587,373.0
Truck35579,416.0
Truck35598,323.0
Truck35586,385.0
Truck35605,291.0
Truck35603,305.0
Truck35604,303.0
Truck35607,291.0
Truck35599,339.0
Truck35609,291.0
Truck35596,367.0
Truck35608,307.0
Truck35612,291.0
Truck35602,364.0
Truck35611,319.0
Truck35614,308.0
Truck35606,354.0
Truck35615,309.0
Truck35617,306.0
Truck35622,300.0
Truck35613,350.0
Truck35610,367.0
Truck35624,301.0
Truck35626,291.0
Truck35621,323.0
Truck35628,291.0
Truck35618,343.0
Truck35601,429.0
Truck35629,291.0
Truck35631,291.0
Truck35632,291.0
Truck35627,322.0
Truck35630,308.0
Truck35620,359.0
Truck35616,384.0
Truck35636,291.0
Truck35623,358.0
Truck35637,291.0
Truck35638,291.0
Truck35640,291.0
Truck35641,291.0
Truck35619,406.0
Truck35597,517.0
Truck35633,337.0
Truck35643,291.0
Truck35635,332.0
Truck35645,291.0
Truck35634,349.0
Truck35642,318.0
Truck35648,291.0
Truck35644,312.0
Truck35639,344.0
Truck35625,416.0
Truck35654,291.0
Truck35650,312.0
Truck35646,335.0
Truck35649,327.0
Truck35657,291.0
Truck35653,313.0
Truck35655,305.0
Truck35652,326.0
Truck35660,291.0
Truck35647,363.0
Truck35658,308.0
Truck35663,291.0
Truck35651,352.0
Truck35666,291.0
Truck35661,325.0
Truck35668,291.0
Truck35656,355.0
Truck35659,346.0
Truck35662,345.0
Truck35675,291.0
Truck35676,300.0
Truck35669,337.0
Truck35667,351.0
Truck35674,319.0
Truck35670,340.0
Truck35678,300.0
Truck35681,291.0
Truck35680,309.0
Truck35671,355.0
Truck35684,291.0
Truck35682,305.0
Truck35683,304.0
Truck35664,400.0
Truck35677,344.0
Truck35685,306.0
Truck35679,337.0
Truck35687,307.0
Truck35672,384.0
Truck35691,291.0
Truck35688,311.0
Truck35673,388.0
Truck35692,306.0
Truck35695,291.0
Truck35693,309.0
Truck35697,291.0
Truck35694,307.0
Truck35698,291.0
Truck35686,356.0
Truck35700,291.0
Truck35665,472.0
Truck35689,364.0
Truck35690,365.0
Truck35702,311.0
Truck35706,291.0
Truck35696,342.0
Truck35699,332.0
Truck35704,309.0
Truck35701,341.0
Truck35711,291.0
Truck35708,321.0
Truck35714,291.0
Truck35716,291.0
Truck35705,347.0
Truck35710,344.0
Truck35717,313.0
Truck35703,386.0
Truck35723,291.0
Truck35718,340.0
Truck35721,326.0
Truck35726,301.0
Truck35728,291.0
Truck35709,387.0
Truck35715,357.0
Truck35713,371.0
Truck35719,344.0
Truck35731,291.0
Truck35729,305.0
Truck35732,291.0
Truck35730,305.0
Truck35733,291.0
Truck35724,340.0
Truck35725,347.0
Truck35720,375.0
Truck35727,343.0
Truck35738,291.0
Truck35739,291.0
Truck35707,459.0
Truck35735,320.0
Truck35742,291.0
Truck35743,301.0
Truck35745,291.0
Truck35734,348.0
Truck35737,334.0
Truck35712,463.0
Truck35747,291.0
Truck35741,335.0
Truck35749,301.0
Truck35744,327.0
Truck35740,358.0
Truck35746,331.0
Truck35754,291.0
Truck35755,291.0
Truck35722,458.0
Truck35750,320.0
Truck35736,395.0
Truck35759,291.0
Truck35751,337.0
Truck35752,335.0
Truck35753,334.0
Truck35748,370.0
Truck35761,313.0
Truck35756,340.0
Truck35757,335.0
Truck35760,326.0
Truck35767,303.0
Truck35763,328.0
Truck35771,291.0
Truck35765,337.0
Truck35773,301.0
Truck35774,302.0
Truck35775,303.0
Truck35776,305.0
Truck35762,378.0
Truck35766,359.0
Truck35769,344.0
Truck35778,304.0
Truck35781,291.0
Truck35779,305.0
Truck35764,385.0
Truck35780,305.0
Truck35768,366.0
Truck35758,418.0
Truck35770,366.0
Truck35785,291.0
Truck35777,334.0
Truck35772,367.0
Truck35784,309.0
Truck35787,300.0
Truck35789,291.0
Truck35792,291.0
Truck35783,340.0
Truck35786,331.0
Truck35794,291.0
Truck35795,291.0
Truck35782,365.0
Truck35800,291.0
Truck35790,346.0
Truck35801,291.0
Truck35797,319.0
Truck35788,366.0
Truck35799,314.0
Truck35803,308.0
Truck35796,346.0
Truck35804,306.0
Truck35807,291.0
Truck35798,338.0
Truck35802,324.0
Truck35809,291.0
Truck35806,307.0
Truck35810,291.0
Truck35808,305.0
Truck35812,291.0
Truck35805,351.0
Truck35817,291.0
Truck35791,424.0
Truck35811,330.0
Truck35819,291.0
Truck35820,291.0
Truck35818,306.0
Truck35793,439.0
Truck35813,341.0
Truck35816,332.0
Truck35822,305.0
Truck35826,291.0
Truck35823,307.0
Truck35827,291.0
Truck35824,308.0
Truck35815,355.0
Truck35828,291.0
Truck35829,291.0
Truck35814,381.0
Truck35821,349.0
Truck35825,329.0
Truck35834,291.0
Truck35837,291.0
Truck35835,305.0
Truck35838,291.0
Truck35831,329.0
Truck35833,326.0
Truck35841,291.0
Truck35842,291.0
Truck35832,344.0
Truck35840,306.0
Truck35836,330.0
Truck35830,362.0
Truck35845,291.0
Truck35848,291.0
Truck35850,291.0
Truck35851,291.0
Truck35847,317.0
Truck35844,336.0
Truck35854,291.0
Truck35843,375.0
Truck35846,364.0
Truck35853,332.0
Truck35856,317.0
Truck35852,338.0
Truck35857,320.0
Truck35839,423.0
Truck35866,291.0
Truck35859,330.0
Truck35867,291.0
Truck35863,314.0
Truck35868,291.0
Truck35855,360.0
Truck35869,291.0
Truck35858,348.0
Truck35870,291.0
Truck35849,405.0
Truck35861,345.0
Truck35860,356.0
Truck35874,291.0
Truck35875,291.0
Truck35872,308.0
Truck35876,291.0
Truck35864,352.0
Truck35873,309.0
Truck35878,291.0
Truck35862,372.0
Truck35865,358.0
Truck35880,291.0
Truck35879,302.0
Truck35882,291.0
Truck35885,291.0
Truck35886,291.0
Truck35877,340.0
Truck35884,309.0
Truck35891,304.0
Truck35894,291.0
Truck35887,336.0
Truck35896,291.0
Truck35893,310.0
Truck35888,342.0
Truck35895,310.0
Truck35899,291.0
Truck35871,436.0
Truck35900,291.0
Truck35902,291.0
Truck35901,300.0
Truck35883,392.0
Truck35904,291.0
Truck35905,291.0
Truck35897,335.0
Truck35881,421.0
Truck35898,339.0
Truck35909,291.0
Truck35892,377.0
Truck35889,395.0
Truck35910,291.0
Truck35911,291.0
Truck35890,404.0
Truck35913,305.0
Truck35916,291.0
Truck35917,291.0
Truck35918,291.0
Truck35912,322.0
Truck35907,348.0
Truck35919,291.0
Truck35914,317.0
Truck35915,316.0
Truck35920,291.0
Truck35903,378.0
Truck35925,291.0
Truck35923,303.0
Truck35908,388.0
Truck35921,325.0
Truck35930,291.0
Truck35906,415.0
Truck35928,305.0
Truck35922,338.0
Truck35931,302.0
Truck35927,323.0
Truck35926,329.0
Truck35935,291.0
Truck35933,307.0
Truck35938,291.0
Truck35934,316.0
Truck35939,291.0
Truck35929,343.0
Truck36000,291.0
Truck36005,291.0
Truck36001,317.0
Truck36002,312.0
Truck36007,291.0
Truck36003,332.0
Truck36008,309.0
Truck36012,291.0
Truck36014,291.0
Truck36015,291.0
Truck36010,323.0
Truck36017,291.0
Truck36004,359.0
Truck36016,303.0
Truck36009,346.0
Truck36020,291.0
Truck36021,291.0
Truck36022,291.0
Truck36011,347.0
Truck36024,291.0
Truck36019,319.0
Truck36027,291.0
Truck36013,363.0
Truck36028,291.0
Truck36023,331.0
Truck36031,291.0
Truck36006,417.0
Truck36025,324.0
Truck36032,291.0
Truck36029,316.0
Truck36035,291.0
Truck36030,317.0
Truck36036,291.0
Truck36034,302.0
Truck36026,343.0
Truck36037,291.0
Truck36040,304.0
Truck36018,415.0
Truck36044,291.0
Truck36045,291.0
Truck36039,335.0
Truck36048,291.0
Truck36047,301.0
Truck36050,291.0
Truck36041,338.0
Truck36052,291.0
Truck36042,343.0
Truck36038,371.0
Truck36033,398.0
Truck36046,338.0
Truck36056,291.0
Truck36057,291.0
Truck36058,291.0
Truck36051,328.0
Truck36049,343.0
Truck36053,328.0
Truck36062,291.0
Truck36064,291.0
Truck36059,318.0
Truck36063,307.0
Truck36043,411.0
Truck36067,291.0
Truck36055,354.0
Truck36054,361.0
Truck36068,291.0
Truck36069,291.0
Truck36070,291.0
Truck36071,291.0
Truck36072,301.0
Truck36074,291.0
Truck36073,306.0
Truck36065,356.0
Truck36077,312.0
Truck36066,368.0
Truck36061,399.0
Truck36078,317.0
Truck36075,334.0
Truck36080,309.0
Truck36084,291.0
Truck36079,320.0
Truck36060,423.0
Truck36088,291.0
Truck36086,302.0
Truck36085,316.0
Truck36090,291.0
Truck36092,291.0
Truck36076,374.0
Truck36082,347.0
Truck36083,342.0
Truck36081,355.0
Truck36094,291.0
Truck36087,327.0
Truck36096,291.0
Truck36091,318.0
Truck36089,336.0
Truck36093,316.0
Truck36098,291.0
Truck36099,291.0
Truck36100,300.0
Truck36095,342.0
Truck36104,301.0
Truck36097,338.0
Truck36101,331.0
Truck36105,322.0
Truck36112,291.0
Truck36109,309.0
Truck36103,342.0
Truck36114,291.0
Truck36115,291.0
Truck36111,316.0
Truck36106,342.0
Truck36102,366.0
Truck36117,291.0
Truck36108,342.0
Truck36110,335.0
Truck36107,358.0
Truck36121,291.0
Truck36113,334.0
Truck36118,309.0
Truck36125,291.0
Truck36126,291.0
Truck36127,291.0
Truck36129,291.0
Truck36130,291.0
Truck36120,342.0
Truck36122,342.0
Truck36119,358.0
Truck36128,323.0
Truck36124,350.0
Truck36136,291.0
Truck36116,392.0
Truck36123,360.0
Truck36138,304.0
Truck36141,291.0
Truck36137,327.0
Truck36147,291.0
Truck36145,308.0
Truck36131,380.0
Truck36135,360.0
Truck36149,291.0
Truck36139,344.0
Truck36146,313.0
Truck36148,305.0
Truck36142,338.0
Truck36153,291.0
Truck36134,387.0
Truck36133,395.0
Truck36154,291.0
Truck36132,405.0
Truck36144,348.0
Truck36155,309.0
Truck36157,309.0
Truck36150,346.0
Truck36159,305.0
Truck36162,291.0
Truck36143,392.0
Truck36164,291.0
Truck36165,291.0
Truck36152,357.0
Truck36166,291.0
Truck36151,369.0
Truck36163,309.0
Truck36160,336.0
Truck36169,291.0
Truck36140,440.0
Truck36170,291.0
Truck36156,364.0
Truck36171,291.0
Truck36158,358.0
Truck36161,346.0
Truck36167,318.0
Truck36175,291.0
Truck36173,302.0
Truck36172,309.0
Truck36178,291.0
Truck36176,302.0
Truck36168,343.0
Truck36180,291.0
Truck36181,291.0
Truck36183,291.0
Truck36174,344.0
Truck36182,305.0
Truck36185,291.0
Truck36186,291.0
Truck36177,341.0
Truck36188,291.0
Truck36179,338.0
Truck36184,314.0
Truck36190,291.0
Truck36189,303.0
Truck36187,339.0
Truck36197,291.0
Truck36191,329.0
Truck36196,308.0
Truck36200,291.0
Truck36194,326.0
Truck36195,339.0
Truck36205,291.0
Truck36203,304.0
Truck36199,329.0
Truck36207,291.0
Truck36202,320.0
Truck36198,344.0
Truck36209,291.0
Truck36193,375.0
Truck36206,316.0
Truck36211,291.0
Truck36201,347.0
Truck36214,291.0
Truck36218,291.0
Truck36192,430.0
Truck36222,291.0
Truck36215,328.0
Truck36213,347.0
Truck36216,332.0
Truck36208,389.0
Truck36225,309.0
Truck36229,291.0
Truck36219,344.0
Truck36221,336.0
Truck36210,392.0
Truck36217,361.0
Truck36232,291.0
Truck36220,356.0
Truck36233,291.0
Truck36212,397.0
Truck36223,346.0
Truck36234,291.0
Truck36226,332.0
Truck36228,324.0
Truck36235,291.0
Truck36236,291.0
Truck36237,291.0
Truck36224,364.0
Truck36230,337.0
Truck36227,355.0
Truck36240,305.0
Truck36243,291.0
Truck36238,319.0
Truck36245,291.0
Truck36204,501.0
Truck36231,384.0
Truck36250,291.0
Truck36239,363.0
Truck36247,328.0
Truck36242,356.0
Truck36254,300.0
Truck36253,308.0
Truck36257,291.0
Truck36256,301.0
Truck36249,345.0
Truck36246,361.0
Truck36260,291.0
Truck36244,372.0
Truck36248,352.0
Truck36258,308.0
Truck36255,337.0
Truck36261,307.0
Truck36251,365.0
Truck36264,300.0
Truck36263,307.0
Truck36241,426.0
Truck36268,291.0
Truck36267,308.0
Truck36252,384.0
Truck36266,326.0
Truck36271,308.0
Truck36265,344.0
Truck36276,291.0
Truck36275,304.0
Truck36279,291.0
Truck36259,398.0
Truck36281,291.0
Truck36270,347.0
Truck36273,332.0
Truck36274,327.0
Truck36282,291.0
Truck36272,347.0
Truck36280,307.0
Truck36286,291.0
Truck36278,339.0
Truck36269,386.0
Truck36283,320.0
Truck36262,426.0
Truck36290,291.0
Truck36292,291.0
Truck36289,310.0
Truck36288,317.0
Truck36291,307.0
Truck36296,291.0
Truck36284,352.0
Truck36297,291.0
Truck36277,392.0
Truck36287,346.0
Truck36298,291.0
Truck36295,312.0
Truck36285,370.0
Truck36303,291.0
Truck36305,291.0
Truck36306,291.0
Truck36304,306.0
Truck36299,341.0
Truck36300,339.0
Truck36310,291.0
Truck36308,307.0
Truck36294,380.0
Truck36302,342.0
Truck36309,308.0
Truck36314,291.0
Truck36312,302.0
Truck36315,291.0
Truck36301,364.0
Truck36293,410.0
Truck36311,328.0
Truck36313,347.0
Truck36325,291.0
Truck36307,382.0
Truck36316,340.0
Truck36326,291.0
Truck36318,332.0
Truck36327,291.0
Truck36328,291.0
Truck36331,291.0
Truck36321,345.0
Truck36333,291.0
Truck36323,342.0
Truck36324,342.0
Truck36317,378.0
Truck36334,300.0
Truck36336,291.0
Truck36329,329.0
Truck36337,291.0
Truck36338,291.0
Truck36339,291.0
Truck36320,387.0
Truck36330,340.0
Truck36319,401.0
Truck36332,342.0
Truck36322,393.0
Truck36342,301.0
Truck36344,305.0
Truck36347,291.0
Truck36348,291.0
Truck36340,335.0
Truck36349,291.0
Truck36335,371.0
Truck36352,291.0
Truck36353,291.0
Truck36346,331.0
Truck36354,291.0
Truck36345,340.0
Truck36343,354.0
Truck36356,291.0
Truck36350,326.0
Truck36358,291.0
Truck36341,381.0
Truck36351,336.0
Truck36360,291.0
Truck36361,291.0
Truck36355,326.0
Truck36362,291.0
Truck36363,291.0
Truck36357,322.0
Truck36364,291.0
Truck36365,291.0
Truck36359,331.0
Truck36367,291.0
Truck36366,314.0
Truck36372,291.0
Truck36368,326.0
Truck36376,291.0
Truck36369,337.0
Truck36373,318.0
Truck36375,308.0
Truck36370,341.0
Truck36380,291.0
Truck36382,291.0
Truck36371,355.0
Truck36381,316.0
Truck36374,361.0
Truck36388,291.0
Truck36378,347.0
Truck36377,355.0
Truck36383,325.0
Truck36389,303.0
Truck36379,364.0
Truck36384,340.0
Truck36394,291.0
Truck36392,302.0
Truck36395,291.0
Truck36390,333.0
Truck36396,303.0
Truck36386,377.0
Truck36391,353.0
Truck36393,345.0
Truck36401,305.0
Truck36398,327.0
Truck36397,338.0
Truck36400,323.0
Truck36399,330.0
Truck36385,404.0
Truck36408,291.0
Truck36387,398.0
Truck36407,309.0
Truck36411,291.0
Truck36409,305.0
Truck36406,322.0
Truck36417,291.0
Truck36413,318.0
Truck36415,309.0
Truck36419,291.0
Truck36402,380.0
Truck36405,365.0
Truck36410,341.0
Truck36414,325.0
Truck36421,291.0
Truck36404,380.0
Truck36412,340.0
Truck36423,291.0
Truck36403,396.0
Truck36424,291.0
Truck36420,319.0
Truck36426,291.0
Truck36418,343.0
Truck36427,300.0
Truck36422,331.0
Truck36434,291.0
Truck36430,312.0
Truck36432,305.0
Truck36416,387.0
Truck36428,331.0
Truck36436,301.0
Truck36438,291.0
Truck36429,348.0
Truck36431,338.0
Truck36441,291.0
Truck36444,291.0
Truck36437,331.0
Truck36440,318.0
Truck36446,291.0
Truck36447,291.0
Truck36443,326.0
Truck36450,291.0
Truck36439,349.0
Truck36425,420.0
Truck36452,291.0
Truck36449,307.0
Truck36442,348.0
Truck36454,291.0
Truck36435,389.0
Truck36448,325.0
Truck36453,302.0
Truck36456,291.0
Truck36458,291.0
Truck36455,310.0
Truck36459,291.0
Truck36460,291.0
Truck36457,316.0
Truck36462,291.0
Truck36433,440.0
Truck36465,291.0
Truck36466,291.0
Truck36463,308.0
Truck36467,291.0
Truck36451,373.0
Truck36445,405.0
Truck36461,333.0
Truck36464,318.0
Truck36473,291.0
Truck36479,291.0
Truck36474,319.0
Truck36471,341.0
Truck36481,291.0
Truck36482,291.0
Truck36480,304.0
Truck36475,332.0
Truck36470,359.0
Truck36468,370.0
Truck36476,339.0
Truck36472,361.0
Truck36486,304.0
Truck36484,319.0
Truck36485,323.0
Truck36478,365.0
Truck36493,291.0
Truck36490,310.0
Truck36477,377.0
Truck36491,307.0
Truck36492,305.0
Truck36496,291.0
Truck36497,291.0
Truck36489,346.0
Truck36500,291.0
Truck36501,291.0
Truck36494,329.0
Truck36502,300.0
Truck36487,376.0
Truck36469,467.0
Truck36499,329.0
Truck36508,291.0
Truck36506,303.0
Truck36498,346.0
Truck36509,291.0
Truck36507,303.0
Truck36504,325.0
Truck36488,407.0
Truck36505,333.0
Truck36510,308.0
Truck36503,353.0
Truck36516,291.0
Truck36512,312.0
Truck36495,405.0
Truck36513,320.0
Truck36483,474.0
Truck36511,340.0
Truck36517,314.0
Truck36520,301.0
Truck36525,291.0
Truck36526,291.0
Truck36528,291.0
Truck36519,339.0
Truck36523,320.0
Truck36524,317.0
Truck36514,378.0
Truck36521,349.0
Truck36529,310.0
Truck36533,291.0
Truck36518,376.0
Truck36535,291.0
Truck36527,336.0
Truck36536,291.0
Truck36522,363.0
Truck36532,317.0
Truck36538,291.0
Truck36515,415.0
Truck36540,291.0
Truck36531,347.0
Truck36543,291.0
Truck36530,357.0
Truck36544,291.0
Truck36534,349.0
Truck36546,291.0
Truck36539,330.0
Truck36537,342.0
Truck36545,306.0
Truck36548,306.0
Truck36549,303.0
Truck36547,317.0
Truck36553,291.0
Truck36541,360.0
Truck36542,355.0
Truck36555,291.0
Truck36557,291.0
Truck36558,291.0
Truck36559,291.0
Truck36552,331.0
Truck36550,342.0
Truck36551,345.0
Truck36562,291.0
Truck36563,291.0
Truck36565,291.0
Truck36560,317.0
Truck36566,291.0
Truck36570,291.0
Truck36568,303.0
Truck36564,325.0
Truck36567,311.0
Truck36554,378.0
Truck36561,346.0
Truck36574,291.0
Truck36572,311.0
Truck36573,306.0
Truck36578,291.0
Truck36576,307.0
Truck36575,315.0
Truck36571,348.0
Truck36556,430.0
Truck36581,305.0
Truck36582,305.0
Truck36586,291.0
Truck36579,331.0
Truck36587,291.0
Truck36577,342.0
Truck36569,383.0
Truck36589,291.0
Truck36584,318.0
Truck36580,346.0
Truck36591,291.0
Truck36585,329.0
Truck36590,304.0
Truck36593,291.0
Truck36588,323.0
Truck36583,349.0
Truck36592,318.0
Truck36598,291.0
Truck36597,306.0
Truck36603,291.0
Truck36604,291.0
Truck36600,312.0
Truck36599,320.0
Truck36601,326.0
Truck36608,291.0
Truck36610,291.0
Truck36595,367.0
Truck36605,325.0
Truck36607,320.0
Truck36613,291.0
Truck36615,291.0
Truck36616,291.0
Truck36594,403.0
Truck36606,362.0
Truck36609,348.0
Truck36621,291.0
Truck36612,344.0
Truck36596,426.0
Truck36611,352.0
Truck36602,399.0
Truck36626,291.0
Truck36619,331.0
Truck36627,291.0
Truck36628,291.0
Truck36622,323.0
Truck36630,291.0
Truck36623,335.0
Truck36624,330.0
Truck36632,291.0
Truck36633,291.0
Truck36614,393.0
Truck36617,378.0
Truck36637,291.0
Truck36629,347.0
Truck36639,301.0
Truck36618,411.0
Truck36625,377.0
Truck36640,302.0
Truck36631,350.0
Truck36644,291.0
Truck36620,415.0
Truck36634,347.0
Truck36635,346.0
Truck36642,314.0
Truck36636,347.0
Truck36650,291.0
Truck36649,310.0
Truck36653,291.0
Truck36638,367.0
Truck36654,291.0
Truck36643,348.0
Truck36655,304.0
Truck36641,375.0
Truck36648,346.0
Truck36652,340.0
Truck36662,291.0
Truck36659,310.0
Truck36645,382.0
Truck36656,328.0
Truck36664,291.0
Truck36646,382.0
Truck36647,377.0
Truck36658,326.0
Truck36666,291.0
Truck36651,367.0
Truck36657,340.0
Truck36667,291.0
Truck36665,309.0
Truck36670,291.0
Truck36663,330.0
Truck36669,306.0
Truck36668,312.0
Truck36660,360.0
Truck36675,291.0
Truck36661,363.0
Truck36671,325.0
Truck36678,300.0
Truck36680,291.0
Truck36682,291.0
Truck36683,291.0
Truck36672,349.0
Truck36685,291.0
Truck36679,341.0
Truck36681,334.0
Truck36688,304.0
Truck36673,386.0
Truck36689,307.0
Truck36676,381.0
Truck36696,291.0
Truck36674,402.0
Truck36684,352.0
Truck36687,342.0
Truck36686,349.0
Truck36695,305.0
Truck36698,291.0
Truck36700,291.0
Truck36694,322.0
Truck36690,346.0
Truck36693,336.0
Truck36702,291.0
Truck36691,349.0
Truck36692,348.0
Truck36704,291.0
Truck36706,291.0
Truck36701,329.0
Truck36707,301.0
Truck36699,346.0
Truck36677,471.0
Truck36713,291.0
Truck36703,344.0
Truck36716,291.0
Truck36708,332.0
Truck36711,321.0
Truck36712,317.0
Truck36709,338.0
Truck36720,291.0
Truck36714,322.0
Truck36697,410.0
Truck36718,308.0
Truck36719,305.0
Truck36721,301.0
Truck36723,291.0
Truck36715,335.0
Truck36705,395.0
Truck36717,342.0
Truck36722,324.0
Truck36732,291.0
Truck36733,291.0
Truck36731,308.0
Truck36710,422.0
Truck36728,332.0
Truck36724,353.0
Truck36726,346.0
Truck36734,309.0
Truck36729,344.0
Truck36740,291.0
Truck36735,319.0
Truck36730,345.0
Truck36738,306.0
Truck36742,291.0
Truck36743,291.0
Truck36739,320.0
Truck36747,291.0
Truck36749,291.0
Truck36727,404.0
Truck36750,291.0
Truck36725,421.0
Truck36745,323.0
Truck36737,371.0
Truck36753,291.0
Truck36746,331.0
Truck36752,308.0
Truck36736,389.0
Truck36756,291.0
Truck36754,305.0
Truck36757,291.0
Truck36748,347.0
Truck36751,336.0
Truck36758,302.0
Truck36741,388.0
Truck36761,291.0
Truck36763,291.0
Truck36744,397.0
Truck36755,346.0
Truck36767,291.0
Truck36768,291.0
Truck36765,318.0
Truck36771,291.0
Truck36759,352.0
Truck36772,304.0
Truck36760,369.0
Truck36776,291.0
Truck36769,328.0
Truck36777,291.0
Truck36770,339.0
Truck36766,363.0
Truck36773,337.0
Truck36781,301.0
Truck36783,291.0
Truck36762,404.0
Truck36774,344.0
Truck36785,291.0
Truck36780,323.0
Truck36784,304.0
Truck36787,291.0
Truck36764,418.0
Truck36775,364.0
Truck36782,332.0
Truck36778,364.0
Truck36794,291.0
Truck36779,369.0
Truck36788,324.0
Truck36789,320.0
Truck36793,301.0
Truck36795,291.0
Truck36786,337.0
Truck36796,291.0
Truck36797,291.0
Truck36790,328.0
Truck36802,291.0
Truck36791,350.0
Truck36804,291.0
Truck36800,318.0
Truck36806,291.0
Truck36807,291.0
Truck36801,322.0
Truck36799,334.0
Truck36809,291.0
Truck36798,351.0
Truck36803,328.0
Truck36811,291.0
Truck36813,291.0
Truck36792,397.0
Truck36805,342.0
Truck36810,323.0
Truck36808,340.0
Truck36812,324.0
Truck36820,291.0
Truck36814,330.0
Truck36819,316.0
Truck36823,300.0
Truck36815,346.0
Truck36826,291.0
Truck36817,341.0
Truck36822,318.0
Truck36821,324.0
Truck36830,291.0
Truck36831,291.0
Truck36828,310.0
Truck36818,363.0
Truck36816,380.0
Truck36834,291.0
Truck36827,327.0
Truck36824,345.0
Truck36825,345.0
Truck36836,291.0
Truck36838,291.0
Truck36833,327.0
Truck36835,321.0
Truck36841,291.0
Truck36840,305.0
Truck36839,314.0
Truck36829,367.0
Truck36848,291.0
Truck36832,372.0
Truck36846,302.0
Truck36849,291.0
Truck36837,353.0
Truck36844,320.0
Truck36850,291.0
Truck36851,291.0
Truck36852,291.0
Truck36842,349.0
Truck36847,327.0
Truck36855,291.0
Truck36856,291.0
Truck36843,359.0
Truck36854,307.0
Truck36857,304.0
Truck36860,291.0
Truck36853,329.0
Truck36862,291.0
Truck36861,301.0
Truck36865,291.0
Truck36845,398.0
Truck36864,303.0
Truck36863,321.0
Truck36869,291.0
Truck36866,307.0
Truck36868,300.0
Truck36859,357.0
Truck36873,291.0
Truck36870,307.0
Truck36877,291.0
Truck36858,395.0
Truck36879,291.0
Truck36867,354.0
Truck36876,310.0
Truck36880,291.0
Truck36872,336.0
Truck36882,291.0
Truck36881,308.0
Truck36885,291.0
Truck36888,291.0
Truck36878,352.0
Truck36884,325.0
Truck36893,291.0
Truck36875,384.0
Truck36890,310.0
Truck36892,305.0
Truck36883,357.0
Truck36886,348.0
Truck36887,345.0
Truck36871,427.0
Truck36895,309.0
Truck36900,291.0
Truck36897,307.0
Truck36898,303.0
Truck36901,291.0
Truck36889,353.0
Truck36904,291.0
Truck36874,443.0
Truck36894,352.0
Truck36891,368.0
Truck36907,291.0
Truck36896,353.0
Truck36909,291.0
Truck36905,322.0
Truck36899,366.0
Truck36915,291.0
Truck36916,291.0
Truck36914,302.0
Truck36906,345.0
Truck36919,291.0
Truck36917,302.0
Truck36920,291.0
Truck36918,306.0
Truck36921,291.0
Truck36913,346.0
Truck36912,356.0
Truck36923,305.0
Truck36926,291.0
Truck36911,367.0
Truck36908,385.0
Truck36902,420.0
Truck36903,415.0
Truck36928,291.0
Truck36922,325.0
Truck36910,395.0
Truck36931,291.0
Truck36933,291.0
Truck36930,313.0
Truck36924,344.0
Truck36925,340.0
Truck36929,326.0
Truck36938,291.0
Truck36934,318.0
Truck36940,291.0
Truck36927,361.0
Truck36943,291.0
Truck36939,319.0
Truck36945,291.0
Truck36937,344.0
Truck36946,306.0
Truck36949,291.0
Truck36936,358.0
Truck36950,291.0
Truck36951,291.0
Truck36932,388.0
Truck36952,291.0
Truck36935,380.0
Truck36944,338.0
Truck36955,291.0
Truck36947,332.0
Truck36954,307.0
Truck36941,382.0
Truck36960,291.0
Truck36958,303.0
Truck36961,291.0
Truck36956,319.0
Truck36953,335.0
Truck36942,395.0
Truck36962,300.0
Truck36964,291.0
Truck36948,374.0
Truck36957,334.0
Truck36959,325.0
Truck36966,291.0
Truck36967,291.0
Truck36969,291.0
Truck36968,307.0
Truck36972,291.0
Truck36970,302.0
Truck36973,291.0
Truck36963,344.0
Truck36974,291.0
Truck36975,291.0
Truck36965,344.0
Truck36977,291.0
Truck36978,291.0
Truck36980,291.0
Truck36971,337.0
Truck36976,322.0
Truck36981,300.0
Truck36982,308.0
Truck36986,291.0
Truck36979,330.0
Truck36985,307.0
Truck36983,320.0
Truck36987,303.0
Truck36990,291.0
Truck36991,291.0
Truck36992,291.0
Truck36993,291.0
Truck36994,305.0
Truck36989,341.0
Truck36995,311.0
Truck36999,291.0
Truck37000,291.0
Truck36998,303.0
Truck37002,291.0
Truck36997,321.0
Truck37001,302.0
Truck36988,368.0
Truck36984,394.0
Truck36996,349.0
Truck37010,291.0
Truck37011,291.0
Truck37004,334.0
Truck37003,341.0
Truck37014,291.0
Truck37007,327.0
Truck37012,302.0
Truck37009,321.0
Truck37006,339.0
Truck37013,304.0
Truck37016,291.0
Truck37018,291.0
Truck37008,346.0
Truck37005,366.0
Truck37023,305.0
Truck37017,341.0
Truck37015,353.0
Truck37026,301.0
Truck37022,328.0
Truck37019,344.0
Truck37030,291.0
Truck37024,323.0
Truck37028,307.0
Truck37020,350.0
Truck37034,291.0
Truck37032,302.0
Truck37037,291.0
Truck37031,324.0
Truck37027,347.0
Truck37040,291.0
Truck37033,336.0
Truck37043,291.0
Truck37021,407.0
Truck37035,338.0
Truck37025,390.0
Truck37042,305.0
Truck37036,336.0
Truck37044,302.0
Truck37048,291.0
Truck37045,308.0
Truck37038,355.0
Truck37052,291.0
Truck37047,317.0
Truck37053,291.0
Truck37051,305.0
Truck37029,416.0
Truck37055,291.0
Truck37039,373.0
Truck37041,363.0
Truck37046,341.0
Truck37050,324.0
Truck37049,331.0
Truck37058,291.0
Truck37060,291.0
Truck37054,326.0
Truck37062,300.0
Truck37056,339.0
Truck37066,291.0
Truck37068,291.0
Truck37057,347.0
Truck37061,329.0
Truck37069,291.0
Truck37070,291.0
Truck37059,347.0
Truck37063,330.0
Truck37074,291.0
Truck37071,307.0
Truck37076,291.0
Truck37065,349.0
Truck37067,343.0
Truck37077,301.0
Truck37064,369.0
Truck37075,314.0
Truck37078,303.0
Truck37085,291.0
Truck37081,319.0
Truck37083,309.0
Truck37087,291.0
Truck37072,374.0
Truck37089,291.0
Truck37080,345.0
Truck37082,336.0
Truck37079,358.0
Truck37086,326.0
Truck37090,307.0
Truck37088,321.0
Truck37084,351.0
Truck37096,291.0
Truck37073,409.0
Truck37093,310.0
Truck37095,307.0
Truck37094,313.0
Truck37092,328.0
Truck37100,291.0
Truck37101,291.0
Truck37097,329.0
Truck37103,302.0
Truck37106,291.0
Truck37091,368.0
Truck37107,291.0
Truck37098,337.0
Truck37108,291.0
Truck37110,291.0
Truck37111,291.0
Truck37112,291.0
Truck37113,291.0
Truck37102,349.0
Truck37104,341.0
Truck37114,291.0
Truck37115,291.0
Truck37116,291.0
Truck37099,379.0
Truck37105,349.0
Truck37109,330.0
Truck37118,291.0
Truck37119,291.0
Truck37117,309.0
Truck37121,291.0
Truck37122,291.0
Truck37123,291.0
Truck37125,291.0
Truck37124,303.0
Truck37128,291.0
Truck37126,303.0
Truck37127,307.0
Truck37131,291.0
Truck37120,357.0
Truck37135,291.0
Truck37132,307.0
Truck37137,291.0
Truck37130,327.0
Truck37139,291.0
Truck37140,291.0
Truck37129,349.0
Truck37141,291.0
Truck37142,291.0
Truck37143,291.0
Truck37133,344.0
Truck37138,322.0
Truck37145,291.0
Truck37146,291.0
Truck37134,354.0
Truck37147,291.0
Truck37144,333.0
Truck37149,318.0
Truck37155,291.0
Truck37154,300.0
Truck37136,395.0
Truck37157,291.0
Truck37160,291.0
Truck37152,333.0
Truck37151,339.0
Truck37161,291.0
Truck37148,360.0
Truck37150,352.0
Truck37156,326.0
Truck37163,291.0
Truck37153,344.0
Truck37164,291.0
Truck37162,304.0
Truck37159,321.0
Truck37166,291.0
Truck37158,351.0
Truck37171,291.0
Truck37173,291.0
Truck37170,311.0
Truck37172,308.0
Truck37165,348.0
Truck37167,342.0
Truck37175,305.0
Truck37169,337.0
Truck37168,356.0
Truck37176,317.0
Truck37182,291.0
Truck37180,302.0
Truck37185,291.0
Truck37186,291.0
Truck37183,307.0
Truck37187,291.0
Truck37190,291.0
Truck37181,337.0
Truck37184,325.0
Truck37178,356.0
Truck37189,303.0
Truck37177,364.0
Truck37193,291.0
Truck37174,391.0
Truck37194,291.0
Truck37188,322.0
Truck37195,291.0
Truck37192,307.0
Truck37198,291.0
Truck37197,307.0
Truck37202,291.0
Truck37191,349.0
Truck37196,336.0
Truck37200,321.0
Truck37203,306.0
Truck37199,330.0
Truck37207,302.0
Truck37206,311.0
Truck37210,291.0
Truck37211,291.0
Truck37205,322.0
Truck37212,291.0
Truck37213,291.0
Truck37215,291.0
Truck37216,291.0
Truck37204,356.0
Truck37201,376.0
Truck37220,291.0
Truck37214,325.0
Truck37221,291.0
Truck37179,504.0
Truck37222,291.0
Truck37217,328.0
Truck37218,323.0
Truck37227,291.0
Truck37229,291.0
Truck37208,401.0
Truck37219,346.0
Truck37225,317.0
Truck37226,319.0
Truck37223,338.0
Truck37233,291.0
Truck37209,412.0
Truck37228,319.0
Truck37231,304.0
Truck37234,291.0
Truck37237,291.0
Truck37224,370.0
Truck37240,291.0
Truck37230,346.0
Truck37236,316.0
Truck37241,291.0
Truck37232,349.0
Truck37242,300.0
Truck37244,291.0
Truck37245,291.0
Truck37243,305.0
Truck37238,335.0
Truck37246,304.0
Truck37247,305.0
Truck37250,291.0
Truck37235,367.0
Truck37248,306.0
Truck37249,301.0
Truck37239,355.0
Truck37252,291.0
Truck37256,291.0
Truck37257,291.0
Truck37251,324.0
Truck37255,322.0
Truck37254,338.0
Truck37264,291.0
Truck37261,308.0
Truck37265,291.0
Truck37259,322.0
Truck37266,291.0
Truck37253,360.0
Truck37263,310.0
Truck37262,321.0
Truck37260,334.0
Truck37258,346.0
Truck37267,301.0
Truck37271,291.0
Truck37269,305.0
Truck37275,291.0
Truck37277,291.0
Truck37268,346.0
Truck37274,317.0
Truck37278,312.0
Truck37283,291.0
Truck37280,308.0
Truck37284,300.0
Truck37272,362.0
Truck37270,373.0
Truck37287,291.0
Truck37286,305.0
Truck37289,291.0
Truck37273,381.0
Truck37291,291.0
Truck37279,352.0
Truck37282,338.0
Truck37292,291.0
Truck37293,291.0
Truck37294,291.0
Truck37281,361.0
Truck37295,291.0
Truck37285,343.0
Truck37296,291.0
Truck37298,291.0
Truck37301,291.0
Truck37302,291.0
Truck37276,432.0
Truck37288,372.0
Truck37303,318.0
Truck37306,303.0
Truck37310,291.0
Truck37300,352.0
Truck37307,320.0
Truck37314,291.0
Truck37312,307.0
Truck37297,383.0
Truck37316,291.0
Truck37305,354.0
Truck37311,324.0
Truck37290,433.0
Truck37308,346.0
Truck37321,291.0
Truck37318,308.0
Truck37299,405.0
Truck37322,301.0
Truck37324,291.0
Truck37315,345.0
Truck37320,330.0
Truck37309,388.0
Truck37313,376.0
Truck37328,302.0
Truck37317,358.0
Truck37319,353.0
Truck37323,334.0
Truck37332,291.0
Truck37327,321.0
Truck37334,291.0
Truck37331,308.0
Truck37325,339.0
Truck37304,450.0
Truck37336,291.0
Truck37326,344.0
Truck37337,291.0
Truck37339,291.0
Truck37338,302.0
Truck37341,291.0
Truck37335,322.0
Truck37342,291.0
Truck37330,357.0
Truck37344,308.0
Truck37333,364.0
Truck37348,291.0
Truck37329,389.0
Truck37349,291.0
Truck37347,307.0
Truck37340,343.0
Truck37352,291.0
Truck37343,339.0
Truck37353,291.0
Truck37356,291.0
Truck37346,343.0
Truck37350,323.0
Truck37355,305.0
Truck37358,291.0
Truck37351,329.0
Truck37354,317.0
Truck37360,291.0
Truck37359,306.0
Truck37345,383.0
Truck37366,291.0
Truck37362,328.0
Truck37370,291.0
Truck37361,346.0
Truck37372,291.0
Truck37363,344.0
Truck37371,307.0
Truck37376,291.0
Truck37377,291.0
Truck37367,344.0
Truck37378,291.0
Truck37364,363.0
Truck37374,313.0
Truck37375,308.0
Truck37368,344.0
Truck37379,291.0
Truck37357,403.0
Truck37441,291.0
Truck37444,291.0
Truck37445,291.0
Truck37446,291.0
Truck37447,291.0
Truck37443,313.0
Truck37448,291.0
Truck37440,334.0
Truck37449,291.0
Truck37452,291.0
Truck37451,300.0
Truck37453,291.0
Truck37455,291.0
Truck37454,300.0
Truck37457,291.0
Truck37458,291.0
Truck37442,374.0
Truck37460,309.0
Truck37464,291.0
Truck37459,318.0
Truck37456,336.0
Truck37463,304.0
Truck37466,291.0
Truck37467,291.0
Truck37461,335.0
Truck37462,348.0
Truck37450,410.0
Truck37468,324.0
Truck37465,340.0
Truck37475,291.0
Truck37470,328.0
Truck37478,291.0
Truck37472,329.0
Truck37469,346.0
Truck37481,291.0
Truck37473,345.0
Truck37484,291.0
Truck37477,327.0
Truck37485,291.0
Truck37474,347.0
Truck37479,325.0
Truck37486,291.0
Truck37471,369.0
Truck37476,344.0
Truck37480,325.0
Truck37487,291.0
Truck37491,291.0
Truck37482,337.0
Truck37483,349.0
Truck37489,319.0
Truck37495,291.0
Truck37488,335.0
Truck37497,291.0
Truck37496,300.0
Truck37499,291.0
Truck37490,337.0
Truck37494,325.0
Truck37492,336.0
Truck37501,291.0
Truck37500,302.0
Truck37503,291.0
Truck37506,291.0
Truck37493,358.0
Truck37505,300.0
Truck37504,311.0
Truck37507,300.0
Truck37498,349.0
Truck37513,291.0
Truck37512,306.0
Truck37515,291.0
Truck37502,371.0
Truck37508,345.0
Truck37516,308.0
Truck37509,345.0
Truck37511,339.0
Truck37520,300.0
Truck37522,291.0
Truck37523,291.0
Truck37518,321.0
Truck37524,291.0
Truck37517,330.0
Truck37525,291.0
Truck37519,341.0
Truck37510,387.0
Truck37531,301.0
Truck37530,307.0
Truck37526,331.0
Truck37514,392.0
Truck37521,362.0
Truck37527,336.0
Truck37536,291.0
Truck37529,330.0
Truck37534,308.0
Truck37528,350.0
Truck37540,291.0
Truck37541,291.0
Truck37533,342.0
Truck37532,353.0
Truck37535,338.0
Truck37545,291.0
Truck37543,308.0
Truck37548,291.0
Truck37537,347.0
Truck37539,339.0
Truck37549,291.0
Truck37542,329.0
Truck37551,291.0
Truck37553,291.0
Truck37554,291.0
Truck37555,291.0
Truck37538,380.0
Truck37544,355.0
Truck37557,291.0
Truck37558,291.0
Truck37556,305.0
Truck37546,360.0
Truck37552,330.0
Truck37550,349.0
Truck37559,312.0
Truck37564,291.0
Truck37547,377.0
Truck37561,314.0
Truck37563,308.0
Truck37568,291.0
Truck37569,291.0
Truck37566,307.0
Truck37560,348.0
Truck37567,320.0
Truck37574,291.0
Truck37565,355.0
Truck37576,304.0
Truck37579,291.0
Truck37575,315.0
Truck37580,291.0
Truck37570,343.0
Truck37572,336.0
Truck37562,394.0
Truck37584,291.0
Truck37571,361.0
Truck37577,336.0
Truck37586,291.0
Truck37583,307.0
Truck37578,333.0
Truck37585,301.0
Truck37593,291.0
Truck37573,392.0
Truck37589,313.0
Truck37581,355.0
Truck37594,291.0
Truck37587,332.0
Truck37582,367.0
Truck37592,320.0
Truck37595,307.0
Truck37597,300.0
Truck37599,291.0
Truck37588,349.0
Truck37590,343.0
Truck37596,318.0
Truck37606,291.0
Truck37591,367.0
Truck37600,324.0
Truck37601,320.0
Truck37607,291.0
Truck37598,337.0
Truck37608,291.0
Truck37602,338.0
Truck37609,317.0
Truck37604,344.0
Truck37615,291.0
Truck37610,317.0
Truck37603,356.0
Truck37605,347.0
Truck37614,303.0
Truck37617,291.0
Truck37613,317.0
Truck37619,291.0
Truck37616,308.0
Truck37611,345.0
Truck37623,291.0
Truck37618,326.0
Truck37628,291.0
Truck37624,316.0
Truck37620,337.0
Truck37626,308.0
Truck37612,381.0
Truck37630,291.0
Truck37621,349.0
Truck37622,344.0
Truck37627,328.0
Truck37635,291.0
Truck37634,301.0
Truck37636,291.0
Truck37637,291.0
Truck37638,303.0
Truck37625,369.0
Truck37629,352.0
Truck37642,291.0
Truck37643,291.0
Truck37632,348.0
Truck37641,307.0
Truck37645,291.0
Truck37631,362.0
Truck37644,300.0
Truck37646,291.0
Truck37640,324.0
Truck37647,291.0
Truck37639,343.0
Truck37650,291.0
Truck37651,291.0
Truck37649,309.0
Truck37648,335.0
Truck37633,422.0
Truck37653,322.0
Truck37656,308.0
Truck37654,320.0
Truck37660,291.0
Truck37659,308.0
Truck37663,291.0
Truck37666,291.0
Truck37664,306.0
Truck37665,301.0
Truck37667,291.0
Truck37669,291.0
Truck37661,335.0
Truck37652,382.0
Truck37662,337.0
Truck37672,291.0
Truck37668,314.0
Truck37675,291.0
Truck37673,305.0
Truck37671,318.0
Truck37657,400.0
Truck37676,306.0
Truck37679,291.0
Truck37674,320.0
Truck37680,291.0
Truck37658,402.0
Truck37682,291.0
Truck37655,432.0
Truck37678,330.0
Truck37670,376.0
Truck37687,291.0
Truck37688,291.0
Truck37677,349.0
Truck37683,330.0
Truck37685,320.0
Truck37689,301.0
Truck37691,291.0
Truck37684,327.0
Truck37690,305.0
Truck37692,308.0
Truck37696,291.0
Truck37700,291.0
Truck37693,331.0
Truck37701,291.0
Truck37686,367.0
Truck37695,336.0
Truck37704,291.0
Truck37703,305.0
Truck37706,291.0
Truck37681,420.0
Truck37707,291.0
Truck37708,291.0
Truck37697,350.0
Truck37699,341.0
Truck37710,291.0
Truck37712,291.0
Truck37702,344.0
Truck37713,291.0
Truck37698,375.0
Truck37694,396.0
Truck37715,291.0
Truck37716,291.0
Truck37714,302.0
Truck37709,330.0
Truck37719,291.0
Truck37720,291.0
Truck37711,339.0
Truck37722,291.0
Truck37721,303.0
Truck37724,291.0
Truck37717,329.0
Truck37725,291.0
Truck37726,291.0
Truck37705,413.0
Truck37731,304.0
Truck37729,316.0
Truck37718,383.0
Truck37733,310.0
Truck37727,341.0
Truck37738,291.0
Truck37723,369.0
Truck37735,320.0
Truck37730,347.0
Truck37728,363.0
Truck37732,345.0
Truck37744,291.0
Truck37737,327.0
Truck37739,318.0
Truck37746,291.0
Truck37740,324.0
Truck37743,309.0
Truck37747,291.0
Truck37741,322.0
Truck37748,291.0
Truck37751,291.0
Truck37736,367.0
Truck37742,341.0
Truck37752,291.0
Truck37754,291.0
Truck37745,340.0
Truck37756,291.0
Truck37750,330.0
Truck37755,305.0
Truck37753,321.0
Truck37760,291.0
Truck37749,351.0
Truck37761,291.0
Truck37762,291.0
Truck37763,291.0
Truck37757,336.0
Truck37767,291.0
Truck37734,457.0
Truck37768,291.0
Truck37759,341.0
Truck37769,291.0
Truck37770,291.0
Truck37764,325.0
Truck37771,291.0
Truck37772,291.0
Truck37774,291.0
Truck37758,379.0
Truck37766,342.0
Truck37780,291.0
Truck37781,291.0
Truck37778,309.0
Truck37779,309.0
Truck37775,336.0
Truck37765,399.0
Truck37777,342.0
Truck37773,368.0
Truck37786,303.0
Truck37782,324.0
Truck37787,308.0
Truck37783,331.0
Truck37792,291.0
Truck37776,373.0
Truck37784,333.0
Truck37793,291.0
Truck37794,291.0
Truck37785,338.0
Truck37796,291.0
Truck37797,291.0
Truck37790,328.0
Truck37791,325.0
Truck37789,348.0
Truck37788,361.0
Truck37802,291.0
Truck37800,309.0
Truck37798,328.0
Truck37803,304.0
Truck37806,291.0
Truck37810,291.0
Truck37799,352.0
Truck37804,332.0
Truck37813,291.0
Truck37795,393.0
Truck37801,365.0
Truck37812,313.0
Truck37814,304.0
Truck37817,291.0
Truck37807,345.0
Truck37818,291.0
Truck37808,361.0
Truck37819,306.0
Truck37805,394.0
Truck37816,339.0
Truck37811,367.0
Truck37820,330.0
Truck37825,305.0
Truck37809,390.0
Truck37827,300.0
Truck37829,291.0
Truck37822,335.0
Truck37832,291.0
Truck37828,313.0
Truck37831,305.0
Truck37815,391.0
Truck37835,291.0
Truck37821,365.0
Truck37837,291.0
Truck37823,362.0
Truck37834,308.0
Truck37839,291.0
Truck37833,330.0
Truck37842,291.0
Truck37844,291.0
Truck37845,291.0
Truck37840,319.0
Truck37824,403.0
Truck37830,374.0
Truck37826,395.0
Truck37838,335.0
Truck37846,301.0
Truck37847,307.0
Truck37841,340.0
Truck37849,308.0
Truck37851,304.0
Truck37848,333.0
Truck37854,308.0
Truck37850,331.0
Truck37858,291.0
Truck37859,291.0
Truck37836,410.0
Truck37857,313.0
Truck37855,344.0
Truck37863,307.0
Truck37860,331.0
Truck37856,355.0
Truck37869,291.0
Truck37853,378.0
Truck37843,442.0
Truck37865,341.0
Truck37876,291.0
Truck37866,342.0
Truck37874,303.0
Truck37877,291.0
Truck37875,304.0
Truck37864,360.0
Truck37868,340.0
Truck37873,316.0
Truck37872,322.0
Truck37867,350.0
Truck37861,391.0
Truck37871,344.0
Truck37881,303.0
Truck37885,291.0
Truck37862,409.0
Truck37883,308.0
Truck37887,291.0
Truck37878,342.0
Truck37886,305.0
Truck37852,477.0
Truck37890,291.0
Truck37880,344.0
Truck37882,336.0
Truck37891,291.0
Truck37884,329.0
Truck37889,307.0
Truck37888,333.0
Truck37870,434.0
Truck37879,391.0
Truck37899,303.0
Truck37903,291.0
Truck37898,320.0
Truck37893,346.0
Truck37904,291.0
Truck37894,347.0
Truck37895,343.0
Truck37908,291.0
Truck37909,291.0
Truck37907,307.0
Truck37892,384.0
Truck37911,291.0
Truck37901,348.0
Truck37910,303.0
Truck37913,291.0
Truck37902,355.0
Truck37906,342.0
Truck37896,395.0
Truck37914,305.0
Truck37917,291.0
Truck37915,309.0
Truck37916,309.0
Truck37920,291.0
Truck37918,307.0
Truck37922,291.0
Truck37925,291.0
Truck37912,363.0
Truck37900,425.0
Truck37928,291.0
Truck37897,450.0
Truck37919,340.0
Truck37905,414.0
Truck37927,306.0
Truck37930,291.0
Truck37921,337.0
Truck37926,315.0
Truck37923,336.0
Truck37932,291.0
Truck37929,307.0
Truck37936,291.0
Truck37933,307.0
Truck37937,291.0
Truck37931,340.0
Truck37942,291.0
Truck37941,300.0
Truck37924,389.0
Truck37934,359.0
Truck37948,291.0
Truck37939,343.0
Truck37943,327.0
Truck37940,344.0
Truck37951,291.0
Truck37953,291.0
Truck37935,383.0
Truck37954,291.0
Truck37947,328.0
Truck37944,346.0
Truck37952,309.0
Truck37956,291.0
Truck37938,389.0
Truck37959,291.0
Truck37946,369.0
Truck37945,378.0
Truck37949,359.0
Truck37963,291.0
Truck37958,330.0
Truck37964,301.0
Truck37966,291.0
Truck37971,291.0
Truck37973,291.0
Truck37957,373.0
Truck37960,359.0
Truck37950,413.0
Truck37955,389.0
Truck37970,320.0
Truck37976,291.0
Truck37962,364.0
Truck37968,335.0
Truck37974,306.0
Truck37961,372.0
Truck37977,307.0
Truck37981,291.0
Truck37967,371.0
Truck37983,291.0
Truck37972,356.0
Truck37965,401.0
Truck37979,332.0
Truck37988,291.0
Truck37980,336.0
Truck37986,311.0
Truck37985,317.0
Truck37975,374.0
Truck37969,409.0
Truck37990,306.0
Truck37994,291.0
Truck37995,291.0
Truck37978,385.0
Truck37987,344.0
Truck37982,371.0
Truck37998,291.0
Truck37992,324.0
Truck38000,291.0
Truck37984,377.0
Truck37993,334.0
Truck37997,315.0
Truck38002,291.0
Truck38003,291.0
Truck38004,291.0
Truck37989,369.0
Truck38007,291.0
Truck38001,322.0
Truck37996,348.0
Truck37999,335.0
Truck38008,291.0
Truck38005,308.0
Truck38009,291.0
Truck38010,300.0
Truck38013,291.0
Truck38015,291.0
Truck37991,420.0
Truck38011,321.0
Truck38012,331.0
Truck38017,318.0
Truck38018,313.0
Truck38024,291.0
Truck38023,302.0
Truck38019,323.0
Truck38026,291.0
Truck38016,342.0
Truck38021,320.0
Truck38027,291.0
Truck38029,291.0
Truck38006,407.0
Truck38022,333.0
Truck38032,291.0
Truck38014,385.0
Truck38034,291.0
Truck38033,308.0
Truck38037,291.0
Truck38038,291.0
Truck38041,291.0
Truck38020,409.0
Truck38025,398.0
Truck38030,373.0
Truck38040,325.0
Truck38045,302.0
Truck38042,326.0
Truck38046,306.0
Truck38035,363.0
Truck38036,360.0
Truck38043,332.0
Truck38048,309.0
Truck38039,355.0
Truck38047,323.0
Truck38031,404.0
Truck38052,305.0
Truck38049,321.0
Truck38051,313.0
Truck38056,291.0
Truck38028,436.0
Truck38050,331.0
Truck38053,320.0
Truck38060,291.0
Truck38057,309.0
Truck38055,323.0
Truck38044,379.0
Truck38058,309.0
Truck38062,291.0
Truck38063,304.0
Truck38064,302.0
Truck38067,291.0
Truck38061,343.0
Truck38070,305.0
Truck38054,389.0
Truck38065,336.0
Truck38066,331.0
Truck38074,291.0
Truck38059,370.0
Truck38072,316.0
Truck38077,291.0
Truck38068,341.0
Truck38076,309.0
Truck38069,347.0
Truck38075,349.0
Truck38087,291.0
Truck38083,312.0
Truck38078,349.0
Truck38080,343.0
Truck38073,384.0
Truck38088,310.0
Truck38081,346.0
Truck38092,291.0
Truck38082,343.0
Truck38090,304.0
Truck38094,291.0
Truck38089,318.0
Truck38071,411.0
Truck38095,291.0
Truck38085,348.0
Truck38084,360.0
Truck38098,291.0
Truck38079,387.0
Truck38097,300.0
Truck38099,291.0
Truck38093,325.0
Truck38100,291.0
Truck38086,366.0
Truck38091,343.0
Truck38107,306.0
Truck38110,291.0
Truck38102,333.0
Truck38109,301.0
Truck38111,291.0
Truck38101,343.0
Truck38104,328.0
Truck38112,291.0
Truck38103,337.0
Truck38108,317.0
Truck38114,291.0
Truck38117,291.0
Truck38113,316.0
Truck38105,380.0
Truck38123,291.0
Truck38106,388.0
Truck38115,346.0
Truck38128,291.0
Truck38129,291.0
Truck38118,348.0
Truck38122,330.0
Truck38126,314.0
Truck38127,317.0
Truck38116,375.0
Truck38133,291.0
Truck38096,481.0
Truck38134,291.0
Truck38121,367.0
Truck38125,347.0
Truck38137,291.0
Truck38120,379.0
Truck38124,360.0
Truck38119,386.0
Truck38130,338.0
Truck38131,333.0
Truck38140,291.0
Truck38138,306.0
Truck38132,339.0
Truck38143,291.0
Truck38144,291.0
Truck38141,309.0
Truck38135,341.0
Truck38145,291.0
Truck38147,291.0
Truck38136,362.0
Truck38148,309.0
Truck38142,341.0
Truck38139,357.0
Truck38146,327.0
Truck38151,306.0
Truck38155,291.0
Truck38152,308.0
Truck38149,325.0
Truck38154,301.0
Truck38150,323.0
Truck38153,308.0
Truck38157,291.0
Truck38156,313.0
Truck38162,291.0
Truck38164,291.0
Truck38165,291.0
Truck38167,291.0
Truck38160,335.0
Truck38159,343.0
Truck38163,324.0
Truck38170,291.0
Truck38158,353.0
Truck38171,291.0
Truck38161,350.0
Truck38168,319.0
Truck38166,333.0
Truck38173,302.0
Truck38177,291.0
Truck38178,291.0
Truck38175,308.0
Truck38182,291.0
Truck38172,345.0
Truck38176,326.0
Truck38184,302.0
Truck38183,317.0
Truck38180,338.0
Truck38186,308.0
Truck38179,349.0
Truck38174,375.0
Truck38169,404.0
Truck38193,291.0
Truck38181,356.0
Truck38194,291.0
Truck38187,336.0
Truck38196,291.0
Truck38185,350.0
Truck38199,291.0
Truck38200,291.0
Truck38198,306.0
Truck38190,349.0
Truck38197,317.0
Truck38204,291.0
Truck38188,377.0
Truck38201,319.0
Truck38189,384.0
Truck38202,324.0
Truck38191,391.0
Truck38192,392.0
Truck38203,338.0
Truck38213,291.0
Truck38195,386.0
Truck38210,312.0
Truck38209,322.0
Truck38212,308.0
Truck38216,291.0
Truck38208,338.0
Truck38206,349.0
Truck38215,305.0
Truck38211,326.0
Truck38205,359.0
Truck38214,319.0
Truck38218,305.0
Truck38217,319.0
Truck38223,291.0
Truck38224,291.0
Truck38225,291.0
Truck38227,291.0
Truck38220,335.0
Truck38229,291.0
Truck38226,307.0
Truck38207,409.0
Truck38231,291.0
Truck38233,291.0
Truck38234,291.0
Truck38222,353.0
Truck38228,325.0
Truck38235,291.0
Truck38219,372.0
Truck38237,291.0
Truck38238,291.0
Truck38221,382.0
Truck38243,291.0
Truck38236,336.0
Truck38240,323.0
Truck38244,304.0
Truck38230,377.0
Truck38239,333.0
Truck38232,372.0
Truck38249,291.0
Truck38241,333.0
Truck38251,291.0
Truck38248,311.0
Truck38254,291.0
Truck38255,291.0
Truck38253,306.0
Truck38247,341.0
Truck38250,329.0
Truck38256,302.0
Truck38246,359.0
Truck38260,291.0
Truck38257,307.0
Truck38258,302.0
Truck38245,375.0
Truck38242,391.0
Truck38262,291.0
Truck38252,356.0
Truck38261,315.0
Truck38265,314.0
Truck38259,349.0
Truck38272,291.0
Truck38273,291.0
Truck38269,321.0
Truck38263,354.0
Truck38277,291.0
Truck38275,304.0
Truck38266,350.0
Truck38274,316.0
Truck38276,321.0
Truck38283,291.0
Truck38284,291.0
Truck38270,363.0
Truck38285,291.0
Truck38286,291.0
Truck38278,332.0
Truck38287,291.0
Truck38267,393.0
Truck38264,410.0
Truck38288,291.0
Truck38282,329.0
Truck38268,423.0
Truck38289,319.0
Truck38295,291.0
Truck38296,291.0
Truck38281,370.0
Truck38294,305.0
Truck38271,421.0
Truck38290,331.0
Truck38298,291.0
Truck38300,291.0
Truck38279,400.0
Truck38299,307.0
Truck38293,339.0
Truck38302,300.0
Truck38304,291.0
Truck38280,418.0
Truck38305,306.0
Truck38297,350.0
Truck38306,307.0
Truck38291,383.0
Truck38310,291.0
Truck38311,291.0
Truck38312,291.0
Truck38307,320.0
Truck38303,341.0
Truck38316,291.0
Truck38308,338.0
Truck38318,291.0
Truck38292,427.0
Truck38313,335.0
Truck38323,291.0
Truck38324,291.0
Truck38317,327.0
Truck38325,291.0
Truck38322,309.0
Truck38326,291.0
Truck38301,417.0
Truck38309,380.0
Truck38314,355.0
Truck38327,291.0
Truck38315,356.0
Truck38319,336.0
Truck38329,291.0
Truck38320,345.0
Truck38333,291.0
Truck38334,291.0
Truck38336,291.0
Truck38331,320.0
Truck38338,291.0
Truck38339,291.0
Truck38328,350.0
Truck38321,398.0
Truck38340,303.0
Truck38341,305.0
Truck38342,300.0
Truck38335,340.0
Truck38345,291.0
Truck38337,337.0
Truck38330,375.0
Truck38348,291.0
Truck38349,291.0
Truck38332,381.0
Truck38343,326.0
Truck38353,291.0
Truck38354,291.0
Truck38355,291.0
Truck38352,309.0
Truck38351,322.0
Truck38360,291.0
Truck38350,345.0
Truck38344,376.0
Truck38361,291.0
Truck38362,291.0
Truck38356,322.0
Truck38363,291.0
Truck38365,291.0
Truck38347,382.0
Truck38346,391.0
Truck38358,331.0
Truck38359,332.0
Truck38357,346.0
Truck38368,291.0
Truck38369,309.0
Truck38364,347.0
Truck38377,291.0
Truck38370,328.0
Truck38378,291.0
Truck38371,329.0
Truck38374,316.0
Truck38366,360.0
Truck38380,291.0
Truck38381,291.0
Truck38367,368.0
Truck38385,291.0
Truck38379,322.0
Truck38376,339.0
Truck38386,291.0
Truck38384,302.0
Truck38383,312.0
Truck38373,363.0
Truck38375,353.0
Truck38372,376.0
Truck38389,291.0
Truck38390,291.0
Truck38388,303.0
Truck38382,345.0
Truck38395,291.0
Truck38398,291.0
Truck38399,291.0
Truck38391,332.0
Truck38400,291.0
Truck38397,308.0
Truck38392,334.0
Truck38402,291.0
Truck38403,291.0
Truck38404,291.0
Truck38393,347.0
Truck38396,335.0
Truck38387,384.0
Truck38394,349.0
Truck38406,291.0
Truck38409,291.0
Truck38407,302.0
Truck38412,291.0
Truck38413,291.0
Truck38411,305.0
Truck38414,291.0
Truck38415,291.0
Truck38405,346.0
Truck38419,291.0
Truck38417,309.0
Truck38422,291.0
Truck38418,314.0
Truck38410,355.0
Truck38423,291.0
Truck38401,402.0
Truck38426,291.0
Truck38408,382.0
Truck38425,303.0
Truck38429,291.0
Truck38430,301.0
Truck38424,336.0
Truck38420,363.0
Truck38421,364.0
Truck38428,333.0
Truck38436,300.0
Truck38438,291.0
Truck38433,321.0
Truck38434,316.0
Truck38435,313.0
Truck38431,336.0
Truck38427,363.0
Truck38416,425.0
Truck38443,291.0
Truck38446,291.0
Truck38447,291.0
Truck38437,342.0
Truck38449,291.0
Truck38432,377.0
Truck38450,291.0
Truck38444,326.0
Truck38439,359.0
Truck38440,355.0
Truck38453,291.0
Truck38445,336.0
Truck38441,368.0
Truck38454,308.0
Truck38460,291.0
Truck38461,291.0
Truck38458,307.0
Truck38448,361.0
Truck38459,306.0
Truck38463,291.0
Truck38462,301.0
Truck38464,291.0
Truck38466,291.0
Truck38456,343.0
Truck38467,291.0
Truck38442,422.0
Truck38469,291.0
Truck38452,379.0
Truck38468,305.0
Truck38465,322.0
Truck38455,373.0
Truck38470,301.0
Truck38472,291.0
Truck38473,291.0
Truck38457,374.0
Truck38451,411.0
Truck38479,291.0
Truck38475,316.0
Truck38482,291.0
Truck38480,307.0
Truck38481,305.0
Truck38478,326.0
Truck38485,291.0
Truck38484,301.0
Truck38474,358.0
Truck38477,343.0
Truck38476,359.0
Truck38483,328.0
Truck38491,291.0
Truck38487,326.0
Truck38494,291.0
Truck38492,304.0
Truck38493,300.0
Truck38489,323.0
Truck38496,291.0
Truck38471,417.0
Truck38497,291.0
Truck38486,356.0
Truck38488,347.0
Truck38500,291.0
Truck38498,302.0
Truck38490,359.0
Truck38499,315.0
Truck38501,318.0
Truck38503,325.0
Truck38507,307.0
Truck38510,309.0
Truck38504,341.0
Truck38511,308.0
Truck38515,291.0
Truck38495,396.0
Truck38516,291.0
Truck38512,313.0
Truck38513,319.0
Truck38519,291.0
Truck38502,391.0
Truck38523,291.0
Truck38514,341.0
Truck38518,322.0
Truck38505,388.0
Truck38520,318.0
Truck38508,385.0
Truck38522,315.0
Truck38527,291.0
Truck38521,322.0
Truck38517,343.0
Truck38529,291.0
Truck38525,314.0
Truck38530,291.0
Truck38534,291.0
Truck38524,346.0
Truck38532,307.0
Truck38528,335.0
Truck38537,291.0
Truck38506,457.0
Truck38535,316.0
Truck38509,449.0
Truck38536,317.0
Truck38544,291.0
Truck38542,305.0
Truck38531,362.0
Truck38533,359.0
Truck38545,300.0
Truck38547,291.0
Truck38546,310.0
Truck38550,300.0
Truck38552,291.0
Truck38554,291.0
Truck38540,362.0
Truck38549,319.0
Truck38539,373.0
Truck38556,291.0
Truck38543,360.0
Truck38557,291.0
Truck38526,447.0
Truck38555,303.0
Truck38538,395.0
Truck38559,291.0
Truck38551,338.0
Truck38541,389.0
Truck38553,329.0
Truck38548,359.0
Truck38560,306.0
Truck38564,291.0
Truck38567,291.0
Truck38558,337.0
Truck38568,291.0
Truck38563,317.0
Truck38565,310.0
Truck38562,326.0
Truck38566,315.0
Truck38561,346.0
Truck38570,305.0
Truck38573,291.0
Truck38572,313.0
Truck38578,291.0
Truck38579,291.0
Truck38580,291.0
Truck38581,291.0
Truck38574,331.0
Truck38577,323.0
Truck38569,379.0
Truck38576,345.0
Truck38587,291.0
Truck38588,291.0
Truck38586,303.0
Truck38585,309.0
Truck38589,291.0
Truck38582,327.0
Truck38591,291.0
Truck38593,291.0
Truck38575,384.0
Truck38594,291.0
Truck38590,315.0
Truck38592,325.0
Truck38596,305.0
Truck38571,435.0
Truck38600,291.0
Truck38597,307.0
Truck38603,291.0
Truck38583,398.0
Truck38604,301.0
Truck38599,331.0
Truck38598,341.0
Truck38595,360.0
Truck38609,291.0
Truck38584,418.0
Truck38605,314.0
Truck38611,291.0
Truck38612,291.0
Truck38602,346.0
Truck38613,291.0
Truck38616,291.0
Truck38606,352.0
Truck38615,307.0
Truck38607,350.0
Truck38622,291.0
Truck38623,291.0
Truck38618,318.0
Truck38614,347.0
Truck38626,291.0
Truck38617,356.0
Truck38630,291.0
Truck38627,309.0
Truck38621,351.0
Truck38633,291.0
Truck38628,321.0
Truck38631,313.0
Truck38636,291.0
Truck38601,467.0
Truck38625,351.0
Truck38629,332.0
Truck38638,291.0
Truck38624,369.0
Truck38640,291.0
Truck38637,309.0
Truck38619,400.0
Truck38641,291.0
Truck38608,458.0
Truck38639,303.0
Truck38645,291.0
Truck38632,362.0
Truck38620,423.0
Truck38610,480.0
Truck38648,291.0
Truck38634,362.0
Truck38649,291.0
Truck38646,316.0
Truck38652,291.0
Truck38635,377.0
Truck38643,338.0
Truck38651,305.0
Truck38655,291.0
Truck38644,351.0
Truck38647,339.0
Truck38654,307.0
Truck38659,291.0
Truck38656,308.0
Truck38660,291.0
Truck38653,332.0
Truck38642,395.0
Truck38658,315.0
Truck38663,291.0
Truck38664,291.0
Truck38665,291.0
Truck38662,307.0
Truck38667,291.0
Truck38666,305.0
Truck38668,305.0
Truck38673,291.0
Truck38670,310.0
Truck38650,417.0
Truck38677,291.0
Truck38675,309.0
Truck38661,382.0
Truck38657,405.0
Truck38680,291.0
Truck38671,343.0
Truck38678,308.0
Truck38682,291.0
Truck38669,363.0
Truck38676,335.0
Truck38685,291.0
Truck38681,312.0
Truck38686,291.0
Truck38687,291.0
Truck38679,337.0
Truck38689,291.0
Truck38672,386.0
Truck38688,318.0
Truck38684,339.0
Truck38691,309.0
Truck38692,305.0
Truck38695,291.0
Truck38683,362.0
Truck38698,291.0
Truck38699,291.0
Truck38690,341.0
Truck38700,291.0
Truck38694,322.0
Truck38696,332.0
Truck38674,447.0
Truck38706,291.0
Truck38701,317.0
Truck38702,312.0
Truck38693,358.0
Truck38697,341.0
Truck38711,291.0
Truck38709,304.0
Truck38707,319.0
Truck38714,291.0
Truck38708,323.0
Truck38715,291.0
Truck38718,291.0
Truck38704,369.0
Truck38710,347.0
Truck38721,301.0
Truck38726,291.0
Truck38720,322.0
Truck38722,314.0
Truck38716,349.0
Truck38705,405.0
Truck38717,345.0
Truck38712,377.0
Truck38723,333.0
Truck38733,291.0
Truck38730,310.0
Truck38724,342.0
Truck38731,308.0
Truck38719,372.0
Truck38734,301.0
Truck38738,291.0
Truck38727,348.0
Truck38736,307.0
Truck38725,365.0
Truck38728,351.0
Truck38740,291.0
Truck38729,348.0
Truck38742,291.0
Truck38741,309.0
Truck38713,454.0
Truck38732,360.0
Truck38746,291.0
Truck38744,306.0
Truck38739,334.0
Truck38737,346.0
Truck38745,306.0
Truck38703,517.0
Truck38749,291.0
Truck38747,302.0
Truck38753,291.0
Truck38751,305.0
Truck38752,306.0
Truck38755,291.0
Truck38735,395.0
Truck38750,322.0
Truck38748,333.0
Truck38756,305.0
Truck38757,309.0
Truck38758,304.0
Truck38762,291.0
Truck38765,291.0
Truck38754,349.0
Truck38764,301.0
Truck38766,291.0
Truck38759,341.0
Truck38761,336.0
Truck38767,310.0
Truck38743,432.0
Truck38760,350.0
Truck38773,291.0
Truck38763,343.0
Truck38774,291.0
Truck38775,291.0
Truck38772,310.0
Truck38776,291.0
Truck38769,327.0
Truck38777,291.0
Truck38780,291.0
Truck38771,348.0
Truck38770,357.0
Truck38778,317.0
Truck38784,291.0
Truck38779,331.0
Truck38788,291.0
Truck38789,291.0
Truck38790,291.0
Truck38787,308.0
Truck38791,291.0
Truck38782,339.0
Truck38785,324.0
Truck38783,342.0
Truck38794,291.0
Truck38792,306.0
Truck38781,374.0
Truck38793,315.0
Truck38798,291.0
Truck38768,447.0
Truck38797,308.0
Truck38786,370.0
Truck38799,305.0
Truck38802,291.0
Truck38801,302.0
Truck38795,338.0
Truck38796,334.0
Truck38805,291.0
Truck38807,291.0
Truck38808,291.0
Truck38804,315.0
Truck38809,291.0
Truck38803,325.0
Truck38810,291.0
Truck38811,291.0
Truck38800,347.0
Truck38812,291.0
Truck38806,327.0
Truck38815,291.0
Truck38813,307.0
Truck38820,291.0
Truck38818,305.0
Truck38882,301.0
Truck38885,291.0
Truck38881,313.0
Truck38880,320.0
Truck38887,291.0
Truck38889,291.0
Truck38883,328.0
Truck38891,291.0
Truck38888,313.0
Truck38893,291.0
Truck38894,291.0
Truck38884,349.0
Truck38886,342.0
Truck38890,342.0
Truck38897,308.0
Truck38892,335.0
Truck38895,326.0
Truck38899,306.0
Truck38898,313.0
Truck38901,305.0
Truck38905,291.0
Truck38903,304.0
Truck38896,344.0
Truck38908,291.0
Truck38900,338.0
Truck38906,318.0
Truck38912,291.0
Truck38902,344.0
Truck38910,306.0
Truck38913,300.0
Truck38915,291.0
Truck38917,291.0
Truck38914,313.0
Truck38904,373.0
Truck38907,358.0
Truck38916,313.0
Truck38921,291.0
Truck38918,307.0
Truck38923,291.0
Truck38920,319.0
Truck38926,291.0
Truck38927,291.0
Truck38924,308.0
Truck38919,337.0
Truck38929,291.0
Truck38930,291.0
Truck38909,401.0
Truck38931,291.0
Truck38925,326.0
Truck38933,291.0
Truck38934,291.0
Truck38922,354.0
Truck38937,291.0
Truck38935,307.0
Truck38911,430.0
Truck38928,358.0
Truck38942,291.0
Truck38943,291.0
Truck38945,291.0
Truck38946,291.0
Truck38936,344.0
Truck38947,291.0
Truck38938,337.0
Truck38949,291.0
Truck38950,291.0
Truck38944,323.0
Truck38932,385.0
Truck38941,341.0
Truck38951,291.0
Truck38939,356.0
Truck38953,291.0
Truck38940,359.0
Truck38954,291.0
Truck38948,339.0
Truck38952,320.0
Truck38959,291.0
Truck38955,315.0
Truck38958,310.0
Truck38956,331.0
Truck38961,312.0
Truck38960,327.0
Truck38969,291.0
Truck38962,329.0
Truck38968,304.0
Truck38964,326.0
Truck38971,291.0
Truck38966,318.0
Truck38963,338.0
Truck38970,303.0
Truck38957,375.0
Truck38965,341.0
Truck38976,291.0
Truck38967,338.0
Truck38974,306.0
Truck38979,291.0
Truck38978,300.0
Truck38972,333.0
Truck38983,291.0
Truck38985,291.0
Truck38977,332.0
Truck38986,291.0
Truck38981,318.0
Truck38984,308.0
Truck38988,291.0
Truck38975,358.0
Truck38987,305.0
Truck38980,347.0
Truck38982,337.0
Truck38989,310.0
Truck38973,391.0
Truck38995,291.0
Truck38991,316.0
Truck38996,291.0
Truck38992,318.0
Truck38993,313.0
Truck38998,291.0
Truck38990,337.0
Truck38997,309.0
Truck39001,291.0
Truck39002,291.0
Truck39005,291.0
Truck39006,291.0
Truck39000,325.0
Truck39004,308.0
Truck39009,291.0
Truck39007,308.0
Truck39003,343.0
Truck39014,291.0
Truck39013,302.0
Truck39012,310.0
Truck39017,291.0
Truck39010,327.0
Truck38994,413.0
Truck39020,291.0
Truck39021,291.0
Truck39011,344.0
Truck38999,406.0
Truck39016,322.0
Truck39008,363.0
Truck39024,291.0
Truck39015,348.0
Truck39029,291.0
Truck39030,291.0
Truck39026,313.0
Truck39022,334.0
Truck39032,291.0
Truck39034,291.0
Truck39035,291.0
Truck39023,360.0
Truck39025,350.0
Truck39027,346.0
Truck39038,291.0
Truck39028,350.0
Truck39040,291.0
Truck39043,291.0
Truck39037,322.0
Truck39044,291.0
Truck39031,360.0
Truck39045,291.0
Truck39018,431.0
Truck39019,426.0
Truck39033,360.0
Truck39047,291.0
Truck39036,347.0
Truck39041,326.0
Truck39046,305.0
Truck39042,329.0
Truck39048,303.0
Truck39039,356.0
Truck39050,309.0
Truck39051,304.0
Truck39052,302.0
Truck39055,291.0
Truck39049,331.0
Truck39056,305.0
Truck39059,291.0
Truck39054,323.0
Truck39061,291.0
Truck39053,333.0
Truck39063,291.0
Truck39064,291.0
Truck39065,291.0
Truck39058,332.0
Truck39060,325.0
Truck39062,321.0
Truck39057,351.0
Truck39066,306.0
Truck39069,291.0
Truck39071,291.0
Truck39072,291.0
Truck39073,291.0
Truck39068,330.0
Truck39076,291.0
Truck39078,291.0
Truck39077,305.0
Truck39081,291.0
Truck39082,291.0
Truck39083,291.0
Truck39067,381.0
Truck39085,291.0
Truck39086,291.0
Truck39080,324.0
Truck39084,305.0
Truck39075,353.0
Truck39088,291.0
Truck39079,341.0
Truck39087,309.0
Truck39091,291.0
Truck39070,415.0
Truck39090,315.0
Truck39096,291.0
Truck39094,308.0
Truck39089,334.0
Truck39097,301.0
Truck39098,301.0
Truck39074,427.0
Truck39099,310.0
Truck39101,300.0
Truck39093,341.0
Truck39103,291.0
Truck39092,348.0
Truck39104,291.0
Truck39095,340.0
Truck39108,307.0
Truck39106,326.0
Truck39113,291.0
Truck39114,291.0
Truck39109,317.0
Truck39102,353.0
Truck39100,367.0
Truck39105,347.0
Truck39107,340.0
Truck39111,320.0
Truck39117,291.0
Truck39118,306.0
Truck39112,339.0
Truck39122,291.0
Truck39110,356.0
Truck39124,291.0
Truck39125,291.0
Truck39116,341.0
Truck39126,291.0
Truck39129,291.0
Truck39115,362.0
Truck39131,291.0
Truck39123,332.0
Truck39119,356.0
Truck39133,291.0
Truck39134,291.0
Truck39127,329.0
Truck39120,367.0
Truck39128,337.0
Truck39121,375.0
Truck39138,291.0
Truck39139,291.0
Truck39140,291.0
Truck39135,319.0
Truck39130,346.0
Truck39141,291.0
Truck39136,322.0
Truck39144,291.0
Truck39137,331.0
Truck39143,305.0
Truck39132,370.0
Truck39145,314.0
Truck39147,309.0
Truck39151,291.0
Truck39152,291.0
Truck39154,291.0
Truck39142,361.0
Truck39157,291.0
Truck39158,291.0
Truck39148,342.0
Truck39149,341.0
Truck39159,291.0
Truck39146,367.0
Truck39153,338.0
Truck39155,338.0
Truck39167,291.0
Truck39166,303.0
Truck39165,312.0
Truck39170,291.0
Truck39162,339.0
Truck39161,345.0
Truck39174,291.0
Truck39169,320.0
Truck39176,291.0
Truck39168,336.0
Truck39177,291.0
Truck39163,364.0
Truck39164,359.0
Truck39150,433.0
Truck39156,404.0
Truck39171,329.0
Truck39160,386.0
Truck39180,291.0
Truck39172,332.0
Truck39181,291.0
Truck39182,291.0
Truck39183,291.0
Truck39184,291.0
Truck39186,302.0
Truck39191,291.0
Truck39178,357.0
Truck39175,375.0
Truck39185,325.0
Truck39173,389.0
Truck39187,322.0
Truck39179,366.0
Truck39188,323.0
Truck39192,324.0
Truck39190,335.0
Truck39189,341.0
Truck39199,300.0
Truck39194,335.0
Truck39197,324.0
Truck39203,301.0
Truck39196,347.0
Truck39204,309.0
Truck39208,291.0
Truck39198,344.0
Truck39209,291.0
Truck39200,338.0
Truck39205,314.0
Truck39206,313.0
Truck39207,311.0
Truck39212,291.0
Truck39213,291.0
Truck39201,354.0
Truck39215,291.0
Truck39193,408.0
Truck39195,399.0
Truck39210,327.0
Truck39202,379.0
Truck39214,330.0
Truck39220,312.0
Truck39225,291.0
Truck39216,338.0
Truck39226,291.0
Truck39221,319.0
Truck39227,291.0
Truck39218,344.0
Truck39223,322.0
Truck39217,362.0
Truck39222,341.0
Truck39224,337.0
Truck39234,291.0
Truck39219,368.0
Truck39229,320.0
Truck39231,311.0
Truck39211,415.0
Truck39230,323.0
Truck39232,318.0
Truck39241,291.0
Truck39243,291.0
Truck39236,331.0
Truck39244,291.0
Truck39245,291.0
Truck39228,380.0
Truck39235,349.0
Truck39247,291.0
Truck39246,308.0
Truck39242,337.0
Truck39237,366.0
Truck39249,306.0
Truck39253,291.0
Truck39252,306.0
Truck39239,374.0
Truck39250,320.0
Truck39233,406.0
Truck39257,291.0
Truck39240,377.0
Truck39238,398.0
Truck39260,291.0
Truck39251,337.0
Truck39248,362.0
Truck39254,334.0
Truck39258,318.0
Truck39267,291.0
Truck39261,322.0
Truck39264,307.0
Truck39259,339.0
Truck39269,291.0
Truck39263,324.0
Truck39266,316.0
Truck39271,291.0
Truck39255,380.0
Truck39265,339.0
Truck39276,291.0
Truck39277,291.0
Truck39279,291.0
Truck39273,323.0
Truck39270,342.0
Truck39274,326.0
Truck39275,323.0
Truck39280,305.0
Truck39281,301.0
Truck39268,374.0
Truck39285,291.0
Truck39256,438.0
Truck39283,306.0
Truck39286,291.0
Truck39287,291.0
Truck39272,369.0
Truck39288,291.0
Truck39282,337.0
Truck39262,438.0
Truck39290,300.0
Truck39292,291.0
Truck39289,320.0
Truck39293,316.0
Truck39296,303.0
Truck39291,330.0
Truck39299,291.0
Truck39300,291.0
Truck39298,304.0
Truck39284,379.0
Truck39297,321.0
Truck39294,346.0
Truck39302,309.0
Truck39303,309.0
Truck39307,291.0
Truck39308,291.0
Truck39311,291.0
Truck39312,291.0
Truck39306,328.0
Truck39301,354.0
Truck39295,386.0
Truck39278,478.0
Truck39305,346.0
Truck39317,291.0
Truck39310,331.0
Truck39304,364.0
Truck39316,307.0
Truck39309,361.0
Truck39323,291.0
Truck39313,352.0
Truck39324,306.0
Truck39327,291.0
Truck39325,306.0
Truck39328,291.0
Truck39318,345.0
Truck39326,309.0
Truck39319,345.0
Truck39330,291.0
Truck39314,372.0
Truck39331,291.0
Truck39329,311.0
Truck39320,360.0
Truck39334,291.0
Truck39332,305.0
Truck39336,291.0
Truck39338,291.0
Truck39315,414.0
Truck39337,311.0
Truck39339,304.0
Truck39322,391.0
Truck39321,401.0
Truck39343,291.0
Truck39335,334.0
Truck39344,291.0
Truck39347,291.0
Truck39348,291.0
Truck39341,333.0
Truck39350,291.0
Truck39342,338.0
Truck39352,291.0
Truck39333,389.0
Truck39351,306.0
Truck39354,291.0
Truck39340,366.0
Truck39345,344.0
Truck39356,291.0
Truck39357,291.0
Truck39349,346.0
Truck39360,291.0
Truck39346,362.0
Truck39353,337.0
Truck39361,301.0
Truck39359,325.0
Truck39363,308.0
Truck39367,291.0
Truck39369,291.0
Truck39355,367.0
Truck39366,318.0
Truck39358,363.0
Truck39362,343.0
Truck39370,303.0
Truck39365,331.0
Truck39373,291.0
Truck39371,302.0
Truck39372,301.0
Truck39377,291.0
Truck39374,311.0
Truck39378,291.0
Truck39364,363.0
Truck39379,291.0
Truck39381,291.0
Truck39380,302.0
Truck39368,372.0
Truck39376,337.0
Truck39386,291.0
Truck39387,291.0
Truck39384,321.0
Truck39385,319.0
Truck39382,341.0
Truck39392,291.0
Truck39388,317.0
Truck39391,305.0
Truck39394,291.0
Truck39375,400.0
Truck39383,362.0
Truck39396,301.0
Truck39395,307.0
Truck39399,291.0
Truck39389,344.0
Truck39400,291.0
Truck39390,344.0
Truck39402,291.0
Truck39393,349.0
Truck39406,291.0
Truck39403,308.0
Truck39398,349.0
Truck39407,314.0
Truck39412,291.0
Truck39413,291.0
Truck39411,304.0
Truck39404,340.0
Truck39414,291.0
Truck39405,337.0
Truck39410,315.0
Truck39401,362.0
Truck39397,385.0
Truck39419,291.0
Truck39415,315.0
Truck39416,311.0
Truck39420,291.0
Truck39408,363.0
Truck39409,365.0
Truck39422,305.0
Truck39424,302.0
Truck39417,343.0
Truck39426,306.0
Truck39425,319.0
Truck39418,359.0
Truck39432,291.0
Truck39428,323.0
Truck39437,291.0
Truck39436,305.0
Truck39423,374.0
Truck39438,302.0
Truck39427,358.0
Truck39431,338.0
Truck39421,391.0
Truck39435,322.0
Truck39442,291.0
Truck39433,344.0
Truck39430,367.0
Truck39446,291.0
Truck39443,309.0
Truck39434,356.0
Truck39445,304.0
Truck39429,386.0
Truck39441,330.0
Truck39450,291.0
Truck39447,312.0
Truck39444,331.0
Truck39439,366.0
Truck39451,306.0
Truck39440,363.0
Truck39448,324.0
Truck39455,291.0
Truck39457,291.0
Truck39449,345.0
Truck39458,304.0
Truck39453,337.0
Truck39452,343.0
Truck39456,325.0
Truck39464,291.0
Truck39461,307.0
Truck39459,327.0
Truck39465,306.0
Truck39460,332.0
Truck39469,291.0
Truck39477,291.0
Truck39463,366.0
Truck39470,331.0
Truck39479,291.0
Truck39462,381.0
Truck39481,291.0
Truck39475,328.0
Truck39468,373.0
Truck39471,359.0
Truck39472,357.0
Truck39466,391.0
Truck39486,291.0
Truck39473,358.0
Truck39487,291.0
Truck39484,313.0
Truck39480,336.0
Truck39483,326.0
Truck39490,291.0
Truck39474,375.0
Truck39454,477.0
Truck39478,358.0
Truck39482,340.0
Truck39489,305.0
Truck39467,421.0
Truck39494,291.0
Truck39476,384.0
Truck39496,291.0
Truck39485,347.0
Truck39492,312.0
Truck39497,291.0
Truck39491,325.0
Truck39499,301.0
Truck39502,291.0
Truck39493,349.0
Truck39495,340.0
Truck39501,312.0
Truck39504,309.0
Truck39506,308.0
Truck39507,305.0
Truck39511,291.0
Truck39503,336.0
Truck39512,291.0
Truck39488,416.0
Truck39514,291.0
Truck39515,291.0
Truck39500,370.0
Truck39513,305.0
Truck39519,291.0
Truck39509,348.0
Truck39522,291.0
Truck39508,365.0
Truck39517,320.0
Truck39498,417.0
Truck39520,315.0
Truck39526,291.0
Truck39516,342.0
Truck39523,310.0
Truck39525,305.0
Truck39524,314.0
Truck39521,342.0
Truck39518,360.0
Truck39527,326.0
Truck39532,301.0
Truck39534,291.0
Truck39533,306.0
Truck39536,291.0
Truck39505,449.0
Truck39537,291.0
Truck39530,330.0
Truck39510,432.0
Truck39535,307.0
Truck39528,344.0
Truck39531,330.0
Truck39540,291.0
Truck39541,291.0
Truck39542,300.0
Truck39538,322.0
Truck39545,291.0
Truck39529,378.0
Truck39544,306.0
Truck39549,309.0
Truck39553,291.0
Truck39554,291.0
Truck39547,327.0
Truck39551,308.0
Truck39548,329.0
Truck39546,345.0
Truck39550,329.0
Truck39555,306.0
Truck39552,330.0
Truck39561,291.0
Truck39560,315.0
Truck39563,300.0
Truck39556,336.0
Truck39543,402.0
Truck39539,430.0
Truck39567,291.0
Truck39568,291.0
Truck39557,347.0
Truck39558,344.0
Truck39569,291.0
Truck39570,291.0
Truck39559,349.0
Truck39562,338.0
Truck39572,291.0
Truck39573,291.0
Truck39565,338.0
Truck39575,291.0
Truck39576,291.0
Truck39574,304.0
Truck39571,320.0
Truck39566,346.0
Truck39580,291.0
Truck39578,303.0
Truck39564,375.0
Truck39577,320.0
Truck39584,291.0
Truck39586,291.0
Truck39583,307.0
Truck39588,291.0
Truck39581,331.0
Truck39579,342.0
Truck39587,310.0
Truck39585,325.0
Truck39592,291.0
Truck39591,308.0
Truck39595,291.0
Truck39596,291.0
Truck39598,291.0
Truck39582,379.0
Truck39589,345.0
Truck39590,345.0
Truck39593,335.0
Truck39602,291.0
Truck39599,320.0
Truck39597,349.0
Truck39603,320.0
Truck39600,336.0
Truck39609,309.0
Truck39608,322.0
Truck39616,291.0
Truck39604,354.0
Truck39617,291.0
Truck39615,304.0
Truck39594,410.0
Truck39607,348.0
Truck39613,321.0
Truck39601,383.0
Truck39610,340.0
Truck39611,344.0
Truck39614,332.0
Truck39605,380.0
Truck39620,307.0
Truck39612,348.0
Truck39624,291.0
Truck39625,291.0
Truck39623,304.0
Truck39628,291.0
Truck39606,403.0
Truck39629,291.0
Truck39619,344.0
Truck39630,291.0
Truck39627,308.0
Truck39633,291.0
Truck39622,349.0
Truck39632,301.0
Truck39634,291.0
Truck39626,335.0
Truck39635,291.0
Truck39637,291.0
Truck39621,372.0
Truck39618,392.0
Truck39638,302.0
Truck39642,291.0
Truck39631,348.0
Truck39643,291.0
Truck39645,291.0
Truck39636,352.0
Truck39639,339.0
Truck39641,331.0
Truck39649,291.0
Truck39650,291.0
Truck39646,321.0
Truck39652,291.0
Truck39640,358.0
Truck39644,355.0
Truck39647,343.0
Truck39654,313.0
Truck39655,309.0
Truck39659,291.0
Truck39660,291.0
Truck39657,309.0
Truck39658,305.0
Truck39651,344.0
Truck39656,321.0
Truck39653,339.0
Truck39663,291.0
Truck39648,367.0
Truck39662,316.0
Truck39667,291.0
Truck39668,291.0
Truck39666,304.0
Truck39669,291.0
Truck39672,291.0
Truck39671,300.0
Truck39674,291.0
Truck39664,342.0
Truck39670,313.0
Truck39675,291.0
Truck39676,291.0
Truck39665,351.0
Truck39661,384.0
Truck39673,324.0
Truck39677,308.0
Truck39682,291.0
Truck39685,291.0
Truck39681,316.0
Truck39686,291.0
Truck39688,291.0
Truck39684,319.0
Truck39690,291.0
Truck39679,352.0
Truck39687,314.0
Truck39689,316.0
Truck39694,291.0
Truck39678,373.0
Truck39683,348.0
Truck39691,313.0
Truck39698,291.0
Truck39692,325.0
Truck39680,396.0
Truck39696,318.0
Truck39695,327.0
Truck39699,307.0
Truck39693,340.0
Truck39700,306.0
Truck39704,291.0
Truck39703,304.0
Truck39706,311.0
Truck39708,308.0
Truck39713,291.0
Truck39701,354.0
Truck39714,291.0
Truck39709,321.0
Truck39712,307.0
Truck39705,348.0
Truck39711,320.0
Truck39717,291.0
Truck39718,291.0
Truck39715,310.0
Truck39719,291.0
Truck39702,381.0
Truck39710,346.0
Truck39723,291.0
Truck39724,291.0
Truck39721,316.0
Truck39707,390.0
Truck39725,300.0
Truck39727,291.0
Truck39716,355.0
Truck39729,291.0
Truck39730,291.0
Truck39697,460.0
Truck39731,291.0
Truck39733,291.0
Truck39726,327.0
Truck39722,351.0
Truck39728,325.0
Truck39720,370.0
Truck39734,300.0
Truck39736,291.0
Truck39735,307.0
Truck39739,291.0
Truck39741,291.0
Truck39743,291.0
Truck39732,348.0
Truck39740,308.0
Truck39738,320.0
Truck39744,291.0
Truck39745,291.0
Truck39748,291.0
Truck39737,361.0
Truck39752,291.0
Truck39747,321.0
Truck39753,291.0
Truck39746,345.0
Truck39757,291.0
Truck39749,332.0
Truck39742,368.0
Truck39755,304.0
Truck39750,331.0
Truck39759,291.0
Truck39756,312.0
Truck39761,291.0
Truck39751,347.0
Truck39767,291.0
Truck39765,317.0
Truck39754,375.0
Truck39771,291.0
Truck39764,328.0
Truck39768,308.0
Truck39763,335.0
Truck39766,320.0
Truck39772,291.0
Truck39769,307.0
Truck39760,355.0
Truck39762,345.0
Truck39773,291.0
Truck39770,310.0
Truck39775,291.0
Truck39758,396.0
Truck39779,291.0
Truck39774,328.0
Truck39782,291.0
Truck39776,333.0
Truck39778,329.0
Truck39777,335.0
Truck39786,291.0
Truck39783,316.0
Truck39780,336.0
Truck39789,291.0
Truck39791,291.0
Truck39784,335.0
Truck39795,291.0
Truck39790,317.0
Truck39785,351.0
Truck39798,291.0
Truck39788,345.0
Truck39800,291.0
Truck39781,390.0
Truck39797,311.0
Truck39793,336.0
Truck39794,332.0
Truck39787,376.0
Truck39804,291.0
Truck39799,323.0
Truck39803,305.0
Truck39806,291.0
Truck39792,369.0
Truck39801,325.0
Truck39810,291.0
Truck39796,362.0
Truck39805,321.0
Truck39811,291.0
Truck39808,309.0
Truck39807,327.0
Truck39815,291.0
Truck39809,323.0
Truck39814,307.0
Truck39818,291.0
Truck39819,291.0
Truck39813,323.0
Truck39812,332.0
Truck39802,385.0
Truck39820,304.0
Truck39821,306.0
Truck39823,308.0
Truck39824,305.0
Truck39827,291.0
Truck39817,356.0
Truck39830,291.0
Truck39831,291.0
Truck39816,367.0
Truck39829,314.0
Truck39832,309.0
Truck39822,364.0
Truck39835,301.0
Truck39838,291.0
Truck39828,349.0
Truck39840,291.0
Truck39825,379.0
Truck39833,347.0
Truck39834,343.0
Truck39845,291.0
Truck39842,316.0
Truck39841,331.0
Truck39847,305.0
Truck39826,411.0
Truck39848,301.0
Truck39839,353.0
Truck39846,320.0
Truck39849,306.0
Truck39853,291.0
Truck39851,304.0
Truck39844,344.0
Truck39855,291.0
Truck39856,291.0
Truck39850,324.0
Truck39857,291.0
Truck39858,291.0
Truck39852,325.0
Truck39837,405.0
Truck39861,291.0
Truck39854,332.0
Truck39860,310.0
Truck39864,291.0
Truck39859,319.0
Truck39843,400.0
Truck39865,291.0
Truck39866,291.0
Truck39862,325.0
Truck39871,291.0
Truck39872,291.0
Truck39863,337.0
Truck39873,291.0
Truck39874,291.0
Truck39870,319.0
Truck39867,341.0
Truck39878,291.0
Truck39836,505.0
Truck39879,291.0
Truck39869,346.0
Truck39881,291.0
Truck39883,291.0
Truck39868,367.0
Truck39877,323.0
Truck39886,291.0
Truck39884,304.0
Truck39885,301.0
Truck39890,291.0
Truck39876,364.0
Truck39892,291.0
Truck39882,345.0
Truck39893,291.0
Truck39889,312.0
Truck39887,326.0
Truck39900,291.0
Truck39894,330.0
Truck39888,365.0
Truck39875,435.0
Truck39901,306.0
Truck39896,333.0
Truck39880,424.0
Truck39895,349.0
Truck39898,334.0
Truck39897,349.0
Truck39891,385.0
Truck39899,349.0
Truck39909,302.0
Truck39903,335.0
Truck39912,291.0
Truck39904,334.0
Truck39905,330.0
Truck39913,291.0
Truck39915,291.0
Truck39916,291.0
Truck39902,362.0
Truck39917,291.0
Truck39906,351.0
Truck39918,291.0
Truck39908,351.0
Truck39920,291.0
Truck39911,339.0
Truck39921,291.0
Truck39922,291.0
Truck39914,333.0
Truck39907,373.0
Truck39924,291.0
Truck39926,291.0
Truck39927,291.0
Truck39919,343.0
Truck39930,291.0
Truck39925,322.0
Truck39929,307.0
Truck39923,346.0
Truck39934,291.0
Truck39910,419.0
Truck39933,305.0
Truck39935,303.0
Truck39932,324.0
Truck39939,291.0
Truck39940,291.0
Truck39943,291.0
Truck39941,305.0
Truck39936,332.0
Truck39946,291.0
Truck39948,291.0
Truck39949,291.0
Truck39937,352.0
Truck39938,348.0
Truck39928,399.0
Truck39931,388.0
Truck39951,291.0
Truck39942,342.0
Truck39944,332.0
Truck39950,307.0
Truck39955,291.0
Truck39956,291.0
Truck39958,291.0
Truck39952,326.0
Truck39960,305.0
Truck39947,372.0
Truck39945,392.0
Truck39962,315.0
Truck39967,291.0
Truck39968,291.0
Truck39963,317.0
Truck39964,312.0
Truck39954,366.0
Truck39965,312.0
Truck39969,307.0
Truck39972,303.0
Truck39953,401.0
Truck39957,386.0
Truck39977,291.0
Truck39976,304.0
Truck39979,291.0
Truck39973,323.0
Truck39978,300.0
Truck39970,344.0
Truck39980,304.0
Truck39983,291.0
Truck39966,379.0
Truck39961,411.0
Truck39971,363.0
Truck39982,309.0
Truck39959,430.0
Truck39984,313.0
Truck39989,291.0
Truck39990,291.0
Truck39986,315.0
Truck39975,371.0
Truck39981,341.0
Truck39992,291.0
Truck39993,291.0
Truck39987,330.0
Truck39988,331.0
Truck39996,291.0
Truck39974,408.0
Truck39999,291.0
Truck39995,312.0
Truck39998,301.0
Truck40002,291.0
Truck40003,291.0
Truck39994,337.0
Truck39985,386.0
Truck40004,291.0
Truck40005,291.0
Truck40006,291.0
Truck40000,324.0
Truck40008,291.0
Truck39997,349.0
Truck40009,291.0
Truck40012,291.0
Truck40013,291.0
Truck40007,324.0
Truck40010,314.0
Truck40011,316.0
Truck40001,370.0
Truck40017,291.0
Truck40018,291.0
Truck40014,326.0
Truck40016,317.0
Truck40020,300.0
Truck40025,291.0
Truck40021,314.0
Truck40023,308.0
Truck40027,291.0
Truck40028,291.0
Truck40030,291.0
Truck40019,347.0
Truck40022,341.0
Truck40029,306.0
Truck39991,502.0
Truck40034,291.0
Truck40024,342.0
Truck40035,291.0
Truck40015,395.0
Truck40037,291.0
Truck40026,354.0
Truck40033,325.0
Truck40031,337.0
Truck40032,333.0
Truck40039,301.0
Truck40036,326.0
Truck40043,291.0
Truck40046,291.0
Truck40044,304.0
Truck40048,291.0
Truck40038,346.0
Truck40051,291.0
Truck40047,314.0
Truck40054,291.0
Truck40042,353.0
Truck40045,346.0
Truck40052,320.0
Truck40056,306.0
Truck40059,291.0
Truck40055,316.0
Truck40060,291.0
Truck40041,394.0
Truck40062,291.0
Truck40063,291.0
Truck40064,291.0
Truck40049,372.0
Truck40050,368.0
Truck40040,422.0
Truck40067,291.0
Truck40057,351.0
Truck40061,332.0
Truck40070,291.0
Truck40071,291.0
Truck40072,291.0
Truck40073,291.0
Truck40058,367.0
Truck40069,314.0
Truck40074,291.0
Truck40053,405.0
Truck40080,291.0
Truck40075,318.0
Truck40081,291.0
Truck40068,364.0
Truck40079,312.0
Truck40077,335.0
Truck40065,400.0
Truck40084,306.0
Truck40088,291.0
Truck40076,354.0
Truck40089,291.0
Truck40083,322.0
Truck40078,350.0
Truck40082,337.0
Truck40066,418.0
Truck40090,303.0
Truck40093,291.0
Truck40092,303.0
Truck40095,291.0
Truck40096,291.0
Truck40085,355.0
Truck40099,291.0
Truck40087,358.0
Truck40101,291.0
Truck40091,347.0
Truck40094,333.0
Truck40097,319.0
Truck40103,291.0
Truck40105,291.0
Truck40086,388.0
Truck40102,309.0
Truck40107,291.0
Truck40104,307.0
Truck40108,291.0
Truck40106,316.0
Truck40112,291.0
Truck40113,291.0
Truck40100,358.0
Truck40110,309.0
Truck40114,291.0
Truck40115,291.0
Truck40109,328.0
Truck40118,291.0
Truck40098,399.0
Truck40111,334.0
Truck40121,291.0
Truck40117,313.0
Truck40120,314.0
Truck40122,310.0
Truck40127,291.0
Truck40116,347.0
Truck40128,291.0
Truck40129,291.0
Truck40119,346.0
Truck40124,334.0
Truck40130,305.0
Truck40123,349.0
Truck40131,311.0
Truck40135,291.0
Truck40126,339.0
Truck40136,291.0
Truck40125,356.0
Truck40133,318.0
Truck40137,306.0
Truck40132,334.0
Truck40134,329.0
Truck40142,291.0
Truck40141,302.0
Truck40139,318.0
Truck40145,291.0
Truck40144,310.0
Truck40138,341.0
Truck40149,291.0
Truck40147,317.0
Truck40150,307.0
Truck40146,328.0
Truck40154,291.0
Truck40143,348.0
Truck40155,291.0
Truck40148,329.0
Truck40151,315.0
Truck40140,379.0
Truck40153,320.0
Truck40156,308.0
Truck40158,307.0
Truck40162,291.0
Truck40157,320.0
Truck40161,305.0
Truck40164,291.0
Truck40159,323.0
Truck40166,291.0
Truck40163,319.0
Truck40169,291.0
Truck40152,385.0
Truck40172,291.0
Truck40165,327.0
Truck40168,316.0
Truck40170,307.0
Truck40174,291.0
Truck40160,366.0
Truck40178,291.0
Truck40167,347.0
Truck40171,327.0
Truck40181,291.0
Truck40176,320.0
Truck40182,291.0
Truck40173,339.0
Truck40179,309.0
Truck40175,338.0
Truck40177,329.0
Truck40186,291.0
Truck40187,291.0
Truck40185,302.0
Truck40188,291.0
Truck40183,321.0
Truck40189,291.0
Truck40190,291.0
Truck40184,330.0
Truck40194,291.0
Truck40191,307.0
Truck40192,314.0
Truck40197,291.0
Truck40193,320.0
Truck40180,394.0
Truck40201,291.0
Truck40202,291.0
Truck40200,306.0
Truck40204,291.0
Truck40196,335.0
Truck40198,326.0
Truck40199,323.0
Truck40206,291.0
Truck40207,291.0
Truck40205,306.0
Truck40208,291.0
Truck40195,359.0
Truck40209,291.0
Truck40210,291.0
Truck40211,291.0
Truck40203,343.0
Truck40216,291.0
Truck40218,291.0
Truck40213,323.0
Truck40217,308.0
Truck40212,339.0
Truck40222,291.0
Truck40223,291.0
Truck40221,308.0
Truck40227,291.0
Truck40215,353.0
Truck40229,291.0
Truck40214,370.0
Truck40230,291.0
Truck40219,359.0
Truck40225,330.0
Truck40233,291.0
Truck40232,304.0
Truck40224,350.0
Truck40220,374.0
Truck40228,335.0
Truck40237,291.0
Truck40234,308.0
Truck40236,307.0
Truck40240,291.0
Truck40231,340.0
Truck40241,291.0
Truck40239,303.0
Truck40242,291.0
Truck40226,375.0
Truck40243,306.0
Truck40247,291.0
Truck40248,291.0
Truck40244,318.0
Truck40235,365.0
Truck40246,316.0
Truck40252,291.0
Truck40238,366.0
Truck40254,291.0
Truck40251,310.0
Truck40255,291.0
Truck40256,291.0
Truck40257,291.0
Truck40253,321.0
Truck40249,342.0
Truck40250,340.0
Truck40245,372.0
Truck40320,306.0
Truck40323,291.0
Truck40321,306.0
Truck40324,291.0
Truck40325,305.0
Truck40328,291.0
Truck40327,304.0
Truck40332,291.0
Truck40322,348.0
Truck40336,291.0
Truck40329,330.0
Truck40337,291.0
Truck40331,323.0
Truck40335,311.0
Truck40339,291.0
Truck40330,338.0
Truck40333,324.0
Truck40326,363.0
Truck40343,291.0
Truck40338,320.0
Truck40346,291.0
Truck40334,353.0
Truck40347,291.0
Truck40344,320.0
Truck40350,291.0
Truck40345,328.0
Truck40349,314.0
Truck40340,360.0
Truck40341,358.0
Truck40348,323.0
Truck40342,355.0
Truck40356,291.0
Truck40353,308.0
Truck40351,331.0
Truck40359,291.0
Truck40355,316.0
Truck40360,291.0
Truck40354,323.0
Truck40361,291.0
Truck40352,348.0
Truck40358,328.0
Truck40363,306.0
Truck40366,291.0
Truck40365,303.0
Truck40367,306.0
Truck40370,291.0
Truck40357,359.0
Truck40369,301.0
Truck40371,291.0
Truck40372,291.0
Truck40362,348.0
Truck40374,291.0
Truck40368,325.0
Truck40364,348.0
Truck40373,312.0
Truck40375,306.0
Truck40379,291.0
Truck40378,301.0
Truck40380,291.0
Truck40377,310.0
Truck40383,291.0
Truck40384,301.0
Truck40385,303.0
Truck40388,291.0
Truck40389,307.0
Truck40376,379.0
Truck40393,303.0
Truck40396,291.0
Truck40386,346.0
Truck40397,291.0
Truck40392,318.0
Truck40387,346.0
Truck40398,291.0
Truck40382,383.0
Truck40390,345.0
Truck40391,346.0
Truck40402,291.0
Truck40403,291.0
Truck40395,332.0
Truck40381,407.0
Truck40399,318.0
Truck40394,345.0
Truck40405,291.0
Truck40400,324.0
Truck40407,291.0
Truck40410,291.0
Truck40413,291.0
Truck40401,354.0
Truck40414,291.0
Truck40415,291.0
Truck40416,291.0
Truck40411,320.0
Truck40406,346.0
Truck40417,291.0
Truck40408,338.0
Truck40418,291.0
Truck40404,363.0
Truck40419,291.0
Truck40412,330.0
Truck40420,291.0
Truck40423,291.0
Truck40424,291.0
Truck40426,291.0
Truck40428,291.0
Truck40429,291.0
Truck40427,304.0
Truck40430,291.0
Truck40422,344.0
Truck40434,291.0
Truck40409,418.0
Truck40421,358.0
Truck40425,341.0
Truck40431,320.0
Truck40435,309.0
Truck40432,335.0
Truck40439,301.0
Truck40438,307.0
Truck40437,321.0
Truck40443,291.0
Truck40444,291.0
Truck40436,347.0
Truck40446,301.0
Truck40433,369.0
Truck40449,291.0
Truck40440,339.0
Truck40448,304.0
Truck40451,291.0
Truck40452,300.0
Truck40447,333.0
Truck40441,368.0
Truck40442,363.0
Truck40458,291.0
Truck40450,333.0
Truck40459,291.0
Truck40445,362.0
Truck40457,309.0
Truck40454,331.0
Truck40455,343.0
Truck40460,320.0
Truck40463,306.0
Truck40456,343.0
Truck40468,291.0
Truck40469,301.0
Truck40453,385.0
Truck40467,321.0
Truck40475,291.0
Truck40476,291.0
Truck40466,347.0
Truck40471,323.0
Truck40470,331.0
Truck40478,291.0
Truck40461,378.0
Truck40464,371.0
Truck40481,291.0
Truck40462,391.0
Truck40465,380.0
Truck40473,352.0
Truck40483,305.0
Truck40482,319.0
Truck40477,346.0
Truck40488,306.0
Truck40491,291.0
Truck40474,378.0
Truck40484,331.0
Truck40489,308.0
Truck40480,356.0
Truck40490,307.0
Truck40472,403.0
Truck40497,291.0
Truck40492,320.0
Truck40493,318.0
Truck40500,291.0
Truck40486,363.0
Truck40494,330.0
Truck40502,291.0
Truck40495,327.0
Truck40485,378.0
Truck40479,409.0
Truck40501,301.0
Truck40503,291.0
Truck40487,375.0
Truck40499,334.0
Truck40508,291.0
Truck40496,352.0
Truck40498,353.0
Truck40504,337.0
Truck40514,291.0
Truck40510,324.0
Truck40509,330.0
Truck40517,291.0
Truck40518,291.0
Truck40519,291.0
Truck40505,364.0
Truck40506,362.0
Truck40516,315.0
Truck40507,361.0
Truck40512,348.0
Truck40520,314.0
Truck40523,302.0
Truck40511,372.0
Truck40525,308.0
Truck40529,291.0
Truck40527,306.0
Truck40522,349.0
Truck40531,305.0
Truck40526,345.0
Truck40515,402.0
Truck40530,334.0
Truck40535,309.0
Truck40542,291.0
Truck40513,437.0
Truck40532,342.0
Truck40534,332.0
Truck40524,390.0
Truck40541,306.0
Truck40540,316.0
Truck40536,337.0
Truck40543,303.0
Truck40546,291.0
Truck40538,336.0
Truck40547,291.0
Truck40545,302.0
Truck40521,434.0
Truck40537,370.0
Truck40539,366.0
Truck40554,291.0
Truck40556,291.0
Truck40533,408.0
Truck40544,353.0
Truck40555,305.0
Truck40548,346.0
Truck40559,291.0
Truck40560,291.0
Truck40561,291.0
Truck40549,354.0
Truck40551,344.0
Truck40552,339.0
Truck40550,351.0
Truck40563,291.0
Truck40564,291.0
Truck40553,348.0
Truck40565,291.0
Truck40567,291.0
Truck40568,291.0
Truck40562,331.0
Truck40570,291.0
Truck40558,364.0
Truck40573,291.0
Truck40574,291.0
Truck40575,291.0
Truck40572,307.0
Truck40557,383.0
Truck40571,323.0
Truck40569,339.0
Truck40528,545.0
Truck40580,291.0
Truck40566,369.0
Truck40577,321.0
Truck40579,314.0
Truck40581,307.0
Truck40578,324.0
Truck40586,291.0
Truck40587,291.0
Truck40576,347.0
Truck40583,322.0
Truck40582,353.0
Truck40585,346.0
Truck40593,306.0
Truck40588,334.0
Truck40597,291.0
Truck40589,341.0
Truck40594,318.0
Truck40600,291.0
Truck40590,344.0
Truck40595,325.0
Truck40591,346.0
Truck40602,291.0
Truck40592,360.0
Truck40603,308.0
Truck40607,291.0
Truck40596,347.0
Truck40606,306.0
Truck40609,291.0
Truck40598,349.0
Truck40584,420.0
Truck40601,338.0
Truck40612,291.0
Truck40599,360.0
Truck40611,306.0
Truck40615,291.0
Truck40616,291.0
Truck40617,291.0
Truck40614,309.0
Truck40604,360.0
Truck40618,291.0
Truck40619,291.0
Truck40620,306.0
Truck40623,291.0
Truck40605,384.0
Truck40613,345.0
Truck40624,291.0
Truck40610,366.0
Truck40626,291.0
Truck40625,309.0
Truck40630,291.0
Truck40622,332.0
Truck40608,405.0
Truck40632,291.0
Truck40633,291.0
Truck40631,309.0
Truck40628,328.0
Truck40627,335.0
Truck40629,335.0
Truck40621,376.0
Truck40637,300.0
Truck40639,291.0
Truck40640,291.0
Truck40634,324.0
Truck40641,291.0
Truck40642,291.0
Truck40638,317.0
Truck40644,306.0
Truck40636,347.0
Truck40645,306.0
Truck40650,291.0
Truck40651,291.0
Truck40635,381.0
Truck40654,291.0
Truck40643,356.0
Truck40657,291.0
Truck40647,349.0
Truck40652,336.0
Truck40662,291.0
Truck40656,323.0
Truck40659,309.0
Truck40646,387.0
Truck40653,353.0
Truck40666,291.0
Truck40665,301.0
Truck40663,315.0
Truck40660,335.0
Truck40664,320.0
Truck40668,306.0
Truck40671,291.0
Truck40672,291.0
Truck40649,412.0
Truck40667,323.0
Truck40648,421.0
Truck40658,372.0
Truck40675,291.0
Truck40678,291.0
Truck40655,408.0
Truck40680,291.0
Truck40669,348.0
Truck40682,291.0
Truck40679,308.0
Truck40661,404.0
Truck40686,291.0
Truck40677,338.0
Truck40687,291.0
Truck40673,362.0
Truck40676,348.0
Truck40690,291.0
Truck40683,328.0
Truck40688,304.0
Truck40692,291.0
Truck40689,308.0
Truck40693,291.0
Truck40681,353.0
Truck40694,291.0
Truck40691,308.0
Truck40674,395.0
Truck40670,419.0
Truck40697,291.0
Truck40684,360.0
Truck40696,318.0
Truck40698,311.0
Truck40702,291.0
Truck40699,311.0
Truck40685,388.0
Truck40705,291.0
Truck40695,347.0
Truck40703,313.0
Truck40706,302.0
Truck40710,291.0
Truck40707,307.0
Truck40700,344.0
Truck40708,307.0
Truck40701,356.0
Truck40712,303.0
Truck40715,291.0
Truck40720,291.0
Truck40713,328.0
Truck40714,327.0
Truck40704,379.0
Truck40723,291.0
Truck40721,315.0
Truck40722,310.0
Truck40709,377.0
Truck40716,356.0
Truck40726,306.0
Truck40727,302.0
Truck40718,355.0
Truck40731,291.0
Truck40711,400.0
Truck40730,307.0
Truck40719,365.0
Truck40732,301.0
Truck40734,291.0
Truck40737,291.0
Truck40717,411.0
Truck40733,333.0
Truck40729,362.0
Truck40741,306.0
Truck40744,291.0
Truck40745,291.0
Truck40724,402.0
Truck40728,386.0
Truck40747,291.0
Truck40738,344.0
Truck40739,350.0
Truck40735,372.0
Truck40740,347.0
Truck40742,337.0
Truck40725,428.0
Truck40736,373.0
Truck40743,342.0
Truck40750,320.0
Truck40756,291.0
Truck40754,309.0
Truck40753,318.0
Truck40748,345.0
Truck40757,300.0
Truck40762,291.0
Truck40749,358.0
Truck40763,291.0
Truck40758,317.0
Truck40760,309.0
Truck40752,351.0
Truck40761,307.0
Truck40765,291.0
Truck40755,343.0
Truck40746,392.0
Truck40767,291.0
Truck40751,375.0
Truck40769,291.0
Truck40770,291.0
Truck40759,349.0
Truck40764,333.0
Truck40773,308.0
Truck40766,346.0
Truck40777,291.0
Truck40778,291.0
Truck40779,291.0
Truck40772,328.0
Truck40771,337.0
Truck40775,322.0
Truck40768,358.0
Truck40782,291.0
Truck40785,291.0
Truck40774,349.0
Truck40786,291.0
Truck40781,328.0
Truck40789,291.0
Truck40790,291.0
Truck40776,368.0
Truck40784,330.0
Truck40783,338.0
Truck40795,291.0
Truck40793,305.0
Truck40780,372.0
Truck40797,300.0
Truck40798,301.0
Truck40801,291.0
Truck40799,306.0
Truck40802,291.0
Truck40804,291.0
Truck40796,336.0
Truck40806,291.0
Truck40792,364.0
Truck40788,391.0
Truck40809,291.0
Truck40803,325.0
Truck40794,373.0
Truck40807,309.0
Truck40791,391.0
Truck40800,351.0
Truck40810,305.0
Truck40787,425.0
Truck40811,313.0
Truck40812,308.0
Truck40808,331.0
Truck40816,291.0
Truck40813,309.0
Truck40818,291.0
Truck40820,291.0
Truck40805,369.0
Truck40815,330.0
Truck40817,323.0
Truck40814,339.0
Truck40824,291.0
Truck40822,306.0
Truck40823,304.0
Truck40819,325.0
Truck40826,291.0
Truck40821,319.0
Truck40827,291.0
Truck40828,291.0
Truck40830,291.0
Truck40829,305.0
Truck40832,291.0
Truck40836,291.0
Truck40825,352.0
Truck40838,304.0
Truck40842,291.0
Truck40837,326.0
Truck40840,313.0
Truck40835,340.0
Truck40831,361.0
Truck40846,291.0
Truck40834,357.0
Truck40833,364.0
Truck40851,291.0
Truck40845,324.0
Truck40849,309.0
Truck40844,335.0
Truck40853,291.0
Truck40843,342.0
Truck40855,291.0
Truck40856,291.0
Truck40839,380.0
Truck40857,291.0
Truck40850,327.0
Truck40848,342.0
Truck40854,319.0
Truck40847,364.0
Truck40860,301.0
Truck40861,305.0
Truck40862,305.0
Truck40841,414.0
Truck40864,307.0
Truck40858,339.0
Truck40863,315.0
Truck40866,310.0
Truck40865,325.0
Truck40859,356.0
Truck40852,395.0
Truck40872,300.0
Truck40867,338.0
Truck40868,338.0
Truck40878,291.0
Truck40879,291.0
Truck40869,346.0
Truck40873,327.0
Truck40874,324.0
Truck40877,309.0
Truck40871,340.0
Truck40883,291.0
Truck40876,346.0
Truck40884,309.0
Truck40888,291.0
Truck40870,385.0
Truck40875,361.0
Truck40880,343.0
Truck40885,325.0
Truck40893,291.0
Truck40894,291.0
Truck40892,309.0
Truck40881,365.0
Truck40887,343.0
Truck40899,291.0
Truck40890,340.0
Truck40896,312.0
Truck40902,291.0
Truck40882,393.0
Truck40897,318.0
Truck40895,338.0
Truck40905,291.0
Truck40904,305.0
Truck40903,314.0
Truck40900,340.0
Truck40898,351.0
Truck40889,401.0
Truck40909,302.0
Truck40891,398.0
Truck40913,291.0
Truck40901,356.0
Truck40915,291.0
Truck40916,291.0
Truck40917,291.0
Truck40908,340.0
Truck40907,346.0
Truck40910,334.0
Truck40920,291.0
Truck40912,332.0
Truck40911,349.0
Truck40886,483.0
Truck40914,345.0
Truck40922,306.0
Truck40923,305.0
Truck40924,305.0
Truck40906,398.0
Truck40918,340.0
Truck40928,291.0
Truck40921,332.0
Truck40930,291.0
Truck40919,352.0
Truck40926,319.0
Truck40931,301.0
Truck40933,291.0
Truck40929,321.0
Truck40936,291.0
Truck40927,346.0
Truck40938,291.0
Truck40925,360.0
Truck40939,291.0
Truck40940,291.0
Truck40932,336.0
Truck40934,335.0
Truck40943,291.0
Truck40942,306.0
Truck40937,336.0
Truck40944,306.0
Truck40941,330.0
Truck40945,310.0
Truck40950,291.0
Truck40951,291.0
Truck40952,291.0
Truck40935,380.0
Truck40948,317.0
Truck40954,291.0
Truck40955,291.0
Truck40946,337.0
Truck40953,302.0
Truck40947,336.0
Truck40958,291.0
Truck40959,291.0
Truck40957,311.0
Truck40961,291.0
Truck40956,318.0
Truck40962,291.0
Truck40960,308.0
Truck40965,291.0
Truck40967,291.0
Truck40969,291.0
Truck40971,291.0
Truck40970,301.0
Truck40972,291.0
Truck40949,410.0
Truck40973,291.0
Truck40974,291.0
Truck40964,342.0
Truck40975,291.0
Truck40968,331.0
Truck40977,291.0
Truck40966,353.0
Truck40963,370.0
Truck40979,291.0
Truck40980,291.0
Truck40981,291.0
Truck40976,324.0
Truck40983,291.0
Truck40985,291.0
Truck40978,334.0
Truck40987,291.0
Truck40982,319.0
Truck40988,291.0
Truck40989,291.0
Truck40984,317.0
Truck40986,331.0
Truck40994,291.0
Truck40993,312.0
Truck40999,291.0
Truck40992,327.0
Truck40990,343.0
Truck41001,291.0
Truck40991,349.0
Truck41003,291.0
Truck40996,331.0
Truck41004,291.0
Truck41002,303.0
Truck40995,341.0
Truck41000,328.0
Truck41008,291.0
Truck40998,355.0
Truck41011,291.0
Truck41013,291.0
Truck41014,291.0
Truck41005,337.0
Truck40997,381.0
Truck41016,291.0
Truck41015,303.0
Truck41018,291.0
Truck41009,346.0
Truck41010,341.0
Truck41006,364.0
Truck41021,291.0
Truck41019,305.0
Truck41007,367.0
Truck41020,308.0
Truck41024,291.0
Truck41012,352.0
Truck41022,307.0
Truck41017,337.0
Truck41026,306.0
Truck41029,291.0
Truck41023,330.0
Truck41031,291.0
Truck41032,291.0
Truck41030,305.0
Truck41035,291.0
Truck41027,335.0
Truck41028,331.0
Truck41025,347.0
Truck41034,308.0
Truck41033,334.0
Truck41037,319.0
Truck41039,310.0
Truck41040,311.0
Truck41045,291.0
Truck41036,341.0
Truck41048,291.0
Truck41050,291.0
Truck41051,291.0
Truck41041,343.0
Truck41052,291.0
Truck41054,291.0
Truck41055,291.0
Truck41044,352.0
Truck41057,291.0
Truck41043,362.0
Truck41047,343.0
Truck41056,307.0
Truck41038,400.0
Truck41049,346.0
Truck41060,291.0
Truck41042,382.0
Truck41059,301.0
Truck41061,291.0
Truck41058,314.0
Truck41046,376.0
Truck41063,291.0
Truck41065,291.0
Truck41066,291.0
Truck41053,359.0
Truck41067,291.0
Truck41072,291.0
Truck41070,309.0
Truck41075,291.0
Truck41069,325.0
Truck41078,291.0
Truck41071,329.0
Truck41079,291.0
Truck41077,305.0
Truck41068,357.0
Truck41062,390.0
Truck41076,321.0
Truck41084,291.0
Truck41064,392.0
Truck41081,307.0
Truck41085,291.0
Truck41073,353.0
Truck41086,291.0
Truck41087,291.0
Truck41088,291.0
Truck41091,291.0
Truck41089,304.0
Truck41074,381.0
Truck41082,342.0
Truck41083,343.0
Truck41094,291.0
Truck41096,291.0
Truck41092,317.0
Truck41080,385.0
Truck41097,309.0
Truck41098,317.0
Truck41100,307.0
Truck41104,291.0
Truck41101,308.0
Truck41102,310.0
Truck41107,291.0
Truck41109,291.0
Truck41106,308.0
Truck41090,393.0
Truck41111,291.0
Truck41105,324.0
Truck41112,291.0
Truck41113,291.0
Truck41093,393.0
Truck41108,327.0
Truck41110,317.0
Truck41114,309.0
Truck41103,365.0
Truck41120,291.0
Truck41095,418.0
Truck41099,403.0
Truck41124,291.0
Truck41119,321.0
Truck41115,352.0
Truck41125,306.0
Truck41118,346.0
Truck41129,291.0
Truck41127,304.0
Truck41116,361.0
Truck41130,291.0
Truck41122,336.0
Truck41128,306.0
Truck41131,305.0
Truck41126,334.0
Truck41121,363.0
Truck41123,354.0
Truck41136,291.0
Truck41137,291.0
Truck41139,291.0
Truck41140,291.0
Truck41138,303.0
Truck41142,291.0
Truck41117,420.0
Truck41143,291.0
Truck41134,339.0
Truck41132,353.0
Truck41145,291.0
Truck41133,366.0
Truck41146,309.0
Truck41150,291.0
Truck41151,291.0
Truck41149,305.0
Truck41152,291.0
Truck41155,291.0
Truck41160,291.0
Truck41135,419.0
Truck41144,378.0
Truck41147,364.0
Truck41158,309.0
Truck41148,368.0
Truck41161,304.0
Truck41154,343.0
Truck41157,336.0
Truck41166,291.0
Truck41141,417.0
Truck41162,314.0
Truck41165,301.0
Truck41167,291.0
Truck41169,291.0
Truck41159,342.0
Truck41164,319.0
Truck41163,337.0
Truck41156,380.0
Truck41174,291.0
Truck41171,307.0
Truck41173,313.0
Truck41168,339.0
Truck41179,291.0
Truck41170,340.0
Truck41180,291.0
Truck41153,430.0
Truck41178,315.0
Truck41183,291.0
Truck41172,348.0
Truck41184,291.0
Truck41182,302.0
Truck41176,333.0
Truck41185,291.0
Truck41186,291.0
Truck41177,344.0
Truck41188,291.0
Truck41190,291.0
Truck41193,291.0
Truck41181,357.0
Truck41191,309.0
Truck41195,291.0
Truck41196,291.0
Truck41187,341.0
Truck41199,291.0
Truck41200,291.0
Truck41192,333.0
Truck41198,306.0
Truck41201,291.0
Truck41204,291.0
Truck41205,291.0
Truck41206,291.0
Truck41197,337.0
Truck41208,291.0
Truck41210,291.0
Truck41175,467.0
Truck41194,384.0
Truck41203,339.0
Truck41213,291.0
Truck41202,357.0
Truck41214,302.0
Truck41218,291.0
Truck41215,311.0
Truck41219,305.0
Truck41222,291.0
Truck41212,343.0
Truck41223,291.0
Truck41207,375.0
Truck41217,338.0
Truck41211,376.0
Truck41189,489.0
Truck41209,395.0
Truck41221,338.0
Truck41216,369.0
Truck41229,309.0
Truck41231,303.0
Truck41230,309.0
Truck41225,348.0
Truck41220,375.0
Truck41227,342.0
Truck41233,312.0
Truck41236,300.0
Truck41228,346.0
Truck41238,305.0
Truck41224,379.0
Truck41240,303.0
Truck41243,291.0
Truck41244,291.0
Truck41226,386.0
Truck41246,291.0
Truck41247,291.0
Truck41241,323.0
Truck41237,348.0
Truck41235,370.0
Truck41249,304.0
Truck41252,291.0
Truck41239,358.0
Truck41253,291.0
Truck41248,326.0
Truck41255,291.0
Truck41242,359.0
Truck41232,416.0
Truck41257,291.0
Truck41251,323.0
Truck41234,410.0
Truck41260,291.0
Truck41250,344.0
Truck41261,291.0
Truck41254,344.0
Truck41256,335.0
Truck41245,401.0
Truck41267,291.0
Truck41262,320.0
Truck41269,291.0
Truck41266,325.0
Truck41274,291.0
Truck41258,375.0
Truck41275,291.0
Truck41263,353.0
Truck41271,316.0
Truck41276,291.0
Truck41259,382.0
Truck41277,301.0
Truck41279,291.0
Truck41273,322.0
Truck41281,291.0
Truck41265,376.0
Truck41282,291.0
Truck41278,313.0
Truck41280,309.0
Truck41284,291.0
Truck41264,400.0
Truck41287,291.0
Truck41285,307.0
Truck41268,409.0
Truck41270,405.0
Truck41289,311.0
Truck41272,401.0
Truck41291,310.0
Truck41290,333.0
Truck41286,358.0
Truck41297,303.0
Truck41292,344.0
Truck41294,337.0
Truck41301,308.0
Truck41305,291.0
Truck41283,404.0
Truck41304,301.0
Truck41299,332.0
Truck41309,291.0
Truck41306,308.0
Truck41288,400.0
Truck41310,291.0
Truck41298,352.0
Truck41307,310.0
Truck41295,372.0
Truck41300,347.0
Truck41312,291.0
Truck41303,347.0
Truck41302,364.0
Truck41315,300.0
Truck41296,402.0
Truck41314,324.0
Truck41293,430.0
Truck41313,336.0
Truck41318,314.0
Truck41323,291.0
Truck41316,331.0
Truck41311,358.0
Truck41308,375.0
Truck41321,317.0
Truck41317,346.0
Truck41324,319.0
Truck41330,291.0
Truck41327,307.0
Truck41320,344.0
Truck41331,301.0
Truck41333,291.0
Truck41326,339.0
Truck41325,356.0
Truck41337,300.0
Truck41319,392.0
Truck41335,314.0
Truck41332,331.0
Truck41340,291.0
Truck41329,359.0
Truck41322,397.0
Truck41346,291.0
Truck41334,358.0
Truck41338,342.0
Truck41336,353.0
Truck41350,291.0
Truck41344,325.0
Truck41345,323.0
Truck41348,316.0
Truck41353,291.0
Truck41349,312.0
Truck41339,363.0
Truck41341,355.0
Truck41343,345.0
Truck41347,336.0
Truck41351,318.0
Truck41358,291.0
Truck41354,318.0
Truck41359,300.0
Truck41361,291.0
Truck41360,301.0
Truck41362,291.0
Truck41356,322.0
Truck41342,396.0
Truck41352,347.0
Truck41357,335.0
Truck41365,303.0
Truck41328,489.0
Truck41368,291.0
Truck41355,362.0
Truck41364,334.0
Truck41373,291.0
Truck41363,347.0
Truck41366,340.0
Truck41378,291.0
Truck41380,291.0
Truck41369,347.0
Truck41382,291.0
Truck41375,329.0
Truck41371,352.0
Truck41381,302.0
Truck41384,291.0
Truck41377,331.0
Truck41386,291.0
Truck41387,291.0
Truck41376,349.0
Truck41367,397.0
Truck41374,367.0
Truck41379,346.0
Truck41372,385.0
Truck41391,291.0
Truck41388,307.0
Truck41392,291.0
Truck41390,302.0
Truck41385,337.0
Truck41383,348.0
Truck41389,319.0
Truck41396,291.0
Truck41395,301.0
Truck41393,330.0
Truck41401,291.0
Truck41397,316.0
Truck41402,291.0
Truck41370,462.0
Truck41404,305.0
Truck41398,337.0
Truck41394,358.0
Truck41405,303.0
Truck41399,341.0
Truck41410,291.0
Truck41412,291.0
Truck41403,347.0
Truck41415,291.0
Truck41407,334.0
Truck41416,291.0
Truck41406,348.0
Truck41400,384.0
Truck41414,315.0
Truck41419,291.0
Truck41409,343.0
Truck41417,315.0
Truck41423,291.0
Truck41408,368.0
Truck41413,354.0
Truck41411,367.0
Truck41428,291.0
Truck41426,309.0
Truck41430,291.0
Truck41420,347.0
Truck41433,291.0
Truck41421,359.0
Truck41435,291.0
Truck41418,385.0
Truck41422,366.0
Truck41424,356.0
Truck41429,335.0
Truck41431,338.0
Truck41441,291.0
Truck41443,291.0
Truck41440,308.0
Truck41432,349.0
Truck41427,375.0
Truck41445,291.0
Truck41439,330.0
Truck41447,291.0
Truck41425,405.0
Truck41448,291.0
Truck41437,350.0
Truck41438,350.0
Truck41434,374.0
Truck41452,291.0
Truck41453,291.0
Truck41446,328.0
Truck41455,291.0
Truck41450,319.0
Truck41442,361.0
Truck41456,300.0
Truck41458,291.0
Truck41444,363.0
Truck41436,406.0
Truck41460,291.0
Truck41459,303.0
Truck41463,291.0
Truck41461,306.0
Truck41467,291.0
Truck41468,291.0
Truck41449,387.0
Truck41469,291.0
Truck41464,328.0
Truck41454,388.0
Truck41470,309.0
Truck41474,291.0
Truck41462,361.0
Truck41476,291.0
Truck41451,419.0
Truck41477,291.0
Truck41475,309.0
Truck41473,327.0
Truck41471,345.0
Truck41457,417.0
Truck41479,311.0
Truck41483,300.0
Truck41466,386.0
Truck41482,306.0
Truck41480,318.0
Truck41486,291.0
Truck41465,400.0
Truck41478,337.0
Truck41472,368.0
Truck41481,324.0
Truck41490,291.0
Truck41493,291.0
Truck41485,333.0
Truck41492,302.0
Truck41495,291.0
Truck41484,347.0
Truck41496,291.0
Truck41488,335.0
Truck41494,306.0
Truck41497,291.0
Truck41489,338.0
Truck41500,291.0
Truck41491,341.0
Truck41501,291.0
Truck41487,368.0
Truck41503,291.0
Truck41502,302.0
Truck41505,291.0
Truck41498,335.0
Truck41507,291.0
Truck41506,304.0
Truck41504,316.0
Truck41510,291.0
Truck41511,291.0
Truck41513,291.0
Truck41509,315.0
Truck41508,328.0
Truck41516,291.0
Truck41518,306.0
Truck41517,319.0
Truck41520,307.0
Truck41514,338.0
Truck41515,336.0
Truck41525,291.0
Truck41512,373.0
Truck41526,309.0
Truck41530,291.0
Truck41521,339.0
Truck41522,336.0
Truck41531,291.0
Truck41529,303.0
Truck41533,291.0
Truck41524,341.0
Truck41499,467.0
Truck41538,291.0
Truck41532,322.0
Truck41535,308.0
Truck41539,291.0
Truck41540,291.0
Truck41537,307.0
Truck41519,403.0
Truck41542,291.0
Truck41534,338.0
Truck41528,369.0
Truck41536,336.0
Truck41547,291.0
Truck41548,291.0
Truck41549,291.0
Truck41546,310.0
Truck41550,291.0
Truck41523,428.0
Truck41551,291.0
Truck41541,343.0
Truck41552,291.0
Truck41553,291.0
Truck41544,339.0
Truck41543,345.0
Truck41545,344.0
Truck41555,301.0
Truck41558,291.0
Truck41560,291.0
Truck41559,309.0
Truck41527,472.0
Truck41564,291.0
Truck41554,348.0
Truck41557,342.0
Truck41565,308.0
Truck41556,360.0
Truck41569,301.0
Truck41563,334.0
Truck41562,346.0
Truck41567,327.0
Truck41561,359.0
Truck41572,305.0
Truck41571,317.0
Truck41579,291.0
Truck41574,323.0
Truck41575,325.0
Truck41582,291.0
Truck41583,291.0
Truck41576,330.0
Truck41585,291.0
Truck41568,379.0
Truck41584,302.0
Truck41570,373.0
Truck41573,363.0
Truck41578,341.0
Truck41577,351.0
Truck41587,306.0
Truck41580,344.0
Truck41593,291.0
Truck41590,308.0
Truck41594,291.0
Truck41566,435.0
Truck41588,325.0
Truck41581,365.0
Truck41586,345.0
Truck41591,326.0
Truck41596,301.0
Truck41589,342.0
Truck41598,301.0
Truck41595,324.0
Truck41599,308.0
Truck41597,319.0
Truck41592,346.0
Truck41603,291.0
Truck41605,291.0
Truck41601,318.0
Truck41604,319.0
Truck41602,337.0
Truck41607,313.0
Truck41612,291.0
Truck41600,355.0
Truck41606,346.0
Truck41617,291.0
Truck41614,310.0
Truck41619,291.0
Truck41610,340.0
Truck41620,291.0
Truck41621,291.0
Truck41611,345.0
Truck41622,291.0
Truck41623,291.0
Truck41615,333.0
Truck41609,367.0
Truck41618,331.0
Truck41613,359.0
Truck41616,346.0
Truck41627,291.0
Truck41628,291.0
Truck41632,291.0
Truck41626,323.0
Truck41625,334.0
Truck41629,314.0
Truck41608,443.0
Truck41635,309.0
Truck41640,300.0
Truck41624,381.0
Truck41636,330.0
Truck41644,291.0
Truck41631,360.0
Truck41634,346.0
Truck41646,291.0
Truck41645,301.0
Truck41649,291.0
Truck41641,334.0
Truck41647,306.0
Truck41651,291.0
Truck41637,364.0
Truck41643,334.0
Truck41633,385.0
Truck41652,291.0
Truck41639,363.0
Truck41655,291.0
Truck41648,337.0
Truck41638,389.0
Truck41658,291.0
Truck41656,308.0
Truck41660,291.0
Truck41661,291.0
Truck41642,387.0
Truck41662,291.0
Truck41663,291.0
Truck41657,323.0
Truck41654,345.0
Truck41665,291.0
Truck41650,388.0
Truck41670,291.0
Truck41659,349.0
Truck41671,291.0
Truck41667,312.0
Truck41673,291.0
Truck41630,508.0
Truck41664,345.0
Truck41675,291.0
Truck41666,339.0
Truck41672,313.0
Truck41677,291.0
Truck41668,340.0
Truck41653,418.0
Truck41676,319.0
Truck41678,315.0
Truck41683,291.0
Truck41674,338.0
Truck41684,291.0
Truck41686,291.0
Truck41669,378.0
Truck41681,320.0
Truck41679,334.0
Truck41680,335.0
Truck41689,291.0
Truck41691,291.0
Truck41682,340.0
Truck41693,291.0
Truck41687,322.0
Truck41694,291.0
Truck41692,308.0
Truck41696,291.0
Truck41688,333.0
Truck41697,291.0
Truck41698,291.0
Truck41685,365.0
Truck41760,291.0
Truck41761,291.0
Truck41762,291.0
Truck41765,291.0
Truck41768,291.0
Truck41763,318.0
Truck41767,300.0
Truck41764,318.0
Truck41770,291.0
Truck41771,291.0
Truck41772,291.0
Truck41774,291.0
Truck41769,319.0
Truck41776,291.0
Truck41778,291.0
Truck41779,291.0
Truck41766,359.0
Truck41780,291.0
Truck41775,321.0
Truck41773,345.0
Truck41784,291.0
Truck41777,330.0
Truck41785,291.0
Truck41787,303.0
Truck41781,336.0
Truck41788,307.0
Truck41793,306.0
Truck41783,357.0
Truck41792,318.0
Truck41789,335.0
Truck41798,291.0
Truck41790,336.0
Truck41799,291.0
Truck41794,326.0
Truck41786,367.0
Truck41795,325.0
Truck41803,291.0
Truck41782,397.0
Truck41804,291.0
Truck41791,358.0
Truck41802,303.0
Truck41796,345.0
Truck41797,341.0
Truck41807,291.0
Truck41805,305.0
Truck41808,291.0
Truck41800,335.0
Truck41801,334.0
Truck41810,291.0
Truck41806,336.0
Truck41815,291.0
Truck41809,327.0
Truck41819,291.0
Truck41812,328.0
Truck41817,307.0
Truck41821,291.0
Truck41811,347.0
Truck41825,291.0
Truck41816,357.0
Truck41813,378.0
Truck41818,354.0
Truck41831,291.0
Truck41820,347.0
Truck41832,291.0
Truck41828,313.0
Truck41824,338.0
Truck41822,350.0
Truck41826,330.0
Truck41827,328.0
Truck41835,291.0
Truck41814,397.0
Truck41833,302.0
Truck41823,356.0
Truck41838,291.0
Truck41840,291.0
Truck41829,356.0
Truck41841,301.0
Truck41843,291.0
Truck41845,291.0
Truck41842,307.0
Truck41839,325.0
Truck41844,304.0
Truck41847,291.0
Truck41836,349.0
Truck41837,344.0
Truck41850,291.0
Truck41846,323.0
Truck41854,291.0
Truck41855,291.0
Truck41834,397.0
Truck41853,323.0
Truck41860,291.0
Truck41851,345.0
Truck41862,291.0
Truck41859,312.0
Truck41848,368.0
Truck41864,291.0
Truck41830,464.0
Truck41849,372.0
Truck41863,302.0
Truck41866,291.0
Truck41856,342.0
Truck41858,339.0
Truck41865,304.0
Truck41867,300.0
Truck41871,291.0
Truck41857,364.0
Truck41861,347.0
Truck41873,291.0
Truck41869,320.0
Truck41870,322.0
Truck41875,306.0
Truck41877,304.0
Truck41868,359.0
Truck41852,445.0
Truck41878,322.0
Truck41874,343.0
Truck41881,310.0
Truck41883,301.0
Truck41880,323.0
Truck41887,291.0
Truck41885,304.0
Truck41891,291.0
Truck41876,370.0
Truck41890,303.0
Truck41893,291.0
Truck41884,337.0
Truck41894,291.0
Truck41888,325.0
Truck41882,362.0
Truck41886,342.0
Truck41892,321.0
Truck41879,388.0
Truck41899,291.0
Truck41900,291.0
Truck41889,348.0
Truck41901,291.0
Truck41872,443.0
Truck41904,291.0
Truck41902,315.0
Truck41897,345.0
Truck41908,291.0
Truck41895,357.0
Truck41909,291.0
Truck41896,358.0
Truck41903,326.0
Truck41910,291.0
Truck41906,313.0
Truck41905,329.0
Truck41914,291.0
Truck41915,291.0
Truck41907,337.0
Truck41913,309.0
Truck41911,320.0
Truck41898,401.0
Truck41920,291.0
Truck41922,291.0
Truck41917,326.0
Truck41924,291.0
Truck41925,291.0
Truck41912,358.0
Truck41919,323.0
Truck41916,341.0
Truck41918,334.0
Truck41927,291.0
Truck41929,291.0
Truck41923,322.0
Truck41932,291.0
Truck41933,291.0
Truck41926,349.0
Truck41935,306.0
Truck41928,346.0
Truck41938,300.0
Truck41941,291.0
Truck41930,350.0
Truck41942,291.0
Truck41939,309.0
Truck41931,355.0
Truck41921,406.0
Truck41944,291.0
Truck41936,338.0
Truck41934,349.0
Truck41937,336.0
Truck41943,306.0
Truck41940,329.0
Truck41945,309.0
Truck41949,291.0
Truck41946,307.0
Truck41951,291.0
Truck41947,317.0
Truck41950,306.0
Truck41953,291.0
Truck41952,316.0
Truck41957,291.0
Truck41956,300.0
Truck41955,310.0
Truck41954,319.0
Truck41958,303.0
Truck41961,291.0
Truck41960,302.0
Truck41964,291.0
Truck41948,394.0
Truck41969,291.0
Truck41963,323.0
Truck41970,291.0
Truck41967,310.0
Truck41971,291.0
Truck41965,325.0
Truck41972,291.0
Truck41973,291.0
Truck41968,320.0
Truck41975,291.0
Truck41976,291.0
Truck41977,291.0
Truck41959,388.0
Truck41979,291.0
Truck41978,300.0
Truck41966,372.0
Truck41974,335.0
Truck41981,304.0
Truck41984,291.0
Truck41985,301.0
Truck41987,291.0
Truck41962,417.0
Truck41990,291.0
Truck41980,346.0
Truck41991,291.0
Truck41988,309.0
Truck41983,341.0
Truck41993,291.0
Truck41997,291.0
Truck41986,350.0
Truck41992,324.0
Truck41995,309.0
Truck41996,304.0
Truck41999,291.0
Truck41982,377.0
Truck42000,291.0
Truck42004,291.0
Truck41998,323.0
Truck42003,300.0
Truck42005,291.0
Truck41994,347.0
Truck42008,291.0
Truck42007,302.0
Truck42011,291.0
Truck42002,341.0
Truck42012,291.0
Truck42009,307.0
Truck41989,409.0
Truck42010,312.0
Truck42016,309.0
Truck42006,362.0
Truck42013,332.0
Truck42023,291.0
Truck42020,313.0
Truck42014,346.0
Truck42001,415.0
Truck42015,345.0
Truck42019,326.0
Truck42026,291.0
Truck42024,304.0
Truck42018,342.0
Truck42021,332.0
Truck42030,291.0
Truck42029,301.0
Truck42028,308.0
Truck42022,343.0
Truck42034,291.0
Truck42031,307.0
Truck42027,328.0
Truck42037,291.0
Truck42038,291.0
Truck42032,340.0
Truck42042,291.0
Truck42017,421.0
Truck42043,291.0
Truck42036,342.0
Truck42047,291.0
Truck42035,352.0
Truck42040,335.0
Truck42045,311.0
Truck42044,317.0
Truck42039,347.0
Truck42046,313.0
Truck42033,382.0
Truck42052,300.0
Truck42055,291.0
Truck42041,362.0
Truck42053,304.0
Truck42049,327.0
Truck42050,334.0
Truck42056,305.0
Truck42048,351.0
Truck42051,340.0
Truck42061,291.0
Truck42058,307.0
Truck42025,473.0
Truck42057,342.0
Truck42060,327.0
Truck42054,373.0
Truck42071,291.0
Truck42062,339.0
Truck42072,291.0
Truck42067,318.0
Truck42073,291.0
Truck42066,329.0
Truck42065,339.0
Truck42075,291.0
Truck42069,331.0
Truck42079,291.0
Truck42070,338.0
Truck42063,380.0
Truck42078,305.0
Truck42068,363.0
Truck42059,411.0
Truck42083,291.0
Truck42084,291.0
Truck42076,335.0
Truck42080,315.0
Truck42074,352.0
Truck42088,291.0
Truck42077,348.0
Truck42082,347.0
Truck42089,312.0
Truck42085,340.0
Truck42086,335.0
Truck42090,316.0
Truck42095,291.0
Truck42094,302.0
Truck42064,465.0
Truck42081,390.0
Truck42098,310.0
Truck42096,323.0
Truck42093,339.0
Truck42092,345.0
Truck42100,306.0
Truck42103,291.0
Truck42097,329.0
Truck42105,291.0
Truck42102,314.0
Truck42101,320.0
Truck42087,391.0
Truck42099,340.0
Truck42091,392.0
Truck42104,341.0
Truck42115,291.0
Truck42112,308.0
Truck42113,306.0
Truck42116,291.0
Truck42117,291.0
Truck42107,348.0
Truck42109,344.0
Truck42118,309.0
Truck42122,291.0
Truck42111,349.0
Truck42108,368.0
Truck42114,345.0
Truck42106,388.0
Truck42126,302.0
Truck42110,384.0
Truck42125,310.0
Truck42127,309.0
Truck42120,346.0
Truck42131,291.0
Truck42128,310.0
Truck42129,309.0
Truck42133,291.0
Truck42130,310.0
Truck42134,291.0
Truck42121,361.0
Truck42135,291.0
Truck42132,327.0
Truck42136,308.0
Truck42140,291.0
Truck42119,398.0
Truck42123,380.0
Truck42138,309.0
Truck42143,291.0
Truck42124,387.0
Truck42141,304.0
Truck42144,301.0
Truck42142,313.0
Truck42145,302.0
Truck42137,349.0
Truck42151,291.0
Truck42146,325.0
Truck42153,291.0
Truck42139,365.0
Truck42147,325.0
Truck42154,291.0
Truck42150,313.0
Truck42155,291.0
Truck42152,308.0
Truck42156,291.0
Truck42157,291.0
Truck42159,291.0
Truck42149,347.0
Truck42158,317.0
Truck42161,304.0
Truck42148,377.0
Truck42165,303.0
Truck42170,291.0
Truck42168,304.0
Truck42160,348.0
Truck42172,291.0
Truck42173,291.0
Truck42162,347.0
Truck42164,344.0
Truck42175,291.0
Truck42166,340.0
Truck42169,351.0
Truck42176,316.0
Truck42174,327.0
Truck42182,291.0
Truck42167,367.0
Truck42179,317.0
Truck42163,399.0
Truck42177,341.0
Truck42181,328.0
Truck42171,380.0
Truck42190,291.0
Truck42180,343.0
Truck42184,323.0
Truck42192,291.0
Truck42178,364.0
Truck42189,318.0
Truck42195,291.0
Truck42193,306.0
Truck42186,346.0
Truck42197,291.0
Truck42185,361.0
Truck42183,374.0
Truck42198,305.0
Truck42194,330.0
Truck42199,310.0
Truck42188,367.0
Truck42200,327.0
Truck42191,373.0
Truck42196,348.0
Truck42187,394.0
Truck42208,291.0
Truck42209,291.0
Truck42207,302.0
Truck42211,291.0
Truck42202,340.0
Truck42212,291.0
Truck42204,332.0
Truck42205,330.0
Truck42210,311.0
Truck42206,346.0
Truck42217,291.0
Truck42214,308.0
Truck42216,306.0
Truck42201,384.0
Truck42220,291.0
Truck42219,301.0
Truck42221,291.0
Truck42203,383.0
Truck42222,291.0
Truck42215,328.0
Truck42218,323.0
Truck42223,309.0
Truck42213,361.0
Truck42224,308.0
Truck42228,291.0
Truck42227,301.0
Truck42226,308.0
Truck42229,307.0
Truck42230,303.0
Truck42225,337.0
Truck42232,305.0
Truck42233,306.0
Truck42231,322.0
Truck42234,309.0
Truck42236,304.0
Truck42240,300.0
Truck42241,306.0
Truck42235,339.0
Truck42237,343.0
Truck42244,308.0
Truck42245,304.0
Truck42239,336.0
Truck42248,291.0
Truck42246,307.0
Truck42247,302.0
Truck42242,336.0
Truck42252,291.0
Truck42238,362.0
Truck42243,338.0
Truck42249,309.0
Truck42254,300.0
Truck42256,291.0
Truck42251,326.0
Truck42258,291.0
Truck42259,291.0
Truck42260,291.0
Truck42257,307.0
Truck42250,347.0
Truck42262,291.0
Truck42253,347.0
Truck42271,291.0
Truck42269,305.0
Truck42261,349.0
Truck42264,335.0
Truck42267,322.0
Truck42274,291.0
Truck42273,303.0
Truck42263,356.0
Truck42276,291.0
Truck42268,335.0
Truck42278,291.0
Truck42277,307.0
Truck42281,291.0
Truck42282,291.0
Truck42266,376.0
Truck42284,291.0
Truck42279,317.0
Truck42272,354.0
Truck42283,301.0
Truck42280,320.0
Truck42286,291.0
Truck42275,356.0
Truck42288,291.0
Truck42265,411.0
Truck42270,386.0
Truck42255,474.0
Truck42292,291.0
Truck42291,300.0
Truck42293,301.0
Truck42295,291.0
Truck42285,345.0
Truck42296,291.0
Truck42287,337.0
Truck42294,307.0
Truck42300,291.0
Truck42290,344.0
Truck42302,291.0
Truck42303,291.0
Truck42304,291.0
Truck42299,317.0
Truck42308,291.0
Truck42289,390.0
Truck42301,330.0
Truck42306,306.0
Truck42298,347.0
Truck42297,354.0
Truck42311,291.0
Truck42310,302.0
Truck42305,346.0
Truck42316,291.0
Truck42314,302.0
Truck42307,349.0
Truck42320,291.0
Truck42313,330.0
Truck42322,291.0
Truck42323,291.0
Truck42324,291.0
Truck42317,335.0
Truck42315,346.0
Truck42325,300.0
Truck42319,331.0
Truck42321,321.0
Truck42312,373.0
Truck42332,291.0
Truck42329,307.0
Truck42326,336.0
Truck42335,291.0
Truck42328,331.0
Truck42333,312.0
Truck42330,331.0
Truck42339,291.0
Truck42309,450.0
Truck42318,408.0
Truck42331,344.0
Truck42327,371.0
Truck42341,304.0
Truck42337,335.0
Truck42334,355.0
Truck42347,291.0
Truck42336,355.0
Truck42340,342.0
Truck42344,326.0
Truck42342,338.0
Truck42350,305.0
Truck42338,367.0
Truck42351,307.0
Truck42343,348.0
Truck42349,326.0
Truck42356,291.0
Truck42357,291.0
Truck42358,291.0
Truck42354,316.0
Truck42348,354.0
Truck42361,291.0
Truck42353,334.0
Truck42359,304.0
Truck42360,306.0
Truck42366,291.0
Truck42355,349.0
Truck42364,309.0
Truck42345,410.0
Truck42352,380.0
Truck42370,291.0
Truck42371,291.0
Truck42346,422.0
Truck42365,337.0
Truck42375,291.0
Truck42372,308.0
Truck42367,339.0
Truck42377,291.0
Truck42378,291.0
Truck42362,372.0
Truck42373,321.0
Truck42379,291.0
Truck42369,345.0
Truck42363,382.0
Truck42368,358.0
Truck42382,291.0
Truck42381,302.0
Truck42385,291.0
Truck42380,324.0
Truck42387,291.0
Truck42376,350.0
Truck42374,361.0
Truck42383,317.0
Truck42389,291.0
Truck42390,291.0
Truck42388,302.0
Truck42386,330.0
Truck42394,291.0
Truck42396,291.0
Truck42398,291.0
Truck42399,301.0
Truck42401,291.0
Truck42384,379.0
Truck42402,291.0
Truck42403,291.0
Truck42393,343.0
Truck42392,349.0
Truck42397,342.0
Truck42391,374.0
Truck42408,291.0
Truck42411,291.0
Truck42400,363.0
Truck42395,389.0
Truck42416,291.0
Truck42407,338.0
Truck42405,354.0
Truck42418,291.0
Truck42409,340.0
Truck42419,291.0
Truck42420,291.0
Truck42413,334.0
Truck42410,350.0
Truck42417,315.0
Truck42415,337.0
Truck42406,386.0
Truck42412,357.0
Truck42414,350.0
Truck42421,324.0
Truck42426,316.0
Truck42432,291.0
Truck42404,433.0
Truck42423,340.0
Truck42434,291.0
Truck42424,342.0
Truck42435,291.0
Truck42429,322.0
Truck42436,291.0
Truck42430,324.0
Truck42427,343.0
Truck42431,356.0
Truck42444,291.0
Truck42438,323.0
Truck42440,315.0
Truck42428,377.0
Truck42446,291.0
Truck42433,357.0
Truck42439,327.0
Truck42425,403.0
Truck42445,304.0
Truck42448,291.0
Truck42443,319.0
Truck42449,291.0
Truck42442,330.0
Truck42441,342.0
Truck42437,373.0
Truck42447,330.0
Truck42453,303.0
Truck42456,291.0
Truck42457,291.0
Truck42455,306.0
Truck42458,291.0
Truck42450,333.0
Truck42422,479.0
Truck42461,291.0
Truck42460,316.0
Truck42459,322.0
Truck42462,307.0
Truck42451,365.0
Truck42454,356.0
Truck42464,308.0
Truck42465,308.0
Truck42468,301.0
Truck42469,306.0
Truck42472,291.0
Truck42473,291.0
Truck42452,400.0
Truck42467,325.0
Truck42477,291.0
Truck42471,325.0
Truck42463,366.0
Truck42470,336.0
Truck42479,291.0
Truck42474,327.0
Truck42475,322.0
Truck42478,308.0
Truck42476,319.0
Truck42483,291.0
Truck42484,291.0
Truck42485,291.0
Truck42481,313.0
Truck42482,308.0
Truck42480,328.0
Truck42487,316.0
Truck42488,311.0
Truck42493,291.0
Truck42494,291.0
Truck42497,291.0
Truck42495,305.0
Truck42489,338.0
Truck42466,455.0
Truck42499,291.0
Truck42491,332.0
Truck42486,359.0
Truck42498,305.0
Truck42502,300.0
Truck42505,291.0
Truck42500,319.0
Truck42496,341.0
Truck42509,291.0
Truck42506,308.0
Truck42510,291.0
Truck42503,332.0
Truck42501,344.0
Truck42490,400.0
Truck42512,291.0
Truck42511,304.0
Truck42507,329.0
Truck42514,302.0
Truck42517,291.0
Truck42518,291.0
Truck42508,344.0
Truck42520,291.0
Truck42521,291.0
Truck42515,323.0
Truck42519,304.0
Truck42523,291.0
Truck42504,395.0
Truck42522,308.0
Truck42527,291.0
Truck42524,314.0
Truck42529,291.0
Truck42492,477.0
Truck42513,376.0
Truck42530,291.0
Truck42525,319.0
Truck42532,291.0
Truck42516,387.0
Truck42528,337.0
Truck42526,348.0
Truck42540,291.0
Truck42531,340.0
Truck42535,327.0
Truck42541,301.0
Truck42543,291.0
Truck42544,291.0
Truck42536,335.0
Truck42545,291.0
Truck42534,347.0
Truck42533,355.0
Truck42547,291.0
Truck42537,343.0
Truck42542,324.0
Truck42538,346.0
Truck42550,313.0
Truck42555,291.0
Truck42546,338.0
Truck42557,291.0
Truck42539,382.0
Truck42556,303.0
Truck42552,327.0
Truck42561,291.0
Truck42553,333.0
Truck42562,291.0
Truck42554,334.0
Truck42549,365.0
Truck42551,358.0
Truck42564,317.0
Truck42548,399.0
Truck42559,344.0
Truck42560,339.0
Truck42565,314.0
Truck42558,350.0
Truck42569,305.0
Truck42574,291.0
Truck42563,348.0
Truck42575,291.0
Truck42568,331.0
Truck42576,291.0
Truck42570,322.0
Truck42578,291.0
Truck42566,354.0
Truck42571,332.0
Truck42572,349.0
Truck42582,302.0
Truck42585,291.0
Truck42580,317.0
Truck42567,387.0
Truck42584,303.0
Truck42583,312.0
Truck42588,291.0
Truck42589,291.0
Truck42591,291.0
Truck42590,306.0
Truck42593,291.0
Truck42595,291.0
Truck42581,363.0
Truck42594,301.0
Truck42579,385.0
Truck42577,396.0
Truck42573,429.0
Truck42592,338.0
Truck42600,302.0
Truck42586,374.0
Truck42587,369.0
Truck42596,325.0
Truck42603,291.0
Truck42605,291.0
Truck42597,335.0
Truck42599,326.0
Truck42598,332.0
Truck42607,291.0
Truck42604,307.0
Truck42602,330.0
Truck42611,291.0
Truck42606,320.0
Truck42613,291.0
Truck42612,300.0
Truck42610,324.0
Truck42601,374.0
Truck42618,291.0
Truck42614,316.0
Truck42620,291.0
Truck42608,367.0
Truck42626,291.0
Truck42621,317.0
Truck42617,339.0
Truck42615,351.0
Truck42624,313.0
Truck42623,321.0
Truck42609,396.0
Truck42622,335.0
Truck42628,314.0
Truck42627,320.0
Truck42633,291.0
Truck42619,363.0
Truck42634,291.0
Truck42632,305.0
Truck42636,291.0
Truck42635,305.0
Truck42638,291.0
Truck42630,333.0
Truck42637,302.0
Truck42629,357.0
Truck42631,347.0
Truck42625,380.0
Truck42643,291.0
Truck42639,317.0
Truck42641,308.0
Truck42645,291.0
Truck42646,291.0
Truck42640,333.0
Truck42647,301.0
Truck42651,291.0
Truck42652,291.0
Truck42653,291.0
Truck42654,291.0
Truck42655,291.0
Truck42650,317.0
Truck42656,291.0
Truck42648,336.0
Truck42657,291.0
Truck42642,371.0
Truck42649,340.0
Truck42661,291.0
Truck42659,304.0
Truck42616,520.0
Truck42660,303.0
Truck42663,291.0
Truck42644,413.0
Truck42666,306.0
Truck42669,291.0
Truck42658,352.0
Truck42667,309.0
Truck42665,320.0
Truck42671,291.0
Truck42668,308.0
Truck42662,339.0
Truck42664,329.0
Truck42674,291.0
Truck42676,291.0
Truck42670,326.0
Truck42675,301.0
Truck42672,321.0
Truck42679,291.0
Truck42677,303.0
Truck42673,324.0
Truck42678,309.0
Truck42680,305.0
Truck42683,303.0
Truck42686,291.0
Truck42682,313.0
Truck42687,291.0
Truck42681,335.0
Truck42690,291.0
Truck42688,306.0
Truck42692,291.0
Truck42693,291.0
Truck42694,291.0
Truck42689,320.0
Truck42685,344.0
Truck42684,365.0
Truck42696,305.0
Truck42700,291.0
Truck42691,341.0
Truck42702,291.0
Truck42695,339.0
Truck42706,291.0
Truck42704,302.0
Truck42697,343.0
Truck42708,291.0
Truck42703,317.0
Truck42709,291.0
Truck42711,291.0
Truck42701,347.0
Truck42710,304.0
Truck42715,291.0
Truck42705,342.0
Truck42698,387.0
Truck42718,291.0
Truck42716,303.0
Truck42712,326.0
Truck42719,291.0
Truck42720,291.0
Truck42707,357.0
Truck42699,399.0
Truck42721,291.0
Truck42714,339.0
Truck42724,291.0
Truck42713,358.0
Truck42722,320.0
Truck42728,291.0
Truck42723,317.0
Truck42729,291.0
Truck42731,291.0
Truck42717,376.0
Truck42734,291.0
Truck42733,301.0
Truck42727,336.0
Truck42736,291.0
Truck42725,350.0
Truck42735,304.0
Truck42738,291.0
Truck42730,346.0
Truck42726,371.0
Truck42739,316.0
Truck42742,307.0
Truck42732,360.0
Truck42737,337.0
Truck42741,319.0
Truck42743,314.0
Truck42748,291.0
Truck42749,291.0
Truck42751,291.0
Truck42754,291.0
Truck42744,364.0
Truck42740,386.0
Truck42759,291.0
Truck42758,302.0
Truck42753,331.0
Truck42763,291.0
Truck42760,308.0
Truck42746,379.0
Truck42764,291.0
Truck42750,363.0
Truck42747,386.0
Truck42745,400.0
Truck42755,353.0
Truck42768,291.0
Truck42761,327.0
Truck42767,301.0
Truck42770,291.0
Truck42772,291.0
Truck42757,368.0
Truck42773,291.0
Truck42752,398.0
Truck42762,355.0
Truck42769,326.0
Truck42776,291.0
Truck42765,347.0
Truck42771,330.0
Truck42774,319.0
Truck42777,304.0
Truck42756,416.0
Truck42780,302.0
Truck42783,291.0
Truck42779,316.0
Truck42784,291.0
Truck42775,337.0
Truck42778,326.0
Truck42785,291.0
Truck42787,291.0
Truck42788,291.0
Truck42786,307.0
Truck42782,330.0
Truck42766,419.0
Truck42792,291.0
Truck42793,291.0
Truck42781,366.0
Truck42795,300.0
Truck42797,291.0
Truck42789,334.0
Truck42796,307.0
Truck42800,291.0
Truck42790,342.0
Truck42791,338.0
Truck42798,306.0
Truck42801,291.0
Truck42802,291.0
Truck42794,338.0
Truck42804,291.0
Truck42799,320.0
Truck42805,291.0
Truck42803,314.0
Truck42810,291.0
Truck42808,306.0
Truck42809,305.0
Truck42813,291.0
Truck42811,305.0
Truck42814,291.0
Truck42806,343.0
Truck42818,291.0
Truck42812,336.0
Truck42817,317.0
Truck42807,370.0
Truck42821,306.0
Truck42824,291.0
Truck42816,332.0
Truck42815,342.0
Truck42823,302.0
Truck42826,291.0
Truck42820,323.0
Truck42819,332.0
Truck42828,291.0
Truck42829,291.0
Truck42822,336.0
Truck42834,291.0
Truck42833,301.0
Truck42835,291.0
Truck42825,342.0
Truck42827,346.0
Truck42840,291.0
Truck42832,332.0
Truck42831,342.0
Truck42842,291.0
Truck42843,291.0
Truck42839,315.0
Truck42841,309.0
Truck42845,291.0
Truck42830,371.0
Truck42837,336.0
Truck42847,291.0
Truck42846,308.0
Truck42844,320.0
Truck42848,309.0
Truck42852,291.0
Truck42850,305.0
Truck42836,376.0
Truck42853,291.0
Truck42838,377.0
Truck42856,291.0
Truck42859,291.0
Truck42849,343.0
Truck42862,291.0
Truck42861,301.0
Truck42851,359.0
Truck42866,291.0
Truck42867,291.0
Truck42868,291.0
Truck42857,348.0
Truck42860,341.0
Truck42870,291.0
Truck42871,291.0
Truck42855,375.0
Truck42865,330.0
Truck42873,291.0
Truck42875,300.0
Truck42864,358.0
Truck42858,391.0
Truck42878,291.0
Truck42854,414.0
Truck42863,370.0
Truck42869,342.0
Truck42880,291.0
Truck42881,291.0
Truck42876,332.0
Truck42882,307.0
Truck42887,291.0
Truck42885,306.0
Truck42884,321.0
Truck42891,291.0
Truck42888,309.0
Truck42892,291.0
Truck42893,291.0
Truck42872,397.0
Truck42883,346.0
Truck42886,331.0
Truck42894,291.0
Truck42877,378.0
Truck42874,397.0
Truck42896,306.0
Truck42899,291.0
Truck42898,300.0
Truck42900,291.0
Truck42890,344.0
Truck42889,353.0
Truck42895,328.0
Truck42879,410.0
Truck42897,324.0
Truck42906,291.0
Truck42902,313.0
Truck42905,305.0
Truck42901,334.0
Truck42911,291.0
Truck42903,336.0
Truck42904,342.0
Truck42916,291.0
Truck42908,336.0
Truck42907,346.0
Truck42914,311.0
Truck42918,291.0
Truck42912,328.0
Truck42920,291.0
Truck42909,356.0
Truck42913,339.0
Truck42923,291.0
Truck42917,333.0
Truck42926,291.0
Truck42919,328.0
Truck42927,291.0
Truck42928,291.0
Truck42915,357.0
Truck42921,330.0
Truck42922,334.0
Truck42929,300.0
Truck42931,291.0
Truck42934,301.0
Truck42933,308.0
Truck42910,424.0
Truck42925,368.0
Truck42932,335.0
Truck42941,291.0
Truck42930,359.0
Truck42938,319.0
Truck42937,334.0
Truck42943,308.0
Truck42948,291.0
Truck42939,338.0
Truck42935,364.0
Truck42924,420.0
Truck42947,306.0
Truck42950,291.0
Truck42936,364.0
Truck42942,337.0
Truck42944,327.0
Truck42946,327.0
Truck42951,304.0
Truck42949,315.0
Truck42955,291.0
Truck42945,342.0
Truck42954,300.0
Truck42940,375.0
Truck42953,313.0
Truck42960,291.0
Truck42961,291.0
Truck42952,344.0
Truck42956,325.0
Truck42964,291.0
Truck42965,291.0
Truck42958,328.0
Truck42957,346.0
Truck42968,291.0
Truck42959,338.0
Truck42969,291.0
Truck42963,325.0
Truck42962,331.0
Truck42970,291.0
Truck42967,309.0
Truck42975,291.0
Truck42977,291.0
Truck42976,308.0
Truck42979,302.0
Truck42974,331.0
Truck42978,319.0
Truck42981,304.0
Truck42985,291.0
Truck42982,312.0
Truck42971,371.0
Truck42987,291.0
Truck42989,291.0
Truck42966,409.0
Truck42984,320.0
Truck42973,378.0
Truck42988,304.0
Truck42972,385.0
Truck42992,291.0
Truck42994,291.0
Truck42980,363.0
Truck42991,308.0
Truck42993,309.0
Truck42996,309.0
Truck42983,394.0
Truck42986,380.0
Truck43003,303.0
Truck42998,330.0
Truck42990,372.0
Truck43005,300.0
Truck43008,291.0
Truck43000,339.0
Truck42995,366.0
Truck43010,291.0
Truck43011,291.0
Truck43002,337.0
Truck43012,291.0
Truck43001,349.0
Truck42999,361.0
Truck43013,291.0
Truck43004,346.0
Truck43018,291.0
Truck43015,310.0
Truck42997,401.0
Truck43014,316.0
Truck43017,303.0
Truck43007,354.0
Truck43023,291.0
Truck43006,378.0
Truck43024,291.0
Truck43016,334.0
Truck43025,291.0
Truck43020,319.0
Truck43026,291.0
Truck43021,320.0
Truck43009,382.0
Truck43027,301.0
Truck43030,291.0
Truck43031,291.0
Truck43022,346.0
Truck43028,316.0
Truck43034,291.0
Truck43019,367.0
Truck43035,291.0
Truck43036,291.0
Truck43033,307.0
Truck43037,291.0
Truck43029,341.0
Truck43032,334.0
Truck43038,305.0
Truck43043,291.0
Truck43041,305.0
Truck43044,291.0
Truck43045,291.0
Truck43039,331.0
Truck43047,291.0
Truck43049,291.0
Truck43040,340.0
Truck43051,291.0
Truck43046,329.0
Truck43042,359.0
Truck43048,336.0
Truck43059,291.0
Truck43056,317.0
Truck43052,339.0
Truck43063,291.0
Truck43062,302.0
Truck43053,350.0
Truck43064,307.0
Truck43061,329.0
Truck43058,348.0
Truck43066,309.0
Truck43068,301.0
Truck43055,368.0
Truck43060,372.0
Truck43050,424.0
Truck43071,325.0
Truck43073,316.0
Truck43067,347.0
Truck43069,340.0
Truck43074,328.0
Truck43082,291.0
Truck43076,325.0
Truck43083,291.0
Truck43057,425.0
Truck43084,291.0
Truck43086,291.0
Truck43081,317.0
Truck43087,291.0
Truck43078,338.0
Truck43065,404.0
Truck43088,291.0
Truck43077,347.0
Truck43075,360.0
Truck43079,343.0
Truck43054,469.0
Truck43070,391.0
Truck43091,291.0
Truck43092,291.0
Truck43089,309.0
Truck43096,291.0
Truck43095,303.0
Truck43085,354.0
Truck43098,291.0
Truck43099,291.0
Truck43097,306.0
Truck43100,291.0
Truck43072,432.0
Truck43080,392.0
Truck43093,335.0
Truck43094,342.0
Truck43106,291.0
Truck43103,307.0
Truck43107,291.0
Truck43108,291.0
Truck43101,334.0
Truck43090,390.0
Truck43105,317.0
Truck43110,301.0
Truck43114,291.0
Truck43102,353.0
Truck43104,349.0
Truck43112,309.0
Truck43109,326.0
Truck43119,291.0
Truck43116,309.0
Truck43115,315.0
Truck43113,331.0
Truck43121,291.0
Truck43111,351.0
Truck43124,291.0
Truck43125,291.0
Truck43122,309.0
Truck43118,331.0
Truck43126,291.0
Truck43117,337.0
Truck43120,322.0
Truck43127,291.0
Truck43129,291.0
Truck43128,316.0
Truck43133,291.0
Truck43131,305.0
Truck43134,291.0
Truck43135,291.0
Truck43138,291.0
Truck43139,291.0
Truck43123,376.0
Truck43140,291.0
Truck43141,291.0
average,322.4500472280753
