ID,travel_time
Truck0,291
Truck1,291
Truck2,291
Truck3,291
Truck4,291
Truck5,291
Truck6,291
Truck7,291
Truck8,291
Truck9,291
Truck10,291
Truck11,291
Truck12,291
Truck13,291
Truck14,291
Truck15,291
Truck16,291
Truck17,291
Truck18,291
Truck19,291
Truck20,291
Truck21,291
Truck22,291
Truck23,291
Truck24,291
Truck25,291
Truck26,291
Truck27,291
Truck28,291
Truck29,291
Truck30,291
Truck31,291
Truck32,291
Truck33,291
Truck34,291
Truck35,291
Truck36,291
Truck37,291
Truck38,291
Truck39,291
Truck40,291
Truck41,291
Truck42,291
Truck43,291
Truck44,291
Truck45,291
Truck46,291
Truck47,291
Truck48,291
Truck49,291
Truck50,291
Truck51,291
Truck52,291
Truck53,291
Truck54,291
Truck55,291
Truck56,291
Truck57,291
Truck58,291
Truck59,291
Truck60,291
Truck61,291
Truck62,291
Truck63,291
Truck64,291
Truck65,291
Truck66,291
Truck67,291
Truck68,291
Truck69,291
Truck70,291
Truck71,291
Truck72,291
Truck73,291
Truck74,291
Truck75,291
Truck76,291
Truck77,291
Truck78,291
Truck79,291
Truck80,291
Truck81,291
Truck82,291
Truck83,291
Truck84,291
Truck85,291
Truck86,291
Truck87,291
Truck88,291
Truck89,291
Truck90,291
Truck91,291
Truck92,291
Truck93,291
Truck94,291
Truck95,291
Truck96,291
Truck97,291
Truck98,291
Truck99,291
Truck100,291
Truck101,291
Truck102,291
Truck103,291
Truck104,291
Truck105,291
Truck106,291
Truck107,291
Truck108,291
Truck109,291
Truck110,291
Truck111,291
Truck112,291
Truck113,291
Truck114,291
Truck115,291
Truck116,291
Truck117,291
Truck118,291
Truck119,291
Truck120,291
Truck121,291
Truck122,291
Truck123,291
Truck124,291
Truck125,291
Truck126,291
Truck127,291
Truck128,291
Truck129,291
Truck130,291
Truck131,291
Truck132,291
Truck133,291
Truck134,291
Truck135,291
Truck136,291
Truck137,291
Truck138,291
Truck139,291
Truck140,291
Truck141,291
Truck142,291
Truck143,291
Truck144,291
Truck145,291
Truck146,291
Truck147,291
Truck148,291
Truck149,291
Truck150,291
Truck151,291
Truck152,291
Truck153,291
Truck154,291
Truck155,291
Truck156,291
Truck157,291
Truck158,291
Truck159,291
Truck160,291
Truck161,291
Truck162,291
Truck163,291
Truck164,291
Truck165,291
Truck166,291
Truck167,291
Truck168,291
Truck169,291
Truck170,291
Truck171,291
Truck172,291
Truck173,291
Truck174,291
Truck175,291
Truck176,291
Truck177,291
Truck178,291
Truck179,291
Truck180,291
Truck181,291
Truck182,291
Truck183,291
Truck184,291
Truck185,291
Truck186,291
Truck187,291
Truck188,291
Truck189,291
Truck190,291
Truck191,291
Truck192,291
Truck193,291
Truck194,291
Truck195,291
Truck196,291
Truck197,291
Truck198,291
Truck199,291
Truck200,291
Truck201,291
Truck202,291
Truck203,291
Truck204,291
Truck205,291
Truck206,291
Truck207,291
Truck208,291
Truck209,291
Truck210,291
Truck211,291
Truck212,291
Truck213,291
Truck214,291
Truck215,291
Truck216,291
Truck217,291
Truck218,291
Truck219,291
Truck220,291
Truck221,291
Truck222,291
Truck223,291
Truck224,291
Truck225,291
Truck226,291
Truck227,291
Truck228,291
Truck229,291
Truck230,291
Truck231,291
Truck232,291
Truck233,291
Truck234,291
Truck235,291
Truck236,291
Truck237,291
Truck238,291
Truck239,291
Truck240,291
Truck241,291
Truck242,291
Truck243,291
Truck244,291
Truck245,291
Truck246,291
Truck247,291
Truck248,291
Truck249,291
Truck250,291
Truck251,291
Truck252,291
Truck253,291
Truck254,291
Truck255,291
Truck256,291
Truck257,291
Truck258,291
Truck259,291
Truck260,291
Truck261,291
Truck262,291
Truck263,291
Truck264,291
Truck265,291
Truck266,291
Truck267,291
Truck268,291
Truck269,291
Truck270,291
Truck271,291
Truck272,291
Truck273,291
Truck274,291
Truck275,291
Truck276,291
Truck277,291
Truck278,291
Truck279,291
Truck280,291
Truck281,291
Truck282,291
Truck283,291
Truck284,291
Truck285,291
Truck286,291
Truck287,291
Truck288,291
Truck289,291
Truck290,291
Truck291,291
Truck292,291
Truck293,291
Truck294,291
Truck295,291
Truck296,291
Truck297,291
Truck298,291
Truck299,291
Truck300,291
Truck301,291
Truck302,291
Truck303,291
Truck304,291
Truck305,291
Truck306,291
Truck307,291
Truck308,291
Truck309,291
Truck310,291
Truck311,291
Truck312,291
Truck313,291
Truck314,291
Truck315,291
Truck316,291
Truck317,291
Truck318,291
Truck319,291
Truck320,291
Truck321,291
Truck322,291
Truck323,291
Truck324,291
Truck325,291
Truck326,291
Truck327,291
Truck328,291
Truck329,291
Truck330,291
Truck331,291
Truck332,291
Truck333,291
Truck334,291
Truck335,291
Truck336,291
Truck337,291
Truck338,291
Truck339,291
Truck340,291
Truck341,291
Truck342,291
Truck343,291
Truck344,291
Truck345,291
Truck346,291
Truck347,291
Truck348,291
Truck349,291
Truck350,291
Truck351,291
Truck352,291
Truck353,291
Truck354,291
Truck355,291
Truck356,291
Truck357,291
Truck358,291
Truck359,291
Truck360,291
Truck361,291
Truck362,291
Truck363,291
Truck364,291
Truck365,291
Truck366,291
Truck367,291
Truck368,291
Truck369,291
Truck370,291
Truck371,291
Truck372,291
Truck373,291
Truck374,291
Truck375,291
Truck376,291
Truck377,291
Truck378,291
Truck379,291
Truck380,291
Truck381,291
Truck382,291
Truck383,291
Truck384,291
Truck385,291
Truck386,291
Truck387,291
Truck388,291
Truck389,291
Truck390,291
Truck391,291
Truck392,291
Truck393,291
Truck394,291
Truck395,291
Truck396,291
Truck397,291
Truck398,291
Truck399,291
Truck400,291
Truck401,291
Truck402,291
Truck403,291
Truck404,291
Truck405,291
Truck406,291
Truck407,291
Truck408,291
Truck409,291
Truck410,291
Truck411,291
Truck412,291
Truck413,291
Truck414,291
Truck415,291
Truck416,291
Truck417,291
Truck418,291
Truck419,291
Truck420,291
Truck421,291
Truck422,291
Truck423,291
Truck424,291
Truck425,291
Truck426,291
Truck427,291
Truck428,291
Truck429,291
Truck430,291
Truck431,291
Truck432,291
Truck433,291
Truck434,291
Truck435,291
Truck436,291
Truck437,291
Truck438,291
Truck439,291
Truck440,291
Truck441,291
Truck442,291
Truck443,291
Truck444,291
Truck445,291
Truck446,291
Truck447,291
Truck448,291
Truck449,291
Truck450,291
Truck451,291
Truck452,291
Truck453,291
Truck454,291
Truck455,291
Truck456,291
Truck457,291
Truck458,291
Truck459,291
Truck460,291
Truck461,291
Truck462,291
Truck463,291
Truck464,291
Truck465,291
Truck466,291
Truck467,291
Truck468,291
Truck469,291
Truck470,291
Truck471,291
Truck472,291
Truck473,291
Truck474,291
Truck475,291
Truck476,291
Truck477,291
Truck478,291
Truck479,291
Truck480,291
Truck481,291
Truck482,291
Truck483,291
Truck484,291
Truck485,291
Truck486,291
Truck487,291
Truck488,291
Truck489,291
Truck490,291
Truck491,291
Truck492,291
Truck493,291
Truck494,291
Truck495,291
Truck496,291
Truck497,291
Truck498,291
Truck499,291
Truck500,291
Truck501,291
Truck502,291
Truck503,291
Truck504,291
Truck505,291
Truck506,291
Truck507,291
Truck508,291
Truck509,291
Truck510,291
Truck511,291
Truck512,291
Truck513,291
Truck514,291
Truck515,291
Truck516,291
Truck517,291
Truck518,291
Truck519,291
Truck520,291
Truck521,291
Truck522,291
Truck523,291
Truck524,291
Truck525,291
Truck526,291
Truck527,291
Truck528,291
Truck529,291
Truck530,291
Truck531,291
Truck532,291
Truck533,291
Truck534,291
Truck535,291
Truck536,291
Truck537,291
Truck538,291
Truck539,291
Truck540,291
Truck541,291
Truck542,291
Truck543,291
Truck544,291
Truck545,291
Truck546,291
Truck547,291
Truck548,291
Truck549,291
Truck550,291
Truck551,291
Truck552,291
Truck553,291
Truck554,291
Truck555,291
Truck556,291
Truck557,291
Truck558,291
Truck559,291
Truck560,291
Truck561,291
Truck562,291
Truck563,291
Truck564,291
Truck565,291
Truck566,291
Truck567,291
Truck568,291
Truck569,291
Truck570,291
Truck571,291
Truck572,291
Truck573,291
Truck574,291
Truck575,291
Truck576,291
Truck577,291
Truck578,291
Truck579,291
Truck580,291
Truck581,291
Truck582,291
Truck583,291
Truck584,291
Truck585,291
Truck586,291
Truck587,291
Truck588,291
Truck589,291
Truck590,291
Truck591,291
Truck592,291
Truck593,291
Truck594,291
Truck595,291
Truck596,291
Truck597,291
Truck598,291
Truck599,291
Truck600,291
Truck601,291
Truck602,291
Truck603,291
Truck604,291
Truck605,291
Truck606,291
Truck607,291
Truck608,291
Truck609,291
Truck610,291
Truck611,291
Truck612,291
Truck613,291
Truck614,291
Truck615,291
Truck616,291
Truck617,291
Truck618,291
Truck619,291
Truck620,291
Truck621,291
Truck622,291
Truck623,291
Truck624,291
Truck625,291
Truck626,291
Truck627,291
Truck628,291
Truck629,291
Truck630,291
Truck631,291
Truck632,291
Truck633,291
Truck634,291
Truck635,291
Truck636,291
Truck637,291
Truck638,291
Truck639,291
Truck640,291
Truck641,291
Truck642,291
Truck643,291
Truck644,291
Truck645,291
Truck646,291
Truck647,291
Truck648,291
Truck649,291
Truck650,291
Truck651,291
Truck652,291
Truck653,291
Truck654,291
Truck655,291
Truck656,291
Truck657,291
Truck658,291
Truck659,291
Truck660,291
Truck661,291
Truck662,291
Truck663,291
Truck664,291
Truck665,291
Truck666,291
Truck667,291
Truck668,291
Truck669,291
Truck670,291
Truck671,291
Truck672,291
Truck673,291
Truck674,291
Truck675,291
Truck676,291
Truck677,291
Truck678,291
Truck679,291
Truck680,291
Truck681,291
Truck682,291
Truck683,291
Truck684,291
Truck685,291
Truck686,291
Truck687,291
Truck688,291
Truck689,291
Truck690,291
Truck691,291
Truck692,291
Truck693,291
Truck694,291
Truck695,291
Truck696,291
Truck697,291
Truck698,291
Truck699,291
Truck700,291
Truck701,291
Truck702,291
Truck703,291
Truck704,291
Truck705,291
Truck706,291
Truck707,291
Truck708,291
Truck709,291
Truck710,291
Truck711,291
Truck712,291
Truck713,291
Truck714,291
Truck715,291
Truck716,291
Truck717,291
Truck718,291
Truck719,291
Truck720,291
Truck721,291
Truck722,291
Truck723,291
Truck724,291
Truck725,291
Truck726,291
Truck727,291
Truck728,291
Truck729,291
Truck730,291
Truck731,291
Truck732,291
Truck733,291
Truck734,291
Truck735,291
Truck736,291
Truck737,291
Truck738,291
Truck739,291
Truck740,291
Truck741,291
Truck742,291
Truck743,291
Truck744,291
Truck745,291
Truck746,291
Truck747,291
Truck748,291
Truck749,291
Truck750,291
Truck751,291
Truck752,291
Truck753,291
Truck754,291
Truck755,291
Truck756,291
Truck757,291
Truck758,291
Truck759,291
Truck760,291
Truck761,291
Truck762,291
Truck763,291
Truck764,291
Truck765,291
Truck766,291
Truck767,291
Truck768,291
Truck769,291
Truck770,291
Truck771,291
Truck772,291
Truck773,291
Truck774,291
Truck775,291
Truck776,291
Truck777,291
Truck778,291
Truck779,291
Truck780,291
Truck781,291
Truck782,291
Truck783,291
Truck784,291
Truck785,291
Truck786,291
Truck787,291
Truck788,291
Truck789,291
Truck790,291
Truck791,291
Truck792,291
Truck793,291
Truck794,291
Truck795,291
Truck796,291
Truck797,291
Truck798,291
Truck799,291
Truck800,291
Truck801,291
Truck802,291
Truck803,291
Truck804,291
Truck805,291
Truck806,291
Truck807,291
Truck808,291
Truck809,291
Truck810,291
Truck811,291
Truck812,291
Truck813,291
Truck814,291
Truck815,291
Truck816,291
Truck817,291
Truck818,291
Truck819,291
Truck820,291
Truck821,291
Truck822,291
Truck823,291
Truck824,291
Truck825,291
Truck826,291
Truck827,291
Truck828,291
Truck829,291
Truck830,291
Truck831,291
Truck832,291
Truck833,291
Truck834,291
Truck835,291
Truck836,291
Truck837,291
Truck838,291
Truck839,291
Truck840,291
Truck841,291
Truck842,291
Truck843,291
Truck844,291
Truck845,291
Truck846,291
Truck847,291
Truck848,291
Truck849,291
Truck850,291
Truck851,291
Truck852,291
Truck853,291
Truck854,291
Truck855,291
Truck856,291
Truck857,291
Truck858,291
Truck859,291
Truck860,291
Truck861,291
Truck862,291
Truck863,291
Truck864,291
Truck865,291
Truck866,291
Truck867,291
Truck868,291
Truck869,291
Truck870,291
Truck871,291
Truck872,291
Truck873,291
Truck874,291
Truck875,291
Truck876,291
Truck877,291
Truck878,291
Truck879,291
Truck880,291
Truck881,291
Truck882,291
Truck883,291
Truck884,291
Truck885,291
Truck886,291
Truck887,291
Truck888,291
Truck889,291
Truck890,291
Truck891,291
Truck892,291
Truck893,291
Truck894,291
Truck895,291
Truck896,291
Truck897,291
Truck898,291
Truck899,291
Truck900,291
Truck901,291
Truck902,291
Truck903,291
Truck904,291
Truck905,291
Truck906,291
Truck907,291
Truck908,291
Truck909,291
Truck910,291
Truck911,291
Truck912,291
Truck913,291
Truck914,291
Truck915,291
Truck916,291
Truck917,291
Truck918,291
Truck919,291
Truck920,291
Truck921,291
Truck922,291
Truck923,291
Truck924,291
Truck925,291
Truck926,291
Truck927,291
Truck928,291
Truck929,291
Truck930,291
Truck931,291
Truck932,291
Truck933,291
Truck934,291
Truck935,291
Truck936,291
Truck937,291
Truck938,291
Truck939,291
Truck940,291
Truck941,291
Truck942,291
Truck943,291
Truck944,291
Truck945,291
Truck946,291
Truck947,291
Truck948,291
Truck949,291
Truck950,291
Truck951,291
Truck952,291
Truck953,291
Truck954,291
Truck955,291
Truck956,291
Truck957,291
Truck958,291
Truck959,291
Truck960,291
Truck961,291
Truck962,291
Truck963,291
Truck964,291
Truck965,291
Truck966,291
Truck967,291
Truck968,291
Truck969,291
Truck970,291
Truck971,291
Truck972,291
Truck973,291
Truck974,291
Truck975,291
Truck976,291
Truck977,291
Truck978,291
Truck979,291
Truck980,291
Truck981,291
Truck982,291
Truck983,291
Truck984,291
Truck985,291
Truck986,291
Truck987,291
Truck988,291
Truck989,291
Truck990,291
Truck991,291
Truck992,291
Truck993,291
Truck994,291
Truck995,291
Truck996,291
Truck997,291
Truck998,291
Truck999,291
Truck1000,291
Truck1001,291
Truck1002,291
Truck1003,291
Truck1004,291
Truck1005,291
Truck1006,291
Truck1007,291
Truck1008,291
Truck1009,291
Truck1010,291
Truck1011,291
Truck1012,291
Truck1013,291
Truck1014,291
Truck1015,291
Truck1016,291
Truck1017,291
Truck1018,291
Truck1019,291
Truck1020,291
Truck1021,291
Truck1022,291
Truck1023,291
Truck1024,291
Truck1025,291
Truck1026,291
Truck1027,291
Truck1028,291
Truck1029,291
Truck1030,291
Truck1031,291
Truck1032,291
Truck1033,291
Truck1034,291
Truck1035,291
Truck1036,291
Truck1037,291
Truck1038,291
Truck1039,291
Truck1040,291
Truck1041,291
Truck1042,291
Truck1043,291
Truck1044,291
Truck1045,291
Truck1046,291
Truck1047,291
Truck1048,291
Truck1049,291
Truck1050,291
Truck1051,291
Truck1052,291
Truck1053,291
Truck1054,291
Truck1055,291
Truck1056,291
Truck1057,291
Truck1058,291
Truck1059,291
Truck1060,291
Truck1061,291
Truck1062,291
Truck1063,291
Truck1064,291
Truck1065,291
Truck1066,291
Truck1067,291
Truck1068,291
Truck1069,291
Truck1070,291
Truck1071,291
Truck1072,291
Truck1073,291
Truck1074,291
Truck1075,291
Truck1076,291
Truck1077,291
Truck1078,291
Truck1079,291
Truck1080,291
Truck1081,291
Truck1082,291
Truck1083,291
Truck1084,291
Truck1085,291
Truck1086,291
Truck1087,291
Truck1088,291
Truck1089,291
Truck1090,291
Truck1091,291
Truck1092,291
Truck1093,291
Truck1094,291
Truck1095,291
Truck1096,291
Truck1097,291
Truck1098,291
Truck1099,291
Truck1100,291
Truck1101,291
Truck1102,291
Truck1103,291
Truck1104,291
Truck1105,291
Truck1106,291
Truck1107,291
Truck1108,291
Truck1109,291
Truck1110,291
Truck1111,291
Truck1112,291
Truck1113,291
Truck1114,291
Truck1115,291
Truck1116,291
Truck1117,291
Truck1118,291
Truck1119,291
Truck1120,291
Truck1121,291
Truck1122,291
Truck1123,291
Truck1124,291
Truck1125,291
Truck1126,291
Truck1127,291
Truck1128,291
Truck1129,291
Truck1130,291
Truck1131,291
Truck1132,291
Truck1133,291
Truck1134,291
Truck1135,291
Truck1136,291
Truck1137,291
Truck1138,291
Truck1139,291
Truck1140,291
Truck1141,291
Truck1142,291
Truck1143,291
Truck1144,291
Truck1145,291
Truck1146,291
Truck1147,291
Truck1148,291
Truck1149,291
Truck1150,291
Truck1151,291
Truck1152,291
Truck1153,291
Truck1154,291
Truck1155,291
Truck1156,291
Truck1157,291
Truck1158,291
Truck1159,291
Truck1160,291
Truck1161,291
Truck1162,291
Truck1163,291
Truck1164,291
Truck1165,291
Truck1166,291
Truck1167,291
Truck1168,291
Truck1169,291
Truck1170,291
Truck1171,291
Truck1172,291
Truck1173,291
Truck1174,291
Truck1175,291
Truck1176,291
Truck1177,291
Truck1178,291
Truck1179,291
Truck1180,291
Truck1181,291
Truck1182,291
Truck1183,291
Truck1184,291
Truck1185,291
Truck1186,291
Truck1187,291
Truck1188,291
Truck1189,291
Truck1190,291
Truck1191,291
Truck1192,291
Truck1193,291
Truck1194,291
Truck1195,291
Truck1196,291
Truck1197,291
Truck1198,291
Truck1199,291
Truck1200,291
Truck1201,291
Truck1202,291
Truck1203,291
Truck1204,291
Truck1205,291
Truck1206,291
Truck1207,291
Truck1208,291
Truck1209,291
Truck1210,291
Truck1211,291
Truck1212,291
Truck1213,291
Truck1214,291
Truck1215,291
Truck1216,291
Truck1217,291
Truck1218,291
Truck1219,291
Truck1220,291
Truck1221,291
Truck1222,291
Truck1223,291
Truck1224,291
Truck1225,291
Truck1226,291
Truck1227,291
Truck1228,291
Truck1229,291
Truck1230,291
Truck1231,291
Truck1232,291
Truck1233,291
Truck1234,291
Truck1235,291
Truck1236,291
Truck1237,291
Truck1238,291
Truck1239,291
Truck1240,291
Truck1241,291
Truck1242,291
Truck1243,291
Truck1244,291
Truck1245,291
Truck1246,291
Truck1247,291
Truck1248,291
Truck1249,291
Truck1250,291
Truck1251,291
Truck1252,291
Truck1253,291
Truck1254,291
Truck1255,291
Truck1256,291
Truck1257,291
Truck1258,291
Truck1259,291
Truck1260,291
Truck1261,291
Truck1262,291
Truck1263,291
Truck1264,291
Truck1265,291
Truck1266,291
Truck1267,291
Truck1268,291
Truck1269,291
Truck1270,291
Truck1271,291
Truck1272,291
Truck1273,291
Truck1274,291
Truck1275,291
Truck1276,291
Truck1277,291
Truck1278,291
Truck1279,291
Truck1280,291
Truck1281,291
Truck1282,291
Truck1283,291
Truck1284,291
Truck1285,291
Truck1286,291
Truck1287,291
Truck1288,291
Truck1289,291
Truck1290,291
Truck1291,291
Truck1292,291
Truck1293,291
Truck1294,291
Truck1295,291
Truck1296,291
Truck1297,291
Truck1298,291
Truck1299,291
Truck1300,291
Truck1301,291
Truck1302,291
Truck1303,291
Truck1304,291
Truck1305,291
Truck1306,291
Truck1307,291
Truck1308,291
Truck1309,291
Truck1310,291
Truck1311,291
Truck1312,291
Truck1313,291
Truck1314,291
Truck1315,291
Truck1316,291
Truck1317,291
Truck1318,291
Truck1319,291
Truck1320,291
Truck1321,291
Truck1322,291
Truck1323,291
Truck1324,291
Truck1325,291
Truck1326,291
Truck1327,291
Truck1328,291
Truck1329,291
Truck1330,291
Truck1331,291
Truck1332,291
Truck1333,291
Truck1334,291
Truck1335,291
Truck1336,291
Truck1337,291
Truck1338,291
Truck1339,291
Truck1340,291
Truck1341,291
Truck1342,291
Truck1343,291
Truck1344,291
Truck1345,291
Truck1346,291
Truck1347,291
Truck1348,291
Truck1349,291
Truck1350,291
Truck1351,291
Truck1352,291
Truck1353,291
Truck1354,291
Truck1355,291
Truck1356,291
Truck1357,291
Truck1358,291
Truck1359,291
Truck1360,291
Truck1361,291
Truck1362,291
Truck1363,291
Truck1364,291
Truck1365,291
Truck1366,291
Truck1367,291
Truck1368,291
Truck1369,291
Truck1370,291
Truck1371,291
Truck1372,291
Truck1373,291
Truck1374,291
Truck1375,291
Truck1376,291
Truck1377,291
Truck1378,291
Truck1379,291
Truck1380,291
Truck1381,291
Truck1440,291
Truck1441,291
Truck1442,291
Truck1443,291
Truck1444,291
Truck1445,291
Truck1446,291
Truck1447,291
Truck1448,291
Truck1449,291
Truck1450,291
Truck1451,291
Truck1452,291
Truck1453,291
Truck1454,291
Truck1455,291
Truck1456,291
Truck1457,291
Truck1458,291
Truck1459,291
Truck1460,291
Truck1461,291
Truck1462,291
Truck1463,291
Truck1464,291
Truck1465,291
Truck1466,291
Truck1467,291
Truck1468,291
Truck1469,291
Truck1470,291
Truck1471,291
Truck1472,291
Truck1473,291
Truck1474,291
Truck1475,291
Truck1476,291
Truck1477,291
Truck1478,291
Truck1479,291
Truck1480,291
Truck1481,291
Truck1482,291
Truck1483,291
Truck1484,291
Truck1485,291
Truck1486,291
Truck1487,291
Truck1488,291
Truck1489,291
Truck1490,291
Truck1491,291
Truck1492,291
Truck1493,291
Truck1494,291
Truck1495,291
Truck1496,291
Truck1497,291
Truck1498,291
Truck1499,291
Truck1500,291
Truck1501,291
Truck1502,291
Truck1503,291
Truck1504,291
Truck1505,291
Truck1506,291
Truck1507,291
Truck1508,291
Truck1509,291
Truck1510,291
Truck1511,291
Truck1512,291
Truck1513,291
Truck1514,291
Truck1515,291
Truck1516,291
Truck1517,291
Truck1518,291
Truck1519,291
Truck1520,291
Truck1521,291
Truck1522,291
Truck1523,291
Truck1524,291
Truck1525,291
Truck1526,291
Truck1527,291
Truck1528,291
Truck1529,291
Truck1530,291
Truck1531,291
Truck1532,291
Truck1533,291
Truck1534,291
Truck1535,291
Truck1536,291
Truck1537,291
Truck1538,291
Truck1539,291
Truck1540,291
Truck1541,291
Truck1542,291
Truck1543,291
Truck1544,291
Truck1545,291
Truck1546,291
Truck1547,291
Truck1548,291
Truck1549,291
Truck1550,291
Truck1551,291
Truck1552,291
Truck1553,291
Truck1554,291
Truck1555,291
Truck1556,291
Truck1557,291
Truck1558,291
Truck1559,291
Truck1560,291
Truck1561,291
Truck1562,291
Truck1563,291
Truck1564,291
Truck1565,291
Truck1566,291
Truck1567,291
Truck1568,291
Truck1569,291
Truck1570,291
Truck1571,291
Truck1572,291
Truck1573,291
Truck1574,291
Truck1575,291
Truck1576,291
Truck1577,291
Truck1578,291
Truck1579,291
Truck1580,291
Truck1581,291
Truck1582,291
Truck1583,291
Truck1584,291
Truck1585,291
Truck1586,291
Truck1587,291
Truck1588,291
Truck1589,291
Truck1590,291
Truck1591,291
Truck1592,291
Truck1593,291
Truck1594,291
Truck1595,291
Truck1596,291
Truck1597,291
Truck1598,291
Truck1599,291
Truck1600,291
Truck1601,291
Truck1602,291
Truck1603,291
Truck1604,291
Truck1605,291
Truck1606,291
Truck1607,291
Truck1608,291
Truck1609,291
Truck1610,291
Truck1611,291
Truck1612,291
Truck1613,291
Truck1614,291
Truck1615,291
Truck1616,291
Truck1617,291
Truck1618,291
Truck1619,291
Truck1620,291
Truck1621,291
Truck1622,291
Truck1623,291
Truck1624,291
Truck1625,291
Truck1626,291
Truck1627,291
Truck1628,291
Truck1629,291
Truck1630,291
Truck1631,291
Truck1632,291
Truck1633,291
Truck1634,291
Truck1635,291
Truck1636,291
Truck1637,291
Truck1638,291
Truck1639,291
Truck1640,291
Truck1641,291
Truck1642,291
Truck1643,291
Truck1644,291
Truck1645,291
Truck1646,291
Truck1647,291
Truck1648,291
Truck1649,291
Truck1650,291
Truck1651,291
Truck1652,291
Truck1653,291
Truck1654,291
Truck1655,291
Truck1656,291
Truck1657,291
Truck1658,291
Truck1659,291
Truck1660,291
Truck1661,291
Truck1662,291
Truck1663,291
Truck1664,291
Truck1665,291
Truck1666,291
Truck1667,291
Truck1668,291
Truck1669,291
Truck1670,291
Truck1671,291
Truck1672,291
Truck1673,291
Truck1674,291
Truck1675,291
Truck1676,291
Truck1677,291
Truck1678,291
Truck1679,291
Truck1680,291
Truck1681,291
Truck1682,291
Truck1683,291
Truck1684,291
Truck1685,291
Truck1686,291
Truck1687,291
Truck1688,291
Truck1689,291
Truck1690,291
Truck1691,291
Truck1692,291
Truck1693,291
Truck1694,291
Truck1695,291
Truck1696,291
Truck1697,291
Truck1698,291
Truck1699,291
Truck1700,291
Truck1701,291
Truck1702,291
Truck1703,291
Truck1704,291
Truck1705,291
Truck1706,291
Truck1707,291
Truck1708,291
Truck1709,291
Truck1710,291
Truck1711,291
Truck1712,291
Truck1713,291
Truck1714,291
Truck1715,291
Truck1716,291
Truck1717,291
Truck1718,291
Truck1719,291
Truck1720,291
Truck1721,291
Truck1722,291
Truck1723,291
Truck1724,291
Truck1725,291
Truck1726,291
Truck1727,291
Truck1728,291
Truck1729,291
Truck1730,291
Truck1731,291
Truck1732,291
Truck1733,291
Truck1734,291
Truck1735,291
Truck1736,291
Truck1737,291
Truck1738,291
Truck1739,291
Truck1740,291
Truck1741,291
Truck1742,291
Truck1743,291
Truck1744,291
Truck1745,291
Truck1746,291
Truck1747,291
Truck1748,291
Truck1749,291
Truck1750,291
Truck1751,291
Truck1752,291
Truck1753,291
Truck1754,291
Truck1755,291
Truck1756,291
Truck1757,291
Truck1758,291
Truck1759,291
Truck1760,291
Truck1761,291
Truck1762,291
Truck1763,291
Truck1764,291
Truck1765,291
Truck1766,291
Truck1767,291
Truck1768,291
Truck1769,291
Truck1770,291
Truck1771,291
Truck1772,291
Truck1773,291
Truck1774,291
Truck1775,291
Truck1776,291
Truck1777,291
Truck1778,291
Truck1779,291
Truck1780,291
Truck1781,291
Truck1782,291
Truck1783,291
Truck1784,291
Truck1785,291
Truck1786,291
Truck1787,291
Truck1788,291
Truck1789,291
Truck1790,291
Truck1791,291
Truck1792,291
Truck1793,291
Truck1794,291
Truck1795,291
Truck1796,291
Truck1797,291
Truck1798,291
Truck1799,291
Truck1800,291
Truck1801,291
Truck1802,291
Truck1803,291
Truck1804,291
Truck1805,291
Truck1806,291
Truck1807,291
Truck1808,291
Truck1809,291
Truck1810,291
Truck1811,291
Truck1812,291
Truck1813,291
Truck1814,291
Truck1815,291
Truck1816,291
Truck1817,291
Truck1818,291
Truck1819,291
Truck1820,291
Truck1821,291
Truck1822,291
Truck1823,291
Truck1824,291
Truck1825,291
Truck1826,291
Truck1827,291
Truck1828,291
Truck1829,291
Truck1830,291
Truck1831,291
Truck1832,291
Truck1833,291
Truck1834,291
Truck1835,291
Truck1836,291
Truck1837,291
Truck1838,291
Truck1839,291
Truck1840,291
Truck1841,291
Truck1842,291
Truck1843,291
Truck1844,291
Truck1845,291
Truck1846,291
Truck1847,291
Truck1848,291
Truck1849,291
Truck1850,291
Truck1851,291
Truck1852,291
Truck1853,291
Truck1854,291
Truck1855,291
Truck1856,291
Truck1857,291
Truck1858,291
Truck1859,291
Truck1860,291
Truck1861,291
Truck1862,291
Truck1863,291
Truck1864,291
Truck1865,291
Truck1866,291
Truck1867,291
Truck1868,291
Truck1869,291
Truck1870,291
Truck1871,291
Truck1872,291
Truck1873,291
Truck1874,291
Truck1875,291
Truck1876,291
Truck1877,291
Truck1878,291
Truck1879,291
Truck1880,291
Truck1881,291
Truck1882,291
Truck1883,291
Truck1884,291
Truck1885,291
Truck1886,291
Truck1887,291
Truck1888,291
Truck1889,291
Truck1890,291
Truck1891,291
Truck1892,291
Truck1893,291
Truck1894,291
Truck1895,291
Truck1896,291
Truck1897,291
Truck1898,291
Truck1899,291
Truck1900,291
Truck1901,291
Truck1902,291
Truck1903,291
Truck1904,291
Truck1905,291
Truck1906,291
Truck1907,291
Truck1908,291
Truck1909,291
Truck1910,291
Truck1911,291
Truck1912,291
Truck1913,291
Truck1914,291
Truck1915,291
Truck1916,291
Truck1917,291
Truck1918,291
Truck1919,291
Truck1920,291
Truck1921,291
Truck1922,291
Truck1923,291
Truck1924,291
Truck1925,291
Truck1926,291
Truck1927,291
Truck1928,291
Truck1929,291
Truck1930,291
Truck1931,291
Truck1932,291
Truck1933,291
Truck1934,291
Truck1935,291
Truck1936,291
Truck1937,291
Truck1938,291
Truck1939,291
Truck1940,291
Truck1941,291
Truck1942,291
Truck1943,291
Truck1944,291
Truck1945,291
Truck1946,291
Truck1947,291
Truck1948,291
Truck1949,291
Truck1950,291
Truck1951,291
Truck1952,291
Truck1953,291
Truck1954,291
Truck1955,291
Truck1956,291
Truck1957,291
Truck1958,291
Truck1959,291
Truck1960,291
Truck1961,291
Truck1962,291
Truck1963,291
Truck1964,291
Truck1965,291
Truck1966,291
Truck1967,291
Truck1968,291
Truck1969,291
Truck1970,291
Truck1971,291
Truck1972,291
Truck1973,291
Truck1974,291
Truck1975,291
Truck1976,291
Truck1977,291
Truck1978,291
Truck1979,291
Truck1980,291
Truck1981,291
Truck1982,291
Truck1983,291
Truck1984,291
Truck1985,291
Truck1986,291
Truck1987,291
Truck1988,291
Truck1989,291
Truck1990,291
Truck1991,291
Truck1992,291
Truck1993,291
Truck1994,291
Truck1995,291
Truck1996,291
Truck1997,291
Truck1998,291
Truck1999,291
Truck2000,291
Truck2001,291
Truck2002,291
Truck2003,291
Truck2004,291
Truck2005,291
Truck2006,291
Truck2007,291
Truck2008,291
Truck2009,291
Truck2010,291
Truck2011,291
Truck2012,291
Truck2013,291
Truck2014,291
Truck2015,291
Truck2016,291
Truck2017,291
Truck2018,291
Truck2019,291
Truck2020,291
Truck2021,291
Truck2022,291
Truck2023,291
Truck2024,291
Truck2025,291
Truck2026,291
Truck2027,291
Truck2028,291
Truck2029,291
Truck2030,291
Truck2031,291
Truck2032,291
Truck2033,291
Truck2034,291
Truck2035,291
Truck2036,291
Truck2037,291
Truck2038,291
Truck2039,291
Truck2040,291
Truck2041,291
Truck2042,291
Truck2043,291
Truck2044,291
Truck2045,291
Truck2046,291
Truck2047,291
Truck2048,291
Truck2049,291
Truck2050,291
Truck2051,291
Truck2052,291
Truck2053,291
Truck2054,291
Truck2055,291
Truck2056,291
Truck2057,291
Truck2058,291
Truck2059,291
Truck2060,291
Truck2061,291
Truck2062,291
Truck2063,291
Truck2064,291
Truck2065,291
Truck2066,291
Truck2067,291
Truck2068,291
Truck2069,291
Truck2070,291
Truck2071,291
Truck2072,291
Truck2073,291
Truck2074,291
Truck2075,291
Truck2076,291
Truck2077,291
Truck2078,291
Truck2079,291
Truck2080,291
Truck2081,291
Truck2082,291
Truck2083,291
Truck2084,291
Truck2085,291
Truck2086,291
Truck2087,291
Truck2088,291
Truck2089,291
Truck2090,291
Truck2091,291
Truck2092,291
Truck2093,291
Truck2094,291
Truck2095,291
Truck2096,291
Truck2097,291
Truck2098,291
Truck2099,291
Truck2100,291
Truck2101,291
Truck2102,291
Truck2103,291
Truck2104,291
Truck2105,291
Truck2106,291
Truck2107,291
Truck2108,291
Truck2109,291
Truck2110,291
Truck2111,291
Truck2112,291
Truck2113,291
Truck2114,291
Truck2115,291
Truck2116,291
Truck2117,291
Truck2118,291
Truck2119,291
Truck2120,291
Truck2121,291
Truck2122,291
Truck2123,291
Truck2124,291
Truck2125,291
Truck2126,291
Truck2127,291
Truck2128,291
Truck2129,291
Truck2130,291
Truck2131,291
Truck2132,291
Truck2133,291
Truck2134,291
Truck2135,291
Truck2136,291
Truck2137,291
Truck2138,291
Truck2139,291
Truck2140,291
Truck2141,291
Truck2142,291
Truck2143,291
Truck2144,291
Truck2145,291
Truck2146,291
Truck2147,291
Truck2148,291
Truck2149,291
Truck2150,291
Truck2151,291
Truck2152,291
Truck2153,291
Truck2154,291
Truck2155,291
Truck2156,291
Truck2157,291
Truck2158,291
Truck2159,291
Truck2160,291
Truck2161,291
Truck2162,291
Truck2163,291
Truck2164,291
Truck2165,291
Truck2166,291
Truck2167,291
Truck2168,291
Truck2169,291
Truck2170,291
Truck2171,291
Truck2172,291
Truck2173,291
Truck2174,291
Truck2175,291
Truck2176,291
Truck2177,291
Truck2178,291
Truck2179,291
Truck2180,291
Truck2181,291
Truck2182,291
Truck2183,291
Truck2184,291
Truck2185,291
Truck2186,291
Truck2187,291
Truck2188,291
Truck2189,291
Truck2190,291
Truck2191,291
Truck2192,291
Truck2193,291
Truck2194,291
Truck2195,291
Truck2196,291
Truck2197,291
Truck2198,291
Truck2199,291
Truck2200,291
Truck2201,291
Truck2202,291
Truck2203,291
Truck2204,291
Truck2205,291
Truck2206,291
Truck2207,291
Truck2208,291
Truck2209,291
Truck2210,291
Truck2211,291
Truck2212,291
Truck2213,291
Truck2214,291
Truck2215,291
Truck2216,291
Truck2217,291
Truck2218,291
Truck2219,291
Truck2220,291
Truck2221,291
Truck2222,291
Truck2223,291
Truck2224,291
Truck2225,291
Truck2226,291
Truck2227,291
Truck2228,291
Truck2229,291
Truck2230,291
Truck2231,291
Truck2232,291
Truck2233,291
Truck2234,291
Truck2235,291
Truck2236,291
Truck2237,291
Truck2238,291
Truck2239,291
Truck2240,291
Truck2241,291
Truck2242,291
Truck2243,291
Truck2244,291
Truck2245,291
Truck2246,291
Truck2247,291
Truck2248,291
Truck2249,291
Truck2250,291
Truck2251,291
Truck2252,291
Truck2253,291
Truck2254,291
Truck2255,291
Truck2256,291
Truck2257,291
Truck2258,291
Truck2259,291
Truck2260,291
Truck2261,291
Truck2262,291
Truck2263,291
Truck2264,291
Truck2265,291
Truck2266,291
Truck2267,291
Truck2268,291
Truck2269,291
Truck2270,291
Truck2271,291
Truck2272,291
Truck2273,291
Truck2274,291
Truck2275,291
Truck2276,291
Truck2277,291
Truck2278,291
Truck2279,291
Truck2280,291
Truck2281,291
Truck2282,291
Truck2283,291
Truck2284,291
Truck2285,291
Truck2286,291
Truck2287,291
Truck2288,291
Truck2289,291
Truck2290,291
Truck2291,291
Truck2292,291
Truck2293,291
Truck2294,291
Truck2295,291
Truck2296,291
Truck2297,291
Truck2298,291
Truck2299,291
Truck2300,291
Truck2301,291
Truck2302,291
Truck2303,291
Truck2304,291
Truck2305,291
Truck2306,291
Truck2307,291
Truck2308,291
Truck2309,291
Truck2310,291
Truck2311,291
Truck2312,291
Truck2313,291
Truck2314,291
Truck2315,291
Truck2316,291
Truck2317,291
Truck2318,291
Truck2319,291
Truck2320,291
Truck2321,291
Truck2322,291
Truck2323,291
Truck2324,291
Truck2325,291
Truck2326,291
Truck2327,291
Truck2328,291
Truck2329,291
Truck2330,291
Truck2331,291
Truck2332,291
Truck2333,291
Truck2334,291
Truck2335,291
Truck2336,291
Truck2337,291
Truck2338,291
Truck2339,291
Truck2340,291
Truck2341,291
Truck2342,291
Truck2343,291
Truck2344,291
Truck2345,291
Truck2346,291
Truck2347,291
Truck2348,291
Truck2349,291
Truck2350,291
Truck2351,291
Truck2352,291
Truck2353,291
Truck2354,291
Truck2355,291
Truck2356,291
Truck2357,291
Truck2358,291
Truck2359,291
Truck2360,291
Truck2361,291
Truck2362,291
Truck2363,291
Truck2364,291
Truck2365,291
Truck2366,291
Truck2367,291
Truck2368,291
Truck2369,291
Truck2370,291
Truck2371,291
Truck2372,291
Truck2373,291
Truck2374,291
Truck2375,291
Truck2376,291
Truck2377,291
Truck2378,291
Truck2379,291
Truck2380,291
Truck2381,291
Truck2382,291
Truck2383,291
Truck2384,291
Truck2385,291
Truck2386,291
Truck2387,291
Truck2388,291
Truck2389,291
Truck2390,291
Truck2391,291
Truck2392,291
Truck2393,291
Truck2394,291
Truck2395,291
Truck2396,291
Truck2397,291
Truck2398,291
Truck2399,291
Truck2400,291
Truck2401,291
Truck2402,291
Truck2403,291
Truck2404,291
Truck2405,291
Truck2406,291
Truck2407,291
Truck2408,291
Truck2409,291
Truck2410,291
Truck2411,291
Truck2412,291
Truck2413,291
Truck2414,291
Truck2415,291
Truck2416,291
Truck2417,291
Truck2418,291
Truck2419,291
Truck2420,291
Truck2421,291
Truck2422,291
Truck2423,291
Truck2424,291
Truck2425,291
Truck2426,291
Truck2427,291
Truck2428,291
Truck2429,291
Truck2430,291
Truck2431,291
Truck2432,291
Truck2433,291
Truck2434,291
Truck2435,291
Truck2436,291
Truck2437,291
Truck2438,291
Truck2439,291
Truck2440,291
Truck2441,291
Truck2442,291
Truck2443,291
Truck2444,291
Truck2445,291
Truck2446,291
Truck2447,291
Truck2448,291
Truck2449,291
Truck2450,291
Truck2451,291
Truck2452,291
Truck2453,291
Truck2454,291
Truck2455,291
Truck2456,291
Truck2457,291
Truck2458,291
Truck2459,291
Truck2460,291
Truck2461,291
Truck2462,291
Truck2463,291
Truck2464,291
Truck2465,291
Truck2466,291
Truck2467,291
Truck2468,291
Truck2469,291
Truck2470,291
Truck2471,291
Truck2472,291
Truck2473,291
Truck2474,291
Truck2475,291
Truck2476,291
Truck2477,291
Truck2478,291
Truck2479,291
Truck2480,291
Truck2481,291
Truck2482,291
Truck2483,291
Truck2484,291
Truck2485,291
Truck2486,291
Truck2487,291
Truck2488,291
Truck2489,291
Truck2490,291
Truck2491,291
Truck2492,291
Truck2493,291
Truck2494,291
Truck2495,291
Truck2496,291
Truck2497,291
Truck2498,291
Truck2499,291
Truck2500,291
Truck2501,291
Truck2502,291
Truck2503,291
Truck2504,291
Truck2505,291
Truck2506,291
Truck2507,291
Truck2508,291
Truck2509,291
Truck2510,291
Truck2511,291
Truck2512,291
Truck2513,291
Truck2514,291
Truck2515,291
Truck2516,291
Truck2517,291
Truck2518,291
Truck2519,291
Truck2520,291
Truck2521,291
Truck2522,291
Truck2523,291
Truck2524,291
Truck2525,291
Truck2526,291
Truck2527,291
Truck2528,291
Truck2529,291
Truck2530,291
Truck2531,291
Truck2532,291
Truck2533,291
Truck2534,291
Truck2535,291
Truck2536,291
Truck2537,291
Truck2538,291
Truck2539,291
Truck2540,291
Truck2541,291
Truck2542,291
Truck2543,291
Truck2544,291
Truck2545,291
Truck2546,291
Truck2547,291
Truck2548,291
Truck2549,291
Truck2550,291
Truck2551,291
Truck2552,291
Truck2553,291
Truck2554,291
Truck2555,291
Truck2556,291
Truck2557,291
Truck2558,291
Truck2559,291
Truck2560,291
Truck2561,291
Truck2562,291
Truck2563,291
Truck2564,291
Truck2565,291
Truck2566,291
Truck2567,291
Truck2568,291
Truck2569,291
Truck2570,291
Truck2571,291
Truck2572,291
Truck2573,291
Truck2574,291
Truck2575,291
Truck2576,291
Truck2577,291
Truck2578,291
Truck2579,291
Truck2580,291
Truck2581,291
Truck2582,291
Truck2583,291
Truck2584,291
Truck2585,291
Truck2586,291
Truck2587,291
Truck2588,291
Truck2589,291
Truck2590,291
Truck2591,291
Truck2592,291
Truck2593,291
Truck2594,291
Truck2595,291
Truck2596,291
Truck2597,291
Truck2598,291
Truck2599,291
Truck2600,291
Truck2601,291
Truck2602,291
Truck2603,291
Truck2604,291
Truck2605,291
Truck2606,291
Truck2607,291
Truck2608,291
Truck2609,291
Truck2610,291
Truck2611,291
Truck2612,291
Truck2613,291
Truck2614,291
Truck2615,291
Truck2616,291
Truck2617,291
Truck2618,291
Truck2619,291
Truck2620,291
Truck2621,291
Truck2622,291
Truck2623,291
Truck2624,291
Truck2625,291
Truck2626,291
Truck2627,291
Truck2628,291
Truck2629,291
Truck2630,291
Truck2631,291
Truck2632,291
Truck2633,291
Truck2634,291
Truck2635,291
Truck2636,291
Truck2637,291
Truck2638,291
Truck2639,291
Truck2640,291
Truck2641,291
Truck2642,291
Truck2643,291
Truck2644,291
Truck2645,291
Truck2646,291
Truck2647,291
Truck2648,291
Truck2649,291
Truck2650,291
Truck2651,291
Truck2652,291
Truck2653,291
Truck2654,291
Truck2655,291
Truck2656,291
Truck2657,291
Truck2658,291
Truck2659,291
Truck2660,291
Truck2661,291
Truck2662,291
Truck2663,291
Truck2664,291
Truck2665,291
Truck2666,291
Truck2667,291
Truck2668,291
Truck2669,291
Truck2670,291
Truck2671,291
Truck2672,291
Truck2673,291
Truck2674,291
Truck2675,291
Truck2676,291
Truck2677,291
Truck2678,291
Truck2679,291
Truck2680,291
Truck2681,291
Truck2682,291
Truck2683,291
Truck2684,291
Truck2685,291
Truck2686,291
Truck2687,291
Truck2688,291
Truck2689,291
Truck2690,291
Truck2691,291
Truck2692,291
Truck2693,291
Truck2694,291
Truck2695,291
Truck2696,291
Truck2697,291
Truck2698,291
Truck2699,291
Truck2700,291
Truck2701,291
Truck2702,291
Truck2703,291
Truck2704,291
Truck2705,291
Truck2706,291
Truck2707,291
Truck2708,291
Truck2709,291
Truck2710,291
Truck2711,291
Truck2712,291
Truck2713,291
Truck2714,291
Truck2715,291
Truck2716,291
Truck2717,291
Truck2718,291
Truck2719,291
Truck2720,291
Truck2721,291
Truck2722,291
Truck2723,291
Truck2724,291
Truck2725,291
Truck2726,291
Truck2727,291
Truck2728,291
Truck2729,291
Truck2730,291
Truck2731,291
Truck2732,291
Truck2733,291
Truck2734,291
Truck2735,291
Truck2736,291
Truck2737,291
Truck2738,291
Truck2739,291
Truck2740,291
Truck2741,291
Truck2742,291
Truck2743,291
Truck2744,291
Truck2745,291
Truck2746,291
Truck2747,291
Truck2748,291
Truck2749,291
Truck2750,291
Truck2751,291
Truck2752,291
Truck2753,291
Truck2754,291
Truck2755,291
Truck2756,291
Truck2757,291
Truck2758,291
Truck2759,291
Truck2760,291
Truck2761,291
Truck2762,291
Truck2763,291
Truck2764,291
Truck2765,291
Truck2766,291
Truck2767,291
Truck2768,291
Truck2769,291
Truck2770,291
Truck2771,291
Truck2772,291
Truck2773,291
Truck2774,291
Truck2775,291
Truck2776,291
Truck2777,291
Truck2778,291
Truck2779,291
Truck2780,291
Truck2781,291
Truck2782,291
Truck2783,291
Truck2784,291
Truck2785,291
Truck2786,291
Truck2787,291
Truck2788,291
Truck2789,291
Truck2790,291
Truck2791,291
Truck2792,291
Truck2793,291
Truck2794,291
Truck2795,291
Truck2796,291
Truck2797,291
Truck2798,291
Truck2799,291
Truck2800,291
Truck2801,291
Truck2802,291
Truck2803,291
Truck2804,291
Truck2805,291
Truck2806,291
Truck2807,291
Truck2808,291
Truck2809,291
Truck2810,291
Truck2811,291
Truck2812,291
Truck2813,291
Truck2814,291
Truck2815,291
Truck2816,291
Truck2817,291
Truck2818,291
Truck2819,291
Truck2820,291
Truck2821,291
Truck2880,291
Truck2881,291
Truck2882,291
Truck2883,291
Truck2884,291
Truck2885,291
Truck2886,291
Truck2887,291
Truck2888,291
Truck2889,291
Truck2890,291
Truck2891,291
Truck2892,291
Truck2893,291
Truck2894,291
Truck2895,291
Truck2896,291
Truck2897,291
Truck2898,291
Truck2899,291
Truck2900,291
Truck2901,291
Truck2902,291
Truck2903,291
Truck2904,291
Truck2905,291
Truck2906,291
Truck2907,291
Truck2908,291
Truck2909,291
Truck2910,291
Truck2911,291
Truck2912,291
Truck2913,291
Truck2914,291
Truck2915,291
Truck2916,291
Truck2917,291
Truck2918,291
Truck2919,291
Truck2920,291
Truck2921,291
Truck2922,291
Truck2923,291
Truck2924,291
Truck2925,291
Truck2926,291
Truck2927,291
Truck2928,291
Truck2929,291
Truck2930,291
Truck2931,291
Truck2932,291
Truck2933,291
Truck2934,291
Truck2935,291
Truck2936,291
Truck2937,291
Truck2938,291
Truck2939,291
Truck2940,291
Truck2941,291
Truck2942,291
Truck2943,291
Truck2944,291
Truck2945,291
Truck2946,291
Truck2947,291
Truck2948,291
Truck2949,291
Truck2950,291
Truck2951,291
Truck2952,291
Truck2953,291
Truck2954,291
Truck2955,291
Truck2956,291
Truck2957,291
Truck2958,291
Truck2959,291
Truck2960,291
Truck2961,291
Truck2962,291
Truck2963,291
Truck2964,291
Truck2965,291
Truck2966,291
Truck2967,291
Truck2968,291
Truck2969,291
Truck2970,291
Truck2971,291
Truck2972,291
Truck2973,291
Truck2974,291
Truck2975,291
Truck2976,291
Truck2977,291
Truck2978,291
Truck2979,291
Truck2980,291
Truck2981,291
Truck2982,291
Truck2983,291
Truck2984,291
Truck2985,291
Truck2986,291
Truck2987,291
Truck2988,291
Truck2989,291
Truck2990,291
Truck2991,291
Truck2992,291
Truck2993,291
Truck2994,291
Truck2995,291
Truck2996,291
Truck2997,291
Truck2998,291
Truck2999,291
Truck3000,291
Truck3001,291
Truck3002,291
Truck3003,291
Truck3004,291
Truck3005,291
Truck3006,291
Truck3007,291
Truck3008,291
Truck3009,291
Truck3010,291
Truck3011,291
Truck3012,291
Truck3013,291
Truck3014,291
Truck3015,291
Truck3016,291
Truck3017,291
Truck3018,291
Truck3019,291
Truck3020,291
Truck3021,291
Truck3022,291
Truck3023,291
Truck3024,291
Truck3025,291
Truck3026,291
Truck3027,291
Truck3028,291
Truck3029,291
Truck3030,291
Truck3031,291
Truck3032,291
Truck3033,291
Truck3034,291
Truck3035,291
Truck3036,291
Truck3037,291
Truck3038,291
Truck3039,291
Truck3040,291
Truck3041,291
Truck3042,291
Truck3043,291
Truck3044,291
Truck3045,291
Truck3046,291
Truck3047,291
Truck3048,291
Truck3049,291
Truck3050,291
Truck3051,291
Truck3052,291
Truck3053,291
Truck3054,291
Truck3055,291
Truck3056,291
Truck3057,291
Truck3058,291
Truck3059,291
Truck3060,291
Truck3061,291
Truck3062,291
Truck3063,291
Truck3064,291
Truck3065,291
Truck3066,291
Truck3067,291
Truck3068,291
Truck3069,291
Truck3070,291
Truck3071,291
Truck3072,291
Truck3073,291
Truck3074,291
Truck3075,291
Truck3076,291
Truck3077,291
Truck3078,291
Truck3079,291
Truck3080,291
Truck3081,291
Truck3082,291
Truck3083,291
Truck3084,291
Truck3085,291
Truck3086,291
Truck3087,291
Truck3088,291
Truck3089,291
Truck3090,291
Truck3091,291
Truck3092,291
Truck3093,291
Truck3094,291
Truck3095,291
Truck3096,291
Truck3097,291
Truck3098,291
Truck3099,291
Truck3100,291
Truck3101,291
Truck3102,291
Truck3103,291
Truck3104,291
Truck3105,291
Truck3106,291
Truck3107,291
Truck3108,291
Truck3109,291
Truck3110,291
Truck3111,291
Truck3112,291
Truck3113,291
Truck3114,291
Truck3115,291
Truck3116,291
Truck3117,291
Truck3118,291
Truck3119,291
Truck3120,291
Truck3121,291
Truck3122,291
Truck3123,291
Truck3124,291
Truck3125,291
Truck3126,291
Truck3127,291
Truck3128,291
Truck3129,291
Truck3130,291
Truck3131,291
Truck3132,291
Truck3133,291
Truck3134,291
Truck3135,291
Truck3136,291
Truck3137,291
Truck3138,291
Truck3139,291
Truck3140,291
Truck3141,291
Truck3142,291
Truck3143,291
Truck3144,291
Truck3145,291
Truck3146,291
Truck3147,291
Truck3148,291
Truck3149,291
Truck3150,291
Truck3151,291
Truck3152,291
Truck3153,291
Truck3154,291
Truck3155,291
Truck3156,291
Truck3157,291
Truck3158,291
Truck3159,291
Truck3160,291
Truck3161,291
Truck3162,291
Truck3163,291
Truck3164,291
Truck3165,291
Truck3166,291
Truck3167,291
Truck3168,291
Truck3169,291
Truck3170,291
Truck3171,291
Truck3172,291
Truck3173,291
Truck3174,291
Truck3175,291
Truck3176,291
Truck3177,291
Truck3178,291
Truck3179,291
Truck3180,291
Truck3181,291
Truck3182,291
Truck3183,291
Truck3184,291
Truck3185,291
Truck3186,291
Truck3187,291
Truck3188,291
Truck3189,291
Truck3190,291
Truck3191,291
Truck3192,291
Truck3193,291
Truck3194,291
Truck3195,291
Truck3196,291
Truck3197,291
Truck3198,291
Truck3199,291
Truck3200,291
Truck3201,291
Truck3202,291
Truck3203,291
Truck3204,291
Truck3205,291
Truck3206,291
Truck3207,291
Truck3208,291
Truck3209,291
Truck3210,291
Truck3211,291
Truck3212,291
Truck3213,291
Truck3214,291
Truck3215,291
Truck3216,291
Truck3217,291
Truck3218,291
Truck3219,291
Truck3220,291
Truck3221,291
Truck3222,291
Truck3223,291
Truck3224,291
Truck3225,291
Truck3226,291
Truck3227,291
Truck3228,291
Truck3229,291
Truck3230,291
Truck3231,291
Truck3232,291
Truck3233,291
Truck3234,291
Truck3235,291
Truck3236,291
Truck3237,291
Truck3238,291
Truck3239,291
Truck3240,291
Truck3241,291
Truck3242,291
Truck3243,291
Truck3244,291
Truck3245,291
Truck3246,291
Truck3247,291
Truck3248,291
Truck3249,291
Truck3250,291
Truck3251,291
Truck3252,291
Truck3253,291
Truck3254,291
Truck3255,291
Truck3256,291
Truck3257,291
Truck3258,291
Truck3259,291
Truck3260,291
Truck3261,291
Truck3262,291
Truck3263,291
Truck3264,291
Truck3265,291
Truck3266,291
Truck3267,291
Truck3268,291
Truck3269,291
Truck3270,291
Truck3271,291
Truck3272,291
Truck3273,291
Truck3274,291
Truck3275,291
Truck3276,291
Truck3277,291
Truck3278,291
Truck3279,291
Truck3280,291
Truck3281,291
Truck3282,291
Truck3283,291
Truck3284,291
Truck3285,291
Truck3286,291
Truck3287,291
Truck3288,291
Truck3289,291
Truck3290,291
Truck3291,291
Truck3292,291
Truck3293,291
Truck3294,291
Truck3295,291
Truck3296,291
Truck3297,291
Truck3298,291
Truck3299,291
Truck3300,291
Truck3301,291
Truck3302,291
Truck3303,291
Truck3304,291
Truck3305,291
Truck3306,291
Truck3307,291
Truck3308,291
Truck3309,291
Truck3310,291
Truck3311,291
Truck3312,291
Truck3313,291
Truck3314,291
Truck3315,291
Truck3316,291
Truck3317,291
Truck3318,291
Truck3319,291
Truck3320,291
Truck3321,291
Truck3322,291
Truck3323,291
Truck3324,291
Truck3325,291
Truck3326,291
Truck3327,291
Truck3328,291
Truck3329,291
Truck3330,291
Truck3331,291
Truck3332,291
Truck3333,291
Truck3334,291
Truck3335,291
Truck3336,291
Truck3337,291
Truck3338,291
Truck3339,291
Truck3340,291
Truck3341,291
Truck3342,291
Truck3343,291
Truck3344,291
Truck3345,291
Truck3346,291
Truck3347,291
Truck3348,291
Truck3349,291
Truck3350,291
Truck3351,291
Truck3352,291
Truck3353,291
Truck3354,291
Truck3355,291
Truck3356,291
Truck3357,291
Truck3358,291
Truck3359,291
Truck3360,291
Truck3361,291
Truck3362,291
Truck3363,291
Truck3364,291
Truck3365,291
Truck3366,291
Truck3367,291
Truck3368,291
Truck3369,291
Truck3370,291
Truck3371,291
Truck3372,291
Truck3373,291
Truck3374,291
Truck3375,291
Truck3376,291
Truck3377,291
Truck3378,291
Truck3379,291
Truck3380,291
Truck3381,291
Truck3382,291
Truck3383,291
Truck3384,291
Truck3385,291
Truck3386,291
Truck3387,291
Truck3388,291
Truck3389,291
Truck3390,291
Truck3391,291
Truck3392,291
Truck3393,291
Truck3394,291
Truck3395,291
Truck3396,291
Truck3397,291
Truck3398,291
Truck3399,291
Truck3400,291
Truck3401,291
Truck3402,291
Truck3403,291
Truck3404,291
Truck3405,291
Truck3406,291
Truck3407,291
Truck3408,291
Truck3409,291
Truck3410,291
Truck3411,291
Truck3412,291
Truck3413,291
Truck3414,291
Truck3415,291
Truck3416,291
Truck3417,291
Truck3418,291
Truck3419,291
Truck3420,291
Truck3421,291
Truck3422,291
Truck3423,291
Truck3424,291
Truck3425,291
Truck3426,291
Truck3427,291
Truck3428,291
Truck3429,291
Truck3430,291
Truck3431,291
Truck3432,291
Truck3433,291
Truck3434,291
Truck3435,291
Truck3436,291
Truck3437,291
Truck3438,291
Truck3439,291
Truck3440,291
Truck3441,291
Truck3442,291
Truck3443,291
Truck3444,291
Truck3445,291
Truck3446,291
Truck3447,291
Truck3448,291
Truck3449,291
Truck3450,291
Truck3451,291
Truck3452,291
Truck3453,291
Truck3454,291
Truck3455,291
Truck3456,291
Truck3457,291
Truck3458,291
Truck3459,291
Truck3460,291
Truck3461,291
Truck3462,291
Truck3463,291
Truck3464,291
Truck3465,291
Truck3466,291
Truck3467,291
Truck3468,291
Truck3469,291
Truck3470,291
Truck3471,291
Truck3472,291
Truck3473,291
Truck3474,291
Truck3475,291
Truck3476,291
Truck3477,291
Truck3478,291
Truck3479,291
Truck3480,291
Truck3481,291
Truck3482,291
Truck3483,291
Truck3484,291
Truck3485,291
Truck3486,291
Truck3487,291
Truck3488,291
Truck3489,291
Truck3490,291
Truck3491,291
Truck3492,291
Truck3493,291
Truck3494,291
Truck3495,291
Truck3496,291
Truck3497,291
Truck3498,291
Truck3499,291
Truck3500,291
Truck3501,291
Truck3502,291
Truck3503,291
Truck3504,291
Truck3505,291
Truck3506,291
Truck3507,291
Truck3508,291
Truck3509,291
Truck3510,291
Truck3511,291
Truck3512,291
Truck3513,291
Truck3514,291
Truck3515,291
Truck3516,291
Truck3517,291
Truck3518,291
Truck3519,291
Truck3520,291
Truck3521,291
Truck3522,291
Truck3523,291
Truck3524,291
Truck3525,291
Truck3526,291
Truck3527,291
Truck3528,291
Truck3529,291
Truck3530,291
Truck3531,291
Truck3532,291
Truck3533,291
Truck3534,291
Truck3535,291
Truck3536,291
Truck3537,291
Truck3538,291
Truck3539,291
Truck3540,291
Truck3541,291
Truck3542,291
Truck3543,291
Truck3544,291
Truck3545,291
Truck3546,291
Truck3547,291
Truck3548,291
Truck3549,291
Truck3550,291
Truck3551,291
Truck3552,291
Truck3553,291
Truck3554,291
Truck3555,291
Truck3556,291
Truck3557,291
Truck3558,291
Truck3559,291
Truck3560,291
Truck3561,291
Truck3562,291
Truck3563,291
Truck3564,291
Truck3565,291
Truck3566,291
Truck3567,291
Truck3568,291
Truck3569,291
Truck3570,291
Truck3571,291
Truck3572,291
Truck3573,291
Truck3574,291
Truck3575,291
Truck3576,291
Truck3577,291
Truck3578,291
Truck3579,291
Truck3580,291
Truck3581,291
Truck3582,291
Truck3583,291
Truck3584,291
Truck3585,291
Truck3586,291
Truck3587,291
Truck3588,291
Truck3589,291
Truck3590,291
Truck3591,291
Truck3592,291
Truck3593,291
Truck3594,291
Truck3595,291
Truck3596,291
Truck3597,291
Truck3598,291
Truck3599,291
Truck3600,291
Truck3601,291
Truck3602,291
Truck3603,291
Truck3604,291
Truck3605,291
Truck3606,291
Truck3607,291
Truck3608,291
Truck3609,291
Truck3610,291
Truck3611,291
Truck3612,291
Truck3613,291
Truck3614,291
Truck3615,291
Truck3616,291
Truck3617,291
Truck3618,291
Truck3619,291
Truck3620,291
Truck3621,291
Truck3622,291
Truck3623,291
Truck3624,291
Truck3625,291
Truck3626,291
Truck3627,291
Truck3628,291
Truck3629,291
Truck3630,291
Truck3631,291
Truck3632,291
Truck3633,291
Truck3634,291
Truck3635,291
Truck3636,291
Truck3637,291
Truck3638,291
Truck3639,291
Truck3640,291
Truck3641,291
Truck3642,291
Truck3643,291
Truck3644,291
Truck3645,291
Truck3646,291
Truck3647,291
Truck3648,291
Truck3649,291
Truck3650,291
Truck3651,291
Truck3652,291
Truck3653,291
Truck3654,291
Truck3655,291
Truck3656,291
Truck3657,291
Truck3658,291
Truck3659,291
Truck3660,291
Truck3661,291
Truck3662,291
Truck3663,291
Truck3664,291
Truck3665,291
Truck3666,291
Truck3667,291
Truck3668,291
Truck3669,291
Truck3670,291
Truck3671,291
Truck3672,291
Truck3673,291
Truck3674,291
Truck3675,291
Truck3676,291
Truck3677,291
Truck3678,291
Truck3679,291
Truck3680,291
Truck3681,291
Truck3682,291
Truck3683,291
Truck3684,291
Truck3685,291
Truck3686,291
Truck3687,291
Truck3688,291
Truck3689,291
Truck3690,291
Truck3691,291
Truck3692,291
Truck3693,291
Truck3694,291
Truck3695,291
Truck3696,291
Truck3697,291
Truck3698,291
Truck3699,291
Truck3700,291
Truck3701,291
Truck3702,291
Truck3703,291
Truck3704,291
Truck3705,291
Truck3706,291
Truck3707,291
Truck3708,291
Truck3709,291
Truck3710,291
Truck3711,291
Truck3712,291
Truck3713,291
Truck3714,291
Truck3715,291
Truck3716,291
Truck3717,291
Truck3718,291
Truck3719,291
Truck3720,291
Truck3721,291
Truck3722,291
Truck3723,291
Truck3724,291
Truck3725,291
Truck3726,291
Truck3727,291
Truck3728,291
Truck3729,291
Truck3730,291
Truck3731,291
Truck3732,291
Truck3733,291
Truck3734,291
Truck3735,291
Truck3736,291
Truck3737,291
Truck3738,291
Truck3739,291
Truck3740,291
Truck3741,291
Truck3742,291
Truck3743,291
Truck3744,291
Truck3745,291
Truck3746,291
Truck3747,291
Truck3748,291
Truck3749,291
Truck3750,291
Truck3751,291
Truck3752,291
Truck3753,291
Truck3754,291
Truck3755,291
Truck3756,291
Truck3757,291
Truck3758,291
Truck3759,291
Truck3760,291
Truck3761,291
Truck3762,291
Truck3763,291
Truck3764,291
Truck3765,291
Truck3766,291
Truck3767,291
Truck3768,291
Truck3769,291
Truck3770,291
Truck3771,291
Truck3772,291
Truck3773,291
Truck3774,291
Truck3775,291
Truck3776,291
Truck3777,291
Truck3778,291
Truck3779,291
Truck3780,291
Truck3781,291
Truck3782,291
Truck3783,291
Truck3784,291
Truck3785,291
Truck3786,291
Truck3787,291
Truck3788,291
Truck3789,291
Truck3790,291
Truck3791,291
Truck3792,291
Truck3793,291
Truck3794,291
Truck3795,291
Truck3796,291
Truck3797,291
Truck3798,291
Truck3799,291
Truck3800,291
Truck3801,291
Truck3802,291
Truck3803,291
Truck3804,291
Truck3805,291
Truck3806,291
Truck3807,291
Truck3808,291
Truck3809,291
Truck3810,291
Truck3811,291
Truck3812,291
Truck3813,291
Truck3814,291
Truck3815,291
Truck3816,291
Truck3817,291
Truck3818,291
Truck3819,291
Truck3820,291
Truck3821,291
Truck3822,291
Truck3823,291
Truck3824,291
Truck3825,291
Truck3826,291
Truck3827,291
Truck3828,291
Truck3829,291
Truck3830,291
Truck3831,291
Truck3832,291
Truck3833,291
Truck3834,291
Truck3835,291
Truck3836,291
Truck3837,291
Truck3838,291
Truck3839,291
Truck3840,291
Truck3841,291
Truck3842,291
Truck3843,291
Truck3844,291
Truck3845,291
Truck3846,291
Truck3847,291
Truck3848,291
Truck3849,291
Truck3850,291
Truck3851,291
Truck3852,291
Truck3853,291
Truck3854,291
Truck3855,291
Truck3856,291
Truck3857,291
Truck3858,291
Truck3859,291
Truck3860,291
Truck3861,291
Truck3862,291
Truck3863,291
Truck3864,291
Truck3865,291
Truck3866,291
Truck3867,291
Truck3868,291
Truck3869,291
Truck3870,291
Truck3871,291
Truck3872,291
Truck3873,291
Truck3874,291
Truck3875,291
Truck3876,291
Truck3877,291
Truck3878,291
Truck3879,291
Truck3880,291
Truck3881,291
Truck3882,291
Truck3883,291
Truck3884,291
Truck3885,291
Truck3886,291
Truck3887,291
Truck3888,291
Truck3889,291
Truck3890,291
Truck3891,291
Truck3892,291
Truck3893,291
Truck3894,291
Truck3895,291
Truck3896,291
Truck3897,291
Truck3898,291
Truck3899,291
Truck3900,291
Truck3901,291
Truck3902,291
Truck3903,291
Truck3904,291
Truck3905,291
Truck3906,291
Truck3907,291
Truck3908,291
Truck3909,291
Truck3910,291
Truck3911,291
Truck3912,291
Truck3913,291
Truck3914,291
Truck3915,291
Truck3916,291
Truck3917,291
Truck3918,291
Truck3919,291
Truck3920,291
Truck3921,291
Truck3922,291
Truck3923,291
Truck3924,291
Truck3925,291
Truck3926,291
Truck3927,291
Truck3928,291
Truck3929,291
Truck3930,291
Truck3931,291
Truck3932,291
Truck3933,291
Truck3934,291
Truck3935,291
Truck3936,291
Truck3937,291
Truck3938,291
Truck3939,291
Truck3940,291
Truck3941,291
Truck3942,291
Truck3943,291
Truck3944,291
Truck3945,291
Truck3946,291
Truck3947,291
Truck3948,291
Truck3949,291
Truck3950,291
Truck3951,291
Truck3952,291
Truck3953,291
Truck3954,291
Truck3955,291
Truck3956,291
Truck3957,291
Truck3958,291
Truck3959,291
Truck3960,291
Truck3961,291
Truck3962,291
Truck3963,291
Truck3964,291
Truck3965,291
Truck3966,291
Truck3967,291
Truck3968,291
Truck3969,291
Truck3970,291
Truck3971,291
Truck3972,291
Truck3973,291
Truck3974,291
Truck3975,291
Truck3976,291
Truck3977,291
Truck3978,291
Truck3979,291
Truck3980,291
Truck3981,291
Truck3982,291
Truck3983,291
Truck3984,291
Truck3985,291
Truck3986,291
Truck3987,291
Truck3988,291
Truck3989,291
Truck3990,291
Truck3991,291
Truck3992,291
Truck3993,291
Truck3994,291
Truck3995,291
Truck3996,291
Truck3997,291
Truck3998,291
Truck3999,291
Truck4000,291
Truck4001,291
Truck4002,291
Truck4003,291
Truck4004,291
Truck4005,291
Truck4006,291
Truck4007,291
Truck4008,291
Truck4009,291
Truck4010,291
Truck4011,291
Truck4012,291
Truck4013,291
Truck4014,291
Truck4015,291
Truck4016,291
Truck4017,291
Truck4018,291
Truck4019,291
Truck4020,291
Truck4021,291
Truck4022,291
Truck4023,291
Truck4024,291
Truck4025,291
Truck4026,291
Truck4027,291
Truck4028,291
Truck4029,291
Truck4030,291
Truck4031,291
Truck4032,291
Truck4033,291
Truck4034,291
Truck4035,291
Truck4036,291
Truck4037,291
Truck4038,291
Truck4039,291
Truck4040,291
Truck4041,291
Truck4042,291
Truck4043,291
Truck4044,291
Truck4045,291
Truck4046,291
Truck4047,291
Truck4048,291
Truck4049,291
Truck4050,291
Truck4051,291
Truck4052,291
Truck4053,291
Truck4054,291
Truck4055,291
Truck4056,291
Truck4057,291
Truck4058,291
Truck4059,291
Truck4060,291
Truck4061,291
Truck4062,291
Truck4063,291
Truck4064,291
Truck4065,291
Truck4066,291
Truck4067,291
Truck4068,291
Truck4069,291
Truck4070,291
Truck4071,291
Truck4072,291
Truck4073,291
Truck4074,291
Truck4075,291
Truck4076,291
Truck4077,291
Truck4078,291
Truck4079,291
Truck4080,291
Truck4081,291
Truck4082,291
Truck4083,291
Truck4084,291
Truck4085,291
Truck4086,291
Truck4087,291
Truck4088,291
Truck4089,291
Truck4090,291
Truck4091,291
Truck4092,291
Truck4093,291
Truck4094,291
Truck4095,291
Truck4096,291
Truck4097,291
Truck4098,291
Truck4099,291
Truck4100,291
Truck4101,291
Truck4102,291
Truck4103,291
Truck4104,291
Truck4105,291
Truck4106,291
Truck4107,291
Truck4108,291
Truck4109,291
Truck4110,291
Truck4111,291
Truck4112,291
Truck4113,291
Truck4114,291
Truck4115,291
Truck4116,291
Truck4117,291
Truck4118,291
Truck4119,291
Truck4120,291
Truck4121,291
Truck4122,291
Truck4123,291
Truck4124,291
Truck4125,291
Truck4126,291
Truck4127,291
Truck4128,291
Truck4129,291
Truck4130,291
Truck4131,291
Truck4132,291
Truck4133,291
Truck4134,291
Truck4135,291
Truck4136,291
Truck4137,291
Truck4138,291
Truck4139,291
Truck4140,291
Truck4141,291
Truck4142,291
Truck4143,291
Truck4144,291
Truck4145,291
Truck4146,291
Truck4147,291
Truck4148,291
Truck4149,291
Truck4150,291
Truck4151,291
Truck4152,291
Truck4153,291
Truck4154,291
Truck4155,291
Truck4156,291
Truck4157,291
Truck4158,291
Truck4159,291
Truck4160,291
Truck4161,291
Truck4162,291
Truck4163,291
Truck4164,291
Truck4165,291
Truck4166,291
Truck4167,291
Truck4168,291
Truck4169,291
Truck4170,291
Truck4171,291
Truck4172,291
Truck4173,291
Truck4174,291
Truck4175,291
Truck4176,291
Truck4177,291
Truck4178,291
Truck4179,291
Truck4180,291
Truck4181,291
Truck4182,291
Truck4183,291
Truck4184,291
Truck4185,291
Truck4186,291
Truck4187,291
Truck4188,291
Truck4189,291
Truck4190,291
Truck4191,291
Truck4192,291
Truck4193,291
Truck4194,291
Truck4195,291
Truck4196,291
Truck4197,291
Truck4198,291
Truck4199,291
Truck4200,291
Truck4201,291
Truck4202,291
Truck4203,291
Truck4204,291
Truck4205,291
Truck4206,291
Truck4207,291
Truck4208,291
Truck4209,291
Truck4210,291
Truck4211,291
Truck4212,291
Truck4213,291
Truck4214,291
Truck4215,291
Truck4216,291
Truck4217,291
Truck4218,291
Truck4219,291
Truck4220,291
Truck4221,291
Truck4222,291
Truck4223,291
Truck4224,291
Truck4225,291
Truck4226,291
Truck4227,291
Truck4228,291
Truck4229,291
Truck4230,291
Truck4231,291
Truck4232,291
Truck4233,291
Truck4234,291
Truck4235,291
Truck4236,291
Truck4237,291
Truck4238,291
Truck4239,291
Truck4240,291
Truck4241,291
Truck4242,291
Truck4243,291
Truck4244,291
Truck4245,291
Truck4246,291
Truck4247,291
Truck4248,291
Truck4249,291
Truck4250,291
Truck4251,291
Truck4252,291
Truck4253,291
Truck4254,291
Truck4255,291
Truck4256,291
Truck4257,291
Truck4258,291
Truck4259,291
Truck4260,291
Truck4261,291
Truck4320,291
Truck4321,291
Truck4322,291
Truck4323,291
Truck4324,291
Truck4325,291
Truck4326,291
Truck4327,291
Truck4328,291
Truck4329,291
Truck4330,291
Truck4331,291
Truck4332,291
Truck4333,291
Truck4334,291
Truck4335,291
Truck4336,291
Truck4337,291
Truck4338,291
Truck4339,291
Truck4340,291
Truck4341,291
Truck4342,291
Truck4343,291
Truck4344,291
Truck4345,291
Truck4346,291
Truck4347,291
Truck4348,291
Truck4349,291
Truck4350,291
Truck4351,291
Truck4352,291
Truck4353,291
Truck4354,291
Truck4355,291
Truck4356,291
Truck4357,291
Truck4358,291
Truck4359,291
Truck4360,291
Truck4361,291
Truck4362,291
Truck4363,291
Truck4364,291
Truck4365,291
Truck4366,291
Truck4367,291
Truck4368,291
Truck4369,291
Truck4370,291
Truck4371,291
Truck4372,291
Truck4373,291
Truck4374,291
Truck4375,291
Truck4376,291
Truck4377,291
Truck4378,291
Truck4379,291
Truck4380,291
Truck4381,291
Truck4382,291
Truck4383,291
Truck4384,291
Truck4385,291
Truck4386,291
Truck4387,291
Truck4388,291
Truck4389,291
Truck4390,291
Truck4391,291
Truck4392,291
Truck4393,291
Truck4394,291
Truck4395,291
Truck4396,291
Truck4397,291
Truck4398,291
Truck4399,291
Truck4400,291
Truck4401,291
Truck4402,291
Truck4403,291
Truck4404,291
Truck4405,291
Truck4406,291
Truck4407,291
Truck4408,291
Truck4409,291
Truck4410,291
Truck4411,291
Truck4412,291
Truck4413,291
Truck4414,291
Truck4415,291
Truck4416,291
Truck4417,291
Truck4418,291
Truck4419,291
Truck4420,291
Truck4421,291
Truck4422,291
Truck4423,291
Truck4424,291
Truck4425,291
Truck4426,291
Truck4427,291
Truck4428,291
Truck4429,291
Truck4430,291
Truck4431,291
Truck4432,291
Truck4433,291
Truck4434,291
Truck4435,291
Truck4436,291
Truck4437,291
Truck4438,291
Truck4439,291
Truck4440,291
Truck4441,291
Truck4442,291
Truck4443,291
Truck4444,291
Truck4445,291
Truck4446,291
Truck4447,291
Truck4448,291
Truck4449,291
Truck4450,291
Truck4451,291
Truck4452,291
Truck4453,291
Truck4454,291
Truck4455,291
Truck4456,291
Truck4457,291
Truck4458,291
Truck4459,291
Truck4460,291
Truck4461,291
Truck4462,291
Truck4463,291
Truck4464,291
Truck4465,291
Truck4466,291
Truck4467,291
Truck4468,291
Truck4469,291
Truck4470,291
Truck4471,291
Truck4472,291
Truck4473,291
Truck4474,291
Truck4475,291
Truck4476,291
Truck4477,291
Truck4478,291
Truck4479,291
Truck4480,291
Truck4481,291
Truck4482,291
Truck4483,291
Truck4484,291
Truck4485,291
Truck4486,291
Truck4487,291
Truck4488,291
Truck4489,291
Truck4490,291
Truck4491,291
Truck4492,291
Truck4493,291
Truck4494,291
Truck4495,291
Truck4496,291
Truck4497,291
Truck4498,291
Truck4499,291
Truck4500,291
Truck4501,291
Truck4502,291
Truck4503,291
Truck4504,291
Truck4505,291
Truck4506,291
Truck4507,291
Truck4508,291
Truck4509,291
Truck4510,291
Truck4511,291
Truck4512,291
Truck4513,291
Truck4514,291
Truck4515,291
Truck4516,291
Truck4517,291
Truck4518,291
Truck4519,291
Truck4520,291
Truck4521,291
Truck4522,291
Truck4523,291
Truck4524,291
Truck4525,291
Truck4526,291
Truck4527,291
Truck4528,291
Truck4529,291
Truck4530,291
Truck4531,291
Truck4532,291
Truck4533,291
Truck4534,291
Truck4535,291
Truck4536,291
Truck4537,291
Truck4538,291
Truck4539,291
Truck4540,291
Truck4541,291
Truck4542,291
Truck4543,291
Truck4544,291
Truck4545,291
Truck4546,291
Truck4547,291
Truck4548,291
Truck4549,291
Truck4550,291
Truck4551,291
Truck4552,291
Truck4553,291
Truck4554,291
Truck4555,291
Truck4556,291
Truck4557,291
Truck4558,291
Truck4559,291
Truck4560,291
Truck4561,291
Truck4562,291
Truck4563,291
Truck4564,291
Truck4565,291
Truck4566,291
Truck4567,291
Truck4568,291
Truck4569,291
Truck4570,291
Truck4571,291
Truck4572,291
Truck4573,291
Truck4574,291
Truck4575,291
Truck4576,291
Truck4577,291
Truck4578,291
Truck4579,291
Truck4580,291
Truck4581,291
Truck4582,291
Truck4583,291
Truck4584,291
Truck4585,291
Truck4586,291
Truck4587,291
Truck4588,291
Truck4589,291
Truck4590,291
Truck4591,291
Truck4592,291
Truck4593,291
Truck4594,291
Truck4595,291
Truck4596,291
Truck4597,291
Truck4598,291
Truck4599,291
Truck4600,291
Truck4601,291
Truck4602,291
Truck4603,291
Truck4604,291
Truck4605,291
Truck4606,291
Truck4607,291
Truck4608,291
Truck4609,291
Truck4610,291
Truck4611,291
Truck4612,291
Truck4613,291
Truck4614,291
Truck4615,291
Truck4616,291
Truck4617,291
Truck4618,291
Truck4619,291
Truck4620,291
Truck4621,291
Truck4622,291
Truck4623,291
Truck4624,291
Truck4625,291
Truck4626,291
Truck4627,291
Truck4628,291
Truck4629,291
Truck4630,291
Truck4631,291
Truck4632,291
Truck4633,291
Truck4634,291
Truck4635,291
Truck4636,291
Truck4637,291
Truck4638,291
Truck4639,291
Truck4640,291
Truck4641,291
Truck4642,291
Truck4643,291
Truck4644,291
Truck4645,291
Truck4646,291
Truck4647,291
Truck4648,291
Truck4649,291
Truck4650,291
Truck4651,291
Truck4652,291
Truck4653,291
Truck4654,291
Truck4655,291
Truck4656,291
Truck4657,291
Truck4658,291
Truck4659,291
Truck4660,291
Truck4661,291
Truck4662,291
Truck4663,291
Truck4664,291
Truck4665,291
Truck4666,291
Truck4667,291
Truck4668,291
Truck4669,291
Truck4670,291
Truck4671,291
Truck4672,291
Truck4673,291
Truck4674,291
Truck4675,291
Truck4676,291
Truck4677,291
Truck4678,291
Truck4679,291
Truck4680,291
Truck4681,291
Truck4682,291
Truck4683,291
Truck4684,291
Truck4685,291
Truck4686,291
Truck4687,291
Truck4688,291
Truck4689,291
Truck4690,291
Truck4691,291
Truck4692,291
Truck4693,291
Truck4694,291
Truck4695,291
Truck4696,291
Truck4697,291
Truck4698,291
Truck4699,291
Truck4700,291
Truck4701,291
Truck4702,291
Truck4703,291
Truck4704,291
Truck4705,291
Truck4706,291
Truck4707,291
Truck4708,291
Truck4709,291
Truck4710,291
Truck4711,291
Truck4712,291
Truck4713,291
Truck4714,291
Truck4715,291
Truck4716,291
Truck4717,291
Truck4718,291
Truck4719,291
Truck4720,291
Truck4721,291
Truck4722,291
Truck4723,291
Truck4724,291
Truck4725,291
Truck4726,291
Truck4727,291
Truck4728,291
Truck4729,291
Truck4730,291
Truck4731,291
Truck4732,291
Truck4733,291
Truck4734,291
Truck4735,291
Truck4736,291
Truck4737,291
Truck4738,291
Truck4739,291
Truck4740,291
Truck4741,291
Truck4742,291
Truck4743,291
Truck4744,291
Truck4745,291
Truck4746,291
Truck4747,291
Truck4748,291
Truck4749,291
Truck4750,291
Truck4751,291
Truck4752,291
Truck4753,291
Truck4754,291
Truck4755,291
Truck4756,291
Truck4757,291
Truck4758,291
Truck4759,291
Truck4760,291
Truck4761,291
Truck4762,291
Truck4763,291
Truck4764,291
Truck4765,291
Truck4766,291
Truck4767,291
Truck4768,291
Truck4769,291
Truck4770,291
Truck4771,291
Truck4772,291
Truck4773,291
Truck4774,291
Truck4775,291
Truck4776,291
Truck4777,291
Truck4778,291
Truck4779,291
Truck4780,291
Truck4781,291
Truck4782,291
Truck4783,291
Truck4784,291
Truck4785,291
Truck4786,291
Truck4787,291
Truck4788,291
Truck4789,291
Truck4790,291
Truck4791,291
Truck4792,291
Truck4793,291
Truck4794,291
Truck4795,291
Truck4796,291
Truck4797,291
Truck4798,291
Truck4799,291
Truck4800,291
Truck4801,291
Truck4802,291
Truck4803,291
Truck4804,291
Truck4805,291
Truck4806,291
Truck4807,291
Truck4808,291
Truck4809,291
Truck4810,291
Truck4811,291
Truck4812,291
Truck4813,291
Truck4814,291
Truck4815,291
Truck4816,291
Truck4817,291
Truck4818,291
Truck4819,291
Truck4820,291
Truck4821,291
Truck4822,291
Truck4823,291
Truck4824,291
Truck4825,291
Truck4826,291
Truck4827,291
Truck4828,291
Truck4829,291
Truck4830,291
Truck4831,291
Truck4832,291
Truck4833,291
Truck4834,291
Truck4835,291
Truck4836,291
Truck4837,291
Truck4838,291
Truck4839,291
Truck4840,291
Truck4841,291
Truck4842,291
Truck4843,291
Truck4844,291
Truck4845,291
Truck4846,291
Truck4847,291
Truck4848,291
Truck4849,291
Truck4850,291
Truck4851,291
Truck4852,291
Truck4853,291
Truck4854,291
Truck4855,291
Truck4856,291
Truck4857,291
Truck4858,291
Truck4859,291
Truck4860,291
Truck4861,291
Truck4862,291
Truck4863,291
Truck4864,291
Truck4865,291
Truck4866,291
Truck4867,291
Truck4868,291
Truck4869,291
Truck4870,291
Truck4871,291
Truck4872,291
Truck4873,291
Truck4874,291
Truck4875,291
Truck4876,291
Truck4877,291
Truck4878,291
Truck4879,291
Truck4880,291
Truck4881,291
Truck4882,291
Truck4883,291
Truck4884,291
Truck4885,291
Truck4886,291
Truck4887,291
Truck4888,291
Truck4889,291
Truck4890,291
Truck4891,291
Truck4892,291
Truck4893,291
Truck4894,291
Truck4895,291
Truck4896,291
Truck4897,291
Truck4898,291
Truck4899,291
Truck4900,291
Truck4901,291
Truck4902,291
Truck4903,291
Truck4904,291
Truck4905,291
Truck4906,291
Truck4907,291
Truck4908,291
Truck4909,291
Truck4910,291
Truck4911,291
Truck4912,291
Truck4913,291
Truck4914,291
Truck4915,291
Truck4916,291
Truck4917,291
Truck4918,291
Truck4919,291
Truck4920,291
Truck4921,291
Truck4922,291
Truck4923,291
Truck4924,291
Truck4925,291
Truck4926,291
Truck4927,291
Truck4928,291
Truck4929,291
Truck4930,291
Truck4931,291
Truck4932,291
Truck4933,291
Truck4934,291
Truck4935,291
Truck4936,291
Truck4937,291
Truck4938,291
Truck4939,291
Truck4940,291
Truck4941,291
Truck4942,291
Truck4943,291
Truck4944,291
Truck4945,291
Truck4946,291
Truck4947,291
Truck4948,291
Truck4949,291
Truck4950,291
Truck4951,291
Truck4952,291
Truck4953,291
Truck4954,291
Truck4955,291
Truck4956,291
Truck4957,291
Truck4958,291
Truck4959,291
Truck4960,291
Truck4961,291
Truck4962,291
Truck4963,291
Truck4964,291
Truck4965,291
Truck4966,291
Truck4967,291
Truck4968,291
Truck4969,291
Truck4970,291
Truck4971,291
Truck4972,291
Truck4973,291
Truck4974,291
Truck4975,291
Truck4976,291
Truck4977,291
Truck4978,291
Truck4979,291
Truck4980,291
Truck4981,291
Truck4982,291
Truck4983,291
Truck4984,291
Truck4985,291
Truck4986,291
Truck4987,291
Truck4988,291
Truck4989,291
Truck4990,291
Truck4991,291
Truck4992,291
Truck4993,291
Truck4994,291
Truck4995,291
Truck4996,291
Truck4997,291
Truck4998,291
Truck4999,291
Truck5000,291
Truck5001,291
Truck5002,291
Truck5003,291
Truck5004,291
Truck5005,291
Truck5006,291
Truck5007,291
Truck5008,291
Truck5009,291
Truck5010,291
Truck5011,291
Truck5012,291
Truck5013,291
Truck5014,291
Truck5015,291
Truck5016,291
Truck5017,291
Truck5018,291
Truck5019,291
Truck5020,291
Truck5021,291
Truck5022,291
Truck5023,291
Truck5024,291
Truck5025,291
Truck5026,291
Truck5027,291
Truck5028,291
Truck5029,291
Truck5030,291
Truck5031,291
Truck5032,291
Truck5033,291
Truck5034,291
Truck5035,291
Truck5036,291
Truck5037,291
Truck5038,291
Truck5039,291
Truck5040,291
Truck5041,291
Truck5042,291
Truck5043,291
Truck5044,291
Truck5045,291
Truck5046,291
Truck5047,291
Truck5048,291
Truck5049,291
Truck5050,291
Truck5051,291
Truck5052,291
Truck5053,291
Truck5054,291
Truck5055,291
Truck5056,291
Truck5057,291
Truck5058,291
Truck5059,291
Truck5060,291
Truck5061,291
Truck5062,291
Truck5063,291
Truck5064,291
Truck5065,291
Truck5066,291
Truck5067,291
Truck5068,291
Truck5069,291
Truck5070,291
Truck5071,291
Truck5072,291
Truck5073,291
Truck5074,291
Truck5075,291
Truck5076,291
Truck5077,291
Truck5078,291
Truck5079,291
Truck5080,291
Truck5081,291
Truck5082,291
Truck5083,291
Truck5084,291
Truck5085,291
Truck5086,291
Truck5087,291
Truck5088,291
Truck5089,291
Truck5090,291
Truck5091,291
Truck5092,291
Truck5093,291
Truck5094,291
Truck5095,291
Truck5096,291
Truck5097,291
Truck5098,291
Truck5099,291
Truck5100,291
Truck5101,291
Truck5102,291
Truck5103,291
Truck5104,291
Truck5105,291
Truck5106,291
Truck5107,291
Truck5108,291
Truck5109,291
Truck5110,291
Truck5111,291
Truck5112,291
Truck5113,291
Truck5114,291
Truck5115,291
Truck5116,291
Truck5117,291
Truck5118,291
Truck5119,291
Truck5120,291
Truck5121,291
Truck5122,291
Truck5123,291
Truck5124,291
Truck5125,291
Truck5126,291
Truck5127,291
Truck5128,291
Truck5129,291
Truck5130,291
Truck5131,291
Truck5132,291
Truck5133,291
Truck5134,291
Truck5135,291
Truck5136,291
Truck5137,291
Truck5138,291
Truck5139,291
Truck5140,291
Truck5141,291
Truck5142,291
Truck5143,291
Truck5144,291
Truck5145,291
Truck5146,291
Truck5147,291
Truck5148,291
Truck5149,291
Truck5150,291
Truck5151,291
Truck5152,291
Truck5153,291
Truck5154,291
Truck5155,291
Truck5156,291
Truck5157,291
Truck5158,291
Truck5159,291
Truck5160,291
Truck5161,291
Truck5162,291
Truck5163,291
Truck5164,291
Truck5165,291
Truck5166,291
Truck5167,291
Truck5168,291
Truck5169,291
Truck5170,291
Truck5171,291
Truck5172,291
Truck5173,291
Truck5174,291
Truck5175,291
Truck5176,291
Truck5177,291
Truck5178,291
Truck5179,291
Truck5180,291
Truck5181,291
Truck5182,291
Truck5183,291
Truck5184,291
Truck5185,291
Truck5186,291
Truck5187,291
Truck5188,291
Truck5189,291
Truck5190,291
Truck5191,291
Truck5192,291
Truck5193,291
Truck5194,291
Truck5195,291
Truck5196,291
Truck5197,291
Truck5198,291
Truck5199,291
Truck5200,291
Truck5201,291
Truck5202,291
Truck5203,291
Truck5204,291
Truck5205,291
Truck5206,291
Truck5207,291
Truck5208,291
Truck5209,291
Truck5210,291
Truck5211,291
Truck5212,291
Truck5213,291
Truck5214,291
Truck5215,291
Truck5216,291
Truck5217,291
Truck5218,291
Truck5219,291
Truck5220,291
Truck5221,291
Truck5222,291
Truck5223,291
Truck5224,291
Truck5225,291
Truck5226,291
Truck5227,291
Truck5228,291
Truck5229,291
Truck5230,291
Truck5231,291
Truck5232,291
Truck5233,291
Truck5234,291
Truck5235,291
Truck5236,291
Truck5237,291
Truck5238,291
Truck5239,291
Truck5240,291
Truck5241,291
Truck5242,291
Truck5243,291
Truck5244,291
Truck5245,291
Truck5246,291
Truck5247,291
Truck5248,291
Truck5249,291
Truck5250,291
Truck5251,291
Truck5252,291
Truck5253,291
Truck5254,291
Truck5255,291
Truck5256,291
Truck5257,291
Truck5258,291
Truck5259,291
Truck5260,291
Truck5261,291
Truck5262,291
Truck5263,291
Truck5264,291
Truck5265,291
Truck5266,291
Truck5267,291
Truck5268,291
Truck5269,291
Truck5270,291
Truck5271,291
Truck5272,291
Truck5273,291
Truck5274,291
Truck5275,291
Truck5276,291
Truck5277,291
Truck5278,291
Truck5279,291
Truck5280,291
Truck5281,291
Truck5282,291
Truck5283,291
Truck5284,291
Truck5285,291
Truck5286,291
Truck5287,291
Truck5288,291
Truck5289,291
Truck5290,291
Truck5291,291
Truck5292,291
Truck5293,291
Truck5294,291
Truck5295,291
Truck5296,291
Truck5297,291
Truck5298,291
Truck5299,291
Truck5300,291
Truck5301,291
Truck5302,291
Truck5303,291
Truck5304,291
Truck5305,291
Truck5306,291
Truck5307,291
Truck5308,291
Truck5309,291
Truck5310,291
Truck5311,291
Truck5312,291
Truck5313,291
Truck5314,291
Truck5315,291
Truck5316,291
Truck5317,291
Truck5318,291
Truck5319,291
Truck5320,291
Truck5321,291
Truck5322,291
Truck5323,291
Truck5324,291
Truck5325,291
Truck5326,291
Truck5327,291
Truck5328,291
Truck5329,291
Truck5330,291
Truck5331,291
Truck5332,291
Truck5333,291
Truck5334,291
Truck5335,291
Truck5336,291
Truck5337,291
Truck5338,291
Truck5339,291
Truck5340,291
Truck5341,291
Truck5342,291
Truck5343,291
Truck5344,291
Truck5345,291
Truck5346,291
Truck5347,291
Truck5348,291
Truck5349,291
Truck5350,291
Truck5351,291
Truck5352,291
Truck5353,291
Truck5354,291
Truck5355,291
Truck5356,291
Truck5357,291
Truck5358,291
Truck5359,291
Truck5360,291
Truck5361,291
Truck5362,291
Truck5363,291
Truck5364,291
Truck5365,291
Truck5366,291
Truck5367,291
Truck5368,291
Truck5369,291
Truck5370,291
Truck5371,291
Truck5372,291
Truck5373,291
Truck5374,291
Truck5375,291
Truck5376,291
Truck5377,291
Truck5378,291
Truck5379,291
Truck5380,291
Truck5381,291
Truck5382,291
Truck5383,291
Truck5384,291
Truck5385,291
Truck5386,291
Truck5387,291
Truck5388,291
Truck5389,291
Truck5390,291
Truck5391,291
Truck5392,291
Truck5393,291
Truck5394,291
Truck5395,291
Truck5396,291
Truck5397,291
Truck5398,291
Truck5399,291
Truck5400,291
Truck5401,291
Truck5402,291
Truck5403,291
Truck5404,291
Truck5405,291
Truck5406,291
Truck5407,291
Truck5408,291
Truck5409,291
Truck5410,291
Truck5411,291
Truck5412,291
Truck5413,291
Truck5414,291
Truck5415,291
Truck5416,291
Truck5417,291
Truck5418,291
Truck5419,291
Truck5420,291
Truck5421,291
Truck5422,291
Truck5423,291
Truck5424,291
Truck5425,291
Truck5426,291
Truck5427,291
Truck5428,291
Truck5429,291
Truck5430,291
Truck5431,291
Truck5432,291
Truck5433,291
Truck5434,291
Truck5435,291
Truck5436,291
Truck5437,291
Truck5438,291
Truck5439,291
Truck5440,291
Truck5441,291
Truck5442,291
Truck5443,291
Truck5444,291
Truck5445,291
Truck5446,291
Truck5447,291
Truck5448,291
Truck5449,291
Truck5450,291
Truck5451,291
Truck5452,291
Truck5453,291
Truck5454,291
Truck5455,291
Truck5456,291
Truck5457,291
Truck5458,291
Truck5459,291
Truck5460,291
Truck5461,291
Truck5462,291
Truck5463,291
Truck5464,291
Truck5465,291
Truck5466,291
Truck5467,291
Truck5468,291
Truck5469,291
Truck5470,291
Truck5471,291
Truck5472,291
Truck5473,291
Truck5474,291
Truck5475,291
Truck5476,291
Truck5477,291
Truck5478,291
Truck5479,291
Truck5480,291
Truck5481,291
Truck5482,291
Truck5483,291
Truck5484,291
Truck5485,291
Truck5486,291
Truck5487,291
Truck5488,291
Truck5489,291
Truck5490,291
Truck5491,291
Truck5492,291
Truck5493,291
Truck5494,291
Truck5495,291
Truck5496,291
Truck5497,291
Truck5498,291
Truck5499,291
Truck5500,291
Truck5501,291
Truck5502,291
Truck5503,291
Truck5504,291
Truck5505,291
Truck5506,291
Truck5507,291
Truck5508,291
Truck5509,291
Truck5510,291
Truck5511,291
Truck5512,291
Truck5513,291
Truck5514,291
Truck5515,291
Truck5516,291
Truck5517,291
Truck5518,291
Truck5519,291
Truck5520,291
Truck5521,291
Truck5522,291
Truck5523,291
Truck5524,291
Truck5525,291
Truck5526,291
Truck5527,291
Truck5528,291
Truck5529,291
Truck5530,291
Truck5531,291
Truck5532,291
Truck5533,291
Truck5534,291
Truck5535,291
Truck5536,291
Truck5537,291
Truck5538,291
Truck5539,291
Truck5540,291
Truck5541,291
Truck5542,291
Truck5543,291
Truck5544,291
Truck5545,291
Truck5546,291
Truck5547,291
Truck5548,291
Truck5549,291
Truck5550,291
Truck5551,291
Truck5552,291
Truck5553,291
Truck5554,291
Truck5555,291
Truck5556,291
Truck5557,291
Truck5558,291
Truck5559,291
Truck5560,291
Truck5561,291
Truck5562,291
Truck5563,291
Truck5564,291
Truck5565,291
Truck5566,291
Truck5567,291
Truck5568,291
Truck5569,291
Truck5570,291
Truck5571,291
Truck5572,291
Truck5573,291
Truck5574,291
Truck5575,291
Truck5576,291
Truck5577,291
Truck5578,291
Truck5579,291
Truck5580,291
Truck5581,291
Truck5582,291
Truck5583,291
Truck5584,291
Truck5585,291
Truck5586,291
Truck5587,291
Truck5588,291
Truck5589,291
Truck5590,291
Truck5591,291
Truck5592,291
Truck5593,291
Truck5594,291
Truck5595,291
Truck5596,291
Truck5597,291
Truck5598,291
Truck5599,291
Truck5600,291
Truck5601,291
Truck5602,291
Truck5603,291
Truck5604,291
Truck5605,291
Truck5606,291
Truck5607,291
Truck5608,291
Truck5609,291
Truck5610,291
Truck5611,291
Truck5612,291
Truck5613,291
Truck5614,291
Truck5615,291
Truck5616,291
Truck5617,291
Truck5618,291
Truck5619,291
Truck5620,291
Truck5621,291
Truck5622,291
Truck5623,291
Truck5624,291
Truck5625,291
Truck5626,291
Truck5627,291
Truck5628,291
Truck5629,291
Truck5630,291
Truck5631,291
Truck5632,291
Truck5633,291
Truck5634,291
Truck5635,291
Truck5636,291
Truck5637,291
Truck5638,291
Truck5639,291
Truck5640,291
Truck5641,291
Truck5642,291
Truck5643,291
Truck5644,291
Truck5645,291
Truck5646,291
Truck5647,291
Truck5648,291
Truck5649,291
Truck5650,291
Truck5651,291
Truck5652,291
Truck5653,291
Truck5654,291
Truck5655,291
Truck5656,291
Truck5657,291
Truck5658,291
Truck5659,291
Truck5660,291
Truck5661,291
Truck5662,291
Truck5663,291
Truck5664,291
Truck5665,291
Truck5666,291
Truck5667,291
Truck5668,291
Truck5669,291
Truck5670,291
Truck5671,291
Truck5672,291
Truck5673,291
Truck5674,291
Truck5675,291
Truck5676,291
Truck5677,291
Truck5678,291
Truck5679,291
Truck5680,291
Truck5681,291
Truck5682,291
Truck5683,291
Truck5684,291
Truck5685,291
Truck5686,291
Truck5687,291
Truck5688,291
Truck5689,291
Truck5690,291
Truck5691,291
Truck5692,291
Truck5693,291
Truck5694,291
Truck5695,291
Truck5696,291
Truck5697,291
Truck5698,291
Truck5699,291
Truck5700,291
Truck5701,291
Truck5760,291
Truck5761,291
Truck5762,291
Truck5763,291
Truck5764,291
Truck5765,291
Truck5766,291
Truck5767,291
Truck5768,291
Truck5769,291
Truck5770,291
Truck5771,291
Truck5772,291
Truck5773,291
Truck5774,291
Truck5775,291
Truck5776,291
Truck5777,291
Truck5778,291
Truck5779,291
Truck5780,291
Truck5781,291
Truck5782,291
Truck5783,291
Truck5784,291
Truck5785,291
Truck5786,291
Truck5787,291
Truck5788,291
Truck5789,291
Truck5790,291
Truck5791,291
Truck5792,291
Truck5793,291
Truck5794,291
Truck5795,291
Truck5796,291
Truck5797,291
Truck5798,291
Truck5799,291
Truck5800,291
Truck5801,291
Truck5802,291
Truck5803,291
Truck5804,291
Truck5805,291
Truck5806,291
Truck5807,291
Truck5808,291
Truck5809,291
Truck5810,291
Truck5811,291
Truck5812,291
Truck5813,291
Truck5814,291
Truck5815,291
Truck5816,291
Truck5817,291
Truck5818,291
Truck5819,291
Truck5820,291
Truck5821,291
Truck5822,291
Truck5823,291
Truck5824,291
Truck5825,291
Truck5826,291
Truck5827,291
Truck5828,291
Truck5829,291
Truck5830,291
Truck5831,291
Truck5832,291
Truck5833,291
Truck5834,291
Truck5835,291
Truck5836,291
Truck5837,291
Truck5838,291
Truck5839,291
Truck5840,291
Truck5841,291
Truck5842,291
Truck5843,291
Truck5844,291
Truck5845,291
Truck5846,291
Truck5847,291
Truck5848,291
Truck5849,291
Truck5850,291
Truck5851,291
Truck5852,291
Truck5853,291
Truck5854,291
Truck5855,291
Truck5856,291
Truck5857,291
Truck5858,291
Truck5859,291
Truck5860,291
Truck5861,291
Truck5862,291
Truck5863,291
Truck5864,291
Truck5865,291
Truck5866,291
Truck5867,291
Truck5868,291
Truck5869,291
Truck5870,291
Truck5871,291
Truck5872,291
Truck5873,291
Truck5874,291
Truck5875,291
Truck5876,291
Truck5877,291
Truck5878,291
Truck5879,291
Truck5880,291
Truck5881,291
Truck5882,291
Truck5883,291
Truck5884,291
Truck5885,291
Truck5886,291
Truck5887,291
Truck5888,291
Truck5889,291
Truck5890,291
Truck5891,291
Truck5892,291
Truck5893,291
Truck5894,291
Truck5895,291
Truck5896,291
Truck5897,291
Truck5898,291
Truck5899,291
Truck5900,291
Truck5901,291
Truck5902,291
Truck5903,291
Truck5904,291
Truck5905,291
Truck5906,291
Truck5907,291
Truck5908,291
Truck5909,291
Truck5910,291
Truck5911,291
Truck5912,291
Truck5913,291
Truck5914,291
Truck5915,291
Truck5916,291
Truck5917,291
Truck5918,291
Truck5919,291
Truck5920,291
Truck5921,291
Truck5922,291
Truck5923,291
Truck5924,291
Truck5925,291
Truck5926,291
Truck5927,291
Truck5928,291
Truck5929,291
Truck5930,291
Truck5931,291
Truck5932,291
Truck5933,291
Truck5934,291
Truck5935,291
Truck5936,291
Truck5937,291
Truck5938,291
Truck5939,291
Truck5940,291
Truck5941,291
Truck5942,291
Truck5943,291
Truck5944,291
Truck5945,291
Truck5946,291
Truck5947,291
Truck5948,291
Truck5949,291
Truck5950,291
Truck5951,291
Truck5952,291
Truck5953,291
Truck5954,291
Truck5955,291
Truck5956,291
Truck5957,291
Truck5958,291
Truck5959,291
Truck5960,291
Truck5961,291
Truck5962,291
Truck5963,291
Truck5964,291
Truck5965,291
Truck5966,291
Truck5967,291
Truck5968,291
Truck5969,291
Truck5970,291
Truck5971,291
Truck5972,291
Truck5973,291
Truck5974,291
Truck5975,291
Truck5976,291
Truck5977,291
Truck5978,291
Truck5979,291
Truck5980,291
Truck5981,291
Truck5982,291
Truck5983,291
Truck5984,291
Truck5985,291
Truck5986,291
Truck5987,291
Truck5988,291
Truck5989,291
Truck5990,291
Truck5991,291
Truck5992,291
Truck5993,291
Truck5994,291
Truck5995,291
Truck5996,291
Truck5997,291
Truck5998,291
Truck5999,291
Truck6000,291
Truck6001,291
Truck6002,291
Truck6003,291
Truck6004,291
Truck6005,291
Truck6006,291
Truck6007,291
Truck6008,291
Truck6009,291
Truck6010,291
Truck6011,291
Truck6012,291
Truck6013,291
Truck6014,291
Truck6015,291
Truck6016,291
Truck6017,291
Truck6018,291
Truck6019,291
Truck6020,291
Truck6021,291
Truck6022,291
Truck6023,291
Truck6024,291
Truck6025,291
Truck6026,291
Truck6027,291
Truck6028,291
Truck6029,291
Truck6030,291
Truck6031,291
Truck6032,291
Truck6033,291
Truck6034,291
Truck6035,291
Truck6036,291
Truck6037,291
Truck6038,291
Truck6039,291
Truck6040,291
Truck6041,291
Truck6042,291
Truck6043,291
Truck6044,291
Truck6045,291
Truck6046,291
Truck6047,291
Truck6048,291
Truck6049,291
Truck6050,291
Truck6051,291
Truck6052,291
Truck6053,291
Truck6054,291
Truck6055,291
Truck6056,291
Truck6057,291
Truck6058,291
Truck6059,291
Truck6060,291
Truck6061,291
Truck6062,291
Truck6063,291
Truck6064,291
Truck6065,291
Truck6066,291
Truck6067,291
Truck6068,291
Truck6069,291
Truck6070,291
Truck6071,291
Truck6072,291
Truck6073,291
Truck6074,291
Truck6075,291
Truck6076,291
Truck6077,291
Truck6078,291
Truck6079,291
Truck6080,291
Truck6081,291
Truck6082,291
Truck6083,291
Truck6084,291
Truck6085,291
Truck6086,291
Truck6087,291
Truck6088,291
Truck6089,291
Truck6090,291
Truck6091,291
Truck6092,291
Truck6093,291
Truck6094,291
Truck6095,291
Truck6096,291
Truck6097,291
Truck6098,291
Truck6099,291
Truck6100,291
Truck6101,291
Truck6102,291
Truck6103,291
Truck6104,291
Truck6105,291
Truck6106,291
Truck6107,291
Truck6108,291
Truck6109,291
Truck6110,291
Truck6111,291
Truck6112,291
Truck6113,291
Truck6114,291
Truck6115,291
Truck6116,291
Truck6117,291
Truck6118,291
Truck6119,291
Truck6120,291
Truck6121,291
Truck6122,291
Truck6123,291
Truck6124,291
Truck6125,291
Truck6126,291
Truck6127,291
Truck6128,291
Truck6129,291
Truck6130,291
Truck6131,291
Truck6132,291
Truck6133,291
Truck6134,291
Truck6135,291
Truck6136,291
Truck6137,291
Truck6138,291
Truck6139,291
Truck6140,291
Truck6141,291
Truck6142,291
Truck6143,291
Truck6144,291
Truck6145,291
Truck6146,291
Truck6147,291
Truck6148,291
Truck6149,291
Truck6150,291
Truck6151,291
Truck6152,291
Truck6153,291
Truck6154,291
Truck6155,291
Truck6156,291
Truck6157,291
Truck6158,291
Truck6159,291
Truck6160,291
Truck6161,291
Truck6162,291
Truck6163,291
Truck6164,291
Truck6165,291
Truck6166,291
Truck6167,291
Truck6168,291
Truck6169,291
Truck6170,291
Truck6171,291
Truck6172,291
Truck6173,291
Truck6174,291
Truck6175,291
Truck6176,291
Truck6177,291
Truck6178,291
Truck6179,291
Truck6180,291
Truck6181,291
Truck6182,291
Truck6183,291
Truck6184,291
Truck6185,291
Truck6186,291
Truck6187,291
Truck6188,291
Truck6189,291
Truck6190,291
Truck6191,291
Truck6192,291
Truck6193,291
Truck6194,291
Truck6195,291
Truck6196,291
Truck6197,291
Truck6198,291
Truck6199,291
Truck6200,291
Truck6201,291
Truck6202,291
Truck6203,291
Truck6204,291
Truck6205,291
Truck6206,291
Truck6207,291
Truck6208,291
Truck6209,291
Truck6210,291
Truck6211,291
Truck6212,291
Truck6213,291
Truck6214,291
Truck6215,291
Truck6216,291
Truck6217,291
Truck6218,291
Truck6219,291
Truck6220,291
Truck6221,291
Truck6222,291
Truck6223,291
Truck6224,291
Truck6225,291
Truck6226,291
Truck6227,291
Truck6228,291
Truck6229,291
Truck6230,291
Truck6231,291
Truck6232,291
Truck6233,291
Truck6234,291
Truck6235,291
Truck6236,291
Truck6237,291
Truck6238,291
Truck6239,291
Truck6240,291
Truck6241,291
Truck6242,291
Truck6243,291
Truck6244,291
Truck6245,291
Truck6246,291
Truck6247,291
Truck6248,291
Truck6249,291
Truck6250,291
Truck6251,291
Truck6252,291
Truck6253,291
Truck6254,291
Truck6255,291
Truck6256,291
Truck6257,291
Truck6258,291
Truck6259,291
Truck6260,291
Truck6261,291
Truck6262,291
Truck6263,291
Truck6264,291
Truck6265,291
Truck6266,291
Truck6267,291
Truck6268,291
Truck6269,291
Truck6270,291
Truck6271,291
Truck6272,291
Truck6273,291
Truck6274,291
Truck6275,291
Truck6276,291
Truck6277,291
Truck6278,291
Truck6279,291
Truck6280,291
Truck6281,291
Truck6282,291
Truck6283,291
Truck6284,291
Truck6285,291
Truck6286,291
Truck6287,291
Truck6288,291
Truck6289,291
Truck6290,291
Truck6291,291
Truck6292,291
Truck6293,291
Truck6294,291
Truck6295,291
Truck6296,291
Truck6297,291
Truck6298,291
Truck6299,291
Truck6300,291
Truck6301,291
Truck6302,291
Truck6303,291
Truck6304,291
Truck6305,291
Truck6306,291
Truck6307,291
Truck6308,291
Truck6309,291
Truck6310,291
Truck6311,291
Truck6312,291
Truck6313,291
Truck6314,291
Truck6315,291
Truck6316,291
Truck6317,291
Truck6318,291
Truck6319,291
Truck6320,291
Truck6321,291
Truck6322,291
Truck6323,291
Truck6324,291
Truck6325,291
Truck6326,291
Truck6327,291
Truck6328,291
Truck6329,291
Truck6330,291
Truck6331,291
Truck6332,291
Truck6333,291
Truck6334,291
Truck6335,291
Truck6336,291
Truck6337,291
Truck6338,291
Truck6339,291
Truck6340,291
Truck6341,291
Truck6342,291
Truck6343,291
Truck6344,291
Truck6345,291
Truck6346,291
Truck6347,291
Truck6348,291
Truck6349,291
Truck6350,291
Truck6351,291
Truck6352,291
Truck6353,291
Truck6354,291
Truck6355,291
Truck6356,291
Truck6357,291
Truck6358,291
Truck6359,291
Truck6360,291
Truck6361,291
Truck6362,291
Truck6363,291
Truck6364,291
Truck6365,291
Truck6366,291
Truck6367,291
Truck6368,291
Truck6369,291
Truck6370,291
Truck6371,291
Truck6372,291
Truck6373,291
Truck6374,291
Truck6375,291
Truck6376,291
Truck6377,291
Truck6378,291
Truck6379,291
Truck6380,291
Truck6381,291
Truck6382,291
Truck6383,291
Truck6384,291
Truck6385,291
Truck6386,291
Truck6387,291
Truck6388,291
Truck6389,291
Truck6390,291
Truck6391,291
Truck6392,291
Truck6393,291
Truck6394,291
Truck6395,291
Truck6396,291
Truck6397,291
Truck6398,291
Truck6399,291
Truck6400,291
Truck6401,291
Truck6402,291
Truck6403,291
Truck6404,291
Truck6405,291
Truck6406,291
Truck6407,291
Truck6408,291
Truck6409,291
Truck6410,291
Truck6411,291
Truck6412,291
Truck6413,291
Truck6414,291
Truck6415,291
Truck6416,291
Truck6417,291
Truck6418,291
Truck6419,291
Truck6420,291
Truck6421,291
Truck6422,291
Truck6423,291
Truck6424,291
Truck6425,291
Truck6426,291
Truck6427,291
Truck6428,291
Truck6429,291
Truck6430,291
Truck6431,291
Truck6432,291
Truck6433,291
Truck6434,291
Truck6435,291
Truck6436,291
Truck6437,291
Truck6438,291
Truck6439,291
Truck6440,291
Truck6441,291
Truck6442,291
Truck6443,291
Truck6444,291
Truck6445,291
Truck6446,291
Truck6447,291
Truck6448,291
Truck6449,291
Truck6450,291
Truck6451,291
Truck6452,291
Truck6453,291
Truck6454,291
Truck6455,291
Truck6456,291
Truck6457,291
Truck6458,291
Truck6459,291
Truck6460,291
Truck6461,291
Truck6462,291
Truck6463,291
Truck6464,291
Truck6465,291
Truck6466,291
Truck6467,291
Truck6468,291
Truck6469,291
Truck6470,291
Truck6471,291
Truck6472,291
Truck6473,291
Truck6474,291
Truck6475,291
Truck6476,291
Truck6477,291
Truck6478,291
Truck6479,291
Truck6480,291
Truck6481,291
Truck6482,291
Truck6483,291
Truck6484,291
Truck6485,291
Truck6486,291
Truck6487,291
Truck6488,291
Truck6489,291
Truck6490,291
Truck6491,291
Truck6492,291
Truck6493,291
Truck6494,291
Truck6495,291
Truck6496,291
Truck6497,291
Truck6498,291
Truck6499,291
Truck6500,291
Truck6501,291
Truck6502,291
Truck6503,291
Truck6504,291
Truck6505,291
Truck6506,291
Truck6507,291
Truck6508,291
Truck6509,291
Truck6510,291
Truck6511,291
Truck6512,291
Truck6513,291
Truck6514,291
Truck6515,291
Truck6516,291
Truck6517,291
Truck6518,291
Truck6519,291
Truck6520,291
Truck6521,291
Truck6522,291
Truck6523,291
Truck6524,291
Truck6525,291
Truck6526,291
Truck6527,291
Truck6528,291
Truck6529,291
Truck6530,291
Truck6531,291
Truck6532,291
Truck6533,291
Truck6534,291
Truck6535,291
Truck6536,291
Truck6537,291
Truck6538,291
Truck6539,291
Truck6540,291
Truck6541,291
Truck6542,291
Truck6543,291
Truck6544,291
Truck6545,291
Truck6546,291
Truck6547,291
Truck6548,291
Truck6549,291
Truck6550,291
Truck6551,291
Truck6552,291
Truck6553,291
Truck6554,291
Truck6555,291
Truck6556,291
Truck6557,291
Truck6558,291
Truck6559,291
Truck6560,291
Truck6561,291
Truck6562,291
Truck6563,291
Truck6564,291
Truck6565,291
Truck6566,291
Truck6567,291
Truck6568,291
Truck6569,291
Truck6570,291
Truck6571,291
Truck6572,291
Truck6573,291
Truck6574,291
Truck6575,291
Truck6576,291
Truck6577,291
Truck6578,291
Truck6579,291
Truck6580,291
Truck6581,291
Truck6582,291
Truck6583,291
Truck6584,291
Truck6585,291
Truck6586,291
Truck6587,291
Truck6588,291
Truck6589,291
Truck6590,291
Truck6591,291
Truck6592,291
Truck6593,291
Truck6594,291
Truck6595,291
Truck6596,291
Truck6597,291
Truck6598,291
Truck6599,291
Truck6600,291
Truck6601,291
Truck6602,291
Truck6603,291
Truck6604,291
Truck6605,291
Truck6606,291
Truck6607,291
Truck6608,291
Truck6609,291
Truck6610,291
Truck6611,291
Truck6612,291
Truck6613,291
Truck6614,291
Truck6615,291
Truck6616,291
Truck6617,291
Truck6618,291
Truck6619,291
Truck6620,291
Truck6621,291
Truck6622,291
Truck6623,291
Truck6624,291
Truck6625,291
Truck6626,291
Truck6627,291
Truck6628,291
Truck6629,291
Truck6630,291
Truck6631,291
Truck6632,291
Truck6633,291
Truck6634,291
Truck6635,291
Truck6636,291
Truck6637,291
Truck6638,291
Truck6639,291
Truck6640,291
Truck6641,291
Truck6642,291
Truck6643,291
Truck6644,291
Truck6645,291
Truck6646,291
Truck6647,291
Truck6648,291
Truck6649,291
Truck6650,291
Truck6651,291
Truck6652,291
Truck6653,291
Truck6654,291
Truck6655,291
Truck6656,291
Truck6657,291
Truck6658,291
Truck6659,291
Truck6660,291
Truck6661,291
Truck6662,291
Truck6663,291
Truck6664,291
Truck6665,291
Truck6666,291
Truck6667,291
Truck6668,291
Truck6669,291
Truck6670,291
Truck6671,291
Truck6672,291
Truck6673,291
Truck6674,291
Truck6675,291
Truck6676,291
Truck6677,291
Truck6678,291
Truck6679,291
Truck6680,291
Truck6681,291
Truck6682,291
Truck6683,291
Truck6684,291
Truck6685,291
Truck6686,291
Truck6687,291
Truck6688,291
Truck6689,291
Truck6690,291
Truck6691,291
Truck6692,291
Truck6693,291
Truck6694,291
Truck6695,291
Truck6696,291
Truck6697,291
Truck6698,291
Truck6699,291
Truck6700,291
Truck6701,291
Truck6702,291
Truck6703,291
Truck6704,291
Truck6705,291
Truck6706,291
Truck6707,291
Truck6708,291
Truck6709,291
Truck6710,291
Truck6711,291
Truck6712,291
Truck6713,291
Truck6714,291
Truck6715,291
Truck6716,291
Truck6717,291
Truck6718,291
Truck6719,291
Truck6720,291
Truck6721,291
Truck6722,291
Truck6723,291
Truck6724,291
Truck6725,291
Truck6726,291
Truck6727,291
Truck6728,291
Truck6729,291
Truck6730,291
Truck6731,291
Truck6732,291
Truck6733,291
Truck6734,291
Truck6735,291
Truck6736,291
Truck6737,291
Truck6738,291
Truck6739,291
Truck6740,291
Truck6741,291
Truck6742,291
Truck6743,291
Truck6744,291
Truck6745,291
Truck6746,291
Truck6747,291
Truck6748,291
Truck6749,291
Truck6750,291
Truck6751,291
Truck6752,291
Truck6753,291
Truck6754,291
Truck6755,291
Truck6756,291
Truck6757,291
Truck6758,291
Truck6759,291
Truck6760,291
Truck6761,291
Truck6762,291
Truck6763,291
Truck6764,291
Truck6765,291
Truck6766,291
Truck6767,291
Truck6768,291
Truck6769,291
Truck6770,291
Truck6771,291
Truck6772,291
Truck6773,291
Truck6774,291
Truck6775,291
Truck6776,291
Truck6777,291
Truck6778,291
Truck6779,291
Truck6780,291
Truck6781,291
Truck6782,291
Truck6783,291
Truck6784,291
Truck6785,291
Truck6786,291
Truck6787,291
Truck6788,291
Truck6789,291
Truck6790,291
Truck6791,291
Truck6792,291
Truck6793,291
Truck6794,291
Truck6795,291
Truck6796,291
Truck6797,291
Truck6798,291
Truck6799,291
Truck6800,291
Truck6801,291
Truck6802,291
Truck6803,291
Truck6804,291
Truck6805,291
Truck6806,291
Truck6807,291
Truck6808,291
Truck6809,291
Truck6810,291
Truck6811,291
Truck6812,291
Truck6813,291
Truck6814,291
Truck6815,291
Truck6816,291
Truck6817,291
Truck6818,291
Truck6819,291
Truck6820,291
Truck6821,291
Truck6822,291
Truck6823,291
Truck6824,291
Truck6825,291
Truck6826,291
Truck6827,291
Truck6828,291
Truck6829,291
Truck6830,291
Truck6831,291
Truck6832,291
Truck6833,291
Truck6834,291
Truck6835,291
Truck6836,291
Truck6837,291
Truck6838,291
Truck6839,291
Truck6840,291
Truck6841,291
Truck6842,291
Truck6843,291
Truck6844,291
Truck6845,291
Truck6846,291
Truck6847,291
Truck6848,291
Truck6849,291
Truck6850,291
Truck6851,291
Truck6852,291
Truck6853,291
Truck6854,291
Truck6855,291
Truck6856,291
Truck6857,291
Truck6858,291
Truck6859,291
Truck6860,291
Truck6861,291
Truck6862,291
Truck6863,291
Truck6864,291
Truck6865,291
Truck6866,291
Truck6867,291
Truck6868,291
Truck6869,291
Truck6870,291
Truck6871,291
Truck6872,291
Truck6873,291
Truck6874,291
Truck6875,291
Truck6876,291
Truck6877,291
Truck6878,291
Truck6879,291
Truck6880,291
Truck6881,291
Truck6882,291
Truck6883,291
Truck6884,291
Truck6885,291
Truck6886,291
Truck6887,291
Truck6888,291
Truck6889,291
Truck6890,291
Truck6891,291
Truck6892,291
Truck6893,291
Truck6894,291
Truck6895,291
Truck6896,291
Truck6897,291
Truck6898,291
Truck6899,291
Truck6900,291
Truck6901,291
Truck6902,291
Truck6903,291
Truck6904,291
Truck6905,291
Truck6906,291
Truck6907,291
Truck6908,291
Truck6909,291
Truck6910,291
Truck6911,291
Truck6912,291
Truck6913,291
Truck6914,291
Truck6915,291
Truck6916,291
Truck6917,291
Truck6918,291
Truck6919,291
Truck6920,291
Truck6921,291
Truck6922,291
Truck6923,291
Truck6924,291
Truck6925,291
Truck6926,291
Truck6927,291
Truck6928,291
Truck6929,291
Truck6930,291
Truck6931,291
Truck6932,291
Truck6933,291
Truck6934,291
Truck6935,291
Truck6936,291
Truck6937,291
Truck6938,291
Truck6939,291
Truck6940,291
Truck6941,291
Truck6942,291
Truck6943,291
Truck6944,291
Truck6945,291
Truck6946,291
Truck6947,291
Truck6948,291
Truck6949,291
Truck6950,291
Truck6951,291
Truck6952,291
Truck6953,291
Truck6954,291
Truck6955,291
Truck6956,291
Truck6957,291
Truck6958,291
Truck6959,291
Truck6960,291
Truck6961,291
Truck6962,291
Truck6963,291
Truck6964,291
Truck6965,291
Truck6966,291
Truck6967,291
Truck6968,291
Truck6969,291
Truck6970,291
Truck6971,291
Truck6972,291
Truck6973,291
Truck6974,291
Truck6975,291
Truck6976,291
Truck6977,291
Truck6978,291
Truck6979,291
Truck6980,291
Truck6981,291
Truck6982,291
Truck6983,291
Truck6984,291
Truck6985,291
Truck6986,291
Truck6987,291
Truck6988,291
Truck6989,291
Truck6990,291
Truck6991,291
Truck6992,291
Truck6993,291
Truck6994,291
Truck6995,291
Truck6996,291
Truck6997,291
Truck6998,291
Truck6999,291
Truck7000,291
Truck7001,291
Truck7002,291
Truck7003,291
Truck7004,291
Truck7005,291
Truck7006,291
Truck7007,291
Truck7008,291
Truck7009,291
Truck7010,291
Truck7011,291
Truck7012,291
Truck7013,291
Truck7014,291
Truck7015,291
Truck7016,291
Truck7017,291
Truck7018,291
Truck7019,291
Truck7020,291
Truck7021,291
Truck7022,291
Truck7023,291
Truck7024,291
Truck7025,291
Truck7026,291
Truck7027,291
Truck7028,291
Truck7029,291
Truck7030,291
Truck7031,291
Truck7032,291
Truck7033,291
Truck7034,291
Truck7035,291
Truck7036,291
Truck7037,291
Truck7038,291
Truck7039,291
Truck7040,291
Truck7041,291
Truck7042,291
Truck7043,291
Truck7044,291
Truck7045,291
Truck7046,291
Truck7047,291
Truck7048,291
Truck7049,291
Truck7050,291
Truck7051,291
Truck7052,291
Truck7053,291
Truck7054,291
Truck7055,291
Truck7056,291
Truck7057,291
Truck7058,291
Truck7059,291
Truck7060,291
Truck7061,291
Truck7062,291
Truck7063,291
Truck7064,291
Truck7065,291
Truck7066,291
Truck7067,291
Truck7068,291
Truck7069,291
Truck7070,291
Truck7071,291
Truck7072,291
Truck7073,291
Truck7074,291
Truck7075,291
Truck7076,291
Truck7077,291
Truck7078,291
Truck7079,291
Truck7080,291
Truck7081,291
Truck7082,291
Truck7083,291
Truck7084,291
Truck7085,291
Truck7086,291
Truck7087,291
Truck7088,291
Truck7089,291
Truck7090,291
Truck7091,291
Truck7092,291
Truck7093,291
Truck7094,291
Truck7095,291
Truck7096,291
Truck7097,291
Truck7098,291
Truck7099,291
Truck7100,291
Truck7101,291
Truck7102,291
Truck7103,291
Truck7104,291
Truck7105,291
Truck7106,291
Truck7107,291
Truck7108,291
Truck7109,291
Truck7110,291
Truck7111,291
Truck7112,291
Truck7113,291
Truck7114,291
Truck7115,291
Truck7116,291
Truck7117,291
Truck7118,291
Truck7119,291
Truck7120,291
Truck7121,291
Truck7122,291
Truck7123,291
Truck7124,291
Truck7125,291
Truck7126,291
Truck7127,291
Truck7128,291
Truck7129,291
Truck7130,291
Truck7131,291
Truck7132,291
Truck7133,291
Truck7134,291
Truck7135,291
Truck7136,291
Truck7137,291
Truck7138,291
Truck7139,291
Truck7140,291
Truck7141,291
Truck7200,291
Truck7201,291
Truck7202,291
Truck7203,291
Truck7204,291
Truck7205,291
Truck7206,291
Truck7207,291
Truck7208,291
Truck7209,291
Truck7210,291
Truck7211,291
Truck7212,291
Truck7213,291
Truck7214,291
Truck7215,291
Truck7216,291
Truck7217,291
Truck7218,291
Truck7219,291
Truck7220,291
Truck7221,291
Truck7222,291
Truck7223,291
Truck7224,291
Truck7225,291
Truck7226,291
Truck7227,291
Truck7228,291
Truck7229,291
Truck7230,291
Truck7231,291
Truck7232,291
Truck7233,291
Truck7234,291
Truck7235,291
Truck7236,291
Truck7237,291
Truck7238,291
Truck7239,291
Truck7240,291
Truck7241,291
Truck7242,291
Truck7243,291
Truck7244,291
Truck7245,291
Truck7246,291
Truck7247,291
Truck7248,291
Truck7249,291
Truck7250,291
Truck7251,291
Truck7252,291
Truck7253,291
Truck7254,291
Truck7255,291
Truck7256,291
Truck7257,291
Truck7258,291
Truck7259,291
Truck7260,291
Truck7261,291
Truck7262,291
Truck7263,291
Truck7264,291
Truck7265,291
Truck7266,291
Truck7267,291
Truck7268,291
Truck7269,291
Truck7270,291
Truck7271,291
Truck7272,291
Truck7273,291
Truck7274,291
Truck7275,291
Truck7276,291
Truck7277,291
Truck7278,291
Truck7279,291
Truck7280,291
Truck7281,291
Truck7282,291
Truck7283,291
Truck7284,291
Truck7285,291
Truck7286,291
Truck7287,291
Truck7288,291
Truck7289,291
Truck7290,291
Truck7291,291
Truck7292,291
Truck7293,291
Truck7294,291
Truck7295,291
Truck7296,291
Truck7297,291
Truck7298,291
Truck7299,291
Truck7300,291
Truck7301,291
Truck7302,291
Truck7303,291
Truck7304,291
Truck7305,291
Truck7306,291
Truck7307,291
Truck7308,291
Truck7309,291
Truck7310,291
Truck7311,291
Truck7312,291
Truck7313,291
Truck7314,291
Truck7315,291
Truck7316,291
Truck7317,291
Truck7318,291
Truck7319,291
Truck7320,291
Truck7321,291
Truck7322,291
Truck7323,291
Truck7324,291
Truck7325,291
Truck7326,291
Truck7327,291
Truck7328,291
Truck7329,291
Truck7330,291
Truck7331,291
Truck7332,291
Truck7333,291
Truck7334,291
Truck7335,291
Truck7336,291
Truck7337,291
Truck7338,291
Truck7339,291
Truck7340,291
Truck7341,291
Truck7342,291
Truck7343,291
Truck7344,291
Truck7345,291
Truck7346,291
Truck7347,291
Truck7348,291
Truck7349,291
Truck7350,291
Truck7351,291
Truck7352,291
Truck7353,291
Truck7354,291
Truck7355,291
Truck7356,291
Truck7357,291
Truck7358,291
Truck7359,291
Truck7360,291
Truck7361,291
Truck7362,291
Truck7363,291
Truck7364,291
Truck7365,291
Truck7366,291
Truck7367,291
Truck7368,291
Truck7369,291
Truck7370,291
Truck7371,291
Truck7372,291
Truck7373,291
Truck7374,291
Truck7375,291
Truck7376,291
Truck7377,291
Truck7378,291
Truck7379,291
Truck7380,291
Truck7381,291
Truck7382,291
Truck7383,291
Truck7384,291
Truck7385,291
Truck7386,291
Truck7387,291
Truck7388,291
Truck7389,291
Truck7390,291
Truck7391,291
Truck7392,291
Truck7393,291
Truck7394,291
Truck7395,291
Truck7396,291
Truck7397,291
Truck7398,291
Truck7399,291
Truck7400,291
Truck7401,291
Truck7402,291
Truck7403,291
Truck7404,291
Truck7405,291
Truck7406,291
Truck7407,291
Truck7408,291
Truck7409,291
Truck7410,291
Truck7411,291
Truck7412,291
Truck7413,291
Truck7414,291
Truck7415,291
Truck7416,291
Truck7417,291
Truck7418,291
Truck7419,291
Truck7420,291
Truck7421,291
Truck7422,291
Truck7423,291
Truck7424,291
Truck7425,291
Truck7426,291
Truck7427,291
Truck7428,291
Truck7429,291
Truck7430,291
Truck7431,291
Truck7432,291
Truck7433,291
Truck7434,291
Truck7435,291
Truck7436,291
Truck7437,291
Truck7438,291
Truck7439,291
Truck7440,291
Truck7441,291
Truck7442,291
Truck7443,291
Truck7444,291
Truck7445,291
Truck7446,291
Truck7447,291
Truck7448,291
Truck7449,291
Truck7450,291
Truck7451,291
Truck7452,291
Truck7453,291
Truck7454,291
Truck7455,291
Truck7456,291
Truck7457,291
Truck7458,291
Truck7459,291
Truck7460,291
Truck7461,291
Truck7462,291
Truck7463,291
Truck7464,291
Truck7465,291
Truck7466,291
Truck7467,291
Truck7468,291
Truck7469,291
Truck7470,291
Truck7471,291
Truck7472,291
Truck7473,291
Truck7474,291
Truck7475,291
Truck7476,291
Truck7477,291
Truck7478,291
Truck7479,291
Truck7480,291
Truck7481,291
Truck7482,291
Truck7483,291
Truck7484,291
Truck7485,291
Truck7486,291
Truck7487,291
Truck7488,291
Truck7489,291
Truck7490,291
Truck7491,291
Truck7492,291
Truck7493,291
Truck7494,291
Truck7495,291
Truck7496,291
Truck7497,291
Truck7498,291
Truck7499,291
Truck7500,291
Truck7501,291
Truck7502,291
Truck7503,291
Truck7504,291
Truck7505,291
Truck7506,291
Truck7507,291
Truck7508,291
Truck7509,291
Truck7510,291
Truck7511,291
Truck7512,291
Truck7513,291
Truck7514,291
Truck7515,291
Truck7516,291
Truck7517,291
Truck7518,291
Truck7519,291
Truck7520,291
Truck7521,291
Truck7522,291
Truck7523,291
Truck7524,291
Truck7525,291
Truck7526,291
Truck7527,291
Truck7528,291
Truck7529,291
Truck7530,291
Truck7531,291
Truck7532,291
Truck7533,291
Truck7534,291
Truck7535,291
Truck7536,291
Truck7537,291
Truck7538,291
Truck7539,291
Truck7540,291
Truck7541,291
Truck7542,291
Truck7543,291
Truck7544,291
Truck7545,291
Truck7546,291
Truck7547,291
Truck7548,291
Truck7549,291
Truck7550,291
Truck7551,291
Truck7552,291
Truck7553,291
Truck7554,291
Truck7555,291
Truck7556,291
Truck7557,291
Truck7558,291
Truck7559,291
Truck7560,291
Truck7561,291
Truck7562,291
Truck7563,291
Truck7564,291
Truck7565,291
Truck7566,291
Truck7567,291
Truck7568,291
Truck7569,291
Truck7570,291
Truck7571,291
Truck7572,291
Truck7573,291
Truck7574,291
Truck7575,291
Truck7576,291
Truck7577,291
Truck7578,291
Truck7579,291
Truck7580,291
Truck7581,291
Truck7582,291
Truck7583,291
Truck7584,291
Truck7585,291
Truck7586,291
Truck7587,291
Truck7588,291
Truck7589,291
Truck7590,291
Truck7591,291
Truck7592,291
Truck7593,291
Truck7594,291
Truck7595,291
Truck7596,291
Truck7597,291
Truck7598,291
Truck7599,291
Truck7600,291
Truck7601,291
Truck7602,291
Truck7603,291
Truck7604,291
Truck7605,291
Truck7606,291
Truck7607,291
Truck7608,291
Truck7609,291
Truck7610,291
Truck7611,291
Truck7612,291
Truck7613,291
Truck7614,291
Truck7615,291
Truck7616,291
Truck7617,291
Truck7618,291
Truck7619,291
Truck7620,291
Truck7621,291
Truck7622,291
Truck7623,291
Truck7624,291
Truck7625,291
Truck7626,291
Truck7627,291
Truck7628,291
Truck7629,291
Truck7630,291
Truck7631,291
Truck7632,291
Truck7633,291
Truck7634,291
Truck7635,291
Truck7636,291
Truck7637,291
Truck7638,291
Truck7639,291
Truck7640,291
Truck7641,291
Truck7642,291
Truck7643,291
Truck7644,291
Truck7645,291
Truck7646,291
Truck7647,291
Truck7648,291
Truck7649,291
Truck7650,291
Truck7651,291
Truck7652,291
Truck7653,291
Truck7654,291
Truck7655,291
Truck7656,291
Truck7657,291
Truck7658,291
Truck7659,291
Truck7660,291
Truck7661,291
Truck7662,291
Truck7663,291
Truck7664,291
Truck7665,291
Truck7666,291
Truck7667,291
Truck7668,291
Truck7669,291
Truck7670,291
Truck7671,291
Truck7672,291
Truck7673,291
Truck7674,291
Truck7675,291
Truck7676,291
Truck7677,291
Truck7678,291
Truck7679,291
Truck7680,291
Truck7681,291
Truck7682,291
Truck7683,291
Truck7684,291
Truck7685,291
Truck7686,291
Truck7687,291
Truck7688,291
Truck7689,291
Truck7690,291
Truck7691,291
Truck7692,291
Truck7693,291
Truck7694,291
Truck7695,291
Truck7696,291
Truck7697,291
Truck7698,291
Truck7699,291
Truck7700,291
Truck7701,291
Truck7702,291
Truck7703,291
Truck7704,291
Truck7705,291
Truck7706,291
Truck7707,291
Truck7708,291
Truck7709,291
Truck7710,291
Truck7711,291
Truck7712,291
Truck7713,291
Truck7714,291
Truck7715,291
Truck7716,291
Truck7717,291
Truck7718,291
Truck7719,291
Truck7720,291
Truck7721,291
Truck7722,291
Truck7723,291
Truck7724,291
Truck7725,291
Truck7726,291
Truck7727,291
Truck7728,291
Truck7729,291
Truck7730,291
Truck7731,291
Truck7732,291
Truck7733,291
Truck7734,291
Truck7735,291
Truck7736,291
Truck7737,291
Truck7738,291
Truck7739,291
Truck7740,291
Truck7741,291
Truck7742,291
Truck7743,291
Truck7744,291
Truck7745,291
Truck7746,291
Truck7747,291
Truck7748,291
Truck7749,291
Truck7750,291
Truck7751,291
Truck7752,291
Truck7753,291
Truck7754,291
Truck7755,291
Truck7756,291
Truck7757,291
Truck7758,291
Truck7759,291
Truck7760,291
Truck7761,291
Truck7762,291
Truck7763,291
Truck7764,291
Truck7765,291
Truck7766,291
Truck7767,291
Truck7768,291
Truck7769,291
Truck7770,291
Truck7771,291
Truck7772,291
Truck7773,291
Truck7774,291
Truck7775,291
Truck7776,291
Truck7777,291
Truck7778,291
Truck7779,291
Truck7780,291
Truck7781,291
Truck7782,291
Truck7783,291
Truck7784,291
Truck7785,291
Truck7786,291
Truck7787,291
Truck7788,291
Truck7789,291
Truck7790,291
Truck7791,291
Truck7792,291
Truck7793,291
Truck7794,291
Truck7795,291
Truck7796,291
Truck7797,291
Truck7798,291
Truck7799,291
Truck7800,291
Truck7801,291
Truck7802,291
Truck7803,291
Truck7804,291
Truck7805,291
Truck7806,291
Truck7807,291
Truck7808,291
Truck7809,291
Truck7810,291
Truck7811,291
Truck7812,291
Truck7813,291
Truck7814,291
Truck7815,291
Truck7816,291
Truck7817,291
Truck7818,291
Truck7819,291
Truck7820,291
Truck7821,291
Truck7822,291
Truck7823,291
Truck7824,291
Truck7825,291
Truck7826,291
Truck7827,291
Truck7828,291
Truck7829,291
Truck7830,291
Truck7831,291
Truck7832,291
Truck7833,291
Truck7834,291
Truck7835,291
Truck7836,291
Truck7837,291
Truck7838,291
Truck7839,291
Truck7840,291
Truck7841,291
Truck7842,291
Truck7843,291
Truck7844,291
Truck7845,291
Truck7846,291
Truck7847,291
Truck7848,291
Truck7849,291
Truck7850,291
Truck7851,291
Truck7852,291
Truck7853,291
Truck7854,291
Truck7855,291
Truck7856,291
Truck7857,291
Truck7858,291
Truck7859,291
Truck7860,291
Truck7861,291
Truck7862,291
Truck7863,291
Truck7864,291
Truck7865,291
Truck7866,291
Truck7867,291
Truck7868,291
Truck7869,291
Truck7870,291
Truck7871,291
Truck7872,291
Truck7873,291
Truck7874,291
Truck7875,291
Truck7876,291
Truck7877,291
Truck7878,291
Truck7879,291
Truck7880,291
Truck7881,291
Truck7882,291
Truck7883,291
Truck7884,291
Truck7885,291
Truck7886,291
Truck7887,291
Truck7888,291
Truck7889,291
Truck7890,291
Truck7891,291
Truck7892,291
Truck7893,291
Truck7894,291
Truck7895,291
Truck7896,291
Truck7897,291
Truck7898,291
Truck7899,291
Truck7900,291
Truck7901,291
Truck7902,291
Truck7903,291
Truck7904,291
Truck7905,291
Truck7906,291
Truck7907,291
Truck7908,291
Truck7909,291
Truck7910,291
Truck7911,291
Truck7912,291
Truck7913,291
Truck7914,291
Truck7915,291
Truck7916,291
Truck7917,291
Truck7918,291
Truck7919,291
Truck7920,291
Truck7921,291
Truck7922,291
Truck7923,291
Truck7924,291
Truck7925,291
Truck7926,291
Truck7927,291
Truck7928,291
Truck7929,291
Truck7930,291
Truck7931,291
Truck7932,291
Truck7933,291
Truck7934,291
Truck7935,291
Truck7936,291
Truck7937,291
Truck7938,291
Truck7939,291
Truck7940,291
Truck7941,291
Truck7942,291
Truck7943,291
Truck7944,291
Truck7945,291
Truck7946,291
Truck7947,291
Truck7948,291
Truck7949,291
Truck7950,291
Truck7951,291
Truck7952,291
Truck7953,291
Truck7954,291
Truck7955,291
Truck7956,291
Truck7957,291
Truck7958,291
Truck7959,291
Truck7960,291
Truck7961,291
Truck7962,291
Truck7963,291
Truck7964,291
Truck7965,291
Truck7966,291
Truck7967,291
Truck7968,291
Truck7969,291
Truck7970,291
Truck7971,291
Truck7972,291
Truck7973,291
Truck7974,291
Truck7975,291
Truck7976,291
Truck7977,291
Truck7978,291
Truck7979,291
Truck7980,291
Truck7981,291
Truck7982,291
Truck7983,291
Truck7984,291
Truck7985,291
Truck7986,291
Truck7987,291
Truck7988,291
Truck7989,291
Truck7990,291
Truck7991,291
Truck7992,291
Truck7993,291
Truck7994,291
Truck7995,291
Truck7996,291
Truck7997,291
Truck7998,291
Truck7999,291
Truck8000,291
Truck8001,291
Truck8002,291
Truck8003,291
Truck8004,291
Truck8005,291
Truck8006,291
Truck8007,291
Truck8008,291
Truck8009,291
Truck8010,291
Truck8011,291
Truck8012,291
Truck8013,291
Truck8014,291
Truck8015,291
Truck8016,291
Truck8017,291
Truck8018,291
Truck8019,291
Truck8020,291
Truck8021,291
Truck8022,291
Truck8023,291
Truck8024,291
Truck8025,291
Truck8026,291
Truck8027,291
Truck8028,291
Truck8029,291
Truck8030,291
Truck8031,291
Truck8032,291
Truck8033,291
Truck8034,291
Truck8035,291
Truck8036,291
Truck8037,291
Truck8038,291
Truck8039,291
Truck8040,291
Truck8041,291
Truck8042,291
Truck8043,291
Truck8044,291
Truck8045,291
Truck8046,291
Truck8047,291
Truck8048,291
Truck8049,291
Truck8050,291
Truck8051,291
Truck8052,291
Truck8053,291
Truck8054,291
Truck8055,291
Truck8056,291
Truck8057,291
Truck8058,291
Truck8059,291
Truck8060,291
Truck8061,291
Truck8062,291
Truck8063,291
Truck8064,291
Truck8065,291
Truck8066,291
Truck8067,291
Truck8068,291
Truck8069,291
Truck8070,291
Truck8071,291
Truck8072,291
Truck8073,291
Truck8074,291
Truck8075,291
Truck8076,291
Truck8077,291
Truck8078,291
Truck8079,291
Truck8080,291
Truck8081,291
Truck8082,291
Truck8083,291
Truck8084,291
Truck8085,291
Truck8086,291
Truck8087,291
Truck8088,291
Truck8089,291
Truck8090,291
Truck8091,291
Truck8092,291
Truck8093,291
Truck8094,291
Truck8095,291
Truck8096,291
Truck8097,291
Truck8098,291
Truck8099,291
Truck8100,291
Truck8101,291
Truck8102,291
Truck8103,291
Truck8104,291
Truck8105,291
Truck8106,291
Truck8107,291
Truck8108,291
Truck8109,291
Truck8110,291
Truck8111,291
Truck8112,291
Truck8113,291
Truck8114,291
Truck8115,291
Truck8116,291
Truck8117,291
Truck8118,291
Truck8119,291
Truck8120,291
Truck8121,291
Truck8122,291
Truck8123,291
Truck8124,291
Truck8125,291
Truck8126,291
Truck8127,291
Truck8128,291
Truck8129,291
Truck8130,291
Truck8131,291
Truck8132,291
Truck8133,291
Truck8134,291
Truck8135,291
Truck8136,291
Truck8137,291
Truck8138,291
Truck8139,291
Truck8140,291
Truck8141,291
Truck8142,291
Truck8143,291
Truck8144,291
Truck8145,291
Truck8146,291
Truck8147,291
Truck8148,291
Truck8149,291
Truck8150,291
Truck8151,291
Truck8152,291
Truck8153,291
Truck8154,291
Truck8155,291
Truck8156,291
Truck8157,291
Truck8158,291
Truck8159,291
Truck8160,291
Truck8161,291
Truck8162,291
Truck8163,291
Truck8164,291
Truck8165,291
Truck8166,291
Truck8167,291
Truck8168,291
Truck8169,291
Truck8170,291
Truck8171,291
Truck8172,291
Truck8173,291
Truck8174,291
Truck8175,291
Truck8176,291
Truck8177,291
Truck8178,291
Truck8179,291
Truck8180,291
Truck8181,291
Truck8182,291
Truck8183,291
Truck8184,291
Truck8185,291
Truck8186,291
Truck8187,291
Truck8188,291
Truck8189,291
Truck8190,291
Truck8191,291
Truck8192,291
Truck8193,291
Truck8194,291
Truck8195,291
Truck8196,291
Truck8197,291
Truck8198,291
Truck8199,291
Truck8200,291
Truck8201,291
Truck8202,291
Truck8203,291
Truck8204,291
Truck8205,291
Truck8206,291
Truck8207,291
Truck8208,291
Truck8209,291
Truck8210,291
Truck8211,291
Truck8212,291
Truck8213,291
Truck8214,291
Truck8215,291
Truck8216,291
Truck8217,291
Truck8218,291
Truck8219,291
Truck8220,291
Truck8221,291
Truck8222,291
Truck8223,291
Truck8224,291
Truck8225,291
Truck8226,291
Truck8227,291
Truck8228,291
Truck8229,291
Truck8230,291
Truck8231,291
Truck8232,291
Truck8233,291
Truck8234,291
Truck8235,291
Truck8236,291
Truck8237,291
Truck8238,291
Truck8239,291
Truck8240,291
Truck8241,291
Truck8242,291
Truck8243,291
Truck8244,291
Truck8245,291
Truck8246,291
Truck8247,291
Truck8248,291
Truck8249,291
Truck8250,291
Truck8251,291
Truck8252,291
Truck8253,291
Truck8254,291
Truck8255,291
Truck8256,291
Truck8257,291
Truck8258,291
Truck8259,291
Truck8260,291
Truck8261,291
Truck8262,291
Truck8263,291
Truck8264,291
Truck8265,291
Truck8266,291
Truck8267,291
Truck8268,291
Truck8269,291
Truck8270,291
Truck8271,291
Truck8272,291
Truck8273,291
Truck8274,291
Truck8275,291
Truck8276,291
Truck8277,291
Truck8278,291
Truck8279,291
Truck8280,291
Truck8281,291
Truck8282,291
Truck8283,291
Truck8284,291
Truck8285,291
Truck8286,291
Truck8287,291
Truck8288,291
Truck8289,291
Truck8290,291
Truck8291,291
Truck8292,291
Truck8293,291
Truck8294,291
Truck8295,291
Truck8296,291
Truck8297,291
Truck8298,291
Truck8299,291
Truck8300,291
Truck8301,291
Truck8302,291
Truck8303,291
Truck8304,291
Truck8305,291
Truck8306,291
Truck8307,291
Truck8308,291
Truck8309,291
Truck8310,291
Truck8311,291
Truck8312,291
Truck8313,291
Truck8314,291
Truck8315,291
Truck8316,291
Truck8317,291
Truck8318,291
Truck8319,291
Truck8320,291
Truck8321,291
Truck8322,291
Truck8323,291
Truck8324,291
Truck8325,291
Truck8326,291
Truck8327,291
Truck8328,291
Truck8329,291
Truck8330,291
Truck8331,291
Truck8332,291
Truck8333,291
Truck8334,291
Truck8335,291
Truck8336,291
Truck8337,291
Truck8338,291
Truck8339,291
Truck8340,291
Truck8341,291
Truck8342,291
Truck8343,291
Truck8344,291
Truck8345,291
Truck8346,291
Truck8347,291
Truck8348,291
Truck8349,291
Truck8350,291
Truck8351,291
Truck8352,291
Truck8353,291
Truck8354,291
Truck8355,291
Truck8356,291
Truck8357,291
Truck8358,291
Truck8359,291
Truck8360,291
Truck8361,291
Truck8362,291
Truck8363,291
Truck8364,291
Truck8365,291
Truck8366,291
Truck8367,291
Truck8368,291
Truck8369,291
Truck8370,291
Truck8371,291
Truck8372,291
Truck8373,291
Truck8374,291
Truck8375,291
Truck8376,291
Truck8377,291
Truck8378,291
Truck8379,291
Truck8380,291
Truck8381,291
Truck8382,291
Truck8383,291
Truck8384,291
Truck8385,291
Truck8386,291
Truck8387,291
Truck8388,291
Truck8389,291
Truck8390,291
Truck8391,291
Truck8392,291
Truck8393,291
Truck8394,291
Truck8395,291
Truck8396,291
Truck8397,291
Truck8398,291
Truck8399,291
Truck8400,291
Truck8401,291
Truck8402,291
Truck8403,291
Truck8404,291
Truck8405,291
Truck8406,291
Truck8407,291
Truck8408,291
Truck8409,291
Truck8410,291
Truck8411,291
Truck8412,291
Truck8413,291
Truck8414,291
Truck8415,291
Truck8416,291
Truck8417,291
Truck8418,291
Truck8419,291
Truck8420,291
Truck8421,291
Truck8422,291
Truck8423,291
Truck8424,291
Truck8425,291
Truck8426,291
Truck8427,291
Truck8428,291
Truck8429,291
Truck8430,291
Truck8431,291
Truck8432,291
Truck8433,291
Truck8434,291
Truck8435,291
Truck8436,291
Truck8437,291
Truck8438,291
Truck8439,291
Truck8440,291
Truck8441,291
Truck8442,291
Truck8443,291
Truck8444,291
Truck8445,291
Truck8446,291
Truck8447,291
Truck8448,291
Truck8449,291
Truck8450,291
Truck8451,291
Truck8452,291
Truck8453,291
Truck8454,291
Truck8455,291
Truck8456,291
Truck8457,291
Truck8458,291
Truck8459,291
Truck8460,291
Truck8461,291
Truck8462,291
Truck8463,291
Truck8464,291
Truck8465,291
Truck8466,291
Truck8467,291
Truck8468,291
Truck8469,291
Truck8470,291
Truck8471,291
Truck8472,291
Truck8473,291
Truck8474,291
Truck8475,291
Truck8476,291
Truck8477,291
Truck8478,291
Truck8479,291
Truck8480,291
Truck8481,291
Truck8482,291
Truck8483,291
Truck8484,291
Truck8485,291
Truck8486,291
Truck8487,291
Truck8488,291
Truck8489,291
Truck8490,291
Truck8491,291
Truck8492,291
Truck8493,291
Truck8494,291
Truck8495,291
Truck8496,291
Truck8497,291
Truck8498,291
Truck8499,291
Truck8500,291
Truck8501,291
Truck8502,291
Truck8503,291
Truck8504,291
Truck8505,291
Truck8506,291
Truck8507,291
Truck8508,291
Truck8509,291
Truck8510,291
Truck8511,291
Truck8512,291
Truck8513,291
Truck8514,291
Truck8515,291
Truck8516,291
Truck8517,291
Truck8518,291
Truck8519,291
Truck8520,291
Truck8521,291
Truck8522,291
Truck8523,291
Truck8524,291
Truck8525,291
Truck8526,291
Truck8527,291
Truck8528,291
Truck8529,291
Truck8530,291
Truck8531,291
Truck8532,291
Truck8533,291
Truck8534,291
Truck8535,291
Truck8536,291
Truck8537,291
Truck8538,291
Truck8539,291
Truck8540,291
Truck8541,291
Truck8542,291
Truck8543,291
Truck8544,291
Truck8545,291
Truck8546,291
Truck8547,291
Truck8548,291
Truck8549,291
Truck8550,291
Truck8551,291
Truck8552,291
Truck8553,291
Truck8554,291
Truck8555,291
Truck8556,291
Truck8557,291
Truck8558,291
Truck8559,291
Truck8560,291
Truck8561,291
Truck8562,291
Truck8563,291
Truck8564,291
Truck8565,291
Truck8566,291
Truck8567,291
Truck8568,291
Truck8569,291
Truck8570,291
Truck8571,291
Truck8572,291
Truck8573,291
Truck8574,291
Truck8575,291
Truck8576,291
Truck8577,291
Truck8578,291
Truck8579,291
Truck8580,291
Truck8581,291
Truck8640,291
Truck8641,291
Truck8642,291
Truck8643,291
Truck8644,291
Truck8645,291
Truck8646,291
Truck8647,291
Truck8648,291
Truck8649,291
Truck8650,291
Truck8651,291
Truck8652,291
Truck8653,291
Truck8654,291
Truck8655,291
Truck8656,291
Truck8657,291
Truck8658,291
Truck8659,291
Truck8660,291
Truck8661,291
Truck8662,291
Truck8663,291
Truck8664,291
Truck8665,291
Truck8666,291
Truck8667,291
Truck8668,291
Truck8669,291
Truck8670,291
Truck8671,291
Truck8672,291
Truck8673,291
Truck8674,291
Truck8675,291
Truck8676,291
Truck8677,291
Truck8678,291
Truck8679,291
Truck8680,291
Truck8681,291
Truck8682,291
Truck8683,291
Truck8684,291
Truck8685,291
Truck8686,291
Truck8687,291
Truck8688,291
Truck8689,291
Truck8690,291
Truck8691,291
Truck8692,291
Truck8693,291
Truck8694,291
Truck8695,291
Truck8696,291
Truck8697,291
Truck8698,291
Truck8699,291
Truck8700,291
Truck8701,291
Truck8702,291
Truck8703,291
Truck8704,291
Truck8705,291
Truck8706,291
Truck8707,291
Truck8708,291
Truck8709,291
Truck8710,291
Truck8711,291
Truck8712,291
Truck8713,291
Truck8714,291
Truck8715,291
Truck8716,291
Truck8717,291
Truck8718,291
Truck8719,291
Truck8720,291
Truck8721,291
Truck8722,291
Truck8723,291
Truck8724,291
Truck8725,291
Truck8726,291
Truck8727,291
Truck8728,291
Truck8729,291
Truck8730,291
Truck8731,291
Truck8732,291
Truck8733,291
Truck8734,291
Truck8735,291
Truck8736,291
Truck8737,291
Truck8738,291
Truck8739,291
Truck8740,291
Truck8741,291
Truck8742,291
Truck8743,291
Truck8744,291
Truck8745,291
Truck8746,291
Truck8747,291
Truck8748,291
Truck8749,291
Truck8750,291
Truck8751,291
Truck8752,291
Truck8753,291
Truck8754,291
Truck8755,291
Truck8756,291
Truck8757,291
Truck8758,291
Truck8759,291
Truck8760,291
Truck8761,291
Truck8762,291
Truck8763,291
Truck8764,291
Truck8765,291
Truck8766,291
Truck8767,291
Truck8768,291
Truck8769,291
Truck8770,291
Truck8771,291
Truck8772,291
Truck8773,291
Truck8774,291
Truck8775,291
Truck8776,291
Truck8777,291
Truck8778,291
Truck8779,291
Truck8780,291
Truck8781,291
Truck8782,291
Truck8783,291
Truck8784,291
Truck8785,291
Truck8786,291
Truck8787,291
Truck8788,291
Truck8789,291
Truck8790,291
Truck8791,291
Truck8792,291
Truck8793,291
Truck8794,291
Truck8795,291
Truck8796,291
Truck8797,291
Truck8798,291
Truck8799,291
Truck8800,291
Truck8801,291
Truck8802,291
Truck8803,291
Truck8804,291
Truck8805,291
Truck8806,291
Truck8807,291
Truck8808,291
Truck8809,291
Truck8810,291
Truck8811,291
Truck8812,291
Truck8813,291
Truck8814,291
Truck8815,291
Truck8816,291
Truck8817,291
Truck8818,291
Truck8819,291
Truck8820,291
Truck8821,291
Truck8822,291
Truck8823,291
Truck8824,291
Truck8825,291
Truck8826,291
Truck8827,291
Truck8828,291
Truck8829,291
Truck8830,291
Truck8831,291
Truck8832,291
Truck8833,291
Truck8834,291
Truck8835,291
Truck8836,291
Truck8837,291
Truck8838,291
Truck8839,291
Truck8840,291
Truck8841,291
Truck8842,291
Truck8843,291
Truck8844,291
Truck8845,291
Truck8846,291
Truck8847,291
Truck8848,291
Truck8849,291
Truck8850,291
Truck8851,291
Truck8852,291
Truck8853,291
Truck8854,291
Truck8855,291
Truck8856,291
Truck8857,291
Truck8858,291
Truck8859,291
Truck8860,291
Truck8861,291
Truck8862,291
Truck8863,291
Truck8864,291
Truck8865,291
Truck8866,291
Truck8867,291
Truck8868,291
Truck8869,291
Truck8870,291
Truck8871,291
Truck8872,291
Truck8873,291
Truck8874,291
Truck8875,291
Truck8876,291
Truck8877,291
Truck8878,291
Truck8879,291
Truck8880,291
Truck8881,291
Truck8882,291
Truck8883,291
Truck8884,291
Truck8885,291
Truck8886,291
Truck8887,291
Truck8888,291
Truck8889,291
Truck8890,291
Truck8891,291
Truck8892,291
Truck8893,291
Truck8894,291
Truck8895,291
Truck8896,291
Truck8897,291
Truck8898,291
Truck8899,291
Truck8900,291
Truck8901,291
Truck8902,291
Truck8903,291
Truck8904,291
Truck8905,291
Truck8906,291
Truck8907,291
Truck8908,291
Truck8909,291
Truck8910,291
Truck8911,291
Truck8912,291
Truck8913,291
Truck8914,291
Truck8915,291
Truck8916,291
Truck8917,291
Truck8918,291
Truck8919,291
Truck8920,291
Truck8921,291
Truck8922,291
Truck8923,291
Truck8924,291
Truck8925,291
Truck8926,291
Truck8927,291
Truck8928,291
Truck8929,291
Truck8930,291
Truck8931,291
Truck8932,291
Truck8933,291
Truck8934,291
Truck8935,291
Truck8936,291
Truck8937,291
Truck8938,291
Truck8939,291
Truck8940,291
Truck8941,291
Truck8942,291
Truck8943,291
Truck8944,291
Truck8945,291
Truck8946,291
Truck8947,291
Truck8948,291
Truck8949,291
Truck8950,291
Truck8951,291
Truck8952,291
Truck8953,291
Truck8954,291
Truck8955,291
Truck8956,291
Truck8957,291
Truck8958,291
Truck8959,291
Truck8960,291
Truck8961,291
Truck8962,291
Truck8963,291
Truck8964,291
Truck8965,291
Truck8966,291
Truck8967,291
Truck8968,291
Truck8969,291
Truck8970,291
Truck8971,291
Truck8972,291
Truck8973,291
Truck8974,291
Truck8975,291
Truck8976,291
Truck8977,291
Truck8978,291
Truck8979,291
Truck8980,291
Truck8981,291
Truck8982,291
Truck8983,291
Truck8984,291
Truck8985,291
Truck8986,291
Truck8987,291
Truck8988,291
Truck8989,291
Truck8990,291
Truck8991,291
Truck8992,291
Truck8993,291
Truck8994,291
Truck8995,291
Truck8996,291
Truck8997,291
Truck8998,291
Truck8999,291
Truck9000,291
Truck9001,291
Truck9002,291
Truck9003,291
Truck9004,291
Truck9005,291
Truck9006,291
Truck9007,291
Truck9008,291
Truck9009,291
Truck9010,291
Truck9011,291
Truck9012,291
Truck9013,291
Truck9014,291
Truck9015,291
Truck9016,291
Truck9017,291
Truck9018,291
Truck9019,291
Truck9020,291
Truck9021,291
Truck9022,291
Truck9023,291
Truck9024,291
Truck9025,291
Truck9026,291
Truck9027,291
Truck9028,291
Truck9029,291
Truck9030,291
Truck9031,291
Truck9032,291
Truck9033,291
Truck9034,291
Truck9035,291
Truck9036,291
Truck9037,291
Truck9038,291
Truck9039,291
Truck9040,291
Truck9041,291
Truck9042,291
Truck9043,291
Truck9044,291
Truck9045,291
Truck9046,291
Truck9047,291
Truck9048,291
Truck9049,291
Truck9050,291
Truck9051,291
Truck9052,291
Truck9053,291
Truck9054,291
Truck9055,291
Truck9056,291
Truck9057,291
Truck9058,291
Truck9059,291
Truck9060,291
Truck9061,291
Truck9062,291
Truck9063,291
Truck9064,291
Truck9065,291
Truck9066,291
Truck9067,291
Truck9068,291
Truck9069,291
Truck9070,291
Truck9071,291
Truck9072,291
Truck9073,291
Truck9074,291
Truck9075,291
Truck9076,291
Truck9077,291
Truck9078,291
Truck9079,291
Truck9080,291
Truck9081,291
Truck9082,291
Truck9083,291
Truck9084,291
Truck9085,291
Truck9086,291
Truck9087,291
Truck9088,291
Truck9089,291
Truck9090,291
Truck9091,291
Truck9092,291
Truck9093,291
Truck9094,291
Truck9095,291
Truck9096,291
Truck9097,291
Truck9098,291
Truck9099,291
Truck9100,291
Truck9101,291
Truck9102,291
Truck9103,291
Truck9104,291
Truck9105,291
Truck9106,291
Truck9107,291
Truck9108,291
Truck9109,291
Truck9110,291
Truck9111,291
Truck9112,291
Truck9113,291
Truck9114,291
Truck9115,291
Truck9116,291
Truck9117,291
Truck9118,291
Truck9119,291
Truck9120,291
Truck9121,291
Truck9122,291
Truck9123,291
Truck9124,291
Truck9125,291
Truck9126,291
Truck9127,291
Truck9128,291
Truck9129,291
Truck9130,291
Truck9131,291
Truck9132,291
Truck9133,291
Truck9134,291
Truck9135,291
Truck9136,291
Truck9137,291
Truck9138,291
Truck9139,291
Truck9140,291
Truck9141,291
Truck9142,291
Truck9143,291
Truck9144,291
Truck9145,291
Truck9146,291
Truck9147,291
Truck9148,291
Truck9149,291
Truck9150,291
Truck9151,291
Truck9152,291
Truck9153,291
Truck9154,291
Truck9155,291
Truck9156,291
Truck9157,291
Truck9158,291
Truck9159,291
Truck9160,291
Truck9161,291
Truck9162,291
Truck9163,291
Truck9164,291
Truck9165,291
Truck9166,291
Truck9167,291
Truck9168,291
Truck9169,291
Truck9170,291
Truck9171,291
Truck9172,291
Truck9173,291
Truck9174,291
Truck9175,291
Truck9176,291
Truck9177,291
Truck9178,291
Truck9179,291
Truck9180,291
Truck9181,291
Truck9182,291
Truck9183,291
Truck9184,291
Truck9185,291
Truck9186,291
Truck9187,291
Truck9188,291
Truck9189,291
Truck9190,291
Truck9191,291
Truck9192,291
Truck9193,291
Truck9194,291
Truck9195,291
Truck9196,291
Truck9197,291
Truck9198,291
Truck9199,291
Truck9200,291
Truck9201,291
Truck9202,291
Truck9203,291
Truck9204,291
Truck9205,291
Truck9206,291
Truck9207,291
Truck9208,291
Truck9209,291
Truck9210,291
Truck9211,291
Truck9212,291
Truck9213,291
Truck9214,291
Truck9215,291
Truck9216,291
Truck9217,291
Truck9218,291
Truck9219,291
Truck9220,291
Truck9221,291
Truck9222,291
Truck9223,291
Truck9224,291
Truck9225,291
Truck9226,291
Truck9227,291
Truck9228,291
Truck9229,291
Truck9230,291
Truck9231,291
Truck9232,291
Truck9233,291
Truck9234,291
Truck9235,291
Truck9236,291
Truck9237,291
Truck9238,291
Truck9239,291
Truck9240,291
Truck9241,291
Truck9242,291
Truck9243,291
Truck9244,291
Truck9245,291
Truck9246,291
Truck9247,291
Truck9248,291
Truck9249,291
Truck9250,291
Truck9251,291
Truck9252,291
Truck9253,291
Truck9254,291
Truck9255,291
Truck9256,291
Truck9257,291
Truck9258,291
Truck9259,291
Truck9260,291
Truck9261,291
Truck9262,291
Truck9263,291
Truck9264,291
Truck9265,291
Truck9266,291
Truck9267,291
Truck9268,291
Truck9269,291
Truck9270,291
Truck9271,291
Truck9272,291
Truck9273,291
Truck9274,291
Truck9275,291
Truck9276,291
Truck9277,291
Truck9278,291
Truck9279,291
Truck9280,291
Truck9281,291
Truck9282,291
Truck9283,291
Truck9284,291
Truck9285,291
Truck9286,291
Truck9287,291
Truck9288,291
Truck9289,291
Truck9290,291
Truck9291,291
Truck9292,291
Truck9293,291
Truck9294,291
Truck9295,291
Truck9296,291
Truck9297,291
Truck9298,291
Truck9299,291
Truck9300,291
Truck9301,291
Truck9302,291
Truck9303,291
Truck9304,291
Truck9305,291
Truck9306,291
Truck9307,291
Truck9308,291
Truck9309,291
Truck9310,291
Truck9311,291
Truck9312,291
Truck9313,291
Truck9314,291
Truck9315,291
Truck9316,291
Truck9317,291
Truck9318,291
Truck9319,291
Truck9320,291
Truck9321,291
Truck9322,291
Truck9323,291
Truck9324,291
Truck9325,291
Truck9326,291
Truck9327,291
Truck9328,291
Truck9329,291
Truck9330,291
Truck9331,291
Truck9332,291
Truck9333,291
Truck9334,291
Truck9335,291
Truck9336,291
Truck9337,291
Truck9338,291
Truck9339,291
Truck9340,291
Truck9341,291
Truck9342,291
Truck9343,291
Truck9344,291
Truck9345,291
Truck9346,291
Truck9347,291
Truck9348,291
Truck9349,291
Truck9350,291
Truck9351,291
Truck9352,291
Truck9353,291
Truck9354,291
Truck9355,291
Truck9356,291
Truck9357,291
Truck9358,291
Truck9359,291
Truck9360,291
Truck9361,291
Truck9362,291
Truck9363,291
Truck9364,291
Truck9365,291
Truck9366,291
Truck9367,291
Truck9368,291
Truck9369,291
Truck9370,291
Truck9371,291
Truck9372,291
Truck9373,291
Truck9374,291
Truck9375,291
Truck9376,291
Truck9377,291
Truck9378,291
Truck9379,291
Truck9380,291
Truck9381,291
Truck9382,291
Truck9383,291
Truck9384,291
Truck9385,291
Truck9386,291
Truck9387,291
Truck9388,291
Truck9389,291
Truck9390,291
Truck9391,291
Truck9392,291
Truck9393,291
Truck9394,291
Truck9395,291
Truck9396,291
Truck9397,291
Truck9398,291
Truck9399,291
Truck9400,291
Truck9401,291
Truck9402,291
Truck9403,291
Truck9404,291
Truck9405,291
Truck9406,291
Truck9407,291
Truck9408,291
Truck9409,291
Truck9410,291
Truck9411,291
Truck9412,291
Truck9413,291
Truck9414,291
Truck9415,291
Truck9416,291
Truck9417,291
Truck9418,291
Truck9419,291
Truck9420,291
Truck9421,291
Truck9422,291
Truck9423,291
Truck9424,291
Truck9425,291
Truck9426,291
Truck9427,291
Truck9428,291
Truck9429,291
Truck9430,291
Truck9431,291
Truck9432,291
Truck9433,291
Truck9434,291
Truck9435,291
Truck9436,291
Truck9437,291
Truck9438,291
Truck9439,291
Truck9440,291
Truck9441,291
Truck9442,291
Truck9443,291
Truck9444,291
Truck9445,291
Truck9446,291
Truck9447,291
Truck9448,291
Truck9449,291
Truck9450,291
Truck9451,291
Truck9452,291
Truck9453,291
Truck9454,291
Truck9455,291
Truck9456,291
Truck9457,291
Truck9458,291
Truck9459,291
Truck9460,291
Truck9461,291
Truck9462,291
Truck9463,291
Truck9464,291
Truck9465,291
Truck9466,291
Truck9467,291
Truck9468,291
Truck9469,291
Truck9470,291
Truck9471,291
Truck9472,291
Truck9473,291
Truck9474,291
Truck9475,291
Truck9476,291
Truck9477,291
Truck9478,291
Truck9479,291
Truck9480,291
Truck9481,291
Truck9482,291
Truck9483,291
Truck9484,291
Truck9485,291
Truck9486,291
Truck9487,291
Truck9488,291
Truck9489,291
Truck9490,291
Truck9491,291
Truck9492,291
Truck9493,291
Truck9494,291
Truck9495,291
Truck9496,291
Truck9497,291
Truck9498,291
Truck9499,291
Truck9500,291
Truck9501,291
Truck9502,291
Truck9503,291
Truck9504,291
Truck9505,291
Truck9506,291
Truck9507,291
Truck9508,291
Truck9509,291
Truck9510,291
Truck9511,291
Truck9512,291
Truck9513,291
Truck9514,291
Truck9515,291
Truck9516,291
Truck9517,291
Truck9518,291
Truck9519,291
Truck9520,291
Truck9521,291
Truck9522,291
Truck9523,291
Truck9524,291
Truck9525,291
Truck9526,291
Truck9527,291
Truck9528,291
Truck9529,291
Truck9530,291
Truck9531,291
Truck9532,291
Truck9533,291
Truck9534,291
Truck9535,291
Truck9536,291
Truck9537,291
Truck9538,291
Truck9539,291
Truck9540,291
Truck9541,291
Truck9542,291
Truck9543,291
Truck9544,291
Truck9545,291
Truck9546,291
Truck9547,291
Truck9548,291
Truck9549,291
Truck9550,291
Truck9551,291
Truck9552,291
Truck9553,291
Truck9554,291
Truck9555,291
Truck9556,291
Truck9557,291
Truck9558,291
Truck9559,291
Truck9560,291
Truck9561,291
Truck9562,291
Truck9563,291
Truck9564,291
Truck9565,291
Truck9566,291
Truck9567,291
Truck9568,291
Truck9569,291
Truck9570,291
Truck9571,291
Truck9572,291
Truck9573,291
Truck9574,291
Truck9575,291
Truck9576,291
Truck9577,291
Truck9578,291
Truck9579,291
Truck9580,291
Truck9581,291
Truck9582,291
Truck9583,291
Truck9584,291
Truck9585,291
Truck9586,291
Truck9587,291
Truck9588,291
Truck9589,291
Truck9590,291
Truck9591,291
Truck9592,291
Truck9593,291
Truck9594,291
Truck9595,291
Truck9596,291
Truck9597,291
Truck9598,291
Truck9599,291
Truck9600,291
Truck9601,291
Truck9602,291
Truck9603,291
Truck9604,291
Truck9605,291
Truck9606,291
Truck9607,291
Truck9608,291
Truck9609,291
Truck9610,291
Truck9611,291
Truck9612,291
Truck9613,291
Truck9614,291
Truck9615,291
Truck9616,291
Truck9617,291
Truck9618,291
Truck9619,291
Truck9620,291
Truck9621,291
Truck9622,291
Truck9623,291
Truck9624,291
Truck9625,291
Truck9626,291
Truck9627,291
Truck9628,291
Truck9629,291
Truck9630,291
Truck9631,291
Truck9632,291
Truck9633,291
Truck9634,291
Truck9635,291
Truck9636,291
Truck9637,291
Truck9638,291
Truck9639,291
Truck9640,291
Truck9641,291
Truck9642,291
Truck9643,291
Truck9644,291
Truck9645,291
Truck9646,291
Truck9647,291
Truck9648,291
Truck9649,291
Truck9650,291
Truck9651,291
Truck9652,291
Truck9653,291
Truck9654,291
Truck9655,291
Truck9656,291
Truck9657,291
Truck9658,291
Truck9659,291
Truck9660,291
Truck9661,291
Truck9662,291
Truck9663,291
Truck9664,291
Truck9665,291
Truck9666,291
Truck9667,291
Truck9668,291
Truck9669,291
Truck9670,291
Truck9671,291
Truck9672,291
Truck9673,291
Truck9674,291
Truck9675,291
Truck9676,291
Truck9677,291
Truck9678,291
Truck9679,291
Truck9680,291
Truck9681,291
Truck9682,291
Truck9683,291
Truck9684,291
Truck9685,291
Truck9686,291
Truck9687,291
Truck9688,291
Truck9689,291
Truck9690,291
Truck9691,291
Truck9692,291
Truck9693,291
Truck9694,291
Truck9695,291
Truck9696,291
Truck9697,291
Truck9698,291
Truck9699,291
Truck9700,291
Truck9701,291
Truck9702,291
Truck9703,291
Truck9704,291
Truck9705,291
Truck9706,291
Truck9707,291
Truck9708,291
Truck9709,291
Truck9710,291
Truck9711,291
Truck9712,291
Truck9713,291
Truck9714,291
Truck9715,291
Truck9716,291
Truck9717,291
Truck9718,291
Truck9719,291
Truck9720,291
Truck9721,291
Truck9722,291
Truck9723,291
Truck9724,291
Truck9725,291
Truck9726,291
Truck9727,291
Truck9728,291
Truck9729,291
Truck9730,291
Truck9731,291
Truck9732,291
Truck9733,291
Truck9734,291
Truck9735,291
Truck9736,291
Truck9737,291
Truck9738,291
Truck9739,291
Truck9740,291
Truck9741,291
Truck9742,291
Truck9743,291
Truck9744,291
Truck9745,291
Truck9746,291
Truck9747,291
Truck9748,291
Truck9749,291
Truck9750,291
Truck9751,291
Truck9752,291
Truck9753,291
Truck9754,291
Truck9755,291
Truck9756,291
Truck9757,291
Truck9758,291
Truck9759,291
Truck9760,291
Truck9761,291
Truck9762,291
Truck9763,291
Truck9764,291
Truck9765,291
Truck9766,291
Truck9767,291
Truck9768,291
Truck9769,291
Truck9770,291
Truck9771,291
Truck9772,291
Truck9773,291
Truck9774,291
Truck9775,291
Truck9776,291
Truck9777,291
Truck9778,291
Truck9779,291
Truck9780,291
Truck9781,291
Truck9782,291
Truck9783,291
Truck9784,291
Truck9785,291
Truck9786,291
Truck9787,291
Truck9788,291
Truck9789,291
Truck9790,291
Truck9791,291
Truck9792,291
Truck9793,291
Truck9794,291
Truck9795,291
Truck9796,291
Truck9797,291
Truck9798,291
Truck9799,291
Truck9800,291
Truck9801,291
Truck9802,291
Truck9803,291
Truck9804,291
Truck9805,291
Truck9806,291
Truck9807,291
Truck9808,291
Truck9809,291
Truck9810,291
Truck9811,291
Truck9812,291
Truck9813,291
Truck9814,291
Truck9815,291
Truck9816,291
Truck9817,291
Truck9818,291
Truck9819,291
Truck9820,291
Truck9821,291
Truck9822,291
Truck9823,291
Truck9824,291
Truck9825,291
Truck9826,291
Truck9827,291
Truck9828,291
Truck9829,291
Truck9830,291
Truck9831,291
Truck9832,291
Truck9833,291
Truck9834,291
Truck9835,291
Truck9836,291
Truck9837,291
Truck9838,291
Truck9839,291
Truck9840,291
Truck9841,291
Truck9842,291
Truck9843,291
Truck9844,291
Truck9845,291
Truck9846,291
Truck9847,291
Truck9848,291
Truck9849,291
Truck9850,291
Truck9851,291
Truck9852,291
Truck9853,291
Truck9854,291
Truck9855,291
Truck9856,291
Truck9857,291
Truck9858,291
Truck9859,291
Truck9860,291
Truck9861,291
Truck9862,291
Truck9863,291
Truck9864,291
Truck9865,291
Truck9866,291
Truck9867,291
Truck9868,291
Truck9869,291
Truck9870,291
Truck9871,291
Truck9872,291
Truck9873,291
Truck9874,291
Truck9875,291
Truck9876,291
Truck9877,291
Truck9878,291
Truck9879,291
Truck9880,291
Truck9881,291
Truck9882,291
Truck9883,291
Truck9884,291
Truck9885,291
Truck9886,291
Truck9887,291
Truck9888,291
Truck9889,291
Truck9890,291
Truck9891,291
Truck9892,291
Truck9893,291
Truck9894,291
Truck9895,291
Truck9896,291
Truck9897,291
Truck9898,291
Truck9899,291
Truck9900,291
Truck9901,291
Truck9902,291
Truck9903,291
Truck9904,291
Truck9905,291
Truck9906,291
Truck9907,291
Truck9908,291
Truck9909,291
Truck9910,291
Truck9911,291
Truck9912,291
Truck9913,291
Truck9914,291
Truck9915,291
Truck9916,291
Truck9917,291
Truck9918,291
Truck9919,291
Truck9920,291
Truck9921,291
Truck9922,291
Truck9923,291
Truck9924,291
Truck9925,291
Truck9926,291
Truck9927,291
Truck9928,291
Truck9929,291
Truck9930,291
Truck9931,291
Truck9932,291
Truck9933,291
Truck9934,291
Truck9935,291
Truck9936,291
Truck9937,291
Truck9938,291
Truck9939,291
Truck9940,291
Truck9941,291
Truck9942,291
Truck9943,291
Truck9944,291
Truck9945,291
Truck9946,291
Truck9947,291
Truck9948,291
Truck9949,291
Truck9950,291
Truck9951,291
Truck9952,291
Truck9953,291
Truck9954,291
Truck9955,291
Truck9956,291
Truck9957,291
Truck9958,291
Truck9959,291
Truck9960,291
Truck9961,291
Truck9962,291
Truck9963,291
Truck9964,291
Truck9965,291
Truck9966,291
Truck9967,291
Truck9968,291
Truck9969,291
Truck9970,291
Truck9971,291
Truck9972,291
Truck9973,291
Truck9974,291
Truck9975,291
Truck9976,291
Truck9977,291
Truck9978,291
Truck9979,291
Truck9980,291
Truck9981,291
Truck9982,291
Truck9983,291
Truck9984,291
Truck9985,291
Truck9986,291
Truck9987,291
Truck9988,291
Truck9989,291
Truck9990,291
Truck9991,291
Truck9992,291
Truck9993,291
Truck9994,291
Truck9995,291
Truck9996,291
Truck9997,291
Truck9998,291
Truck9999,291
Truck10000,291
Truck10001,291
Truck10002,291
Truck10003,291
Truck10004,291
Truck10005,291
Truck10006,291
Truck10007,291
Truck10008,291
Truck10009,291
Truck10010,291
Truck10011,291
Truck10012,291
Truck10013,291
Truck10014,291
Truck10015,291
Truck10016,291
Truck10017,291
Truck10018,291
Truck10019,291
Truck10020,291
Truck10021,291
Truck10080,291
Truck10081,291
Truck10082,291
Truck10083,291
Truck10084,291
Truck10085,291
Truck10086,291
Truck10087,291
Truck10088,291
Truck10089,291
Truck10090,291
Truck10091,291
Truck10092,291
Truck10093,291
Truck10094,291
Truck10095,291
Truck10096,291
Truck10097,291
Truck10098,291
Truck10099,291
Truck10100,291
Truck10101,291
Truck10102,291
Truck10103,291
Truck10104,291
Truck10105,291
Truck10106,291
Truck10107,291
Truck10108,291
Truck10109,291
Truck10110,291
Truck10111,291
Truck10112,291
Truck10113,291
Truck10114,291
Truck10115,291
Truck10116,291
Truck10117,291
Truck10118,291
Truck10119,291
Truck10120,291
Truck10121,291
Truck10122,291
Truck10123,291
Truck10124,291
Truck10125,291
Truck10126,291
Truck10127,291
Truck10128,291
Truck10129,291
Truck10130,291
Truck10131,291
Truck10132,291
Truck10133,291
Truck10134,291
Truck10135,291
Truck10136,291
Truck10137,291
Truck10138,291
Truck10139,291
Truck10140,291
Truck10141,291
Truck10142,291
Truck10143,291
Truck10144,291
Truck10145,291
Truck10146,291
Truck10147,291
Truck10148,291
Truck10149,291
Truck10150,291
Truck10151,291
Truck10152,291
Truck10153,291
Truck10154,291
Truck10155,291
Truck10156,291
Truck10157,291
Truck10158,291
Truck10159,291
Truck10160,291
Truck10161,291
Truck10162,291
Truck10163,291
Truck10164,291
Truck10165,291
Truck10166,291
Truck10167,291
Truck10168,291
Truck10169,291
Truck10170,291
Truck10171,291
Truck10172,291
Truck10173,291
Truck10174,291
Truck10175,291
Truck10176,291
Truck10177,291
Truck10178,291
Truck10179,291
Truck10180,291
Truck10181,291
Truck10182,291
Truck10183,291
Truck10184,291
Truck10185,291
Truck10186,291
Truck10187,291
Truck10188,291
Truck10189,291
Truck10190,291
Truck10191,291
Truck10192,291
Truck10193,291
Truck10194,291
Truck10195,291
Truck10196,291
Truck10197,291
Truck10198,291
Truck10199,291
Truck10200,291
Truck10201,291
Truck10202,291
Truck10203,291
Truck10204,291
Truck10205,291
Truck10206,291
Truck10207,291
Truck10208,291
Truck10209,291
Truck10210,291
Truck10211,291
Truck10212,291
Truck10213,291
Truck10214,291
Truck10215,291
Truck10216,291
Truck10217,291
Truck10218,291
Truck10219,291
Truck10220,291
Truck10221,291
Truck10222,291
Truck10223,291
Truck10224,291
Truck10225,291
Truck10226,291
Truck10227,291
Truck10228,291
Truck10229,291
Truck10230,291
Truck10231,291
Truck10232,291
Truck10233,291
Truck10234,291
Truck10235,291
Truck10236,291
Truck10237,291
Truck10238,291
Truck10239,291
Truck10240,291
Truck10241,291
Truck10242,291
Truck10243,291
Truck10244,291
Truck10245,291
Truck10246,291
Truck10247,291
Truck10248,291
Truck10249,291
Truck10250,291
Truck10251,291
Truck10252,291
Truck10253,291
Truck10254,291
Truck10255,291
Truck10256,291
Truck10257,291
Truck10258,291
Truck10259,291
Truck10260,291
Truck10261,291
Truck10262,291
Truck10263,291
Truck10264,291
Truck10265,291
Truck10266,291
Truck10267,291
Truck10268,291
Truck10269,291
Truck10270,291
Truck10271,291
Truck10272,291
Truck10273,291
Truck10274,291
Truck10275,291
Truck10276,291
Truck10277,291
Truck10278,291
Truck10279,291
Truck10280,291
Truck10281,291
Truck10282,291
Truck10283,291
Truck10284,291
Truck10285,291
Truck10286,291
Truck10287,291
Truck10288,291
Truck10289,291
Truck10290,291
Truck10291,291
Truck10292,291
Truck10293,291
Truck10294,291
Truck10295,291
Truck10296,291
Truck10297,291
Truck10298,291
Truck10299,291
Truck10300,291
Truck10301,291
Truck10302,291
Truck10303,291
Truck10304,291
Truck10305,291
Truck10306,291
Truck10307,291
Truck10308,291
Truck10309,291
Truck10310,291
Truck10311,291
Truck10312,291
Truck10313,291
Truck10314,291
Truck10315,291
Truck10316,291
Truck10317,291
Truck10318,291
Truck10319,291
Truck10320,291
Truck10321,291
Truck10322,291
Truck10323,291
Truck10324,291
Truck10325,291
Truck10326,291
Truck10327,291
Truck10328,291
Truck10329,291
Truck10330,291
Truck10331,291
Truck10332,291
Truck10333,291
Truck10334,291
Truck10335,291
Truck10336,291
Truck10337,291
Truck10338,291
Truck10339,291
Truck10340,291
Truck10341,291
Truck10342,291
Truck10343,291
Truck10344,291
Truck10345,291
Truck10346,291
Truck10347,291
Truck10348,291
Truck10349,291
Truck10350,291
Truck10351,291
Truck10352,291
Truck10353,291
Truck10354,291
Truck10355,291
Truck10356,291
Truck10357,291
Truck10358,291
Truck10359,291
Truck10360,291
Truck10361,291
Truck10362,291
Truck10363,291
Truck10364,291
Truck10365,291
Truck10366,291
Truck10367,291
Truck10368,291
Truck10369,291
Truck10370,291
Truck10371,291
Truck10372,291
Truck10373,291
Truck10374,291
Truck10375,291
Truck10376,291
Truck10377,291
Truck10378,291
Truck10379,291
Truck10380,291
Truck10381,291
Truck10382,291
Truck10383,291
Truck10384,291
Truck10385,291
Truck10386,291
Truck10387,291
Truck10388,291
Truck10389,291
Truck10390,291
Truck10391,291
Truck10392,291
Truck10393,291
Truck10394,291
Truck10395,291
Truck10396,291
Truck10397,291
Truck10398,291
Truck10399,291
Truck10400,291
Truck10401,291
Truck10402,291
Truck10403,291
Truck10404,291
Truck10405,291
Truck10406,291
Truck10407,291
Truck10408,291
Truck10409,291
Truck10410,291
Truck10411,291
Truck10412,291
Truck10413,291
Truck10414,291
Truck10415,291
Truck10416,291
Truck10417,291
Truck10418,291
Truck10419,291
Truck10420,291
Truck10421,291
Truck10422,291
Truck10423,291
Truck10424,291
Truck10425,291
Truck10426,291
Truck10427,291
Truck10428,291
Truck10429,291
Truck10430,291
Truck10431,291
Truck10432,291
Truck10433,291
Truck10434,291
Truck10435,291
Truck10436,291
Truck10437,291
Truck10438,291
Truck10439,291
Truck10440,291
Truck10441,291
Truck10442,291
Truck10443,291
Truck10444,291
Truck10445,291
Truck10446,291
Truck10447,291
Truck10448,291
Truck10449,291
Truck10450,291
Truck10451,291
Truck10452,291
Truck10453,291
Truck10454,291
Truck10455,291
Truck10456,291
Truck10457,291
Truck10458,291
Truck10459,291
Truck10460,291
Truck10461,291
Truck10462,291
Truck10463,291
Truck10464,291
Truck10465,291
Truck10466,291
Truck10467,291
Truck10468,291
Truck10469,291
Truck10470,291
Truck10471,291
Truck10472,291
Truck10473,291
Truck10474,291
Truck10475,291
Truck10476,291
Truck10477,291
Truck10478,291
Truck10479,291
Truck10480,291
Truck10481,291
Truck10482,291
Truck10483,291
Truck10484,291
Truck10485,291
Truck10486,291
Truck10487,291
Truck10488,291
Truck10489,291
Truck10490,291
Truck10491,291
Truck10492,291
Truck10493,291
Truck10494,291
Truck10495,291
Truck10496,291
Truck10497,291
Truck10498,291
Truck10499,291
Truck10500,291
Truck10501,291
Truck10502,291
Truck10503,291
Truck10504,291
Truck10505,291
Truck10506,291
Truck10507,291
Truck10508,291
Truck10509,291
Truck10510,291
Truck10511,291
Truck10512,291
Truck10513,291
Truck10514,291
Truck10515,291
Truck10516,291
Truck10517,291
Truck10518,291
Truck10519,291
Truck10520,291
Truck10521,291
Truck10522,291
Truck10523,291
Truck10524,291
Truck10525,291
Truck10526,291
Truck10527,291
Truck10528,291
Truck10529,291
Truck10530,291
Truck10531,291
Truck10532,291
Truck10533,291
Truck10534,291
Truck10535,291
Truck10536,291
Truck10537,291
Truck10538,291
Truck10539,291
Truck10540,291
Truck10541,291
Truck10542,291
Truck10543,291
Truck10544,291
Truck10545,291
Truck10546,291
Truck10547,291
Truck10548,291
Truck10549,291
Truck10550,291
Truck10551,291
Truck10552,291
Truck10553,291
Truck10554,291
Truck10555,291
Truck10556,291
Truck10557,291
Truck10558,291
Truck10559,291
Truck10560,291
Truck10561,291
Truck10562,291
Truck10563,291
Truck10564,291
Truck10565,291
Truck10566,291
Truck10567,291
Truck10568,291
Truck10569,291
Truck10570,291
Truck10571,291
Truck10572,291
Truck10573,291
Truck10574,291
Truck10575,291
Truck10576,291
Truck10577,291
Truck10578,291
Truck10579,291
Truck10580,291
Truck10581,291
Truck10582,291
Truck10583,291
Truck10584,291
Truck10585,291
Truck10586,291
Truck10587,291
Truck10588,291
Truck10589,291
Truck10590,291
Truck10591,291
Truck10592,291
Truck10593,291
Truck10594,291
Truck10595,291
Truck10596,291
Truck10597,291
Truck10598,291
Truck10599,291
Truck10600,291
Truck10601,291
Truck10602,291
Truck10603,291
Truck10604,291
Truck10605,291
Truck10606,291
Truck10607,291
Truck10608,291
Truck10609,291
Truck10610,291
Truck10611,291
Truck10612,291
Truck10613,291
Truck10614,291
Truck10615,291
Truck10616,291
Truck10617,291
Truck10618,291
Truck10619,291
Truck10620,291
Truck10621,291
Truck10622,291
Truck10623,291
Truck10624,291
Truck10625,291
Truck10626,291
Truck10627,291
Truck10628,291
Truck10629,291
Truck10630,291
Truck10631,291
Truck10632,291
Truck10633,291
Truck10634,291
Truck10635,291
Truck10636,291
Truck10637,291
Truck10638,291
Truck10639,291
Truck10640,291
Truck10641,291
Truck10642,291
Truck10643,291
Truck10644,291
Truck10645,291
Truck10646,291
Truck10647,291
Truck10648,291
Truck10649,291
Truck10650,291
Truck10651,291
Truck10652,291
Truck10653,291
Truck10654,291
Truck10655,291
Truck10656,291
Truck10657,291
Truck10658,291
Truck10659,291
Truck10660,291
Truck10661,291
Truck10662,291
Truck10663,291
Truck10664,291
Truck10665,291
Truck10666,291
Truck10667,291
Truck10668,291
Truck10669,291
Truck10670,291
Truck10671,291
Truck10672,291
Truck10673,291
Truck10674,291
Truck10675,291
Truck10676,291
Truck10677,291
Truck10678,291
Truck10679,291
Truck10680,291
Truck10681,291
Truck10682,291
Truck10683,291
Truck10684,291
Truck10685,291
Truck10686,291
Truck10687,291
Truck10688,291
Truck10689,291
Truck10690,291
Truck10691,291
Truck10692,291
Truck10693,291
Truck10694,291
Truck10695,291
Truck10696,291
Truck10697,291
Truck10698,291
Truck10699,291
Truck10700,291
Truck10701,291
Truck10702,291
Truck10703,291
Truck10704,291
Truck10705,291
Truck10706,291
Truck10707,291
Truck10708,291
Truck10709,291
Truck10710,291
Truck10711,291
Truck10712,291
Truck10713,291
Truck10714,291
Truck10715,291
Truck10716,291
Truck10717,291
Truck10718,291
Truck10719,291
Truck10720,291
Truck10721,291
Truck10722,291
Truck10723,291
Truck10724,291
Truck10725,291
Truck10726,291
Truck10727,291
Truck10728,291
Truck10729,291
Truck10730,291
Truck10731,291
Truck10732,291
Truck10733,291
Truck10734,291
Truck10735,291
Truck10736,291
Truck10737,291
Truck10738,291
Truck10739,291
Truck10740,291
Truck10741,291
Truck10742,291
Truck10743,291
Truck10744,291
Truck10745,291
Truck10746,291
Truck10747,291
Truck10748,291
Truck10749,291
Truck10750,291
Truck10751,291
Truck10752,291
Truck10753,291
Truck10754,291
Truck10755,291
Truck10756,291
Truck10757,291
Truck10758,291
Truck10759,291
Truck10760,291
Truck10761,291
Truck10762,291
Truck10763,291
Truck10764,291
Truck10765,291
Truck10766,291
Truck10767,291
Truck10768,291
Truck10769,291
Truck10770,291
Truck10771,291
Truck10772,291
Truck10773,291
Truck10774,291
Truck10775,291
Truck10776,291
Truck10777,291
Truck10778,291
Truck10779,291
Truck10780,291
Truck10781,291
Truck10782,291
Truck10783,291
Truck10784,291
Truck10785,291
Truck10786,291
Truck10787,291
Truck10788,291
Truck10789,291
Truck10790,291
Truck10791,291
Truck10792,291
Truck10793,291
Truck10794,291
Truck10795,291
Truck10796,291
Truck10797,291
Truck10798,291
Truck10799,291
Truck10800,291
Truck10801,291
Truck10802,291
Truck10803,291
Truck10804,291
Truck10805,291
Truck10806,291
Truck10807,291
Truck10808,291
Truck10809,291
Truck10810,291
Truck10811,291
Truck10812,291
Truck10813,291
Truck10814,291
Truck10815,291
Truck10816,291
Truck10817,291
Truck10818,291
Truck10819,291
Truck10820,291
Truck10821,291
Truck10822,291
Truck10823,291
Truck10824,291
Truck10825,291
Truck10826,291
Truck10827,291
Truck10828,291
Truck10829,291
Truck10830,291
Truck10831,291
Truck10832,291
Truck10833,291
Truck10834,291
Truck10835,291
Truck10836,291
Truck10837,291
Truck10838,291
Truck10839,291
Truck10840,291
Truck10841,291
Truck10842,291
Truck10843,291
Truck10844,291
Truck10845,291
Truck10846,291
Truck10847,291
Truck10848,291
Truck10849,291
Truck10850,291
Truck10851,291
Truck10852,291
Truck10853,291
Truck10854,291
Truck10855,291
Truck10856,291
Truck10857,291
Truck10858,291
Truck10859,291
Truck10860,291
Truck10861,291
Truck10862,291
Truck10863,291
Truck10864,291
Truck10865,291
Truck10866,291
Truck10867,291
Truck10868,291
Truck10869,291
Truck10870,291
Truck10871,291
Truck10872,291
Truck10873,291
Truck10874,291
Truck10875,291
Truck10876,291
Truck10877,291
Truck10878,291
Truck10879,291
Truck10880,291
Truck10881,291
Truck10882,291
Truck10883,291
Truck10884,291
Truck10885,291
Truck10886,291
Truck10887,291
Truck10888,291
Truck10889,291
Truck10890,291
Truck10891,291
Truck10892,291
Truck10893,291
Truck10894,291
Truck10895,291
Truck10896,291
Truck10897,291
Truck10898,291
Truck10899,291
Truck10900,291
Truck10901,291
Truck10902,291
Truck10903,291
Truck10904,291
Truck10905,291
Truck10906,291
Truck10907,291
Truck10908,291
Truck10909,291
Truck10910,291
Truck10911,291
Truck10912,291
Truck10913,291
Truck10914,291
Truck10915,291
Truck10916,291
Truck10917,291
Truck10918,291
Truck10919,291
Truck10920,291
Truck10921,291
Truck10922,291
Truck10923,291
Truck10924,291
Truck10925,291
Truck10926,291
Truck10927,291
Truck10928,291
Truck10929,291
Truck10930,291
Truck10931,291
Truck10932,291
Truck10933,291
Truck10934,291
Truck10935,291
Truck10936,291
Truck10937,291
Truck10938,291
Truck10939,291
Truck10940,291
Truck10941,291
Truck10942,291
Truck10943,291
Truck10944,291
Truck10945,291
Truck10946,291
Truck10947,291
Truck10948,291
Truck10949,291
Truck10950,291
Truck10951,291
Truck10952,291
Truck10953,291
Truck10954,291
Truck10955,291
Truck10956,291
Truck10957,291
Truck10958,291
Truck10959,291
Truck10960,291
Truck10961,291
Truck10962,291
Truck10963,291
Truck10964,291
Truck10965,291
Truck10966,291
Truck10967,291
Truck10968,291
Truck10969,291
Truck10970,291
Truck10971,291
Truck10972,291
Truck10973,291
Truck10974,291
Truck10975,291
Truck10976,291
Truck10977,291
Truck10978,291
Truck10979,291
Truck10980,291
Truck10981,291
Truck10982,291
Truck10983,291
Truck10984,291
Truck10985,291
Truck10986,291
Truck10987,291
Truck10988,291
Truck10989,291
Truck10990,291
Truck10991,291
Truck10992,291
Truck10993,291
Truck10994,291
Truck10995,291
Truck10996,291
Truck10997,291
Truck10998,291
Truck10999,291
Truck11000,291
Truck11001,291
Truck11002,291
Truck11003,291
Truck11004,291
Truck11005,291
Truck11006,291
Truck11007,291
Truck11008,291
Truck11009,291
Truck11010,291
Truck11011,291
Truck11012,291
Truck11013,291
Truck11014,291
Truck11015,291
Truck11016,291
Truck11017,291
Truck11018,291
Truck11019,291
Truck11020,291
Truck11021,291
Truck11022,291
Truck11023,291
Truck11024,291
Truck11025,291
Truck11026,291
Truck11027,291
Truck11028,291
Truck11029,291
Truck11030,291
Truck11031,291
Truck11032,291
Truck11033,291
Truck11034,291
Truck11035,291
Truck11036,291
Truck11037,291
Truck11038,291
Truck11039,291
Truck11040,291
Truck11041,291
Truck11042,291
Truck11043,291
Truck11044,291
Truck11045,291
Truck11046,291
Truck11047,291
Truck11048,291
Truck11049,291
Truck11050,291
Truck11051,291
Truck11052,291
Truck11053,291
Truck11054,291
Truck11055,291
Truck11056,291
Truck11057,291
Truck11058,291
Truck11059,291
Truck11060,291
Truck11061,291
Truck11062,291
Truck11063,291
Truck11064,291
Truck11065,291
Truck11066,291
Truck11067,291
Truck11068,291
Truck11069,291
Truck11070,291
Truck11071,291
Truck11072,291
Truck11073,291
Truck11074,291
Truck11075,291
Truck11076,291
Truck11077,291
Truck11078,291
Truck11079,291
Truck11080,291
Truck11081,291
Truck11082,291
Truck11083,291
Truck11084,291
Truck11085,291
Truck11086,291
Truck11087,291
Truck11088,291
Truck11089,291
Truck11090,291
Truck11091,291
Truck11092,291
Truck11093,291
Truck11094,291
Truck11095,291
Truck11096,291
Truck11097,291
Truck11098,291
Truck11099,291
Truck11100,291
Truck11101,291
Truck11102,291
Truck11103,291
Truck11104,291
Truck11105,291
Truck11106,291
Truck11107,291
Truck11108,291
Truck11109,291
Truck11110,291
Truck11111,291
Truck11112,291
Truck11113,291
Truck11114,291
Truck11115,291
Truck11116,291
Truck11117,291
Truck11118,291
Truck11119,291
Truck11120,291
Truck11121,291
Truck11122,291
Truck11123,291
Truck11124,291
Truck11125,291
Truck11126,291
Truck11127,291
Truck11128,291
Truck11129,291
Truck11130,291
Truck11131,291
Truck11132,291
Truck11133,291
Truck11134,291
Truck11135,291
Truck11136,291
Truck11137,291
Truck11138,291
Truck11139,291
Truck11140,291
Truck11141,291
Truck11142,291
Truck11143,291
Truck11144,291
Truck11145,291
Truck11146,291
Truck11147,291
Truck11148,291
Truck11149,291
Truck11150,291
Truck11151,291
Truck11152,291
Truck11153,291
Truck11154,291
Truck11155,291
Truck11156,291
Truck11157,291
Truck11158,291
Truck11159,291
Truck11160,291
Truck11161,291
Truck11162,291
Truck11163,291
Truck11164,291
Truck11165,291
Truck11166,291
Truck11167,291
Truck11168,291
Truck11169,291
Truck11170,291
Truck11171,291
Truck11172,291
Truck11173,291
Truck11174,291
Truck11175,291
Truck11176,291
Truck11177,291
Truck11178,291
Truck11179,291
Truck11180,291
Truck11181,291
Truck11182,291
Truck11183,291
Truck11184,291
Truck11185,291
Truck11186,291
Truck11187,291
Truck11188,291
Truck11189,291
Truck11190,291
Truck11191,291
Truck11192,291
Truck11193,291
Truck11194,291
Truck11195,291
Truck11196,291
Truck11197,291
Truck11198,291
Truck11199,291
Truck11200,291
Truck11201,291
Truck11202,291
Truck11203,291
Truck11204,291
Truck11205,291
Truck11206,291
Truck11207,291
Truck11208,291
Truck11209,291
Truck11210,291
Truck11211,291
Truck11212,291
Truck11213,291
Truck11214,291
Truck11215,291
Truck11216,291
Truck11217,291
Truck11218,291
Truck11219,291
Truck11220,291
Truck11221,291
Truck11222,291
Truck11223,291
Truck11224,291
Truck11225,291
Truck11226,291
Truck11227,291
Truck11228,291
Truck11229,291
Truck11230,291
Truck11231,291
Truck11232,291
Truck11233,291
Truck11234,291
Truck11235,291
Truck11236,291
Truck11237,291
Truck11238,291
Truck11239,291
Truck11240,291
Truck11241,291
Truck11242,291
Truck11243,291
Truck11244,291
Truck11245,291
Truck11246,291
Truck11247,291
Truck11248,291
Truck11249,291
Truck11250,291
Truck11251,291
Truck11252,291
Truck11253,291
Truck11254,291
Truck11255,291
Truck11256,291
Truck11257,291
Truck11258,291
Truck11259,291
Truck11260,291
Truck11261,291
Truck11262,291
Truck11263,291
Truck11264,291
Truck11265,291
Truck11266,291
Truck11267,291
Truck11268,291
Truck11269,291
Truck11270,291
Truck11271,291
Truck11272,291
Truck11273,291
Truck11274,291
Truck11275,291
Truck11276,291
Truck11277,291
Truck11278,291
Truck11279,291
Truck11280,291
Truck11281,291
Truck11282,291
Truck11283,291
Truck11284,291
Truck11285,291
Truck11286,291
Truck11287,291
Truck11288,291
Truck11289,291
Truck11290,291
Truck11291,291
Truck11292,291
Truck11293,291
Truck11294,291
Truck11295,291
Truck11296,291
Truck11297,291
Truck11298,291
Truck11299,291
Truck11300,291
Truck11301,291
Truck11302,291
Truck11303,291
Truck11304,291
Truck11305,291
Truck11306,291
Truck11307,291
Truck11308,291
Truck11309,291
Truck11310,291
Truck11311,291
Truck11312,291
Truck11313,291
Truck11314,291
Truck11315,291
Truck11316,291
Truck11317,291
Truck11318,291
Truck11319,291
Truck11320,291
Truck11321,291
Truck11322,291
Truck11323,291
Truck11324,291
Truck11325,291
Truck11326,291
Truck11327,291
Truck11328,291
Truck11329,291
Truck11330,291
Truck11331,291
Truck11332,291
Truck11333,291
Truck11334,291
Truck11335,291
Truck11336,291
Truck11337,291
Truck11338,291
Truck11339,291
Truck11340,291
Truck11341,291
Truck11342,291
Truck11343,291
Truck11344,291
Truck11345,291
Truck11346,291
Truck11347,291
Truck11348,291
Truck11349,291
Truck11350,291
Truck11351,291
Truck11352,291
Truck11353,291
Truck11354,291
Truck11355,291
Truck11356,291
Truck11357,291
Truck11358,291
Truck11359,291
Truck11360,291
Truck11361,291
Truck11362,291
Truck11363,291
Truck11364,291
Truck11365,291
Truck11366,291
Truck11367,291
Truck11368,291
Truck11369,291
Truck11370,291
Truck11371,291
Truck11372,291
Truck11373,291
Truck11374,291
Truck11375,291
Truck11376,291
Truck11377,291
Truck11378,291
Truck11379,291
Truck11380,291
Truck11381,291
Truck11382,291
Truck11383,291
Truck11384,291
Truck11385,291
Truck11386,291
Truck11387,291
Truck11388,291
Truck11389,291
Truck11390,291
Truck11391,291
Truck11392,291
Truck11393,291
Truck11394,291
Truck11395,291
Truck11396,291
Truck11397,291
Truck11398,291
Truck11399,291
Truck11400,291
Truck11401,291
Truck11402,291
Truck11403,291
Truck11404,291
Truck11405,291
Truck11406,291
Truck11407,291
Truck11408,291
Truck11409,291
Truck11410,291
Truck11411,291
Truck11412,291
Truck11413,291
Truck11414,291
Truck11415,291
Truck11416,291
Truck11417,291
Truck11418,291
Truck11419,291
Truck11420,291
Truck11421,291
Truck11422,291
Truck11423,291
Truck11424,291
Truck11425,291
Truck11426,291
Truck11427,291
Truck11428,291
Truck11429,291
Truck11430,291
Truck11431,291
Truck11432,291
Truck11433,291
Truck11434,291
Truck11435,291
Truck11436,291
Truck11437,291
Truck11438,291
Truck11439,291
Truck11440,291
Truck11441,291
Truck11442,291
Truck11443,291
Truck11444,291
Truck11445,291
Truck11446,291
Truck11447,291
Truck11448,291
Truck11449,291
Truck11450,291
Truck11451,291
Truck11452,291
Truck11453,291
Truck11454,291
Truck11455,291
Truck11456,291
Truck11457,291
Truck11458,291
Truck11459,291
Truck11460,291
Truck11461,291
Truck11520,291
Truck11521,291
Truck11522,291
Truck11523,291
Truck11524,291
Truck11525,291
Truck11526,291
Truck11527,291
Truck11528,291
Truck11529,291
Truck11530,291
Truck11531,291
Truck11532,291
Truck11533,291
Truck11534,291
Truck11535,291
Truck11536,291
Truck11537,291
Truck11538,291
Truck11539,291
Truck11540,291
Truck11541,291
Truck11542,291
Truck11543,291
Truck11544,291
Truck11545,291
Truck11546,291
Truck11547,291
Truck11548,291
Truck11549,291
Truck11550,291
Truck11551,291
Truck11552,291
Truck11553,291
Truck11554,291
Truck11555,291
Truck11556,291
Truck11557,291
Truck11558,291
Truck11559,291
Truck11560,291
Truck11561,291
Truck11562,291
Truck11563,291
Truck11564,291
Truck11565,291
Truck11566,291
Truck11567,291
Truck11568,291
Truck11569,291
Truck11570,291
Truck11571,291
Truck11572,291
Truck11573,291
Truck11574,291
Truck11575,291
Truck11576,291
Truck11577,291
Truck11578,291
Truck11579,291
Truck11580,291
Truck11581,291
Truck11582,291
Truck11583,291
Truck11584,291
Truck11585,291
Truck11586,291
Truck11587,291
Truck11588,291
Truck11589,291
Truck11590,291
Truck11591,291
Truck11592,291
Truck11593,291
Truck11594,291
Truck11595,291
Truck11596,291
Truck11597,291
Truck11598,291
Truck11599,291
Truck11600,291
Truck11601,291
Truck11602,291
Truck11603,291
Truck11604,291
Truck11605,291
Truck11606,291
Truck11607,291
Truck11608,291
Truck11609,291
Truck11610,291
Truck11611,291
Truck11612,291
Truck11613,291
Truck11614,291
Truck11615,291
Truck11616,291
Truck11617,291
Truck11618,291
Truck11619,291
Truck11620,291
Truck11621,291
Truck11622,291
Truck11623,291
Truck11624,291
Truck11625,291
Truck11626,291
Truck11627,291
Truck11628,291
Truck11629,291
Truck11630,291
Truck11631,291
Truck11632,291
Truck11633,291
Truck11634,291
Truck11635,291
Truck11636,291
Truck11637,291
Truck11638,291
Truck11639,291
Truck11640,291
Truck11641,291
Truck11642,291
Truck11643,291
Truck11644,291
Truck11645,291
Truck11646,291
Truck11647,291
Truck11648,291
Truck11649,291
Truck11650,291
Truck11651,291
Truck11652,291
Truck11653,291
Truck11654,291
Truck11655,291
Truck11656,291
Truck11657,291
Truck11658,291
Truck11659,291
Truck11660,291
Truck11661,291
Truck11662,291
Truck11663,291
Truck11664,291
Truck11665,291
Truck11666,291
Truck11667,291
Truck11668,291
Truck11669,291
Truck11670,291
Truck11671,291
Truck11672,291
Truck11673,291
Truck11674,291
Truck11675,291
Truck11676,291
Truck11677,291
Truck11678,291
Truck11679,291
Truck11680,291
Truck11681,291
Truck11682,291
Truck11683,291
Truck11684,291
Truck11685,291
Truck11686,291
Truck11687,291
Truck11688,291
Truck11689,291
Truck11690,291
Truck11691,291
Truck11692,291
Truck11693,291
Truck11694,291
Truck11695,291
Truck11696,291
Truck11697,291
Truck11698,291
Truck11699,291
Truck11700,291
Truck11701,291
Truck11702,291
Truck11703,291
Truck11704,291
Truck11705,291
Truck11706,291
Truck11707,291
Truck11708,291
Truck11709,291
Truck11710,291
Truck11711,291
Truck11712,291
Truck11713,291
Truck11714,291
Truck11715,291
Truck11716,291
Truck11717,291
Truck11718,291
Truck11719,291
Truck11720,291
Truck11721,291
Truck11722,291
Truck11723,291
Truck11724,291
Truck11725,291
Truck11726,291
Truck11727,291
Truck11728,291
Truck11729,291
Truck11730,291
Truck11731,291
Truck11732,291
Truck11733,291
Truck11734,291
Truck11735,291
Truck11736,291
Truck11737,291
Truck11738,291
Truck11739,291
Truck11740,291
Truck11741,291
Truck11742,291
Truck11743,291
Truck11744,291
Truck11745,291
Truck11746,291
Truck11747,291
Truck11748,291
Truck11749,291
Truck11750,291
Truck11751,291
Truck11752,291
Truck11753,291
Truck11754,291
Truck11755,291
Truck11756,291
Truck11757,291
Truck11758,291
Truck11759,291
Truck11760,291
Truck11761,291
Truck11762,291
Truck11763,291
Truck11764,291
Truck11765,291
Truck11766,291
Truck11767,291
Truck11768,291
Truck11769,291
Truck11770,291
Truck11771,291
Truck11772,291
Truck11773,291
Truck11774,291
Truck11775,291
Truck11776,291
Truck11777,291
Truck11778,291
Truck11779,291
Truck11780,291
Truck11781,291
Truck11782,291
Truck11783,291
Truck11784,291
Truck11785,291
Truck11786,291
Truck11787,291
Truck11788,291
Truck11789,291
Truck11790,291
Truck11791,291
Truck11792,291
Truck11793,291
Truck11794,291
Truck11795,291
Truck11796,291
Truck11797,291
Truck11798,291
Truck11799,291
Truck11800,291
Truck11801,291
Truck11802,291
Truck11803,291
Truck11804,291
Truck11805,291
Truck11806,291
Truck11807,291
Truck11808,291
Truck11809,291
Truck11810,291
Truck11811,291
Truck11812,291
Truck11813,291
Truck11814,291
Truck11815,291
Truck11816,291
Truck11817,291
Truck11818,291
Truck11819,291
Truck11820,291
Truck11821,291
Truck11822,291
Truck11823,291
Truck11824,291
Truck11825,291
Truck11826,291
Truck11827,291
Truck11828,291
Truck11829,291
Truck11830,291
Truck11831,291
Truck11832,291
Truck11833,291
Truck11834,291
Truck11835,291
Truck11836,291
Truck11837,291
Truck11838,291
Truck11839,291
Truck11840,291
Truck11841,291
Truck11842,291
Truck11843,291
Truck11844,291
Truck11845,291
Truck11846,291
Truck11847,291
Truck11848,291
Truck11849,291
Truck11850,291
Truck11851,291
Truck11852,291
Truck11853,291
Truck11854,291
Truck11855,291
Truck11856,291
Truck11857,291
Truck11858,291
Truck11859,291
Truck11860,291
Truck11861,291
Truck11862,291
Truck11863,291
Truck11864,291
Truck11865,291
Truck11866,291
Truck11867,291
Truck11868,291
Truck11869,291
Truck11870,291
Truck11871,291
Truck11872,291
Truck11873,291
Truck11874,291
Truck11875,291
Truck11876,291
Truck11877,291
Truck11878,291
Truck11879,291
Truck11880,291
Truck11881,291
Truck11882,291
Truck11883,291
Truck11884,291
Truck11885,291
Truck11886,291
Truck11887,291
Truck11888,291
Truck11889,291
Truck11890,291
Truck11891,291
Truck11892,291
Truck11893,291
Truck11894,291
Truck11895,291
Truck11896,291
Truck11897,291
Truck11898,291
Truck11899,291
Truck11900,291
Truck11901,291
Truck11902,291
Truck11903,291
Truck11904,291
Truck11905,291
Truck11906,291
Truck11907,291
Truck11908,291
Truck11909,291
Truck11910,291
Truck11911,291
Truck11912,291
Truck11913,291
Truck11914,291
Truck11915,291
Truck11916,291
Truck11917,291
Truck11918,291
Truck11919,291
Truck11920,291
Truck11921,291
Truck11922,291
Truck11923,291
Truck11924,291
Truck11925,291
Truck11926,291
Truck11927,291
Truck11928,291
Truck11929,291
Truck11930,291
Truck11931,291
Truck11932,291
Truck11933,291
Truck11934,291
Truck11935,291
Truck11936,291
Truck11937,291
Truck11938,291
Truck11939,291
Truck11940,291
Truck11941,291
Truck11942,291
Truck11943,291
Truck11944,291
Truck11945,291
Truck11946,291
Truck11947,291
Truck11948,291
Truck11949,291
Truck11950,291
Truck11951,291
Truck11952,291
Truck11953,291
Truck11954,291
Truck11955,291
Truck11956,291
Truck11957,291
Truck11958,291
Truck11959,291
Truck11960,291
Truck11961,291
Truck11962,291
Truck11963,291
Truck11964,291
Truck11965,291
Truck11966,291
Truck11967,291
Truck11968,291
Truck11969,291
Truck11970,291
Truck11971,291
Truck11972,291
Truck11973,291
Truck11974,291
Truck11975,291
Truck11976,291
Truck11977,291
Truck11978,291
Truck11979,291
Truck11980,291
Truck11981,291
Truck11982,291
Truck11983,291
Truck11984,291
Truck11985,291
Truck11986,291
Truck11987,291
Truck11988,291
Truck11989,291
Truck11990,291
Truck11991,291
Truck11992,291
Truck11993,291
Truck11994,291
Truck11995,291
Truck11996,291
Truck11997,291
Truck11998,291
Truck11999,291
Truck12000,291
Truck12001,291
Truck12002,291
Truck12003,291
Truck12004,291
Truck12005,291
Truck12006,291
Truck12007,291
Truck12008,291
Truck12009,291
Truck12010,291
Truck12011,291
Truck12012,291
Truck12013,291
Truck12014,291
Truck12015,291
Truck12016,291
Truck12017,291
Truck12018,291
Truck12019,291
Truck12020,291
Truck12021,291
Truck12022,291
Truck12023,291
Truck12024,291
Truck12025,291
Truck12026,291
Truck12027,291
Truck12028,291
Truck12029,291
Truck12030,291
Truck12031,291
Truck12032,291
Truck12033,291
Truck12034,291
Truck12035,291
Truck12036,291
Truck12037,291
Truck12038,291
Truck12039,291
Truck12040,291
Truck12041,291
Truck12042,291
Truck12043,291
Truck12044,291
Truck12045,291
Truck12046,291
Truck12047,291
Truck12048,291
Truck12049,291
Truck12050,291
Truck12051,291
Truck12052,291
Truck12053,291
Truck12054,291
Truck12055,291
Truck12056,291
Truck12057,291
Truck12058,291
Truck12059,291
Truck12060,291
Truck12061,291
Truck12062,291
Truck12063,291
Truck12064,291
Truck12065,291
Truck12066,291
Truck12067,291
Truck12068,291
Truck12069,291
Truck12070,291
Truck12071,291
Truck12072,291
Truck12073,291
Truck12074,291
Truck12075,291
Truck12076,291
Truck12077,291
Truck12078,291
Truck12079,291
Truck12080,291
Truck12081,291
Truck12082,291
Truck12083,291
Truck12084,291
Truck12085,291
Truck12086,291
Truck12087,291
Truck12088,291
Truck12089,291
Truck12090,291
Truck12091,291
Truck12092,291
Truck12093,291
Truck12094,291
Truck12095,291
Truck12096,291
Truck12097,291
Truck12098,291
Truck12099,291
Truck12100,291
Truck12101,291
Truck12102,291
Truck12103,291
Truck12104,291
Truck12105,291
Truck12106,291
Truck12107,291
Truck12108,291
Truck12109,291
Truck12110,291
Truck12111,291
Truck12112,291
Truck12113,291
Truck12114,291
Truck12115,291
Truck12116,291
Truck12117,291
Truck12118,291
Truck12119,291
Truck12120,291
Truck12121,291
Truck12122,291
Truck12123,291
Truck12124,291
Truck12125,291
Truck12126,291
Truck12127,291
Truck12128,291
Truck12129,291
Truck12130,291
Truck12131,291
Truck12132,291
Truck12133,291
Truck12134,291
Truck12135,291
Truck12136,291
Truck12137,291
Truck12138,291
Truck12139,291
Truck12140,291
Truck12141,291
Truck12142,291
Truck12143,291
Truck12144,291
Truck12145,291
Truck12146,291
Truck12147,291
Truck12148,291
Truck12149,291
Truck12150,291
Truck12151,291
Truck12152,291
Truck12153,291
Truck12154,291
Truck12155,291
Truck12156,291
Truck12157,291
Truck12158,291
Truck12159,291
Truck12160,291
Truck12161,291
Truck12162,291
Truck12163,291
Truck12164,291
Truck12165,291
Truck12166,291
Truck12167,291
Truck12168,291
Truck12169,291
Truck12170,291
Truck12171,291
Truck12172,291
Truck12173,291
Truck12174,291
Truck12175,291
Truck12176,291
Truck12177,291
Truck12178,291
Truck12179,291
Truck12180,291
Truck12181,291
Truck12182,291
Truck12183,291
Truck12184,291
Truck12185,291
Truck12186,291
Truck12187,291
Truck12188,291
Truck12189,291
Truck12190,291
Truck12191,291
Truck12192,291
Truck12193,291
Truck12194,291
Truck12195,291
Truck12196,291
Truck12197,291
Truck12198,291
Truck12199,291
Truck12200,291
Truck12201,291
Truck12202,291
Truck12203,291
Truck12204,291
Truck12205,291
Truck12206,291
Truck12207,291
Truck12208,291
Truck12209,291
Truck12210,291
Truck12211,291
Truck12212,291
Truck12213,291
Truck12214,291
Truck12215,291
Truck12216,291
Truck12217,291
Truck12218,291
Truck12219,291
Truck12220,291
Truck12221,291
Truck12222,291
Truck12223,291
Truck12224,291
Truck12225,291
Truck12226,291
Truck12227,291
Truck12228,291
Truck12229,291
Truck12230,291
Truck12231,291
Truck12232,291
Truck12233,291
Truck12234,291
Truck12235,291
Truck12236,291
Truck12237,291
Truck12238,291
Truck12239,291
Truck12240,291
Truck12241,291
Truck12242,291
Truck12243,291
Truck12244,291
Truck12245,291
Truck12246,291
Truck12247,291
Truck12248,291
Truck12249,291
Truck12250,291
Truck12251,291
Truck12252,291
Truck12253,291
Truck12254,291
Truck12255,291
Truck12256,291
Truck12257,291
Truck12258,291
Truck12259,291
Truck12260,291
Truck12261,291
Truck12262,291
Truck12263,291
Truck12264,291
Truck12265,291
Truck12266,291
Truck12267,291
Truck12268,291
Truck12269,291
Truck12270,291
Truck12271,291
Truck12272,291
Truck12273,291
Truck12274,291
Truck12275,291
Truck12276,291
Truck12277,291
Truck12278,291
Truck12279,291
Truck12280,291
Truck12281,291
Truck12282,291
Truck12283,291
Truck12284,291
Truck12285,291
Truck12286,291
Truck12287,291
Truck12288,291
Truck12289,291
Truck12290,291
Truck12291,291
Truck12292,291
Truck12293,291
Truck12294,291
Truck12295,291
Truck12296,291
Truck12297,291
Truck12298,291
Truck12299,291
Truck12300,291
Truck12301,291
Truck12302,291
Truck12303,291
Truck12304,291
Truck12305,291
Truck12306,291
Truck12307,291
Truck12308,291
Truck12309,291
Truck12310,291
Truck12311,291
Truck12312,291
Truck12313,291
Truck12314,291
Truck12315,291
Truck12316,291
Truck12317,291
Truck12318,291
Truck12319,291
Truck12320,291
Truck12321,291
Truck12322,291
Truck12323,291
Truck12324,291
Truck12325,291
Truck12326,291
Truck12327,291
Truck12328,291
Truck12329,291
Truck12330,291
Truck12331,291
Truck12332,291
Truck12333,291
Truck12334,291
Truck12335,291
Truck12336,291
Truck12337,291
Truck12338,291
Truck12339,291
Truck12340,291
Truck12341,291
Truck12342,291
Truck12343,291
Truck12344,291
Truck12345,291
Truck12346,291
Truck12347,291
Truck12348,291
Truck12349,291
Truck12350,291
Truck12351,291
Truck12352,291
Truck12353,291
Truck12354,291
Truck12355,291
Truck12356,291
Truck12357,291
Truck12358,291
Truck12359,291
Truck12360,291
Truck12361,291
Truck12362,291
Truck12363,291
Truck12364,291
Truck12365,291
Truck12366,291
Truck12367,291
Truck12368,291
Truck12369,291
Truck12370,291
Truck12371,291
Truck12372,291
Truck12373,291
Truck12374,291
Truck12375,291
Truck12376,291
Truck12377,291
Truck12378,291
Truck12379,291
Truck12380,291
Truck12381,291
Truck12382,291
Truck12383,291
Truck12384,291
Truck12385,291
Truck12386,291
Truck12387,291
Truck12388,291
Truck12389,291
Truck12390,291
Truck12391,291
Truck12392,291
Truck12393,291
Truck12394,291
Truck12395,291
Truck12396,291
Truck12397,291
Truck12398,291
Truck12399,291
Truck12400,291
Truck12401,291
Truck12402,291
Truck12403,291
Truck12404,291
Truck12405,291
Truck12406,291
Truck12407,291
Truck12408,291
Truck12409,291
Truck12410,291
Truck12411,291
Truck12412,291
Truck12413,291
Truck12414,291
Truck12415,291
Truck12416,291
Truck12417,291
Truck12418,291
Truck12419,291
Truck12420,291
Truck12421,291
Truck12422,291
Truck12423,291
Truck12424,291
Truck12425,291
Truck12426,291
Truck12427,291
Truck12428,291
Truck12429,291
Truck12430,291
Truck12431,291
Truck12432,291
Truck12433,291
Truck12434,291
Truck12435,291
Truck12436,291
Truck12437,291
Truck12438,291
Truck12439,291
Truck12440,291
Truck12441,291
Truck12442,291
Truck12443,291
Truck12444,291
Truck12445,291
Truck12446,291
Truck12447,291
Truck12448,291
Truck12449,291
Truck12450,291
Truck12451,291
Truck12452,291
Truck12453,291
Truck12454,291
Truck12455,291
Truck12456,291
Truck12457,291
Truck12458,291
Truck12459,291
Truck12460,291
Truck12461,291
Truck12462,291
Truck12463,291
Truck12464,291
Truck12465,291
Truck12466,291
Truck12467,291
Truck12468,291
Truck12469,291
Truck12470,291
Truck12471,291
Truck12472,291
Truck12473,291
Truck12474,291
Truck12475,291
Truck12476,291
Truck12477,291
Truck12478,291
Truck12479,291
Truck12480,291
Truck12481,291
Truck12482,291
Truck12483,291
Truck12484,291
Truck12485,291
Truck12486,291
Truck12487,291
Truck12488,291
Truck12489,291
Truck12490,291
Truck12491,291
Truck12492,291
Truck12493,291
Truck12494,291
Truck12495,291
Truck12496,291
Truck12497,291
Truck12498,291
Truck12499,291
Truck12500,291
Truck12501,291
Truck12502,291
Truck12503,291
Truck12504,291
Truck12505,291
Truck12506,291
Truck12507,291
Truck12508,291
Truck12509,291
Truck12510,291
Truck12511,291
Truck12512,291
Truck12513,291
Truck12514,291
Truck12515,291
Truck12516,291
Truck12517,291
Truck12518,291
Truck12519,291
Truck12520,291
Truck12521,291
Truck12522,291
Truck12523,291
Truck12524,291
Truck12525,291
Truck12526,291
Truck12527,291
Truck12528,291
Truck12529,291
Truck12530,291
Truck12531,291
Truck12532,291
Truck12533,291
Truck12534,291
Truck12535,291
Truck12536,291
Truck12537,291
Truck12538,291
Truck12539,291
Truck12540,291
Truck12541,291
Truck12542,291
Truck12543,291
Truck12544,291
Truck12545,291
Truck12546,291
Truck12547,291
Truck12548,291
Truck12549,291
Truck12550,291
Truck12551,291
Truck12552,291
Truck12553,291
Truck12554,291
Truck12555,291
Truck12556,291
Truck12557,291
Truck12558,291
Truck12559,291
Truck12560,291
Truck12561,291
Truck12562,291
Truck12563,291
Truck12564,291
Truck12565,291
Truck12566,291
Truck12567,291
Truck12568,291
Truck12569,291
Truck12570,291
Truck12571,291
Truck12572,291
Truck12573,291
Truck12574,291
Truck12575,291
Truck12576,291
Truck12577,291
Truck12578,291
Truck12579,291
Truck12580,291
Truck12581,291
Truck12582,291
Truck12583,291
Truck12584,291
Truck12585,291
Truck12586,291
Truck12587,291
Truck12588,291
Truck12589,291
Truck12590,291
Truck12591,291
Truck12592,291
Truck12593,291
Truck12594,291
Truck12595,291
Truck12596,291
Truck12597,291
Truck12598,291
Truck12599,291
Truck12600,291
Truck12601,291
Truck12602,291
Truck12603,291
Truck12604,291
Truck12605,291
Truck12606,291
Truck12607,291
Truck12608,291
Truck12609,291
Truck12610,291
Truck12611,291
Truck12612,291
Truck12613,291
Truck12614,291
Truck12615,291
Truck12616,291
Truck12617,291
Truck12618,291
Truck12619,291
Truck12620,291
Truck12621,291
Truck12622,291
Truck12623,291
Truck12624,291
Truck12625,291
Truck12626,291
Truck12627,291
Truck12628,291
Truck12629,291
Truck12630,291
Truck12631,291
Truck12632,291
Truck12633,291
Truck12634,291
Truck12635,291
Truck12636,291
Truck12637,291
Truck12638,291
Truck12639,291
Truck12640,291
Truck12641,291
Truck12642,291
Truck12643,291
Truck12644,291
Truck12645,291
Truck12646,291
Truck12647,291
Truck12648,291
Truck12649,291
Truck12650,291
Truck12651,291
Truck12652,291
Truck12653,291
Truck12654,291
Truck12655,291
Truck12656,291
Truck12657,291
Truck12658,291
Truck12659,291
Truck12660,291
Truck12661,291
Truck12662,291
Truck12663,291
Truck12664,291
Truck12665,291
Truck12666,291
Truck12667,291
Truck12668,291
Truck12669,291
Truck12670,291
Truck12671,291
Truck12672,291
Truck12673,291
Truck12674,291
Truck12675,291
Truck12676,291
Truck12677,291
Truck12678,291
Truck12679,291
Truck12680,291
Truck12681,291
Truck12682,291
Truck12683,291
Truck12684,291
Truck12685,291
Truck12686,291
Truck12687,291
Truck12688,291
Truck12689,291
Truck12690,291
Truck12691,291
Truck12692,291
Truck12693,291
Truck12694,291
Truck12695,291
Truck12696,291
Truck12697,291
Truck12698,291
Truck12699,291
Truck12700,291
Truck12701,291
Truck12702,291
Truck12703,291
Truck12704,291
Truck12705,291
Truck12706,291
Truck12707,291
Truck12708,291
Truck12709,291
Truck12710,291
Truck12711,291
Truck12712,291
Truck12713,291
Truck12714,291
Truck12715,291
Truck12716,291
Truck12717,291
Truck12718,291
Truck12719,291
Truck12720,291
Truck12721,291
Truck12722,291
Truck12723,291
Truck12724,291
Truck12725,291
Truck12726,291
Truck12727,291
Truck12728,291
Truck12729,291
Truck12730,291
Truck12731,291
Truck12732,291
Truck12733,291
Truck12734,291
Truck12735,291
Truck12736,291
Truck12737,291
Truck12738,291
Truck12739,291
Truck12740,291
Truck12741,291
Truck12742,291
Truck12743,291
Truck12744,291
Truck12745,291
Truck12746,291
Truck12747,291
Truck12748,291
Truck12749,291
Truck12750,291
Truck12751,291
Truck12752,291
Truck12753,291
Truck12754,291
Truck12755,291
Truck12756,291
Truck12757,291
Truck12758,291
Truck12759,291
Truck12760,291
Truck12761,291
Truck12762,291
Truck12763,291
Truck12764,291
Truck12765,291
Truck12766,291
Truck12767,291
Truck12768,291
Truck12769,291
Truck12770,291
Truck12771,291
Truck12772,291
Truck12773,291
Truck12774,291
Truck12775,291
Truck12776,291
Truck12777,291
Truck12778,291
Truck12779,291
Truck12780,291
Truck12781,291
Truck12782,291
Truck12783,291
Truck12784,291
Truck12785,291
Truck12786,291
Truck12787,291
Truck12788,291
Truck12789,291
Truck12790,291
Truck12791,291
Truck12792,291
Truck12793,291
Truck12794,291
Truck12795,291
Truck12796,291
Truck12797,291
Truck12798,291
Truck12799,291
Truck12800,291
Truck12801,291
Truck12802,291
Truck12803,291
Truck12804,291
Truck12805,291
Truck12806,291
Truck12807,291
Truck12808,291
Truck12809,291
Truck12810,291
Truck12811,291
Truck12812,291
Truck12813,291
Truck12814,291
Truck12815,291
Truck12816,291
Truck12817,291
Truck12818,291
Truck12819,291
Truck12820,291
Truck12821,291
Truck12822,291
Truck12823,291
Truck12824,291
Truck12825,291
Truck12826,291
Truck12827,291
Truck12828,291
Truck12829,291
Truck12830,291
Truck12831,291
Truck12832,291
Truck12833,291
Truck12834,291
Truck12835,291
Truck12836,291
Truck12837,291
Truck12838,291
Truck12839,291
Truck12840,291
Truck12841,291
Truck12842,291
Truck12843,291
Truck12844,291
Truck12845,291
Truck12846,291
Truck12847,291
Truck12848,291
Truck12849,291
Truck12850,291
Truck12851,291
Truck12852,291
Truck12853,291
Truck12854,291
Truck12855,291
Truck12856,291
Truck12857,291
Truck12858,291
Truck12859,291
Truck12860,291
Truck12861,291
Truck12862,291
Truck12863,291
Truck12864,291
Truck12865,291
Truck12866,291
Truck12867,291
Truck12868,291
Truck12869,291
Truck12870,291
Truck12871,291
Truck12872,291
Truck12873,291
Truck12874,291
Truck12875,291
Truck12876,291
Truck12877,291
Truck12878,291
Truck12879,291
Truck12880,291
Truck12881,291
Truck12882,291
Truck12883,291
Truck12884,291
Truck12885,291
Truck12886,291
Truck12887,291
Truck12888,291
Truck12889,291
Truck12890,291
Truck12891,291
Truck12892,291
Truck12893,291
Truck12894,291
Truck12895,291
Truck12896,291
Truck12897,291
Truck12898,291
Truck12899,291
Truck12900,291
Truck12901,291
Truck12960,291
Truck12961,291
Truck12962,291
Truck12963,291
Truck12964,291
Truck12965,291
Truck12966,291
Truck12967,291
Truck12968,291
Truck12969,291
Truck12970,291
Truck12971,291
Truck12972,291
Truck12973,291
Truck12974,291
Truck12975,291
Truck12976,291
Truck12977,291
Truck12978,291
Truck12979,291
Truck12980,291
Truck12981,291
Truck12982,291
Truck12983,291
Truck12984,291
Truck12985,291
Truck12986,291
Truck12987,291
Truck12988,291
Truck12989,291
Truck12990,291
Truck12991,291
Truck12992,291
Truck12993,291
Truck12994,291
Truck12995,291
Truck12996,291
Truck12997,291
Truck12998,291
Truck12999,291
Truck13000,291
Truck13001,291
Truck13002,291
Truck13003,291
Truck13004,291
Truck13005,291
Truck13006,291
Truck13007,291
Truck13008,291
Truck13009,291
Truck13010,291
Truck13011,291
Truck13012,291
Truck13013,291
Truck13014,291
Truck13015,291
Truck13016,291
Truck13017,291
Truck13018,291
Truck13019,291
Truck13020,291
Truck13021,291
Truck13022,291
Truck13023,291
Truck13024,291
Truck13025,291
Truck13026,291
Truck13027,291
Truck13028,291
Truck13029,291
Truck13030,291
Truck13031,291
Truck13032,291
Truck13033,291
Truck13034,291
Truck13035,291
Truck13036,291
Truck13037,291
Truck13038,291
Truck13039,291
Truck13040,291
Truck13041,291
Truck13042,291
Truck13043,291
Truck13044,291
Truck13045,291
Truck13046,291
Truck13047,291
Truck13048,291
Truck13049,291
Truck13050,291
Truck13051,291
Truck13052,291
Truck13053,291
Truck13054,291
Truck13055,291
Truck13056,291
Truck13057,291
Truck13058,291
Truck13059,291
Truck13060,291
Truck13061,291
Truck13062,291
Truck13063,291
Truck13064,291
Truck13065,291
Truck13066,291
Truck13067,291
Truck13068,291
Truck13069,291
Truck13070,291
Truck13071,291
Truck13072,291
Truck13073,291
Truck13074,291
Truck13075,291
Truck13076,291
Truck13077,291
Truck13078,291
Truck13079,291
Truck13080,291
Truck13081,291
Truck13082,291
Truck13083,291
Truck13084,291
Truck13085,291
Truck13086,291
Truck13087,291
Truck13088,291
Truck13089,291
Truck13090,291
Truck13091,291
Truck13092,291
Truck13093,291
Truck13094,291
Truck13095,291
Truck13096,291
Truck13097,291
Truck13098,291
Truck13099,291
Truck13100,291
Truck13101,291
Truck13102,291
Truck13103,291
Truck13104,291
Truck13105,291
Truck13106,291
Truck13107,291
Truck13108,291
Truck13109,291
Truck13110,291
Truck13111,291
Truck13112,291
Truck13113,291
Truck13114,291
Truck13115,291
Truck13116,291
Truck13117,291
Truck13118,291
Truck13119,291
Truck13120,291
Truck13121,291
Truck13122,291
Truck13123,291
Truck13124,291
Truck13125,291
Truck13126,291
Truck13127,291
Truck13128,291
Truck13129,291
Truck13130,291
Truck13131,291
Truck13132,291
Truck13133,291
Truck13134,291
Truck13135,291
Truck13136,291
Truck13137,291
Truck13138,291
Truck13139,291
Truck13140,291
Truck13141,291
Truck13142,291
Truck13143,291
Truck13144,291
Truck13145,291
Truck13146,291
Truck13147,291
Truck13148,291
Truck13149,291
Truck13150,291
Truck13151,291
Truck13152,291
Truck13153,291
Truck13154,291
Truck13155,291
Truck13156,291
Truck13157,291
Truck13158,291
Truck13159,291
Truck13160,291
Truck13161,291
Truck13162,291
Truck13163,291
Truck13164,291
Truck13165,291
Truck13166,291
Truck13167,291
Truck13168,291
Truck13169,291
Truck13170,291
Truck13171,291
Truck13172,291
Truck13173,291
Truck13174,291
Truck13175,291
Truck13176,291
Truck13177,291
Truck13178,291
Truck13179,291
Truck13180,291
Truck13181,291
Truck13182,291
Truck13183,291
Truck13184,291
Truck13185,291
Truck13186,291
Truck13187,291
Truck13188,291
Truck13189,291
Truck13190,291
Truck13191,291
Truck13192,291
Truck13193,291
Truck13194,291
Truck13195,291
Truck13196,291
Truck13197,291
Truck13198,291
Truck13199,291
Truck13200,291
Truck13201,291
Truck13202,291
Truck13203,291
Truck13204,291
Truck13205,291
Truck13206,291
Truck13207,291
Truck13208,291
Truck13209,291
Truck13210,291
Truck13211,291
Truck13212,291
Truck13213,291
Truck13214,291
Truck13215,291
Truck13216,291
Truck13217,291
Truck13218,291
Truck13219,291
Truck13220,291
Truck13221,291
Truck13222,291
Truck13223,291
Truck13224,291
Truck13225,291
Truck13226,291
Truck13227,291
Truck13228,291
Truck13229,291
Truck13230,291
Truck13231,291
Truck13232,291
Truck13233,291
Truck13234,291
Truck13235,291
Truck13236,291
Truck13237,291
Truck13238,291
Truck13239,291
Truck13240,291
Truck13241,291
Truck13242,291
Truck13243,291
Truck13244,291
Truck13245,291
Truck13246,291
Truck13247,291
Truck13248,291
Truck13249,291
Truck13250,291
Truck13251,291
Truck13252,291
Truck13253,291
Truck13254,291
Truck13255,291
Truck13256,291
Truck13257,291
Truck13258,291
Truck13259,291
Truck13260,291
Truck13261,291
Truck13262,291
Truck13263,291
Truck13264,291
Truck13265,291
Truck13266,291
Truck13267,291
Truck13268,291
Truck13269,291
Truck13270,291
Truck13271,291
Truck13272,291
Truck13273,291
Truck13274,291
Truck13275,291
Truck13276,291
Truck13277,291
Truck13278,291
Truck13279,291
Truck13280,291
Truck13281,291
Truck13282,291
Truck13283,291
Truck13284,291
Truck13285,291
Truck13286,291
Truck13287,291
Truck13288,291
Truck13289,291
Truck13290,291
Truck13291,291
Truck13292,291
Truck13293,291
Truck13294,291
Truck13295,291
Truck13296,291
Truck13297,291
Truck13298,291
Truck13299,291
Truck13300,291
Truck13301,291
Truck13302,291
Truck13303,291
Truck13304,291
Truck13305,291
Truck13306,291
Truck13307,291
Truck13308,291
Truck13309,291
Truck13310,291
Truck13311,291
Truck13312,291
Truck13313,291
Truck13314,291
Truck13315,291
Truck13316,291
Truck13317,291
Truck13318,291
Truck13319,291
Truck13320,291
Truck13321,291
Truck13322,291
Truck13323,291
Truck13324,291
Truck13325,291
Truck13326,291
Truck13327,291
Truck13328,291
Truck13329,291
Truck13330,291
Truck13331,291
Truck13332,291
Truck13333,291
Truck13334,291
Truck13335,291
Truck13336,291
Truck13337,291
Truck13338,291
Truck13339,291
Truck13340,291
Truck13341,291
Truck13342,291
Truck13343,291
Truck13344,291
Truck13345,291
Truck13346,291
Truck13347,291
Truck13348,291
Truck13349,291
Truck13350,291
Truck13351,291
Truck13352,291
Truck13353,291
Truck13354,291
Truck13355,291
Truck13356,291
Truck13357,291
Truck13358,291
Truck13359,291
Truck13360,291
Truck13361,291
Truck13362,291
Truck13363,291
Truck13364,291
Truck13365,291
Truck13366,291
Truck13367,291
Truck13368,291
Truck13369,291
Truck13370,291
Truck13371,291
Truck13372,291
Truck13373,291
Truck13374,291
Truck13375,291
Truck13376,291
Truck13377,291
Truck13378,291
Truck13379,291
Truck13380,291
Truck13381,291
Truck13382,291
Truck13383,291
Truck13384,291
Truck13385,291
Truck13386,291
Truck13387,291
Truck13388,291
Truck13389,291
Truck13390,291
Truck13391,291
Truck13392,291
Truck13393,291
Truck13394,291
Truck13395,291
Truck13396,291
Truck13397,291
Truck13398,291
Truck13399,291
Truck13400,291
Truck13401,291
Truck13402,291
Truck13403,291
Truck13404,291
Truck13405,291
Truck13406,291
Truck13407,291
Truck13408,291
Truck13409,291
Truck13410,291
Truck13411,291
Truck13412,291
Truck13413,291
Truck13414,291
Truck13415,291
Truck13416,291
Truck13417,291
Truck13418,291
Truck13419,291
Truck13420,291
Truck13421,291
Truck13422,291
Truck13423,291
Truck13424,291
Truck13425,291
Truck13426,291
Truck13427,291
Truck13428,291
Truck13429,291
Truck13430,291
Truck13431,291
Truck13432,291
Truck13433,291
Truck13434,291
Truck13435,291
Truck13436,291
Truck13437,291
Truck13438,291
Truck13439,291
Truck13440,291
Truck13441,291
Truck13442,291
Truck13443,291
Truck13444,291
Truck13445,291
Truck13446,291
Truck13447,291
Truck13448,291
Truck13449,291
Truck13450,291
Truck13451,291
Truck13452,291
Truck13453,291
Truck13454,291
Truck13455,291
Truck13456,291
Truck13457,291
Truck13458,291
Truck13459,291
Truck13460,291
Truck13461,291
Truck13462,291
Truck13463,291
Truck13464,291
Truck13465,291
Truck13466,291
Truck13467,291
Truck13468,291
Truck13469,291
Truck13470,291
Truck13471,291
Truck13472,291
Truck13473,291
Truck13474,291
Truck13475,291
Truck13476,291
Truck13477,291
Truck13478,291
Truck13479,291
Truck13480,291
Truck13481,291
Truck13482,291
Truck13483,291
Truck13484,291
Truck13485,291
Truck13486,291
Truck13487,291
Truck13488,291
Truck13489,291
Truck13490,291
Truck13491,291
Truck13492,291
Truck13493,291
Truck13494,291
Truck13495,291
Truck13496,291
Truck13497,291
Truck13498,291
Truck13499,291
Truck13500,291
Truck13501,291
Truck13502,291
Truck13503,291
Truck13504,291
Truck13505,291
Truck13506,291
Truck13507,291
Truck13508,291
Truck13509,291
Truck13510,291
Truck13511,291
Truck13512,291
Truck13513,291
Truck13514,291
Truck13515,291
Truck13516,291
Truck13517,291
Truck13518,291
Truck13519,291
Truck13520,291
Truck13521,291
Truck13522,291
Truck13523,291
Truck13524,291
Truck13525,291
Truck13526,291
Truck13527,291
Truck13528,291
Truck13529,291
Truck13530,291
Truck13531,291
Truck13532,291
Truck13533,291
Truck13534,291
Truck13535,291
Truck13536,291
Truck13537,291
Truck13538,291
Truck13539,291
Truck13540,291
Truck13541,291
Truck13542,291
Truck13543,291
Truck13544,291
Truck13545,291
Truck13546,291
Truck13547,291
Truck13548,291
Truck13549,291
Truck13550,291
Truck13551,291
Truck13552,291
Truck13553,291
Truck13554,291
Truck13555,291
Truck13556,291
Truck13557,291
Truck13558,291
Truck13559,291
Truck13560,291
Truck13561,291
Truck13562,291
Truck13563,291
Truck13564,291
Truck13565,291
Truck13566,291
Truck13567,291
Truck13568,291
Truck13569,291
Truck13570,291
Truck13571,291
Truck13572,291
Truck13573,291
Truck13574,291
Truck13575,291
Truck13576,291
Truck13577,291
Truck13578,291
Truck13579,291
Truck13580,291
Truck13581,291
Truck13582,291
Truck13583,291
Truck13584,291
Truck13585,291
Truck13586,291
Truck13587,291
Truck13588,291
Truck13589,291
Truck13590,291
Truck13591,291
Truck13592,291
Truck13593,291
Truck13594,291
Truck13595,291
Truck13596,291
Truck13597,291
Truck13598,291
Truck13599,291
Truck13600,291
Truck13601,291
Truck13602,291
Truck13603,291
Truck13604,291
Truck13605,291
Truck13606,291
Truck13607,291
Truck13608,291
Truck13609,291
Truck13610,291
Truck13611,291
Truck13612,291
Truck13613,291
Truck13614,291
Truck13615,291
Truck13616,291
Truck13617,291
Truck13618,291
Truck13619,291
Truck13620,291
Truck13621,291
Truck13622,291
Truck13623,291
Truck13624,291
Truck13625,291
Truck13626,291
Truck13627,291
Truck13628,291
Truck13629,291
Truck13630,291
Truck13631,291
Truck13632,291
Truck13633,291
Truck13634,291
Truck13635,291
Truck13636,291
Truck13637,291
Truck13638,291
Truck13639,291
Truck13640,291
Truck13641,291
Truck13642,291
Truck13643,291
Truck13644,291
Truck13645,291
Truck13646,291
Truck13647,291
Truck13648,291
Truck13649,291
Truck13650,291
Truck13651,291
Truck13652,291
Truck13653,291
Truck13654,291
Truck13655,291
Truck13656,291
Truck13657,291
Truck13658,291
Truck13659,291
Truck13660,291
Truck13661,291
Truck13662,291
Truck13663,291
Truck13664,291
Truck13665,291
Truck13666,291
Truck13667,291
Truck13668,291
Truck13669,291
Truck13670,291
Truck13671,291
Truck13672,291
Truck13673,291
Truck13674,291
Truck13675,291
Truck13676,291
Truck13677,291
Truck13678,291
Truck13679,291
Truck13680,291
Truck13681,291
Truck13682,291
Truck13683,291
Truck13684,291
Truck13685,291
Truck13686,291
Truck13687,291
Truck13688,291
Truck13689,291
Truck13690,291
Truck13691,291
Truck13692,291
Truck13693,291
Truck13694,291
Truck13695,291
Truck13696,291
Truck13697,291
Truck13698,291
Truck13699,291
Truck13700,291
Truck13701,291
Truck13702,291
Truck13703,291
Truck13704,291
Truck13705,291
Truck13706,291
Truck13707,291
Truck13708,291
Truck13709,291
Truck13710,291
Truck13711,291
Truck13712,291
Truck13713,291
Truck13714,291
Truck13715,291
Truck13716,291
Truck13717,291
Truck13718,291
Truck13719,291
Truck13720,291
Truck13721,291
Truck13722,291
Truck13723,291
Truck13724,291
Truck13725,291
Truck13726,291
Truck13727,291
Truck13728,291
Truck13729,291
Truck13730,291
Truck13731,291
Truck13732,291
Truck13733,291
Truck13734,291
Truck13735,291
Truck13736,291
Truck13737,291
Truck13738,291
Truck13739,291
Truck13740,291
Truck13741,291
Truck13742,291
Truck13743,291
Truck13744,291
Truck13745,291
Truck13746,291
Truck13747,291
Truck13748,291
Truck13749,291
Truck13750,291
Truck13751,291
Truck13752,291
Truck13753,291
Truck13754,291
Truck13755,291
Truck13756,291
Truck13757,291
Truck13758,291
Truck13759,291
Truck13760,291
Truck13761,291
Truck13762,291
Truck13763,291
Truck13764,291
Truck13765,291
Truck13766,291
Truck13767,291
Truck13768,291
Truck13769,291
Truck13770,291
Truck13771,291
Truck13772,291
Truck13773,291
Truck13774,291
Truck13775,291
Truck13776,291
Truck13777,291
Truck13778,291
Truck13779,291
Truck13780,291
Truck13781,291
Truck13782,291
Truck13783,291
Truck13784,291
Truck13785,291
Truck13786,291
Truck13787,291
Truck13788,291
Truck13789,291
Truck13790,291
Truck13791,291
Truck13792,291
Truck13793,291
Truck13794,291
Truck13795,291
Truck13796,291
Truck13797,291
Truck13798,291
Truck13799,291
Truck13800,291
Truck13801,291
Truck13802,291
Truck13803,291
Truck13804,291
Truck13805,291
Truck13806,291
Truck13807,291
Truck13808,291
Truck13809,291
Truck13810,291
Truck13811,291
Truck13812,291
Truck13813,291
Truck13814,291
Truck13815,291
Truck13816,291
Truck13817,291
Truck13818,291
Truck13819,291
Truck13820,291
Truck13821,291
Truck13822,291
Truck13823,291
Truck13824,291
Truck13825,291
Truck13826,291
Truck13827,291
Truck13828,291
Truck13829,291
Truck13830,291
Truck13831,291
Truck13832,291
Truck13833,291
Truck13834,291
Truck13835,291
Truck13836,291
Truck13837,291
Truck13838,291
Truck13839,291
Truck13840,291
Truck13841,291
Truck13842,291
Truck13843,291
Truck13844,291
Truck13845,291
Truck13846,291
Truck13847,291
Truck13848,291
Truck13849,291
Truck13850,291
Truck13851,291
Truck13852,291
Truck13853,291
Truck13854,291
Truck13855,291
Truck13856,291
Truck13857,291
Truck13858,291
Truck13859,291
Truck13860,291
Truck13861,291
Truck13862,291
Truck13863,291
Truck13864,291
Truck13865,291
Truck13866,291
Truck13867,291
Truck13868,291
Truck13869,291
Truck13870,291
Truck13871,291
Truck13872,291
Truck13873,291
Truck13874,291
Truck13875,291
Truck13876,291
Truck13877,291
Truck13878,291
Truck13879,291
Truck13880,291
Truck13881,291
Truck13882,291
Truck13883,291
Truck13884,291
Truck13885,291
Truck13886,291
Truck13887,291
Truck13888,291
Truck13889,291
Truck13890,291
Truck13891,291
Truck13892,291
Truck13893,291
Truck13894,291
Truck13895,291
Truck13896,291
Truck13897,291
Truck13898,291
Truck13899,291
Truck13900,291
Truck13901,291
Truck13902,291
Truck13903,291
Truck13904,291
Truck13905,291
Truck13906,291
Truck13907,291
Truck13908,291
Truck13909,291
Truck13910,291
Truck13911,291
Truck13912,291
Truck13913,291
Truck13914,291
Truck13915,291
Truck13916,291
Truck13917,291
Truck13918,291
Truck13919,291
Truck13920,291
Truck13921,291
Truck13922,291
Truck13923,291
Truck13924,291
Truck13925,291
Truck13926,291
Truck13927,291
Truck13928,291
Truck13929,291
Truck13930,291
Truck13931,291
Truck13932,291
Truck13933,291
Truck13934,291
Truck13935,291
Truck13936,291
Truck13937,291
Truck13938,291
Truck13939,291
Truck13940,291
Truck13941,291
Truck13942,291
Truck13943,291
Truck13944,291
Truck13945,291
Truck13946,291
Truck13947,291
Truck13948,291
Truck13949,291
Truck13950,291
Truck13951,291
Truck13952,291
Truck13953,291
Truck13954,291
Truck13955,291
Truck13956,291
Truck13957,291
Truck13958,291
Truck13959,291
Truck13960,291
Truck13961,291
Truck13962,291
Truck13963,291
Truck13964,291
Truck13965,291
Truck13966,291
Truck13967,291
Truck13968,291
Truck13969,291
Truck13970,291
Truck13971,291
Truck13972,291
Truck13973,291
Truck13974,291
Truck13975,291
Truck13976,291
Truck13977,291
Truck13978,291
Truck13979,291
Truck13980,291
Truck13981,291
Truck13982,291
Truck13983,291
Truck13984,291
Truck13985,291
Truck13986,291
Truck13987,291
Truck13988,291
Truck13989,291
Truck13990,291
Truck13991,291
Truck13992,291
Truck13993,291
Truck13994,291
Truck13995,291
Truck13996,291
Truck13997,291
Truck13998,291
Truck13999,291
Truck14000,291
Truck14001,291
Truck14002,291
Truck14003,291
Truck14004,291
Truck14005,291
Truck14006,291
Truck14007,291
Truck14008,291
Truck14009,291
Truck14010,291
Truck14011,291
Truck14012,291
Truck14013,291
Truck14014,291
Truck14015,291
Truck14016,291
Truck14017,291
Truck14018,291
Truck14019,291
Truck14020,291
Truck14021,291
Truck14022,291
Truck14023,291
Truck14024,291
Truck14025,291
Truck14026,291
Truck14027,291
Truck14028,291
Truck14029,291
Truck14030,291
Truck14031,291
Truck14032,291
Truck14033,291
Truck14034,291
Truck14035,291
Truck14036,291
Truck14037,291
Truck14038,291
Truck14039,291
Truck14040,291
Truck14041,291
Truck14042,291
Truck14043,291
Truck14044,291
Truck14045,291
Truck14046,291
Truck14047,291
Truck14048,291
Truck14049,291
Truck14050,291
Truck14051,291
Truck14052,291
Truck14053,291
Truck14054,291
Truck14055,291
Truck14056,291
Truck14057,291
Truck14058,291
Truck14059,291
Truck14060,291
Truck14061,291
Truck14062,291
Truck14063,291
Truck14064,291
Truck14065,291
Truck14066,291
Truck14067,291
Truck14068,291
Truck14069,291
Truck14070,291
Truck14071,291
Truck14072,291
Truck14073,291
Truck14074,291
Truck14075,291
Truck14076,291
Truck14077,291
Truck14078,291
Truck14079,291
Truck14080,291
Truck14081,291
Truck14082,291
Truck14083,291
Truck14084,291
Truck14085,291
Truck14086,291
Truck14087,291
Truck14088,291
Truck14089,291
Truck14090,291
Truck14091,291
Truck14092,291
Truck14093,291
Truck14094,291
Truck14095,291
Truck14096,291
Truck14097,291
Truck14098,291
Truck14099,291
Truck14100,291
Truck14101,291
Truck14102,291
Truck14103,291
Truck14104,291
Truck14105,291
Truck14106,291
Truck14107,291
Truck14108,291
Truck14109,291
Truck14110,291
Truck14111,291
Truck14112,291
Truck14113,291
Truck14114,291
Truck14115,291
Truck14116,291
Truck14117,291
Truck14118,291
Truck14119,291
Truck14120,291
Truck14121,291
Truck14122,291
Truck14123,291
Truck14124,291
Truck14125,291
Truck14126,291
Truck14127,291
Truck14128,291
Truck14129,291
Truck14130,291
Truck14131,291
Truck14132,291
Truck14133,291
Truck14134,291
Truck14135,291
Truck14136,291
Truck14137,291
Truck14138,291
Truck14139,291
Truck14140,291
Truck14141,291
Truck14142,291
Truck14143,291
Truck14144,291
Truck14145,291
Truck14146,291
Truck14147,291
Truck14148,291
Truck14149,291
Truck14150,291
Truck14151,291
Truck14152,291
Truck14153,291
Truck14154,291
Truck14155,291
Truck14156,291
Truck14157,291
Truck14158,291
Truck14159,291
Truck14160,291
Truck14161,291
Truck14162,291
Truck14163,291
Truck14164,291
Truck14165,291
Truck14166,291
Truck14167,291
Truck14168,291
Truck14169,291
Truck14170,291
Truck14171,291
Truck14172,291
Truck14173,291
Truck14174,291
Truck14175,291
Truck14176,291
Truck14177,291
Truck14178,291
Truck14179,291
Truck14180,291
Truck14181,291
Truck14182,291
Truck14183,291
Truck14184,291
Truck14185,291
Truck14186,291
Truck14187,291
Truck14188,291
Truck14189,291
Truck14190,291
Truck14191,291
Truck14192,291
Truck14193,291
Truck14194,291
Truck14195,291
Truck14196,291
Truck14197,291
Truck14198,291
Truck14199,291
Truck14200,291
Truck14201,291
Truck14202,291
Truck14203,291
Truck14204,291
Truck14205,291
Truck14206,291
Truck14207,291
Truck14208,291
Truck14209,291
Truck14210,291
Truck14211,291
Truck14212,291
Truck14213,291
Truck14214,291
Truck14215,291
Truck14216,291
Truck14217,291
Truck14218,291
Truck14219,291
Truck14220,291
Truck14221,291
Truck14222,291
Truck14223,291
Truck14224,291
Truck14225,291
Truck14226,291
Truck14227,291
Truck14228,291
Truck14229,291
Truck14230,291
Truck14231,291
Truck14232,291
Truck14233,291
Truck14234,291
Truck14235,291
Truck14236,291
Truck14237,291
Truck14238,291
Truck14239,291
Truck14240,291
Truck14241,291
Truck14242,291
Truck14243,291
Truck14244,291
Truck14245,291
Truck14246,291
Truck14247,291
Truck14248,291
Truck14249,291
Truck14250,291
Truck14251,291
Truck14252,291
Truck14253,291
Truck14254,291
Truck14255,291
Truck14256,291
Truck14257,291
Truck14258,291
Truck14259,291
Truck14260,291
Truck14261,291
Truck14262,291
Truck14263,291
Truck14264,291
Truck14265,291
Truck14266,291
Truck14267,291
Truck14268,291
Truck14269,291
Truck14270,291
Truck14271,291
Truck14272,291
Truck14273,291
Truck14274,291
Truck14275,291
Truck14276,291
Truck14277,291
Truck14278,291
Truck14279,291
Truck14280,291
Truck14281,291
Truck14282,291
Truck14283,291
Truck14284,291
Truck14285,291
Truck14286,291
Truck14287,291
Truck14288,291
Truck14289,291
Truck14290,291
Truck14291,291
Truck14292,291
Truck14293,291
Truck14294,291
Truck14295,291
Truck14296,291
Truck14297,291
Truck14298,291
Truck14299,291
Truck14300,291
Truck14301,291
Truck14302,291
Truck14303,291
Truck14304,291
Truck14305,291
Truck14306,291
Truck14307,291
Truck14308,291
Truck14309,291
Truck14310,291
Truck14311,291
Truck14312,291
Truck14313,291
Truck14314,291
Truck14315,291
Truck14316,291
Truck14317,291
Truck14318,291
Truck14319,291
Truck14320,291
Truck14321,291
Truck14322,291
Truck14323,291
Truck14324,291
Truck14325,291
Truck14326,291
Truck14327,291
Truck14328,291
Truck14329,291
Truck14330,291
Truck14331,291
Truck14332,291
Truck14333,291
Truck14334,291
Truck14335,291
Truck14336,291
Truck14337,291
Truck14338,291
Truck14339,291
Truck14340,291
Truck14341,291
average,291
