ID,travel_time
Truck86401,290.0
Truck86402,290.0
Truck86404,290.0
Truck86405,290.0
Truck86406,290.0
Truck86407,290.0
Truck86400,308.0
Truck86410,290.0
Truck86411,290.0
Truck86412,290.0
Truck86413,290.0
Truck86417,290.0
Truck86418,290.0
Truck86403,333.0
Truck86421,290.0
Truck86422,290.0
Truck86423,290.0
Truck86424,290.0
Truck86426,290.0
Truck86414,322.0
Truck86429,290.0
Truck86409,341.0
Truck86430,290.0
Truck86431,290.0
Truck86415,335.0
Truck86432,290.0
Truck86433,290.0
Truck86434,290.0
Truck86435,290.0
Truck86416,339.0
Truck86436,290.0
Truck86437,290.0
Truck86419,336.0
Truck86438,290.0
Truck86439,290.0
Truck86425,326.0
Truck86420,338.0
Truck86440,290.0
Truck86443,290.0
Truck86444,290.0
Truck86446,290.0
Truck86447,290.0
Truck86427,341.0
Truck86428,341.0
Truck86442,306.0
Truck86451,290.0
Truck86452,290.0
Truck86453,290.0
Truck86455,290.0
Truck86445,318.0
Truck86456,290.0
Truck86458,290.0
Truck86459,290.0
Truck86441,336.0
Truck86408,418.0
Truck86460,290.0
Truck86461,290.0
Truck86450,317.0
Truck86449,324.0
Truck86462,290.0
Truck86463,290.0
Truck86448,326.0
Truck86464,290.0
Truck86465,290.0
Truck86467,290.0
Truck86468,290.0
Truck86470,290.0
Truck86471,290.0
Truck86472,290.0
Truck86473,290.0
Truck86454,336.0
Truck86466,309.0
Truck86474,290.0
Truck86477,290.0
Truck86478,290.0
Truck86479,290.0
Truck86469,320.0
Truck86481,290.0
Truck86475,310.0
Truck86482,290.0
Truck86483,290.0
Truck86484,290.0
Truck86485,290.0
Truck86487,290.0
Truck86457,368.0
Truck86488,290.0
Truck86490,290.0
Truck86491,290.0
Truck86494,290.0
Truck86480,331.0
Truck86486,319.0
Truck86476,345.0
Truck86498,290.0
Truck86499,290.0
Truck86500,290.0
Truck86501,290.0
Truck86502,290.0
Truck86503,290.0
Truck86497,310.0
Truck86504,290.0
Truck86505,290.0
Truck86506,290.0
Truck86507,290.0
Truck86509,290.0
Truck86510,290.0
Truck86511,290.0
Truck86496,335.0
Truck86514,290.0
Truck86515,290.0
Truck86516,290.0
Truck86517,290.0
Truck86518,290.0
Truck86519,290.0
Truck86495,352.0
Truck86493,358.0
Truck86489,369.0
Truck86521,290.0
Truck86512,313.0
Truck86522,290.0
Truck86523,290.0
Truck86492,366.0
Truck86524,290.0
Truck86526,290.0
Truck86527,290.0
Truck86528,290.0
Truck86531,290.0
Truck86532,290.0
Truck86533,290.0
Truck86535,290.0
Truck86536,290.0
Truck86537,290.0
Truck86520,332.0
Truck86508,364.0
Truck86530,314.0
Truck86525,330.0
Truck86540,290.0
Truck86541,290.0
Truck86542,290.0
Truck86543,290.0
Truck86544,290.0
Truck86545,290.0
Truck86534,316.0
Truck86547,290.0
Truck86548,290.0
Truck86549,290.0
Truck86550,290.0
Truck86552,290.0
Truck86553,290.0
Truck86555,290.0
Truck86546,312.0
Truck86557,290.0
Truck86559,290.0
Truck86529,368.0
Truck86539,343.0
Truck86560,290.0
Truck86561,290.0
Truck86513,411.0
Truck86562,290.0
Truck86563,290.0
Truck86564,290.0
Truck86565,290.0
Truck86567,290.0
Truck86551,333.0
Truck86569,290.0
Truck86556,322.0
Truck86570,290.0
Truck86571,290.0
Truck86572,290.0
Truck86574,290.0
Truck86575,290.0
Truck86554,341.0
Truck86566,322.0
Truck86580,290.0
Truck86583,290.0
Truck86568,326.0
Truck86584,290.0
Truck86585,290.0
Truck86538,408.0
Truck86586,290.0
Truck86587,290.0
Truck86558,362.0
Truck86588,290.0
Truck86589,290.0
Truck86590,290.0
Truck86591,290.0
Truck86576,328.0
Truck86592,290.0
Truck86573,343.0
Truck86594,290.0
Truck86595,290.0
Truck86596,290.0
Truck86597,290.0
Truck86579,339.0
Truck86578,340.0
Truck86598,290.0
Truck86599,290.0
Truck86600,290.0
Truck86603,290.0
Truck86604,290.0
Truck86581,352.0
Truck86593,322.0
Truck86606,290.0
Truck86607,290.0
Truck86608,290.0
Truck86609,290.0
Truck86582,358.0
Truck86610,290.0
Truck86611,290.0
Truck86612,290.0
Truck86614,290.0
Truck86615,290.0
Truck86616,290.0
Truck86617,290.0
Truck86577,395.0
Truck86618,290.0
Truck86620,290.0
Truck86621,290.0
Truck86602,338.0
Truck86622,290.0
Truck86624,290.0
Truck86625,290.0
Truck86626,290.0
Truck86627,290.0
Truck86601,360.0
Truck86628,290.0
Truck86630,290.0
Truck86631,290.0
Truck86623,313.0
Truck86633,290.0
Truck86634,290.0
Truck86636,290.0
Truck86637,290.0
Truck86619,340.0
Truck86638,290.0
Truck86639,290.0
Truck86640,290.0
Truck86635,307.0
Truck86642,290.0
Truck86644,290.0
Truck86645,290.0
Truck86629,335.0
Truck86646,290.0
Truck86647,290.0
Truck86605,396.0
Truck86648,290.0
Truck86650,290.0
Truck86652,290.0
Truck86653,290.0
Truck86654,290.0
Truck86655,290.0
Truck86632,348.0
Truck86656,290.0
Truck86657,290.0
Truck86613,401.0
Truck86659,290.0
Truck86643,332.0
Truck86641,338.0
Truck86661,290.0
Truck86651,320.0
Truck86662,290.0
Truck86663,290.0
Truck86664,290.0
Truck86665,290.0
Truck86666,290.0
Truck86667,290.0
Truck86668,290.0
Truck86669,290.0
Truck86658,320.0
Truck86670,290.0
Truck86672,290.0
Truck86649,353.0
Truck86674,290.0
Truck86676,290.0
Truck86677,290.0
Truck86671,309.0
Truck86678,290.0
Truck86679,290.0
Truck86680,290.0
Truck86682,290.0
Truck86660,352.0
Truck86673,322.0
Truck86686,290.0
Truck86687,290.0
Truck86688,290.0
Truck86689,290.0
Truck86690,290.0
Truck86691,290.0
Truck86693,290.0
Truck86694,290.0
Truck86695,290.0
Truck86683,322.0
Truck86684,318.0
Truck86685,323.0
Truck86698,290.0
Truck86699,290.0
Truck86702,290.0
Truck86703,290.0
Truck86681,347.0
Truck86704,290.0
Truck86705,290.0
Truck86707,290.0
Truck86697,316.0
Truck86701,308.0
Truck86708,290.0
Truck86709,290.0
Truck86675,379.0
Truck86711,290.0
Truck86696,326.0
Truck86712,290.0
Truck86713,290.0
Truck86714,290.0
Truck86716,290.0
Truck86717,290.0
Truck86710,306.0
Truck86706,324.0
Truck86720,290.0
Truck86722,290.0
Truck86723,290.0
Truck86724,290.0
Truck86725,290.0
Truck86726,290.0
Truck86727,290.0
Truck86719,312.0
Truck86692,379.0
Truck86728,290.0
Truck86729,290.0
Truck86718,319.0
Truck86731,290.0
Truck86715,332.0
Truck86732,290.0
Truck86733,290.0
Truck86700,371.0
Truck86735,290.0
Truck86736,290.0
Truck86737,290.0
Truck86738,290.0
Truck86739,290.0
Truck86721,339.0
Truck86740,290.0
Truck86741,290.0
Truck86742,290.0
Truck86743,290.0
Truck86745,290.0
Truck86746,290.0
Truck86747,290.0
Truck86749,290.0
Truck86744,305.0
Truck86750,290.0
Truck86751,290.0
Truck86753,290.0
Truck86754,290.0
Truck86755,290.0
Truck86734,341.0
Truck86756,290.0
Truck86760,290.0
Truck86762,290.0
Truck86763,290.0
Truck86730,375.0
Truck86752,320.0
Truck86764,290.0
Truck86766,290.0
Truck86767,290.0
Truck86768,290.0
Truck86769,290.0
Truck86770,290.0
Truck86771,290.0
Truck86772,290.0
Truck86773,290.0
Truck86774,290.0
Truck86775,290.0
Truck86757,339.0
Truck86778,290.0
Truck86779,290.0
Truck86761,339.0
Truck86781,290.0
Truck86782,290.0
Truck86783,290.0
Truck86759,354.0
Truck86784,290.0
Truck86765,341.0
Truck86786,290.0
Truck86787,290.0
Truck86780,309.0
Truck86788,290.0
Truck86789,290.0
Truck86776,321.0
Truck86791,290.0
Truck86748,397.0
Truck86758,372.0
Truck86785,314.0
Truck86794,290.0
Truck86795,290.0
Truck86797,290.0
Truck86777,342.0
Truck86798,290.0
Truck86799,290.0
Truck86801,290.0
Truck86793,312.0
Truck86790,318.0
Truck86802,290.0
Truck86803,290.0
Truck86805,290.0
Truck86806,290.0
Truck86809,290.0
Truck86810,290.0
Truck86811,290.0
Truck86807,305.0
Truck86812,290.0
Truck86813,290.0
Truck86814,290.0
Truck86815,290.0
Truck86808,310.0
Truck86816,290.0
Truck86817,290.0
Truck86800,332.0
Truck86818,290.0
Truck86819,290.0
Truck86792,359.0
Truck86796,350.0
Truck86821,290.0
Truck86822,290.0
Truck86823,290.0
Truck86824,290.0
Truck86825,290.0
Truck86804,344.0
Truck86826,290.0
Truck86827,290.0
Truck86829,290.0
Truck86831,290.0
Truck86832,290.0
Truck86834,290.0
Truck86835,290.0
Truck86836,290.0
Truck86837,290.0
Truck86820,332.0
Truck86839,290.0
Truck86841,290.0
Truck86842,290.0
Truck86843,290.0
Truck86844,290.0
Truck86846,290.0
Truck86847,290.0
Truck86848,290.0
Truck86849,290.0
Truck86828,342.0
Truck86850,290.0
Truck86838,321.0
Truck86852,290.0
Truck86853,290.0
Truck86833,345.0
Truck86854,290.0
Truck86855,290.0
Truck86856,290.0
Truck86857,290.0
Truck86830,360.0
Truck86845,325.0
Truck86859,290.0
Truck86840,337.0
Truck86861,290.0
Truck86862,290.0
Truck86863,290.0
Truck86864,290.0
Truck86865,290.0
Truck86851,328.0
Truck86866,290.0
Truck86867,290.0
Truck86868,290.0
Truck86869,290.0
Truck86870,290.0
Truck86872,290.0
Truck86873,290.0
Truck86875,290.0
Truck86860,327.0
Truck86876,290.0
Truck86877,290.0
Truck86858,336.0
Truck86878,290.0
Truck86879,290.0
Truck86880,290.0
Truck86881,290.0
Truck86882,290.0
Truck86883,290.0
Truck86884,290.0
Truck86874,317.0
Truck86886,290.0
Truck86887,290.0
Truck86889,290.0
Truck86890,290.0
Truck86891,290.0
Truck86892,290.0
Truck86893,290.0
Truck86894,290.0
Truck86895,290.0
Truck86897,290.0
Truck86871,358.0
Truck86898,290.0
Truck86899,290.0
Truck86900,290.0
Truck86901,290.0
Truck86888,322.0
Truck86902,290.0
Truck86903,290.0
Truck86904,290.0
Truck86906,290.0
Truck86907,290.0
Truck86908,290.0
Truck86909,290.0
Truck86910,290.0
Truck86912,290.0
Truck86913,290.0
Truck86885,365.0
Truck86914,290.0
Truck86915,290.0
Truck86896,339.0
Truck86916,290.0
Truck86917,290.0
Truck86918,290.0
Truck86919,290.0
Truck86920,290.0
Truck86921,290.0
Truck86911,320.0
Truck86923,290.0
Truck86925,290.0
Truck86905,341.0
Truck86927,290.0
Truck86929,290.0
Truck86932,290.0
Truck86934,290.0
Truck86935,290.0
Truck86931,305.0
Truck86936,290.0
Truck86937,290.0
Truck86938,290.0
Truck86939,290.0
Truck86940,290.0
Truck86922,339.0
Truck86942,290.0
Truck86943,290.0
Truck86933,320.0
Truck86944,290.0
Truck86947,290.0
Truck86928,338.0
Truck86924,349.0
Truck86948,290.0
Truck86949,290.0
Truck86950,290.0
Truck86951,290.0
Truck86930,344.0
Truck86941,320.0
Truck86952,290.0
Truck86953,290.0
Truck86955,290.0
Truck86956,290.0
Truck86945,322.0
Truck86958,290.0
Truck86959,290.0
Truck86926,374.0
Truck86961,290.0
Truck86962,290.0
Truck86963,290.0
Truck86964,290.0
Truck86965,290.0
Truck86966,290.0
Truck86967,290.0
Truck86946,343.0
Truck86968,290.0
Truck86969,290.0
Truck86971,290.0
Truck86957,333.0
Truck86974,290.0
Truck86975,290.0
Truck86976,290.0
Truck86960,332.0
Truck86978,290.0
Truck86979,290.0
Truck86973,310.0
Truck86980,290.0
Truck86982,290.0
Truck86983,290.0
Truck86954,361.0
Truck86984,290.0
Truck86985,290.0
Truck86990,290.0
Truck86991,290.0
Truck86992,290.0
Truck86993,290.0
Truck86994,290.0
Truck86995,290.0
Truck86997,290.0
Truck86998,290.0
Truck87000,290.0
Truck87001,290.0
Truck87002,290.0
Truck87003,290.0
Truck86981,348.0
Truck86977,359.0
Truck87004,290.0
Truck86987,336.0
Truck86972,379.0
Truck87008,290.0
Truck87009,290.0
Truck87011,290.0
Truck86970,391.0
Truck86988,350.0
Truck87014,290.0
Truck87016,290.0
Truck87007,316.0
Truck87019,290.0
Truck86986,372.0
Truck86999,343.0
Truck86989,370.0
Truck87020,290.0
Truck87021,290.0
Truck87023,290.0
Truck87024,290.0
Truck87025,290.0
Truck87012,321.0
Truck87013,322.0
Truck86996,363.0
Truck87006,339.0
Truck87026,290.0
Truck87027,290.0
Truck87010,335.0
Truck87028,290.0
Truck87029,290.0
Truck87031,290.0
Truck87032,290.0
Truck87033,290.0
Truck87022,318.0
Truck87034,290.0
Truck87035,290.0
Truck87015,345.0
Truck87036,290.0
Truck87037,290.0
Truck87038,290.0
Truck87039,290.0
Truck87005,377.0
Truck87017,350.0
Truck87040,290.0
Truck87041,290.0
Truck87042,290.0
Truck87044,290.0
Truck87045,290.0
Truck87049,290.0
Truck87050,290.0
Truck87051,290.0
Truck87030,343.0
Truck87053,290.0
Truck87054,290.0
Truck87055,290.0
Truck87056,290.0
Truck87047,316.0
Truck87060,290.0
Truck87061,290.0
Truck87018,397.0
Truck87063,290.0
Truck87064,290.0
Truck87065,290.0
Truck87066,290.0
Truck87067,290.0
Truck87046,345.0
Truck87068,290.0
Truck87069,290.0
Truck87070,290.0
Truck87071,290.0
Truck87052,339.0
Truck87072,290.0
Truck87073,290.0
Truck87059,328.0
Truck87075,290.0
Truck87058,332.0
Truck87076,290.0
Truck87077,290.0
Truck87078,290.0
Truck87079,290.0
Truck87082,290.0
Truck87048,378.0
Truck87084,290.0
Truck87085,290.0
Truck87057,365.0
Truck87088,290.0
Truck87090,290.0
Truck87091,290.0
Truck87043,414.0
Truck87083,314.0
Truck87092,290.0
Truck87093,290.0
Truck87074,340.0
Truck87094,290.0
Truck87095,290.0
Truck87062,371.0
Truck87096,290.0
Truck87098,290.0
Truck87100,290.0
Truck87101,290.0
Truck87080,344.0
Truck87104,290.0
Truck87105,290.0
Truck87081,352.0
Truck87106,290.0
Truck87107,290.0
Truck87097,316.0
Truck87109,290.0
Truck87087,349.0
Truck87099,320.0
Truck87111,290.0
Truck87089,348.0
Truck87112,290.0
Truck87113,290.0
Truck87114,290.0
Truck87115,290.0
Truck87116,290.0
Truck87118,290.0
Truck87103,331.0
Truck87086,372.0
Truck87120,290.0
Truck87108,321.0
Truck87122,290.0
Truck87123,290.0
Truck87110,323.0
Truck87102,344.0
Truck87125,290.0
Truck87117,312.0
Truck87126,290.0
Truck87128,290.0
Truck87129,290.0
Truck87130,290.0
Truck87131,290.0
Truck87119,321.0
Truck87132,290.0
Truck87133,290.0
Truck87134,290.0
Truck87121,326.0
Truck87136,290.0
Truck87137,290.0
Truck87138,290.0
Truck87124,329.0
Truck87140,290.0
Truck87142,290.0
Truck87143,290.0
Truck87145,290.0
Truck87146,290.0
Truck87127,345.0
Truck87148,290.0
Truck87149,290.0
Truck87135,329.0
Truck87151,290.0
Truck87152,290.0
Truck87153,290.0
Truck87154,290.0
Truck87155,290.0
Truck87156,290.0
Truck87157,290.0
Truck87158,290.0
Truck87159,290.0
Truck87160,290.0
Truck87161,290.0
Truck87139,346.0
Truck87164,290.0
Truck87165,290.0
Truck87147,338.0
Truck87166,290.0
Truck87167,290.0
Truck87141,360.0
Truck87169,290.0
Truck87171,290.0
Truck87172,290.0
Truck87173,290.0
Truck87163,316.0
Truck87150,350.0
Truck87174,290.0
Truck87176,290.0
Truck87178,290.0
Truck87179,290.0
Truck87180,290.0
Truck87181,290.0
Truck87162,336.0
Truck87144,383.0
Truck87182,290.0
Truck87183,290.0
Truck87184,290.0
Truck87175,320.0
Truck87187,290.0
Truck87188,290.0
Truck87189,290.0
Truck87177,321.0
Truck87190,290.0
Truck87191,290.0
Truck87168,347.0
Truck87192,290.0
Truck87170,347.0
Truck87195,290.0
Truck87196,290.0
Truck87197,290.0
Truck87199,290.0
Truck87200,290.0
Truck87202,290.0
Truck87186,334.0
Truck87204,290.0
Truck87185,349.0
Truck87208,290.0
Truck87194,327.0
Truck87210,290.0
Truck87205,306.0
Truck87212,290.0
Truck87213,290.0
Truck87193,345.0
Truck87214,290.0
Truck87215,290.0
Truck87216,290.0
Truck87217,290.0
Truck87201,333.0
Truck87206,318.0
Truck87218,290.0
Truck87219,290.0
Truck87221,290.0
Truck87223,290.0
Truck87207,332.0
Truck87224,290.0
Truck87225,290.0
Truck87226,290.0
Truck87227,290.0
Truck87228,290.0
Truck87229,290.0
Truck87230,290.0
Truck87209,347.0
Truck87232,290.0
Truck87198,377.0
Truck87222,319.0
Truck87235,290.0
Truck87236,290.0
Truck87237,290.0
Truck87238,290.0
Truck87239,290.0
Truck87220,339.0
Truck87240,290.0
Truck87241,290.0
Truck87211,369.0
Truck87242,290.0
Truck87243,290.0
Truck87244,290.0
Truck87246,290.0
Truck87247,290.0
Truck87248,290.0
Truck87249,290.0
Truck87250,290.0
Truck87251,290.0
Truck87203,413.0
Truck87252,290.0
Truck87253,290.0
Truck87254,290.0
Truck87255,290.0
Truck87256,290.0
Truck87257,290.0
Truck87231,356.0
Truck87258,290.0
Truck87234,353.0
Truck87260,290.0
Truck87261,290.0
Truck87233,364.0
Truck87262,290.0
Truck87263,290.0
Truck87245,340.0
Truck87264,290.0
Truck87265,290.0
Truck87266,290.0
Truck87268,290.0
Truck87269,290.0
Truck87270,290.0
Truck87271,290.0
Truck87272,290.0
Truck87276,290.0
Truck87267,320.0
Truck87278,290.0
Truck87279,290.0
Truck87259,344.0
Truck87280,290.0
Truck87281,290.0
Truck87282,290.0
Truck87283,290.0
Truck87284,290.0
Truck87274,318.0
Truck87286,290.0
Truck87287,290.0
Truck87289,290.0
Truck87290,290.0
Truck87291,290.0
Truck87273,338.0
Truck87293,290.0
Truck87297,290.0
Truck87275,346.0
Truck87299,290.0
Truck87300,290.0
Truck87301,290.0
Truck87292,314.0
Truck87302,290.0
Truck87303,290.0
Truck87285,339.0
Truck87304,290.0
Truck87305,290.0
Truck87277,362.0
Truck87306,290.0
Truck87307,290.0
Truck87298,314.0
Truck87294,325.0
Truck87308,290.0
Truck87309,290.0
Truck87310,290.0
Truck87312,290.0
Truck87314,290.0
Truck87315,290.0
Truck87296,339.0
Truck87317,290.0
Truck87311,307.0
Truck87288,364.0
Truck87319,290.0
Truck87320,290.0
Truck87321,290.0
Truck87322,290.0
Truck87324,290.0
Truck87325,290.0
Truck87326,290.0
Truck87327,290.0
Truck87318,313.0
Truck87328,290.0
Truck87329,290.0
Truck87330,290.0
Truck87332,290.0
Truck87333,290.0
Truck87334,290.0
Truck87335,290.0
Truck87336,290.0
Truck87337,290.0
Truck87316,342.0
Truck87295,398.0
Truck87338,290.0
Truck87339,290.0
Truck87341,290.0
Truck87331,320.0
Truck87342,290.0
Truck87343,290.0
Truck87323,345.0
Truck87344,290.0
Truck87345,290.0
Truck87346,290.0
Truck87347,290.0
Truck87313,378.0
Truck87348,290.0
Truck87349,290.0
Truck87350,290.0
Truck87351,290.0
Truck87352,290.0
Truck87353,290.0
Truck87354,290.0
Truck87355,290.0
Truck87357,290.0
Truck87361,290.0
Truck87362,290.0
Truck87365,290.0
Truck87366,290.0
Truck87367,290.0
Truck87340,357.0
Truck87356,320.0
Truck87369,290.0
Truck87370,290.0
Truck87371,290.0
Truck87373,290.0
Truck87374,290.0
Truck87375,290.0
Truck87363,322.0
Truck87377,290.0
Truck87358,339.0
Truck87378,290.0
Truck87379,290.0
Truck87380,290.0
Truck87381,290.0
Truck87359,349.0
Truck87360,345.0
Truck87382,290.0
Truck87383,290.0
Truck87368,327.0
Truck87384,290.0
Truck87385,290.0
Truck87386,290.0
Truck87364,346.0
Truck87388,290.0
Truck87390,290.0
Truck87391,290.0
Truck87392,290.0
Truck87393,290.0
Truck87376,334.0
Truck87394,290.0
Truck87395,290.0
Truck87396,290.0
Truck87397,290.0
Truck87398,290.0
Truck87399,290.0
Truck87400,290.0
Truck87402,290.0
Truck87403,290.0
Truck87389,330.0
Truck87404,290.0
Truck87405,290.0
Truck87387,340.0
Truck87406,290.0
Truck87407,290.0
Truck87408,290.0
Truck87409,290.0
Truck87372,381.0
Truck87410,290.0
Truck87411,290.0
Truck87413,290.0
Truck87414,290.0
Truck87416,290.0
Truck87417,290.0
Truck87419,290.0
Truck87401,339.0
Truck87420,290.0
Truck87421,290.0
Truck87422,290.0
Truck87425,290.0
Truck87426,290.0
Truck87427,290.0
Truck87431,290.0
Truck87432,290.0
Truck87418,329.0
Truck87436,290.0
Truck87437,290.0
Truck87415,349.0
Truck87424,327.0
Truck87430,313.0
Truck87440,290.0
Truck87442,290.0
Truck87428,328.0
Truck87444,290.0
Truck87445,290.0
Truck87412,374.0
Truck87423,349.0
Truck87446,290.0
Truck87447,290.0
Truck87433,329.0
Truck87449,290.0
Truck87429,342.0
Truck87438,318.0
Truck87450,290.0
Truck87451,290.0
Truck87452,290.0
Truck87453,290.0
Truck87454,290.0
Truck87456,290.0
Truck87457,290.0
Truck87458,290.0
Truck87459,290.0
Truck87461,290.0
Truck87439,348.0
Truck87462,290.0
Truck87463,290.0
Truck87441,349.0
Truck87464,290.0
Truck87465,290.0
Truck87443,347.0
Truck87466,290.0
Truck87460,306.0
Truck87468,290.0
Truck87469,290.0
Truck87434,377.0
Truck87471,290.0
Truck87472,290.0
Truck87435,390.0
Truck87474,290.0
Truck87475,290.0
Truck87476,290.0
Truck87477,290.0
Truck87480,290.0
Truck87481,290.0
Truck87455,360.0
Truck87482,290.0
Truck87483,290.0
Truck87484,290.0
Truck87448,383.0
Truck87467,339.0
Truck87488,290.0
Truck87489,290.0
Truck87490,290.0
Truck87470,345.0
Truck87492,290.0
Truck87493,290.0
Truck87479,330.0
Truck87494,290.0
Truck87495,290.0
Truck87496,290.0
Truck87498,290.0
Truck87499,290.0
Truck87500,290.0
Truck87502,290.0
Truck87473,370.0
Truck87504,290.0
Truck87505,290.0
Truck87506,290.0
Truck87507,290.0
Truck87486,341.0
Truck87485,348.0
Truck87487,345.0
Truck87508,290.0
Truck87509,290.0
Truck87510,290.0
Truck87511,290.0
Truck87512,290.0
Truck87513,290.0
Truck87478,379.0
Truck87501,324.0
Truck87514,290.0
Truck87515,290.0
Truck87517,290.0
Truck87518,290.0
Truck87520,290.0
Truck87491,368.0
Truck87522,290.0
Truck87523,290.0
Truck87497,356.0
Truck87525,290.0
Truck87503,347.0
Truck87526,290.0
Truck87527,290.0
Truck87528,290.0
Truck87529,290.0
Truck87530,290.0
Truck87531,290.0
Truck87532,290.0
Truck87533,290.0
Truck87524,311.0
Truck87534,290.0
Truck87535,290.0
Truck87536,290.0
Truck87537,290.0
Truck87540,290.0
Truck87541,290.0
Truck87542,290.0
Truck87543,290.0
Truck87545,290.0
Truck87546,290.0
Truck87547,290.0
Truck87548,290.0
Truck87549,290.0
Truck87516,375.0
Truck87550,290.0
Truck87551,290.0
Truck87521,368.0
Truck87553,290.0
Truck87519,377.0
Truck87555,290.0
Truck87556,290.0
Truck87557,290.0
Truck87558,290.0
Truck87559,290.0
Truck87552,306.0
Truck87539,345.0
Truck87544,331.0
Truck87563,290.0
Truck87564,290.0
Truck87565,290.0
Truck87567,290.0
Truck87568,290.0
Truck87569,290.0
Truck87570,290.0
Truck87571,290.0
Truck87573,290.0
Truck87574,290.0
Truck87575,290.0
Truck87576,290.0
Truck87577,290.0
Truck87578,290.0
Truck87579,290.0
Truck87561,340.0
Truck87580,290.0
Truck87581,290.0
Truck87560,342.0
Truck87582,290.0
Truck87583,290.0
Truck87562,342.0
Truck87554,363.0
Truck87585,290.0
Truck87586,290.0
Truck87566,345.0
Truck87588,290.0
Truck87589,290.0
Truck87590,290.0
Truck87591,290.0
Truck87592,290.0
Truck87593,290.0
Truck87595,290.0
Truck87572,346.0
Truck87584,319.0
Truck87598,290.0
Truck87600,290.0
Truck87601,290.0
Truck87602,290.0
Truck87604,290.0
Truck87605,290.0
Truck87607,290.0
Truck87594,323.0
Truck87599,315.0
Truck87611,290.0
Truck87538,471.0
Truck87613,290.0
Truck87616,290.0
Truck87617,290.0
Truck87587,369.0
Truck87618,290.0
Truck87619,290.0
Truck87596,348.0
Truck87620,290.0
Truck87621,290.0
Truck87622,290.0
Truck87623,290.0
Truck87606,331.0
Truck87624,290.0
Truck87625,290.0
Truck87603,349.0
Truck87608,339.0
Truck87628,290.0
Truck87629,290.0
Truck87609,344.0
Truck87631,290.0
Truck87615,332.0
Truck87632,290.0
Truck87633,290.0
Truck87612,342.0
Truck87614,339.0
Truck87634,290.0
Truck87635,290.0
Truck87637,290.0
Truck87597,391.0
Truck87638,290.0
Truck87640,290.0
Truck87641,290.0
Truck87627,327.0
Truck87610,368.0
Truck87642,290.0
Truck87644,290.0
Truck87645,290.0
Truck87646,290.0
Truck87630,332.0
Truck87648,290.0
Truck87650,290.0
Truck87651,290.0
Truck87652,290.0
Truck87653,290.0
Truck87636,332.0
Truck87654,290.0
Truck87655,290.0
Truck87626,364.0
Truck87647,314.0
Truck87656,290.0
Truck87657,290.0
Truck87659,290.0
Truck87649,317.0
Truck87661,290.0
Truck87662,290.0
Truck87665,290.0
Truck87666,290.0
Truck87667,290.0
Truck87668,290.0
Truck87669,290.0
Truck87670,290.0
Truck87671,290.0
Truck87672,290.0
Truck87673,290.0
Truck87675,290.0
Truck87677,290.0
Truck87643,378.0
Truck87678,290.0
Truck87679,290.0
Truck87664,327.0
Truck87660,340.0
Truck87680,290.0
Truck87681,290.0
Truck87682,290.0
Truck87684,290.0
Truck87685,290.0
Truck87686,290.0
Truck87687,290.0
Truck87674,321.0
Truck87663,352.0
Truck87688,290.0
Truck87689,290.0
Truck87658,367.0
Truck87690,290.0
Truck87691,290.0
Truck87693,290.0
Truck87639,426.0
Truck87694,290.0
Truck87696,290.0
Truck87697,290.0
Truck87699,290.0
Truck87676,346.0
Truck87700,290.0
Truck87701,290.0
Truck87683,339.0
Truck87705,290.0
Truck87706,290.0
Truck87707,290.0
Truck87708,290.0
Truck87710,290.0
Truck87711,290.0
Truck87692,340.0
Truck87712,290.0
Truck87713,290.0
Truck87695,337.0
Truck87714,290.0
Truck87715,290.0
Truck87718,290.0
Truck87698,344.0
Truck87720,290.0
Truck87721,290.0
Truck87722,290.0
Truck87723,290.0
Truck87724,290.0
Truck87725,290.0
Truck87726,290.0
Truck87717,317.0
Truck87729,290.0
Truck87730,290.0
Truck87731,290.0
Truck87703,361.0
Truck87702,362.0
Truck87732,290.0
Truck87733,290.0
Truck87719,330.0
Truck87735,290.0
Truck87704,370.0
Truck87736,290.0
Truck87737,290.0
Truck87739,290.0
Truck87727,324.0
Truck87741,290.0
Truck87728,323.0
Truck87742,290.0
Truck87743,290.0
Truck87716,357.0
Truck87709,379.0
Truck87746,290.0
Truck87748,290.0
Truck87750,290.0
Truck87751,290.0
Truck87752,290.0
Truck87753,290.0
Truck87755,290.0
Truck87740,330.0
Truck87756,290.0
Truck87749,312.0
Truck87734,351.0
Truck87744,327.0
Truck87745,328.0
Truck87760,290.0
Truck87761,290.0
Truck87763,290.0
Truck87764,290.0
Truck87765,290.0
Truck87767,290.0
Truck87768,290.0
Truck87769,290.0
Truck87770,290.0
Truck87771,290.0
Truck87759,321.0
Truck87738,372.0
Truck87772,290.0
Truck87773,290.0
Truck87774,290.0
Truck87775,290.0
Truck87754,341.0
Truck87776,290.0
Truck87758,336.0
Truck87779,290.0
Truck87780,290.0
Truck87781,290.0
Truck87757,353.0
Truck87782,290.0
Truck87783,290.0
Truck87766,332.0
Truck87778,305.0
Truck87786,290.0
Truck87787,290.0
Truck87747,392.0
Truck87788,290.0
Truck87789,290.0
Truck87792,290.0
Truck87793,290.0
Truck87762,370.0
Truck87794,290.0
Truck87796,290.0
Truck87797,290.0
Truck87798,290.0
Truck87784,326.0
Truck87800,290.0
Truck87801,290.0
Truck87802,290.0
Truck87803,290.0
Truck87804,290.0
Truck87785,345.0
Truck87806,290.0
Truck87808,290.0
Truck87809,290.0
Truck87777,373.0
Truck87810,290.0
Truck87811,290.0
Truck87814,290.0
Truck87815,290.0
Truck87791,352.0
Truck87795,344.0
Truck87790,358.0
Truck87820,290.0
Truck87821,290.0
Truck87812,313.0
Truck87827,290.0
Truck87818,312.0
Truck87807,344.0
Truck87813,335.0
Truck87830,290.0
Truck87831,290.0
Truck87819,324.0
Truck87832,290.0
Truck87833,290.0
Truck87826,308.0
Truck87799,379.0
Truck87835,290.0
Truck87837,290.0
Truck87825,321.0
Truck87817,343.0
Truck87828,313.0
Truck87839,290.0
Truck87816,346.0
Truck87822,335.0
Truck87840,290.0
Truck87841,290.0
Truck87823,337.0
Truck87842,290.0
Truck87843,290.0
Truck87834,313.0
Truck87844,290.0
Truck87805,393.0
Truck87847,290.0
Truck87849,290.0
Truck87829,343.0
Truck87824,355.0
Truck87850,290.0
Truck87836,328.0
Truck87852,290.0
Truck87853,290.0
Truck87854,290.0
Truck87855,290.0
Truck87856,290.0
Truck87858,290.0
Truck87859,290.0
Truck87861,290.0
Truck87864,290.0
Truck87865,290.0
Truck87866,290.0
Truck87867,290.0
Truck87869,290.0
Truck87851,339.0
Truck87870,290.0
Truck87871,290.0
Truck87838,375.0
Truck87872,290.0
Truck87873,290.0
Truck87845,365.0
Truck87874,290.0
Truck87875,290.0
Truck87868,307.0
Truck87862,323.0
Truck87863,324.0
Truck87876,290.0
Truck87860,335.0
Truck87878,290.0
Truck87879,290.0
Truck87857,346.0
Truck87846,375.0
Truck87880,290.0
Truck87881,290.0
Truck87883,290.0
Truck87848,376.0
Truck87884,290.0
Truck87886,290.0
Truck87887,290.0
Truck87888,290.0
Truck87889,290.0
Truck87890,290.0
Truck87892,290.0
Truck87893,290.0
Truck87877,335.0
Truck87895,290.0
Truck87896,290.0
Truck87897,290.0
Truck87898,290.0
Truck87891,313.0
Truck87901,290.0
Truck87903,290.0
Truck87885,338.0
Truck87904,290.0
Truck87905,290.0
Truck87906,290.0
Truck87907,290.0
Truck87908,290.0
Truck87909,290.0
Truck87910,290.0
Truck87911,290.0
Truck87882,368.0
Truck87914,290.0
Truck87899,335.0
Truck87916,290.0
Truck87917,290.0
Truck87918,290.0
Truck87920,290.0
Truck87922,290.0
Truck87923,290.0
Truck87925,290.0
Truck87926,290.0
Truck87927,290.0
Truck87902,351.0
Truck87894,373.0
Truck87900,359.0
Truck87928,290.0
Truck87913,334.0
Truck87912,335.0
Truck87930,290.0
Truck87931,290.0
Truck87919,324.0
Truck87934,290.0
Truck87935,290.0
Truck87936,290.0
Truck87937,290.0
Truck87938,290.0
Truck87939,290.0
Truck87921,336.0
Truck87940,290.0
Truck87941,290.0
Truck87943,290.0
Truck87945,290.0
Truck87915,366.0
Truck87933,321.0
Truck87946,290.0
Truck87947,290.0
Truck87948,290.0
Truck87949,290.0
Truck87929,345.0
Truck87951,290.0
Truck87952,290.0
Truck87953,290.0
Truck87932,341.0
Truck87956,290.0
Truck87958,290.0
Truck87960,290.0
Truck87961,290.0
Truck87962,290.0
Truck87963,290.0
Truck87954,312.0
Truck87965,290.0
Truck87942,346.0
Truck87955,318.0
Truck87966,290.0
Truck87967,290.0
Truck87957,316.0
Truck87970,290.0
Truck87971,290.0
Truck87972,290.0
Truck87975,290.0
Truck87924,419.0
Truck87976,290.0
Truck87977,290.0
Truck87978,290.0
Truck87979,290.0
Truck87944,377.0
Truck87959,344.0
Truck87980,290.0
Truck87981,290.0
Truck87983,290.0
Truck87986,290.0
Truck87964,347.0
Truck87950,383.0
Truck87969,340.0
Truck87989,290.0
Truck87991,290.0
Truck87974,335.0
Truck87992,290.0
Truck87982,318.0
Truck87994,290.0
Truck87995,290.0
Truck87973,347.0
Truck87968,359.0
Truck87998,290.0
Truck87999,290.0
Truck88000,290.0
Truck88001,290.0
Truck87993,315.0
Truck88002,290.0
Truck88003,290.0
Truck87997,310.0
Truck88004,290.0
Truck88005,290.0
Truck88006,290.0
Truck88009,290.0
Truck87996,322.0
Truck87988,344.0
Truck87990,340.0
Truck88010,290.0
Truck88011,290.0
Truck87984,360.0
Truck88012,290.0
Truck88013,290.0
Truck88007,307.0
Truck88014,290.0
Truck88015,290.0
Truck87985,366.0
Truck88018,290.0
Truck88019,290.0
Truck88020,290.0
Truck88021,290.0
Truck88022,290.0
Truck88017,310.0
Truck88025,290.0
Truck87987,387.0
Truck88016,315.0
Truck88028,290.0
Truck88029,290.0
Truck88031,290.0
Truck88032,290.0
Truck88034,290.0
Truck88035,290.0
Truck88038,290.0
Truck88008,375.0
Truck88023,343.0
Truck88024,338.0
Truck88044,290.0
Truck88045,290.0
Truck88033,321.0
Truck88046,290.0
Truck88047,290.0
Truck88026,342.0
Truck88049,290.0
Truck88027,348.0
Truck88030,338.0
Truck88051,290.0
Truck88052,290.0
Truck88053,290.0
Truck88054,290.0
Truck88043,321.0
Truck88039,334.0
Truck88056,290.0
Truck88058,290.0
Truck88059,290.0
Truck88060,290.0
Truck88061,290.0
Truck88042,336.0
Truck88062,290.0
Truck88063,290.0
Truck88064,290.0
Truck88065,290.0
Truck88066,290.0
Truck88037,367.0
Truck88068,290.0
Truck88069,290.0
Truck88050,337.0
Truck88057,325.0
Truck88070,290.0
Truck88071,290.0
Truck88041,367.0
Truck88036,378.0
Truck88072,290.0
Truck88040,373.0
Truck88074,290.0
Truck88075,290.0
Truck88077,290.0
Truck88078,290.0
Truck88079,290.0
Truck88080,290.0
Truck88081,290.0
Truck88048,372.0
Truck88082,290.0
Truck88083,290.0
Truck88085,290.0
Truck88067,339.0
Truck88086,290.0
Truck88087,290.0
Truck88088,290.0
Truck88090,290.0
Truck88091,290.0
Truck88092,290.0
Truck88093,290.0
Truck88073,341.0
Truck88094,290.0
Truck88076,336.0
Truck88096,290.0
Truck88097,290.0
Truck88098,290.0
Truck88099,290.0
Truck88055,403.0
Truck88100,290.0
Truck88101,290.0
Truck88102,290.0
Truck88104,290.0
Truck88105,290.0
Truck88106,290.0
Truck88084,353.0
Truck88111,290.0
Truck88095,333.0
Truck88112,290.0
Truck88113,290.0
Truck88114,290.0
Truck88116,290.0
Truck88121,290.0
Truck88122,290.0
Truck88123,290.0
Truck88089,376.0
Truck88107,333.0
Truck88124,290.0
Truck88125,290.0
Truck88108,334.0
Truck88126,290.0
Truck88127,290.0
Truck88118,315.0
Truck88128,290.0
Truck88130,290.0
Truck88131,290.0
Truck88117,326.0
Truck88133,290.0
Truck88134,290.0
Truck88103,374.0
Truck88136,290.0
Truck88138,290.0
Truck88139,290.0
Truck88120,339.0
Truck88140,290.0
Truck88141,290.0
Truck88142,290.0
Truck88143,290.0
Truck88145,290.0
Truck88110,377.0
Truck88115,370.0
Truck88147,290.0
Truck88148,290.0
Truck88149,290.0
Truck88109,394.0
Truck88150,290.0
Truck88151,290.0
Truck88129,349.0
Truck88119,375.0
Truck88152,290.0
Truck88153,290.0
Truck88155,290.0
Truck88132,346.0
Truck88156,290.0
Truck88146,319.0
Truck88137,345.0
Truck88158,290.0
Truck88159,290.0
Truck88161,290.0
Truck88162,290.0
Truck88163,290.0
Truck88135,362.0
Truck88164,290.0
Truck88167,290.0
Truck88168,290.0
Truck88170,290.0
Truck88171,290.0
Truck88172,290.0
Truck88160,323.0
Truck88175,290.0
Truck88154,341.0
Truck88176,290.0
Truck88177,290.0
Truck88178,290.0
Truck88179,290.0
Truck88169,317.0
Truck88144,379.0
Truck88180,290.0
Truck88181,290.0
Truck88182,290.0
Truck88184,290.0
Truck88185,290.0
Truck88157,364.0
Truck88166,340.0
Truck88187,290.0
Truck88165,349.0
Truck88188,290.0
Truck88189,290.0
Truck88190,290.0
Truck88191,290.0
Truck88192,290.0
Truck88193,290.0
Truck88174,341.0
Truck88196,290.0
Truck88197,290.0
Truck88198,290.0
Truck88199,290.0
Truck88201,290.0
Truck88173,364.0
Truck88202,290.0
Truck88203,290.0
Truck88183,345.0
Truck88204,290.0
Truck88205,290.0
Truck88207,290.0
Truck88208,290.0
Truck88209,290.0
Truck88210,290.0
Truck88211,290.0
Truck88186,364.0
Truck88216,290.0
Truck88195,348.0
Truck88219,290.0
Truck88206,325.0
Truck88220,290.0
Truck88221,290.0
Truck88200,345.0
Truck88222,290.0
Truck88223,290.0
Truck88212,317.0
Truck88224,290.0
Truck88225,290.0
Truck88214,319.0
Truck88227,290.0
Truck88228,290.0
Truck88229,290.0
Truck88230,290.0
Truck88231,290.0
Truck88213,336.0
Truck88232,290.0
Truck88217,333.0
Truck88234,290.0
Truck88235,290.0
Truck88236,290.0
Truck88215,347.0
Truck88240,290.0
Truck88241,290.0
Truck88226,330.0
Truck88242,290.0
Truck88194,412.0
Truck88244,290.0
Truck88245,290.0
Truck88247,290.0
Truck88237,317.0
Truck88239,315.0
Truck88248,290.0
Truck88249,290.0
Truck88250,290.0
Truck88251,290.0
Truck88218,371.0
Truck88253,290.0
Truck88254,290.0
Truck88255,290.0
Truck88256,290.0
Truck88257,290.0
Truck88238,337.0
Truck88258,290.0
Truck88259,290.0
Truck88260,290.0
Truck88261,290.0
Truck88233,362.0
Truck88263,290.0
Truck88252,319.0
Truck88264,290.0
Truck88265,290.0
Truck88243,349.0
Truck88246,343.0
Truck88268,290.0
Truck88269,290.0
Truck88270,290.0
Truck88273,290.0
Truck88274,290.0
Truck88275,290.0
Truck88277,290.0
Truck88278,290.0
Truck88279,290.0
Truck88280,290.0
Truck88282,290.0
Truck88283,290.0
Truck88262,342.0
Truck88286,290.0
Truck88287,290.0
Truck88266,341.0
Truck88276,317.0
Truck88272,328.0
Truck88288,290.0
Truck88289,290.0
Truck88290,290.0
Truck88291,290.0
Truck88284,310.0
Truck88292,290.0
Truck88293,290.0
Truck88294,290.0
Truck88295,290.0
Truck88296,290.0
Truck88285,322.0
Truck88300,290.0
Truck88301,290.0
Truck88281,345.0
Truck88302,290.0
Truck88303,290.0
Truck88304,290.0
Truck88305,290.0
Truck88306,290.0
Truck88307,290.0
Truck88308,290.0
Truck88309,290.0
Truck88267,396.0
Truck88310,290.0
Truck88271,391.0
Truck88314,290.0
Truck88297,338.0
Truck88298,334.0
Truck88316,290.0
Truck88317,290.0
Truck88318,290.0
Truck88319,290.0
Truck88299,342.0
Truck88312,308.0
Truck88320,290.0
Truck88313,313.0
Truck88322,290.0
Truck88324,290.0
Truck88325,290.0
Truck88326,290.0
Truck88327,290.0
Truck88328,290.0
Truck88329,290.0
Truck88315,328.0
Truck88331,290.0
Truck88323,314.0
Truck88332,290.0
Truck88337,290.0
Truck88338,290.0
Truck88339,290.0
Truck88340,290.0
Truck88341,290.0
Truck88345,290.0
Truck88346,290.0
Truck88347,290.0
Truck88311,383.0
Truck88330,333.0
Truck88348,290.0
Truck88321,361.0
Truck88350,290.0
Truck88333,336.0
Truck88352,290.0
Truck88353,290.0
Truck88354,290.0
Truck88355,290.0
Truck88344,316.0
Truck88336,339.0
Truck88356,290.0
Truck88357,290.0
Truck88335,351.0
Truck88342,335.0
Truck88360,290.0
Truck88361,290.0
Truck88349,323.0
Truck88362,290.0
Truck88351,323.0
Truck88364,290.0
Truck88365,290.0
Truck88366,290.0
Truck88368,290.0
Truck88334,378.0
Truck88370,290.0
Truck88372,290.0
Truck88374,290.0
Truck88375,290.0
Truck88376,290.0
Truck88377,290.0
Truck88358,339.0
Truck88373,305.0
Truck88378,290.0
Truck88343,384.0
Truck88369,319.0
Truck88380,290.0
Truck88381,290.0
Truck88382,290.0
Truck88359,354.0
Truck88384,290.0
Truck88386,290.0
Truck88388,290.0
Truck88390,290.0
Truck88391,290.0
Truck88371,342.0
Truck88392,290.0
Truck88393,290.0
Truck88394,290.0
Truck88363,372.0
Truck88396,290.0
Truck88397,290.0
Truck88379,336.0
Truck88385,322.0
Truck88389,315.0
Truck88398,290.0
Truck88399,290.0
Truck88367,373.0
Truck88383,333.0
Truck88401,290.0
Truck88402,290.0
Truck88403,290.0
Truck88404,290.0
Truck88387,340.0
Truck88406,290.0
Truck88407,290.0
Truck88408,290.0
Truck88409,290.0
Truck88410,290.0
Truck88411,290.0
Truck88412,290.0
Truck88413,290.0
Truck88414,290.0
Truck88415,290.0
Truck88418,290.0
Truck88395,353.0
Truck88420,290.0
Truck88421,290.0
Truck88422,290.0
Truck88423,290.0
Truck88400,347.0
Truck88405,339.0
Truck88424,290.0
Truck88425,290.0
Truck88426,290.0
Truck88427,290.0
Truck88429,290.0
Truck88417,323.0
Truck88430,290.0
Truck88431,290.0
Truck88432,290.0
Truck88434,290.0
Truck88436,290.0
Truck88437,290.0
Truck88439,290.0
Truck88416,348.0
Truck88441,290.0
Truck88435,309.0
Truck88443,290.0
Truck88447,290.0
Truck88428,336.0
Truck88433,328.0
Truck88449,290.0
Truck88450,290.0
Truck88451,290.0
Truck88452,290.0
Truck88453,290.0
Truck88419,376.0
Truck88440,321.0
Truck88444,311.0
Truck88455,290.0
Truck88456,290.0
Truck88458,290.0
Truck88459,290.0
Truck88460,290.0
Truck88461,290.0
Truck88442,336.0
Truck88454,310.0
Truck88463,290.0
Truck88465,290.0
Truck88438,359.0
Truck88466,290.0
Truck88467,290.0
Truck88446,343.0
Truck88468,290.0
Truck88471,290.0
Truck88445,360.0
Truck88472,290.0
Truck88473,290.0
Truck88448,351.0
Truck88474,290.0
Truck88475,290.0
Truck88457,337.0
Truck88476,290.0
Truck88477,290.0
Truck88478,290.0
Truck88479,290.0
Truck88482,290.0
Truck88483,290.0
Truck88484,290.0
Truck88485,290.0
Truck88464,341.0
Truck88462,348.0
Truck88487,290.0
Truck88469,339.0
Truck88488,290.0
Truck88470,338.0
Truck88490,290.0
Truck88491,290.0
Truck88492,290.0
Truck88493,290.0
Truck88494,290.0
Truck88495,290.0
Truck88497,290.0
Truck88498,290.0
Truck88499,290.0
Truck88480,337.0
Truck88500,290.0
Truck88486,329.0
Truck88502,290.0
Truck88503,290.0
Truck88489,326.0
Truck88505,290.0
Truck88506,290.0
Truck88507,290.0
Truck88508,290.0
Truck88509,290.0
Truck88510,290.0
Truck88511,290.0
Truck88514,290.0
Truck88515,290.0
Truck88504,317.0
Truck88516,290.0
Truck88517,290.0
Truck88496,344.0
Truck88518,290.0
Truck88481,390.0
Truck88520,290.0
Truck88521,290.0
Truck88522,290.0
Truck88523,290.0
Truck88501,349.0
Truck88524,290.0
Truck88526,290.0
Truck88527,290.0
Truck88528,290.0
Truck88529,290.0
Truck88530,290.0
Truck88531,290.0
Truck88512,336.0
Truck88532,290.0
Truck88533,290.0
Truck88534,290.0
Truck88535,290.0
Truck88536,290.0
Truck88537,290.0
Truck88538,290.0
Truck88539,290.0
Truck88540,290.0
Truck88541,290.0
Truck88544,290.0
Truck88545,290.0
Truck88546,290.0
Truck88547,290.0
Truck88525,346.0
Truck88513,377.0
Truck88519,364.0
Truck88548,290.0
Truck88549,290.0
Truck88543,306.0
Truck88550,290.0
Truck88551,290.0
Truck88552,290.0
Truck88553,290.0
Truck88554,290.0
Truck88558,290.0
Truck88559,290.0
Truck88560,290.0
Truck88561,290.0
Truck88562,290.0
Truck88555,313.0
Truck88564,290.0
Truck88542,350.0
Truck88566,290.0
Truck88567,290.0
Truck88568,290.0
Truck88570,290.0
Truck88571,290.0
Truck88572,290.0
Truck88574,290.0
Truck88565,317.0
Truck88576,290.0
Truck88577,290.0
Truck88578,290.0
Truck88579,290.0
Truck88556,350.0
Truck88580,290.0
Truck88581,290.0
Truck88563,337.0
Truck88582,290.0
Truck88583,290.0
Truck88584,290.0
Truck88585,290.0
Truck88573,321.0
Truck88586,290.0
Truck88587,290.0
Truck88557,366.0
Truck88588,290.0
Truck88589,290.0
Truck88591,290.0
Truck88592,290.0
Truck88595,290.0
Truck88596,290.0
Truck88575,346.0
Truck88598,290.0
Truck88599,290.0
Truck88600,290.0
Truck88601,290.0
Truck88602,290.0
Truck88605,290.0
Truck88606,290.0
Truck88607,290.0
Truck88608,290.0
Truck88609,290.0
Truck88610,290.0
Truck88611,290.0
Truck88612,290.0
Truck88613,290.0
Truck88593,341.0
Truck88614,290.0
Truck88569,412.0
Truck88618,290.0
Truck88619,290.0
Truck88590,365.0
Truck88620,290.0
Truck88621,290.0
Truck88622,290.0
Truck88615,312.0
Truck88603,343.0
Truck88625,290.0
Truck88604,341.0
Truck88597,363.0
Truck88617,313.0
Truck88616,315.0
Truck88626,290.0
Truck88594,371.0
Truck88629,290.0
Truck88630,290.0
Truck88631,290.0
Truck88634,290.0
Truck88623,324.0
Truck88624,320.0
Truck88636,290.0
Truck88637,290.0
Truck88638,290.0
Truck88641,290.0
Truck88642,290.0
Truck88643,290.0
Truck88644,290.0
Truck88645,290.0
Truck88627,340.0
Truck88633,325.0
Truck88647,290.0
Truck88649,290.0
Truck88651,290.0
Truck88632,340.0
Truck88653,290.0
Truck88654,290.0
Truck88655,290.0
Truck88640,328.0
Truck88656,290.0
Truck88646,316.0
Truck88659,290.0
Truck88660,290.0
Truck88639,346.0
Truck88648,322.0
Truck88628,374.0
Truck88662,290.0
Truck88663,290.0
Truck88664,290.0
Truck88635,367.0
Truck88666,290.0
Truck88667,290.0
Truck88669,290.0
Truck88650,340.0
Truck88671,290.0
Truck88672,290.0
Truck88673,290.0
Truck88674,290.0
Truck88675,290.0
Truck88652,347.0
Truck88679,290.0
Truck88661,339.0
Truck88680,290.0
Truck88681,290.0
Truck88682,290.0
Truck88683,290.0
Truck88685,290.0
Truck88678,310.0
Truck88687,290.0
Truck88676,316.0
Truck88677,317.0
Truck88665,349.0
Truck88657,370.0
Truck88688,290.0
Truck88689,290.0
Truck88668,343.0
Truck88690,290.0
Truck88692,290.0
Truck88693,290.0
Truck88694,290.0
Truck88695,290.0
Truck88697,290.0
Truck88698,290.0
Truck88699,290.0
Truck88684,332.0
Truck88702,290.0
Truck88703,290.0
Truck88670,374.0
Truck88704,290.0
Truck88705,290.0
Truck88686,340.0
Truck88707,290.0
Truck88708,290.0
Truck88709,290.0
Truck88691,338.0
Truck88711,290.0
Truck88700,320.0
Truck88713,290.0
Truck88658,427.0
Truck88714,290.0
Truck88715,290.0
Truck88716,290.0
Truck88717,290.0
Truck88718,290.0
Truck88719,290.0
Truck88706,321.0
Truck88721,290.0
Truck88696,353.0
Truck88722,290.0
Truck88723,290.0
Truck88724,290.0
Truck88725,290.0
Truck88726,290.0
Truck88727,290.0
Truck88728,290.0
Truck88729,290.0
Truck88731,290.0
Truck88732,290.0
Truck88720,323.0
Truck88734,290.0
Truck88735,290.0
Truck88701,379.0
Truck88737,290.0
Truck88739,290.0
Truck88742,290.0
Truck88743,290.0
Truck88744,290.0
Truck88745,290.0
Truck88738,306.0
Truck88710,378.0
Truck88712,373.0
Truck88746,290.0
Truck88747,290.0
Truck88748,290.0
Truck88749,290.0
Truck88751,290.0
Truck88736,327.0
Truck88752,290.0
Truck88753,290.0
Truck88730,346.0
Truck88754,290.0
Truck88756,290.0
Truck88741,333.0
Truck88740,334.0
Truck88758,290.0
Truck88759,290.0
Truck88760,290.0
Truck88761,290.0
Truck88733,364.0
Truck88755,309.0
Truck88762,290.0
Truck88763,290.0
Truck88764,290.0
Truck88765,290.0
Truck88757,313.0
Truck88750,329.0
Truck88767,290.0
Truck88768,290.0
Truck88770,290.0
Truck88772,290.0
Truck88773,290.0
Truck88774,290.0
Truck88775,290.0
Truck88776,290.0
Truck88777,290.0
Truck88766,320.0
Truck88778,290.0
Truck88779,290.0
Truck88780,290.0
Truck88784,290.0
Truck88785,290.0
Truck88769,340.0
Truck88789,290.0
Truck88790,290.0
Truck88771,341.0
Truck88792,290.0
Truck88793,290.0
Truck88781,322.0
Truck88787,309.0
Truck88794,290.0
Truck88796,290.0
Truck88783,327.0
Truck88798,290.0
Truck88799,290.0
Truck88800,290.0
Truck88801,290.0
Truck88802,290.0
Truck88804,290.0
Truck88807,290.0
Truck88786,345.0
Truck88809,290.0
Truck88797,321.0
Truck88813,290.0
Truck88806,310.0
Truck88814,290.0
Truck88816,290.0
Truck88791,356.0
Truck88818,290.0
Truck88819,290.0
Truck88795,352.0
Truck88821,290.0
Truck88805,333.0
Truck88788,375.0
Truck88823,290.0
Truck88811,321.0
Truck88782,395.0
Truck88824,290.0
Truck88808,331.0
Truck88810,326.0
Truck88803,349.0
Truck88815,320.0
Truck88826,290.0
Truck88827,290.0
Truck88828,290.0
Truck88829,290.0
Truck88817,321.0
Truck88812,334.0
Truck88830,290.0
Truck88832,290.0
Truck88834,290.0
Truck88835,290.0
Truck88820,328.0
Truck88822,323.0
Truck88836,290.0
Truck88825,324.0
Truck88838,290.0
Truck88833,306.0
Truck88840,290.0
Truck88841,290.0
Truck88842,290.0
Truck88844,290.0
Truck88845,290.0
Truck88839,308.0
Truck88846,290.0
Truck88847,290.0
Truck88848,290.0
Truck88849,290.0
Truck88850,290.0
Truck88831,342.0
Truck88837,328.0
Truck88852,290.0
Truck88854,290.0
Truck88855,290.0
Truck88858,290.0
Truck88861,290.0
Truck88862,290.0
Truck88863,290.0
Truck88851,325.0
Truck88864,290.0
Truck88865,290.0
Truck88856,313.0
Truck88857,315.0
Truck88867,290.0
Truck88868,290.0
Truck88869,290.0
Truck88860,311.0
Truck88870,290.0
Truck88871,290.0
Truck88859,321.0
Truck88872,290.0
Truck88873,290.0
Truck88875,290.0
Truck88866,314.0
Truck88876,290.0
Truck88878,290.0
Truck88879,290.0
Truck88882,290.0
Truck88843,391.0
Truck88884,290.0
Truck88885,290.0
Truck88886,290.0
Truck88888,290.0
Truck88881,314.0
Truck88877,325.0
Truck88890,290.0
Truck88893,290.0
Truck88874,336.0
Truck88894,290.0
Truck88895,290.0
Truck88896,290.0
Truck88897,290.0
Truck88898,290.0
Truck88899,290.0
Truck88887,324.0
Truck88853,410.0
Truck88889,323.0
Truck88903,290.0
Truck88905,290.0
Truck88906,290.0
Truck88907,290.0
Truck88909,290.0
Truck88911,290.0
Truck88912,290.0
Truck88913,290.0
Truck88891,348.0
Truck88892,345.0
Truck88914,290.0
Truck88915,290.0
Truck88901,328.0
Truck88916,290.0
Truck88917,290.0
Truck88910,309.0
Truck88919,290.0
Truck88920,290.0
Truck88902,337.0
Truck88922,290.0
Truck88923,290.0
Truck88924,290.0
Truck88925,290.0
Truck88883,397.0
Truck88880,403.0
Truck88926,290.0
Truck88908,338.0
Truck88928,290.0
Truck88900,361.0
Truck88921,312.0
Truck88931,290.0
Truck88918,324.0
Truck88932,290.0
Truck88904,363.0
Truck88934,290.0
Truck88935,290.0
Truck88936,290.0
Truck88938,290.0
Truck88939,290.0
Truck88940,290.0
Truck88941,290.0
Truck88930,319.0
Truck88942,290.0
Truck88943,290.0
Truck88946,290.0
Truck88947,290.0
Truck88948,290.0
Truck88949,290.0
Truck88950,290.0
Truck88951,290.0
Truck88929,351.0
Truck88945,313.0
Truck88954,290.0
Truck88955,290.0
Truck88927,361.0
Truck88933,349.0
Truck88956,290.0
Truck88957,290.0
Truck88959,290.0
Truck88960,290.0
Truck88961,290.0
Truck88953,313.0
Truck88944,335.0
Truck88962,290.0
Truck88963,290.0
Truck88964,290.0
Truck88965,290.0
Truck88937,370.0
Truck88969,290.0
Truck88971,290.0
Truck88952,340.0
Truck88972,290.0
Truck88973,290.0
Truck88967,307.0
Truck88975,290.0
Truck88979,290.0
Truck88966,325.0
Truck88981,290.0
Truck88983,290.0
Truck88985,290.0
Truck88986,290.0
Truck88968,338.0
Truck88989,290.0
Truck88980,313.0
Truck88958,369.0
Truck88990,290.0
Truck88991,290.0
Truck88970,345.0
Truck88992,290.0
Truck88993,290.0
Truck88994,290.0
Truck88995,290.0
Truck88984,318.0
Truck88978,335.0
Truck88996,290.0
Truck88997,290.0
Truck88976,341.0
Truck88999,290.0
Truck89000,290.0
Truck89001,290.0
Truck89002,290.0
Truck88974,364.0
Truck89004,290.0
Truck89006,290.0
Truck89007,290.0
Truck88982,352.0
Truck88987,344.0
Truck89009,290.0
Truck89010,290.0
Truck89011,290.0
Truck89003,315.0
Truck89014,290.0
Truck89015,290.0
Truck89016,290.0
Truck89018,290.0
Truck89019,290.0
Truck88998,343.0
Truck89020,290.0
Truck89005,335.0
Truck89022,290.0
Truck89023,290.0
Truck89017,306.0
Truck88977,407.0
Truck89012,317.0
Truck89024,290.0
Truck89025,290.0
Truck89026,290.0
Truck89027,290.0
Truck89029,290.0
Truck89008,344.0
Truck89030,290.0
Truck89031,290.0
Truck89032,290.0
Truck89034,290.0
Truck89035,290.0
Truck89013,348.0
Truck89036,290.0
Truck89037,290.0
Truck89039,290.0
Truck89040,290.0
Truck89044,290.0
Truck89045,290.0
Truck88988,432.0
Truck89021,352.0
Truck89046,290.0
Truck89028,340.0
Truck89033,330.0
Truck89041,310.0
Truck89049,290.0
Truck89050,290.0
Truck89051,290.0
Truck89052,290.0
Truck89053,290.0
Truck89054,290.0
Truck89055,290.0
Truck89056,290.0
Truck89058,290.0
Truck89042,331.0
Truck89060,290.0
Truck89061,290.0
Truck89062,290.0
Truck89063,290.0
Truck89064,290.0
Truck89065,290.0
Truck89066,290.0
Truck89067,290.0
Truck89069,290.0
Truck89038,368.0
Truck89070,290.0
Truck89071,290.0
Truck89072,290.0
Truck89073,290.0
Truck89043,367.0
Truck89074,290.0
Truck89075,290.0
Truck89057,340.0
Truck89076,290.0
Truck89077,290.0
Truck89078,290.0
Truck89079,290.0
Truck89081,290.0
Truck89048,373.0
Truck89082,290.0
Truck89083,290.0
Truck89047,385.0
Truck89084,290.0
Truck89085,290.0
Truck89068,333.0
Truck89086,290.0
Truck89087,290.0
Truck89088,290.0
Truck89059,368.0
Truck89080,314.0
Truck89092,290.0
Truck89093,290.0
Truck89095,290.0
Truck89096,290.0
Truck89098,290.0
Truck89100,290.0
Truck89101,290.0
Truck89094,308.0
Truck89102,290.0
Truck89103,290.0
Truck89106,290.0
Truck89107,290.0
Truck89109,290.0
Truck89090,340.0
Truck89110,290.0
Truck89111,290.0
Truck89112,290.0
Truck89091,346.0
Truck89114,290.0
Truck89099,332.0
Truck89104,318.0
Truck89116,290.0
Truck89089,361.0
Truck89118,290.0
Truck89119,290.0
Truck89120,290.0
Truck89105,333.0
Truck89122,290.0
Truck89124,290.0
Truck89125,290.0
Truck89126,290.0
Truck89127,290.0
Truck89097,367.0
Truck89128,290.0
Truck89129,290.0
Truck89130,290.0
Truck89131,290.0
Truck89108,348.0
Truck89132,290.0
Truck89133,290.0
Truck89134,290.0
Truck89135,290.0
Truck89136,290.0
Truck89115,347.0
Truck89138,290.0
Truck89121,338.0
Truck89141,290.0
Truck89117,352.0
Truck89113,365.0
Truck89142,290.0
Truck89144,290.0
Truck89145,290.0
Truck89146,290.0
Truck89147,290.0
Truck89123,354.0
Truck89149,290.0
Truck89150,290.0
Truck89153,290.0
Truck89139,326.0
Truck89154,290.0
Truck89155,290.0
Truck89140,327.0
Truck89158,290.0
Truck89160,290.0
Truck89161,290.0
Truck89143,337.0
Truck89162,290.0
Truck89163,290.0
Truck89280,290.0
Truck89282,290.0
Truck89283,290.0
Truck89284,290.0
Truck89285,290.0
Truck89286,290.0
Truck89287,290.0
Truck89288,290.0
Truck89289,290.0
Truck89290,290.0
Truck89291,290.0
Truck89292,290.0
Truck89293,290.0
Truck89295,290.0
Truck89281,328.0
Truck89296,290.0
Truck89297,290.0
Truck89298,290.0
Truck89299,290.0
Truck89300,290.0
Truck89301,290.0
Truck89302,290.0
Truck89303,290.0
Truck89304,290.0
Truck89305,290.0
Truck89306,290.0
Truck89307,290.0
Truck89308,290.0
Truck89309,290.0
Truck89310,290.0
Truck89311,290.0
Truck89312,290.0
Truck89314,290.0
Truck89315,290.0
Truck89316,290.0
Truck89317,290.0
Truck89318,290.0
Truck89319,290.0
Truck89313,309.0
Truck89320,290.0
Truck89322,290.0
Truck89323,290.0
Truck89294,365.0
Truck89325,290.0
Truck89326,290.0
Truck89328,290.0
Truck89329,290.0
Truck89331,290.0
Truck89332,290.0
Truck89334,290.0
Truck89335,290.0
Truck89336,290.0
Truck89333,305.0
Truck89338,290.0
Truck89340,290.0
Truck89341,290.0
Truck89342,290.0
Truck89343,290.0
Truck89344,290.0
Truck89327,339.0
Truck89348,290.0
Truck89349,290.0
Truck89324,351.0
Truck89330,338.0
Truck89321,364.0
Truck89351,290.0
Truck89353,290.0
Truck89354,290.0
Truck89355,290.0
Truck89337,336.0
Truck89356,290.0
Truck89357,290.0
Truck89358,290.0
Truck89359,290.0
Truck89347,322.0
Truck89360,290.0
Truck89361,290.0
Truck89364,290.0
Truck89367,290.0
Truck89339,361.0
Truck89368,290.0
Truck89346,349.0
Truck89370,290.0
Truck89371,290.0
Truck89352,339.0
Truck89372,290.0
Truck89373,290.0
Truck89362,320.0
Truck89365,315.0
Truck89375,290.0
Truck89363,322.0
Truck89369,308.0
Truck89376,290.0
Truck89377,290.0
Truck89378,290.0
Truck89379,290.0
Truck89345,378.0
Truck89381,290.0
Truck89384,290.0
Truck89386,290.0
Truck89387,290.0
Truck89388,290.0
Truck89389,290.0
Truck89390,290.0
Truck89391,290.0
Truck89392,290.0
Truck89393,290.0
Truck89394,290.0
Truck89395,290.0
Truck89396,290.0
Truck89397,290.0
Truck89399,290.0
Truck89374,352.0
Truck89400,290.0
Truck89401,290.0
Truck89402,290.0
Truck89403,290.0
Truck89350,424.0
Truck89404,290.0
Truck89405,290.0
Truck89382,347.0
Truck89406,290.0
Truck89407,290.0
Truck89408,290.0
Truck89409,290.0
Truck89366,397.0
Truck89383,357.0
Truck89410,290.0
Truck89411,290.0
Truck89398,321.0
Truck89385,357.0
Truck89412,290.0
Truck89413,290.0
Truck89414,290.0
Truck89415,290.0
Truck89417,290.0
Truck89418,290.0
Truck89419,290.0
Truck89420,290.0
Truck89422,290.0
Truck89423,290.0
Truck89424,290.0
Truck89425,290.0
Truck89380,402.0
Truck89427,290.0
Truck89428,290.0
Truck89429,290.0
Truck89433,290.0
Truck89416,332.0
Truck89434,290.0
Truck89435,290.0
Truck89436,290.0
Truck89437,290.0
Truck89439,290.0
Truck89426,321.0
Truck89440,290.0
Truck89441,290.0
Truck89442,290.0
Truck89443,290.0
Truck89431,332.0
Truck89430,335.0
Truck89448,290.0
Truck89449,290.0
Truck89450,290.0
Truck89452,290.0
Truck89453,290.0
Truck89444,313.0
Truck89438,330.0
Truck89454,290.0
Truck89455,290.0
Truck89432,346.0
Truck89421,378.0
Truck89457,290.0
Truck89445,321.0
Truck89458,290.0
Truck89459,290.0
Truck89460,290.0
Truck89461,290.0
Truck89462,290.0
Truck89463,290.0
Truck89464,290.0
Truck89465,290.0
Truck89466,290.0
Truck89467,290.0
Truck89446,347.0
Truck89470,290.0
Truck89473,290.0
Truck89447,364.0
Truck89476,290.0
Truck89477,290.0
Truck89456,345.0
Truck89479,290.0
Truck89451,364.0
Truck89469,319.0
Truck89468,320.0
Truck89480,290.0
Truck89481,290.0
Truck89482,290.0
Truck89471,322.0
Truck89486,290.0
Truck89472,329.0
Truck89488,290.0
Truck89489,290.0
Truck89475,326.0
Truck89474,327.0
Truck89490,290.0
Truck89492,290.0
Truck89493,290.0
Truck89494,290.0
Truck89495,290.0
Truck89497,290.0
Truck89484,321.0
Truck89498,290.0
Truck89499,290.0
Truck89491,312.0
Truck89500,290.0
Truck89501,290.0
Truck89478,347.0
Truck89502,290.0
Truck89503,290.0
Truck89483,342.0
Truck89504,290.0
Truck89505,290.0
Truck89485,345.0
Truck89506,290.0
Truck89508,290.0
Truck89511,290.0
Truck89512,290.0
Truck89513,290.0
Truck89496,333.0
Truck89515,290.0
Truck89516,290.0
Truck89517,290.0
Truck89507,322.0
Truck89520,290.0
Truck89521,290.0
Truck89523,290.0
Truck89524,290.0
Truck89525,290.0
Truck89527,290.0
Truck89487,391.0
Truck89528,290.0
Truck89529,290.0
Truck89519,318.0
Truck89531,290.0
Truck89532,290.0
Truck89533,290.0
Truck89509,353.0
Truck89510,353.0
Truck89526,318.0
Truck89538,290.0
Truck89539,290.0
Truck89522,335.0
Truck89540,290.0
Truck89541,290.0
Truck89518,346.0
Truck89542,290.0
Truck89543,290.0
Truck89530,321.0
Truck89514,366.0
Truck89546,290.0
Truck89547,290.0
Truck89549,290.0
Truck89545,305.0
Truck89550,290.0
Truck89552,290.0
Truck89553,290.0
Truck89535,340.0
Truck89554,290.0
Truck89555,290.0
Truck89534,341.0
Truck89556,290.0
Truck89536,343.0
Truck89558,290.0
Truck89559,290.0
Truck89560,290.0
Truck89561,290.0
Truck89563,290.0
Truck89557,306.0
Truck89544,337.0
Truck89564,290.0
Truck89565,290.0
Truck89566,290.0
Truck89567,290.0
Truck89568,290.0
Truck89569,290.0
Truck89548,345.0
Truck89570,290.0
Truck89571,290.0
Truck89537,377.0
Truck89573,290.0
Truck89574,290.0
Truck89576,290.0
Truck89577,290.0
Truck89578,290.0
Truck89579,290.0
Truck89580,290.0
Truck89581,290.0
Truck89551,367.0
Truck89582,290.0
Truck89583,290.0
Truck89584,290.0
Truck89587,290.0
Truck89588,290.0
Truck89589,290.0
Truck89562,360.0
Truck89590,290.0
Truck89591,290.0
Truck89592,290.0
Truck89593,290.0
Truck89595,290.0
Truck89596,290.0
Truck89597,290.0
Truck89598,290.0
Truck89599,290.0
Truck89600,290.0
Truck89601,290.0
Truck89575,359.0
Truck89602,290.0
Truck89604,290.0
Truck89605,290.0
Truck89606,290.0
Truck89607,290.0
Truck89585,347.0
Truck89586,345.0
Truck89608,290.0
Truck89609,290.0
Truck89594,328.0
Truck89611,290.0
Truck89603,314.0
Truck89612,290.0
Truck89613,290.0
Truck89616,290.0
Truck89617,290.0
Truck89618,290.0
Truck89619,290.0
Truck89572,407.0
Truck89610,313.0
Truck89622,290.0
Truck89624,290.0
Truck89626,290.0
Truck89629,290.0
Truck89614,329.0
Truck89631,290.0
Truck89632,290.0
Truck89635,290.0
Truck89620,329.0
Truck89636,290.0
Truck89637,290.0
Truck89625,324.0
Truck89638,290.0
Truck89641,290.0
Truck89628,321.0
Truck89621,342.0
Truck89642,290.0
Truck89643,290.0
Truck89644,290.0
Truck89645,290.0
Truck89634,320.0
Truck89646,290.0
Truck89647,290.0
Truck89627,341.0
Truck89648,290.0
Truck89649,290.0
Truck89640,311.0
Truck89650,290.0
Truck89651,290.0
Truck89639,322.0
Truck89652,290.0
Truck89653,290.0
Truck89623,370.0
Truck89655,290.0
Truck89615,395.0
Truck89656,290.0
Truck89658,290.0
Truck89659,290.0
Truck89630,365.0
Truck89660,290.0
Truck89662,290.0
Truck89663,290.0
Truck89665,290.0
Truck89633,374.0
Truck89666,290.0
Truck89667,290.0
Truck89668,290.0
Truck89669,290.0
Truck89657,321.0
Truck89671,290.0
Truck89672,290.0
Truck89673,290.0
Truck89654,340.0
Truck89674,290.0
Truck89675,290.0
Truck89676,290.0
Truck89677,290.0
Truck89678,290.0
Truck89681,290.0
Truck89661,345.0
Truck89664,335.0
Truck89682,290.0
Truck89683,290.0
Truck89685,290.0
Truck89670,334.0
Truck89688,290.0
Truck89690,290.0
Truck89691,290.0
Truck89692,290.0
Truck89693,290.0
Truck89694,290.0
Truck89695,290.0
Truck89684,318.0
Truck89696,290.0
Truck89697,290.0
Truck89699,290.0
Truck89680,340.0
Truck89689,320.0
Truck89701,290.0
Truck89702,290.0
Truck89687,332.0
Truck89704,290.0
Truck89679,359.0
Truck89706,290.0
Truck89708,290.0
Truck89710,290.0
Truck89712,290.0
Truck89713,290.0
Truck89714,290.0
Truck89717,290.0
Truck89686,370.0
Truck89718,290.0
Truck89721,290.0
Truck89705,333.0
Truck89698,349.0
Truck89722,290.0
Truck89725,290.0
Truck89720,305.0
Truck89726,290.0
Truck89727,290.0
Truck89700,358.0
Truck89728,290.0
Truck89729,290.0
Truck89730,290.0
Truck89716,328.0
Truck89733,290.0
Truck89703,368.0
Truck89711,349.0
Truck89734,290.0
Truck89735,290.0
Truck89709,360.0
Truck89736,290.0
Truck89737,290.0
Truck89739,290.0
Truck89707,371.0
Truck89740,290.0
Truck89719,347.0
Truck89732,313.0
Truck89723,340.0
Truck89742,290.0
Truck89743,290.0
Truck89724,338.0
Truck89744,290.0
Truck89745,290.0
Truck89746,290.0
Truck89747,290.0
Truck89749,290.0
Truck89752,290.0
Truck89753,290.0
Truck89755,290.0
Truck89741,326.0
Truck89756,290.0
Truck89757,290.0
Truck89715,400.0
Truck89758,290.0
Truck89738,341.0
Truck89731,365.0
Truck89750,320.0
Truck89762,290.0
Truck89765,290.0
Truck89766,290.0
Truck89767,290.0
Truck89761,307.0
Truck89768,290.0
Truck89769,290.0
Truck89770,290.0
Truck89771,290.0
Truck89748,347.0
Truck89772,290.0
Truck89773,290.0
Truck89775,290.0
Truck89776,290.0
Truck89777,290.0
Truck89778,290.0
Truck89779,290.0
Truck89780,290.0
Truck89763,339.0
Truck89760,345.0
Truck89783,290.0
Truck89784,290.0
Truck89788,290.0
Truck89789,290.0
Truck89782,306.0
Truck89759,374.0
Truck89792,290.0
Truck89793,290.0
Truck89764,363.0
Truck89751,405.0
Truck89796,290.0
Truck89797,290.0
Truck89799,290.0
Truck89781,338.0
Truck89803,290.0
Truck89786,331.0
Truck89794,317.0
Truck89806,290.0
Truck89807,290.0
Truck89754,422.0
Truck89798,314.0
Truck89790,335.0
Truck89808,290.0
Truck89810,290.0
Truck89811,290.0
Truck89804,306.0
Truck89805,310.0
Truck89812,290.0
Truck89813,290.0
Truck89791,349.0
Truck89814,290.0
Truck89787,364.0
Truck89795,344.0
Truck89816,290.0
Truck89817,290.0
Truck89774,399.0
Truck89818,290.0
Truck89820,290.0
Truck89823,290.0
Truck89824,290.0
Truck89825,290.0
Truck89826,290.0
Truck89827,290.0
Truck89802,352.0
Truck89809,339.0
Truck89828,290.0
Truck89829,290.0
Truck89800,366.0
Truck89832,290.0
Truck89833,290.0
Truck89801,373.0
Truck89834,290.0
Truck89835,290.0
Truck89836,290.0
Truck89837,290.0
Truck89785,421.0
Truck89831,308.0
Truck89838,290.0
Truck89839,290.0
Truck89841,290.0
Truck89819,347.0
Truck89842,290.0
Truck89815,365.0
Truck89844,290.0
Truck89845,290.0
Truck89846,290.0
Truck89847,290.0
Truck89848,290.0
Truck89849,290.0
Truck89851,290.0
Truck89852,290.0
Truck89853,290.0
Truck89840,324.0
Truck89855,290.0
Truck89822,372.0
Truck89856,290.0
Truck89857,290.0
Truck89858,290.0
Truck89859,290.0
Truck89860,290.0
Truck89861,290.0
Truck89850,317.0
Truck89843,338.0
Truck89863,290.0
Truck89821,397.0
Truck89864,290.0
Truck89830,379.0
Truck89866,290.0
Truck89862,305.0
Truck89868,290.0
Truck89869,290.0
Truck89870,290.0
Truck89854,335.0
Truck89873,290.0
Truck89874,290.0
Truck89867,314.0
Truck89876,290.0
Truck89878,290.0
Truck89879,290.0
Truck89881,290.0
Truck89882,290.0
Truck89883,290.0
Truck89871,323.0
Truck89885,290.0
Truck89865,341.0
Truck89887,290.0
Truck89889,290.0
Truck89890,290.0
Truck89892,290.0
Truck89893,290.0
Truck89894,290.0
Truck89895,290.0
Truck89896,290.0
Truck89884,321.0
Truck89877,343.0
Truck89898,290.0
Truck89899,290.0
Truck89872,358.0
Truck89886,324.0
Truck89900,290.0
Truck89904,290.0
Truck89905,290.0
Truck89875,368.0
Truck89906,290.0
Truck89908,290.0
Truck89910,290.0
Truck89911,290.0
Truck89902,314.0
Truck89912,290.0
Truck89913,290.0
Truck89914,290.0
Truck89916,290.0
Truck89917,290.0
Truck89897,345.0
Truck89919,290.0
Truck89901,336.0
Truck89903,333.0
Truck89888,374.0
Truck89922,290.0
Truck89923,290.0
Truck89891,371.0
Truck89925,290.0
Truck89927,290.0
Truck89915,321.0
Truck89880,413.0
Truck89931,290.0
Truck89932,290.0
Truck89933,290.0
Truck89934,290.0
Truck89926,315.0
Truck89937,290.0
Truck89909,363.0
Truck89907,369.0
Truck89938,290.0
Truck89939,290.0
Truck89920,340.0
Truck89940,290.0
Truck89941,290.0
Truck89935,310.0
Truck89921,348.0
Truck89944,290.0
Truck89945,290.0
Truck89946,290.0
Truck89936,316.0
Truck89918,364.0
Truck89924,349.0
Truck89948,290.0
Truck89950,290.0
Truck89951,290.0
Truck89929,349.0
Truck89930,346.0
Truck89947,308.0
Truck89954,290.0
Truck89955,290.0
Truck89956,290.0
Truck89958,290.0
Truck89959,290.0
Truck89942,331.0
Truck89960,290.0
Truck89962,290.0
Truck89963,290.0
Truck89949,327.0
Truck89952,317.0
Truck89943,344.0
Truck89964,290.0
Truck89966,290.0
Truck89968,290.0
Truck89970,290.0
Truck89971,290.0
Truck89957,330.0
Truck89972,290.0
Truck89974,290.0
Truck89975,290.0
Truck89976,290.0
Truck89977,290.0
Truck89978,290.0
Truck89979,290.0
Truck89928,416.0
Truck89980,290.0
Truck89981,290.0
Truck89983,290.0
Truck89965,339.0
Truck89985,290.0
Truck89973,321.0
Truck89967,337.0
Truck89986,290.0
Truck89987,290.0
Truck89953,380.0
Truck89989,290.0
Truck89990,290.0
Truck89991,290.0
Truck89984,308.0
Truck89994,290.0
Truck89995,290.0
Truck89988,308.0
Truck89997,290.0
Truck89969,364.0
Truck89998,290.0
Truck89999,290.0
Truck90000,290.0
Truck90002,290.0
Truck90003,290.0
Truck90006,290.0
Truck90007,290.0
Truck89982,351.0
Truck89961,409.0
Truck90008,290.0
Truck90009,290.0
Truck89992,335.0
Truck90010,290.0
Truck90012,290.0
Truck90014,290.0
Truck90015,290.0
Truck89996,340.0
Truck90016,290.0
Truck90017,290.0
Truck90018,290.0
Truck90020,290.0
Truck90021,290.0
Truck89993,362.0
Truck90005,335.0
Truck90022,290.0
Truck90023,290.0
Truck90024,290.0
Truck90025,290.0
Truck90019,307.0
Truck90004,344.0
Truck90026,290.0
Truck90027,290.0
Truck90013,326.0
Truck90028,290.0
Truck90029,290.0
Truck90001,364.0
Truck90030,290.0
Truck90031,290.0
Truck90032,290.0
Truck90034,290.0
Truck90035,290.0
Truck90036,290.0
Truck90039,290.0
Truck90041,290.0
Truck90042,290.0
Truck90043,290.0
Truck90044,290.0
Truck90046,290.0
Truck90047,290.0
Truck90011,382.0
Truck90048,290.0
Truck90049,290.0
Truck90050,290.0
Truck90051,290.0
Truck90052,290.0
Truck90053,290.0
Truck90055,290.0
Truck90033,348.0
Truck90057,290.0
Truck90038,338.0
Truck90058,290.0
Truck90059,290.0
Truck90060,290.0
Truck90040,341.0
Truck90045,337.0
Truck90064,290.0
Truck90065,290.0
Truck90068,290.0
Truck90069,290.0
Truck90070,290.0
Truck90071,290.0
Truck90062,313.0
Truck90037,379.0
Truck90072,290.0
Truck90073,290.0
Truck90074,290.0
Truck90075,290.0
Truck90076,290.0
Truck90056,343.0
Truck90061,333.0
Truck90054,349.0
Truck90078,290.0
Truck90079,290.0
Truck90080,290.0
Truck90081,290.0
Truck90066,330.0
Truck90083,290.0
Truck90086,290.0
Truck90087,290.0
Truck90088,290.0
Truck90077,324.0
Truck90090,290.0
Truck90091,290.0
Truck90085,307.0
Truck90067,355.0
Truck90093,290.0
Truck90095,290.0
Truck90096,290.0
Truck90097,290.0
Truck90084,325.0
Truck90098,290.0
Truck90099,290.0
Truck90089,320.0
Truck90100,290.0
Truck90101,290.0
Truck90092,315.0
Truck90102,290.0
Truck90103,290.0
Truck90104,290.0
Truck90105,290.0
Truck90107,290.0
Truck90108,290.0
Truck90109,290.0
Truck90082,360.0
Truck90110,290.0
Truck90111,290.0
Truck90113,290.0
Truck90114,290.0
Truck90115,290.0
Truck90063,425.0
Truck90116,290.0
Truck90117,290.0
Truck90119,290.0
Truck90121,290.0
Truck90094,362.0
Truck90125,290.0
Truck90126,290.0
Truck90127,290.0
Truck90129,290.0
Truck90112,333.0
Truck90106,350.0
Truck90130,290.0
Truck90131,290.0
Truck90120,317.0
Truck90132,290.0
Truck90133,290.0
Truck90134,290.0
Truck90135,290.0
Truck90122,322.0
Truck90137,290.0
Truck90138,290.0
Truck90139,290.0
Truck90140,290.0
Truck90141,290.0
Truck90123,336.0
Truck90124,336.0
Truck90145,290.0
Truck90128,335.0
Truck90148,290.0
Truck90149,290.0
Truck90143,307.0
Truck90150,290.0
Truck90152,290.0
Truck90153,290.0
Truck90154,290.0
Truck90146,311.0
Truck90156,290.0
Truck90157,290.0
Truck90144,322.0
Truck90159,290.0
Truck90160,290.0
Truck90161,290.0
Truck90136,353.0
Truck90162,290.0
Truck90163,290.0
Truck90147,332.0
Truck90164,290.0
Truck90142,348.0
Truck90166,290.0
Truck90167,290.0
Truck90168,290.0
Truck90151,337.0
Truck90171,290.0
Truck90118,421.0
Truck90172,290.0
Truck90173,290.0
Truck90174,290.0
Truck90175,290.0
Truck90158,340.0
Truck90178,290.0
Truck90179,290.0
Truck90170,314.0
Truck90180,290.0
Truck90182,290.0
Truck90184,290.0
Truck90185,290.0
Truck90155,369.0
Truck90186,290.0
Truck90187,290.0
Truck90165,350.0
Truck90188,290.0
Truck90177,323.0
Truck90181,313.0
Truck90190,290.0
Truck90191,290.0
Truck90192,290.0
Truck90193,290.0
Truck90194,290.0
Truck90195,290.0
Truck90183,322.0
Truck90196,290.0
Truck90197,290.0
Truck90189,314.0
Truck90198,290.0
Truck90176,346.0
Truck90200,290.0
Truck90201,290.0
Truck90202,290.0
Truck90204,290.0
Truck90205,290.0
Truck90169,385.0
Truck90206,290.0
Truck90207,290.0
Truck90209,290.0
Truck90210,290.0
Truck90211,290.0
Truck90212,290.0
Truck90214,290.0
Truck90208,308.0
Truck90216,290.0
Truck90217,290.0
Truck90218,290.0
Truck90220,290.0
Truck90221,290.0
Truck90222,290.0
Truck90225,290.0
Truck90215,320.0
Truck90228,290.0
Truck90230,290.0
Truck90224,310.0
Truck90232,290.0
Truck90233,290.0
Truck90213,349.0
Truck90226,314.0
Truck90236,290.0
Truck90237,290.0
Truck90231,309.0
Truck90238,290.0
Truck90223,331.0
Truck90240,290.0
Truck90229,321.0
Truck90199,397.0
Truck90243,290.0
Truck90219,352.0
Truck90244,290.0
Truck90234,319.0
Truck90246,290.0
Truck90248,290.0
Truck90249,290.0
Truck90203,410.0
Truck90251,290.0
Truck90227,355.0
Truck90252,290.0
Truck90235,340.0
Truck90255,290.0
Truck90250,305.0
Truck90256,290.0
Truck90257,290.0
Truck90239,342.0
Truck90260,290.0
Truck90262,290.0
Truck90259,305.0
Truck90265,290.0
Truck90241,351.0
Truck90266,290.0
Truck90261,312.0
Truck90270,290.0
Truck90271,290.0
Truck90273,290.0
Truck90263,318.0
Truck90275,290.0
Truck90258,332.0
Truck90264,318.0
Truck90245,370.0
Truck90277,290.0
Truck90278,290.0
Truck90279,290.0
Truck90247,375.0
Truck90280,290.0
Truck90281,290.0
Truck90253,361.0
Truck90242,389.0
Truck90254,359.0
Truck90282,290.0
Truck90283,290.0
Truck90284,290.0
Truck90285,290.0
Truck90274,318.0
Truck90289,290.0
Truck90268,344.0
Truck90272,334.0
Truck90290,290.0
Truck90291,290.0
Truck90267,354.0
Truck90269,349.0
Truck90292,290.0
Truck90293,290.0
Truck90295,290.0
Truck90276,337.0
Truck90296,290.0
Truck90298,290.0
Truck90300,290.0
Truck90301,290.0
Truck90303,290.0
Truck90288,330.0
Truck90304,290.0
Truck90305,290.0
Truck90287,340.0
Truck90306,290.0
Truck90308,290.0
Truck90310,290.0
Truck90311,290.0
Truck90312,290.0
Truck90313,290.0
Truck90314,290.0
Truck90316,290.0
Truck90317,290.0
Truck90318,290.0
Truck90297,346.0
Truck90320,290.0
Truck90321,290.0
Truck90302,338.0
Truck90322,290.0
Truck90323,290.0
Truck90324,290.0
Truck90294,366.0
Truck90286,393.0
Truck90328,290.0
Truck90329,290.0
Truck90331,290.0
Truck90309,346.0
Truck90332,290.0
Truck90333,290.0
Truck90315,337.0
Truck90326,307.0
Truck90334,290.0
Truck90335,290.0
Truck90336,290.0
Truck90337,290.0
Truck90307,366.0
Truck90339,290.0
Truck90325,326.0
Truck90341,290.0
Truck90342,290.0
Truck90343,290.0
Truck90299,404.0
Truck90344,290.0
Truck90345,290.0
Truck90330,327.0
Truck90319,362.0
Truck90348,290.0
Truck90349,290.0
Truck90327,348.0
Truck90350,290.0
Truck90351,290.0
Truck90352,290.0
Truck90353,290.0
Truck90354,290.0
Truck90355,290.0
Truck90338,334.0
Truck90358,290.0
Truck90360,290.0
Truck90346,326.0
Truck90347,330.0
Truck90363,290.0
Truck90340,350.0
Truck90365,290.0
Truck90366,290.0
Truck90367,290.0
Truck90368,290.0
Truck90369,290.0
Truck90371,290.0
Truck90359,324.0
Truck90372,290.0
Truck90373,290.0
Truck90374,290.0
Truck90375,290.0
Truck90377,290.0
Truck90378,290.0
Truck90380,290.0
Truck90382,290.0
Truck90383,290.0
Truck90362,343.0
Truck90361,349.0
Truck90385,290.0
Truck90356,362.0
Truck90387,290.0
Truck90364,349.0
Truck90381,312.0
Truck90391,290.0
Truck90379,324.0
Truck90370,347.0
Truck90394,290.0
Truck90395,290.0
Truck90397,290.0
Truck90398,290.0
Truck90399,290.0
Truck90400,290.0
Truck90401,290.0
Truck90357,401.0
Truck90403,290.0
Truck90396,307.0
Truck90404,290.0
Truck90405,290.0
Truck90389,335.0
Truck90407,290.0
Truck90386,342.0
Truck90408,290.0
Truck90409,290.0
Truck90388,343.0
Truck90384,354.0
Truck90410,290.0
Truck90393,336.0
Truck90390,342.0
Truck90412,290.0
Truck90406,308.0
Truck90414,290.0
Truck90415,290.0
Truck90417,290.0
Truck90402,328.0
Truck90418,290.0
Truck90419,290.0
Truck90420,290.0
Truck90421,290.0
Truck90376,401.0
Truck90423,290.0
Truck90425,290.0
Truck90392,375.0
Truck90416,315.0
Truck90426,290.0
Truck90427,290.0
Truck90428,290.0
Truck90429,290.0
Truck90430,290.0
Truck90431,290.0
Truck90424,307.0
Truck90422,314.0
Truck90432,290.0
Truck90433,290.0
Truck90434,290.0
Truck90435,290.0
Truck90436,290.0
Truck90437,290.0
Truck90439,290.0
Truck90440,290.0
Truck90442,290.0
Truck90411,375.0
Truck90444,290.0
Truck90445,290.0
Truck90447,290.0
Truck90413,376.0
Truck90448,290.0
Truck90449,290.0
Truck90450,290.0
Truck90451,290.0
Truck90446,310.0
Truck90454,290.0
Truck90456,290.0
Truck90458,290.0
Truck90452,309.0
Truck90438,345.0
Truck90460,290.0
Truck90461,290.0
Truck90462,290.0
Truck90464,290.0
Truck90465,290.0
Truck90466,290.0
Truck90467,290.0
Truck90468,290.0
Truck90469,290.0
Truck90443,360.0
Truck90470,290.0
Truck90457,329.0
Truck90472,290.0
Truck90441,374.0
Truck90475,290.0
Truck90455,342.0
Truck90476,290.0
Truck90477,290.0
Truck90478,290.0
Truck90479,290.0
Truck90459,341.0
Truck90480,290.0
Truck90463,338.0
Truck90482,290.0
Truck90453,366.0
Truck90485,290.0
Truck90474,317.0
Truck90486,290.0
Truck90489,290.0
Truck90491,290.0
Truck90492,290.0
Truck90494,290.0
Truck90495,290.0
Truck90496,290.0
Truck90497,290.0
Truck90481,334.0
Truck90498,290.0
Truck90499,290.0
Truck90471,366.0
Truck90483,340.0
Truck90502,290.0
Truck90503,290.0
Truck90504,290.0
Truck90506,290.0
Truck90507,290.0
Truck90508,290.0
Truck90509,290.0
Truck90473,385.0
Truck90490,340.0
Truck90513,290.0
Truck90487,356.0
Truck90493,344.0
Truck90516,290.0
Truck90517,290.0
Truck90518,290.0
Truck90519,290.0
Truck90510,311.0
Truck90484,378.0
Truck90520,290.0
Truck90521,290.0
Truck90501,342.0
Truck90522,290.0
Truck90523,290.0
Truck90500,348.0
Truck90524,290.0
Truck90525,290.0
Truck90526,290.0
Truck90527,290.0
Truck90505,348.0
Truck90512,330.0
Truck90528,290.0
Truck90529,290.0
Truck90530,290.0
Truck90511,341.0
Truck90515,335.0
Truck90533,290.0
Truck90535,290.0
Truck90488,410.0
Truck90536,290.0
Truck90537,290.0
Truck90540,290.0
Truck90541,290.0
Truck90531,320.0
Truck90542,290.0
Truck90543,290.0
Truck90534,311.0
Truck90544,290.0
Truck90545,290.0
Truck90539,307.0
Truck90546,290.0
Truck90547,290.0
Truck90551,290.0
Truck90553,290.0
Truck90532,343.0
Truck90554,290.0
Truck90556,290.0
Truck90514,396.0
Truck90558,290.0
Truck90559,290.0
Truck90560,290.0
Truck90538,346.0
Truck90562,290.0
Truck90563,290.0
Truck90564,290.0
Truck90565,290.0
Truck90566,290.0
Truck90550,331.0
Truck90568,290.0
Truck90569,290.0
Truck90570,290.0
Truck90572,290.0
Truck90573,290.0
Truck90555,336.0
Truck90574,290.0
Truck90577,290.0
Truck90548,365.0
Truck90578,290.0
Truck90579,290.0
Truck90552,357.0
Truck90571,314.0
Truck90581,290.0
Truck90583,290.0
Truck90549,376.0
Truck90586,290.0
Truck90587,290.0
Truck90561,358.0
Truck90589,290.0
Truck90590,290.0
Truck90567,353.0
Truck90592,290.0
Truck90593,290.0
Truck90575,338.0
Truck90595,290.0
Truck90576,337.0
Truck90557,400.0
Truck90600,290.0
Truck90601,290.0
Truck90582,338.0
Truck90602,290.0
Truck90603,290.0
Truck90588,327.0
Truck90585,339.0
Truck90604,290.0
Truck90606,290.0
Truck90607,290.0
Truck90594,322.0
Truck90608,290.0
Truck90591,340.0
Truck90610,290.0
Truck90611,290.0
Truck90596,334.0
Truck90614,290.0
Truck90615,290.0
Truck90616,290.0
Truck90617,290.0
Truck90580,383.0
Truck90618,290.0
Truck90619,290.0
Truck90597,346.0
Truck90599,346.0
Truck90622,290.0
Truck90623,290.0
Truck90598,354.0
Truck90625,290.0
Truck90605,342.0
Truck90609,333.0
Truck90627,290.0
Truck90628,290.0
Truck90629,290.0
Truck90621,315.0
Truck90630,290.0
Truck90632,290.0
Truck90633,290.0
Truck90584,412.0
Truck90634,290.0
Truck90635,290.0
Truck90612,346.0
Truck90613,354.0
Truck90638,290.0
Truck90640,290.0
Truck90641,290.0
Truck90642,290.0
Truck90643,290.0
Truck90644,290.0
Truck90626,337.0
Truck90646,290.0
Truck90647,290.0
Truck90648,290.0
Truck90649,290.0
Truck90636,324.0
Truck90650,290.0
Truck90651,290.0
Truck90624,358.0
Truck90653,290.0
Truck90654,290.0
Truck90655,290.0
Truck90639,334.0
Truck90656,290.0
Truck90657,290.0
Truck90658,290.0
Truck90660,290.0
Truck90661,290.0
Truck90662,290.0
Truck90620,399.0
Truck90631,375.0
Truck90664,290.0
Truck90665,290.0
Truck90666,290.0
Truck90667,290.0
Truck90669,290.0
Truck90670,290.0
Truck90671,290.0
Truck90637,376.0
Truck90672,290.0
Truck90673,290.0
Truck90675,290.0
Truck90645,368.0
Truck90676,290.0
Truck90677,290.0
Truck90678,290.0
Truck90679,290.0
Truck90680,290.0
Truck90681,290.0
Truck90682,290.0
Truck90652,370.0
Truck90684,290.0
Truck90685,290.0
Truck90668,335.0
Truck90686,290.0
Truck90687,290.0
Truck90689,290.0
Truck90690,290.0
Truck90692,290.0
Truck90659,379.0
Truck90694,290.0
Truck90696,290.0
Truck90697,290.0
Truck90674,348.0
Truck90699,290.0
Truck90688,319.0
Truck90700,290.0
Truck90701,290.0
Truck90683,337.0
Truck90702,290.0
Truck90704,290.0
Truck90705,290.0
Truck90706,290.0
Truck90707,290.0
Truck90708,290.0
Truck90709,290.0
Truck90710,290.0
Truck90711,290.0
Truck90693,338.0
Truck90713,290.0
Truck90715,290.0
Truck90663,421.0
Truck90716,290.0
Truck90718,290.0
Truck90719,290.0
Truck90691,361.0
Truck90721,290.0
Truck90722,290.0
Truck90695,364.0
Truck90698,365.0
Truck90728,290.0
Truck90729,290.0
Truck90730,290.0
Truck90731,290.0
Truck90732,290.0
Truck90733,290.0
Truck90724,313.0
Truck90734,290.0
Truck90735,290.0
Truck90736,290.0
Truck90737,290.0
Truck90714,349.0
Truck90738,290.0
Truck90739,290.0
Truck90720,340.0
Truck90740,290.0
Truck90741,290.0
Truck90723,337.0
Truck90742,290.0
Truck90743,290.0
Truck90727,334.0
Truck90744,290.0
Truck90745,290.0
Truck90746,290.0
Truck90747,290.0
Truck90717,368.0
Truck90712,379.0
Truck90749,290.0
Truck90750,290.0
Truck90751,290.0
Truck90752,290.0
Truck90753,290.0
Truck90703,418.0
Truck90756,290.0
Truck90757,290.0
Truck90758,290.0
Truck90759,290.0
Truck90726,372.0
Truck90760,290.0
Truck90761,290.0
Truck90762,290.0
Truck90763,290.0
Truck90764,290.0
Truck90765,290.0
Truck90767,290.0
Truck90769,290.0
Truck90725,405.0
Truck90770,290.0
Truck90771,290.0
Truck90754,333.0
Truck90773,290.0
Truck90774,290.0
Truck90775,290.0
Truck90748,363.0
Truck90755,348.0
Truck90778,290.0
Truck90780,290.0
Truck90781,290.0
Truck90785,290.0
Truck90786,290.0
Truck90787,290.0
Truck90789,290.0
Truck90790,290.0
Truck90791,290.0
Truck90777,330.0
Truck90784,310.0
Truck90792,290.0
Truck90793,290.0
Truck90795,290.0
Truck90768,356.0
Truck90776,338.0
Truck90782,325.0
Truck90796,290.0
Truck90797,290.0
Truck90766,366.0
Truck90798,290.0
Truck90800,290.0
Truck90801,290.0
Truck90802,290.0
Truck90803,290.0
Truck90772,366.0
Truck90804,290.0
Truck90805,290.0
Truck90799,306.0
Truck90806,290.0
Truck90807,290.0
Truck90808,290.0
Truck90783,360.0
Truck90812,290.0
Truck90813,290.0
Truck90815,290.0
Truck90817,290.0
Truck90818,290.0
Truck90819,290.0
Truck90820,290.0
Truck90788,374.0
Truck90822,290.0
Truck90816,309.0
Truck90794,365.0
Truck90824,290.0
Truck90811,330.0
Truck90826,290.0
Truck90827,290.0
Truck90809,342.0
Truck90825,305.0
Truck90830,290.0
Truck90831,290.0
Truck90779,425.0
Truck90832,290.0
Truck90834,290.0
Truck90836,290.0
Truck90837,290.0
Truck90838,290.0
Truck90839,290.0
Truck90810,361.0
Truck90840,290.0
Truck90841,290.0
Truck90814,356.0
Truck90842,290.0
Truck90828,329.0
Truck90846,290.0
Truck90847,290.0
Truck90829,338.0
Truck90835,323.0
Truck90848,290.0
Truck90849,290.0
Truck90821,365.0
Truck90850,290.0
Truck90851,290.0
Truck90852,290.0
Truck90853,290.0
Truck90845,311.0
Truck90833,345.0
Truck90854,290.0
Truck90855,290.0
Truck90844,317.0
Truck90856,290.0
Truck90823,379.0
Truck90858,290.0
Truck90859,290.0
Truck90860,290.0
Truck90862,290.0
Truck90863,290.0
Truck90865,290.0
Truck90871,290.0
Truck90873,290.0
Truck90875,290.0
Truck90869,309.0
Truck90876,290.0
Truck90877,290.0
Truck90843,379.0
Truck90878,290.0
Truck90879,290.0
Truck90857,348.0
Truck90880,290.0
Truck90861,341.0
Truck90882,290.0
Truck90884,290.0
Truck90887,290.0
Truck90867,341.0
Truck90888,290.0
Truck90889,290.0
Truck90890,290.0
Truck90891,290.0
Truck90864,357.0
Truck90892,290.0
Truck90893,290.0
Truck90895,290.0
Truck90874,342.0
Truck90896,290.0
Truck90897,290.0
Truck90898,290.0
Truck90899,290.0
Truck90883,331.0
Truck90866,372.0
Truck90868,367.0
Truck90900,290.0
Truck90901,290.0
Truck90902,290.0
Truck90904,290.0
Truck90905,290.0
Truck90907,290.0
Truck90870,383.0
Truck90886,343.0
Truck90894,324.0
Truck90881,360.0
Truck90908,290.0
Truck90909,290.0
Truck90885,354.0
Truck90910,290.0
Truck90911,290.0
Truck90903,313.0
Truck90913,290.0
Truck90914,290.0
Truck90915,290.0
Truck90872,397.0
Truck90916,290.0
Truck90917,290.0
Truck90918,290.0
Truck90919,290.0
Truck90912,308.0
Truck90920,290.0
Truck90921,290.0
Truck90906,330.0
Truck90923,290.0
Truck90924,290.0
Truck90925,290.0
Truck90926,290.0
Truck90927,290.0
Truck90929,290.0
Truck90930,290.0
Truck90931,290.0
Truck90933,290.0
Truck90934,290.0
Truck90936,290.0
Truck90937,290.0
Truck90938,290.0
Truck90939,290.0
Truck90940,290.0
Truck90928,323.0
Truck90943,290.0
Truck90944,290.0
Truck90945,290.0
Truck90922,346.0
Truck90946,290.0
Truck90947,290.0
Truck90948,290.0
Truck90949,290.0
Truck90932,333.0
Truck90950,290.0
Truck90952,290.0
Truck90953,290.0
Truck90954,290.0
Truck90955,290.0
Truck90957,290.0
Truck90935,348.0
Truck90958,290.0
Truck90959,290.0
Truck90951,311.0
Truck90960,290.0
Truck90961,290.0
Truck90941,344.0
Truck90962,290.0
Truck90963,290.0
Truck90964,290.0
Truck90965,290.0
Truck90956,311.0
Truck90966,290.0
Truck90967,290.0
Truck90969,290.0
Truck90970,290.0
Truck90971,290.0
Truck90973,290.0
Truck90974,290.0
Truck90975,290.0
Truck90976,290.0
Truck90977,290.0
Truck90978,290.0
Truck90979,290.0
Truck90980,290.0
Truck90982,290.0
Truck90984,290.0
Truck90985,290.0
Truck90987,290.0
Truck90988,290.0
Truck90989,290.0
Truck90990,290.0
Truck90992,290.0
Truck90993,290.0
Truck90981,324.0
Truck90994,290.0
Truck90995,290.0
Truck90996,290.0
Truck90997,290.0
Truck90942,426.0
Truck90991,310.0
Truck90998,290.0
Truck90999,290.0
Truck91000,290.0
Truck91001,290.0
Truck90968,372.0
Truck91002,290.0
Truck91003,290.0
Truck90983,345.0
Truck91004,290.0
Truck91005,290.0
Truck91006,290.0
Truck91007,290.0
Truck91009,290.0
Truck91011,290.0
Truck90972,386.0
Truck91013,290.0
Truck91014,290.0
Truck91015,290.0
Truck90986,362.0
Truck91016,290.0
Truck91017,290.0
Truck91018,290.0
Truck91019,290.0
Truck91020,290.0
Truck91022,290.0
Truck91023,290.0
Truck91008,328.0
Truck91025,290.0
Truck91026,290.0
Truck91027,290.0
Truck91029,290.0
Truck91010,340.0
Truck91030,290.0
Truck91031,290.0
Truck91032,290.0
Truck91033,290.0
Truck91034,290.0
Truck91035,290.0
Truck91036,290.0
Truck91037,290.0
Truck91038,290.0
Truck91012,359.0
Truck91040,290.0
Truck91043,290.0
Truck91044,290.0
Truck91045,290.0
Truck91046,290.0
Truck91047,290.0
Truck91049,290.0
Truck91050,290.0
Truck91051,290.0
Truck91052,290.0
Truck91053,290.0
Truck91054,290.0
Truck91024,366.0
Truck91039,333.0
Truck91056,290.0
Truck91057,290.0
Truck91058,290.0
Truck91059,290.0
Truck91021,386.0
Truck91041,336.0
Truck91060,290.0
Truck91028,373.0
Truck91063,290.0
Truck91064,290.0
Truck91065,290.0
Truck91066,290.0
Truck91067,290.0
Truck91069,290.0
Truck91070,290.0
Truck91071,290.0
Truck91073,290.0
Truck91042,368.0
Truck91048,353.0
Truck91075,290.0
Truck91076,290.0
Truck91079,290.0
Truck91062,331.0
Truck91080,290.0
Truck91081,290.0
Truck91061,341.0
Truck91068,322.0
Truck91082,290.0
Truck91084,290.0
Truck91085,290.0
Truck91055,369.0
Truck91089,290.0
Truck91091,290.0
Truck91077,327.0
Truck91092,290.0
Truck91093,290.0
Truck91095,290.0
Truck91072,349.0
Truck91096,290.0
Truck91097,290.0
Truck91078,337.0
Truck91098,290.0
Truck91100,290.0
Truck91101,290.0
Truck91074,358.0
Truck91090,319.0
Truck91102,290.0
Truck91104,290.0
Truck91105,290.0
Truck91083,348.0
Truck91087,339.0
Truck91106,290.0
Truck91107,290.0
Truck91086,341.0
Truck91088,337.0
Truck91108,290.0
Truck91109,290.0
Truck91110,290.0
Truck91112,290.0
Truck91114,290.0
Truck91115,290.0
Truck91117,290.0
Truck91118,290.0
Truck91119,290.0
Truck91103,334.0
Truck91099,345.0
Truck91120,290.0
Truck91121,290.0
Truck91111,320.0
Truck91123,290.0
Truck91094,362.0
Truck91124,290.0
Truck91126,290.0
Truck91127,290.0
Truck91128,290.0
Truck91129,290.0
Truck91116,323.0
Truck91130,290.0
Truck91131,290.0
Truck91133,290.0
Truck91134,290.0
Truck91135,290.0
Truck91137,290.0
Truck91139,290.0
Truck91140,290.0
Truck91141,290.0
Truck91142,290.0
Truck91113,368.0
Truck91144,290.0
Truck91145,290.0
Truck91147,290.0
Truck91148,290.0
Truck91149,290.0
Truck91151,290.0
Truck91132,336.0
Truck91125,359.0
Truck91122,365.0
Truck91153,290.0
Truck91154,290.0
Truck91155,290.0
Truck91136,339.0
Truck91156,290.0
Truck91157,290.0
Truck91158,290.0
Truck91159,290.0
Truck91138,343.0
Truck91160,290.0
Truck91161,290.0
Truck91163,290.0
Truck91164,290.0
Truck91165,290.0
Truck91167,290.0
Truck91168,290.0
Truck91169,290.0
Truck91143,357.0
Truck91170,290.0
Truck91171,290.0
Truck91152,339.0
Truck91172,290.0
Truck91173,290.0
Truck91175,290.0
Truck91176,290.0
Truck91177,290.0
Truck91178,290.0
Truck91179,290.0
Truck91180,290.0
Truck91181,290.0
Truck91146,376.0
Truck91162,338.0
Truck91182,290.0
Truck91183,290.0
Truck91184,290.0
Truck91185,290.0
Truck91186,290.0
Truck91189,290.0
Truck91166,346.0
Truck91150,389.0
Truck91193,290.0
Truck91194,290.0
Truck91195,290.0
Truck91197,290.0
Truck91187,318.0
Truck91198,290.0
Truck91199,290.0
Truck91200,290.0
Truck91203,290.0
Truck91204,290.0
Truck91205,290.0
Truck91174,368.0
Truck91206,290.0
Truck91207,290.0
Truck91209,290.0
Truck91210,290.0
Truck91211,290.0
Truck91196,327.0
Truck91213,290.0
Truck91190,348.0
Truck91214,290.0
Truck91215,290.0
Truck91217,290.0
Truck91218,290.0
Truck91219,290.0
Truck91220,290.0
Truck91221,290.0
Truck91201,341.0
Truck91222,290.0
Truck91223,290.0
Truck91224,290.0
Truck91225,290.0
Truck91208,334.0
Truck91226,290.0
Truck91227,290.0
Truck91188,386.0
Truck91229,290.0
Truck91191,391.0
Truck91216,326.0
Truck91232,290.0
Truck91233,290.0
Truck91202,367.0
Truck91237,290.0
Truck91239,290.0
Truck91212,360.0
Truck91240,290.0
Truck91241,290.0
Truck91192,415.0
Truck91242,290.0
Truck91243,290.0
Truck91245,290.0
Truck91230,326.0
Truck91231,328.0
Truck91235,320.0
Truck91246,290.0
Truck91247,290.0
Truck91236,318.0
Truck91249,290.0
Truck91228,342.0
Truck91234,327.0
Truck91250,290.0
Truck91251,290.0
Truck91253,290.0
Truck91244,314.0
Truck91255,290.0
Truck91238,331.0
Truck91257,290.0
Truck91258,290.0
Truck91261,290.0
Truck91263,290.0
Truck91248,330.0
Truck91265,290.0
Truck91256,311.0
Truck91266,290.0
Truck91252,329.0
Truck91268,290.0
Truck91269,290.0
Truck91260,316.0
Truck91262,311.0
Truck91254,332.0
Truck91267,305.0
Truck91273,290.0
Truck91274,290.0
Truck91276,290.0
Truck91277,290.0
Truck91278,290.0
Truck91279,290.0
Truck91259,341.0
Truck91281,290.0
Truck91282,290.0
Truck91283,290.0
Truck91284,290.0
Truck91285,290.0
Truck91264,343.0
Truck91286,290.0
Truck91288,290.0
Truck91289,290.0
Truck91290,290.0
Truck91271,341.0
Truck91292,290.0
Truck91272,343.0
Truck91287,308.0
Truck91270,349.0
Truck91294,290.0
Truck91295,290.0
Truck91296,290.0
Truck91297,290.0
Truck91298,290.0
Truck91300,290.0
Truck91301,290.0
Truck91302,290.0
Truck91303,290.0
Truck91291,324.0
Truck91304,290.0
Truck91305,290.0
Truck91306,290.0
Truck91275,374.0
Truck91308,290.0
Truck91309,290.0
Truck91280,362.0
Truck91310,290.0
Truck91311,290.0
Truck91312,290.0
Truck91313,290.0
Truck91314,290.0
Truck91315,290.0
Truck91316,290.0
Truck91319,290.0
Truck91320,290.0
Truck91322,290.0
Truck91323,290.0
Truck91293,367.0
Truck91324,290.0
Truck91307,340.0
Truck91326,290.0
Truck91328,290.0
Truck91329,290.0
Truck91317,321.0
Truck91321,315.0
Truck91331,290.0
Truck91332,290.0
Truck91333,290.0
Truck91327,306.0
Truck91334,290.0
Truck91336,290.0
Truck91337,290.0
Truck91338,290.0
Truck91339,290.0
Truck91318,345.0
Truck91340,290.0
Truck91299,397.0
Truck91342,290.0
Truck91343,290.0
Truck91344,290.0
Truck91346,290.0
Truck91348,290.0
Truck91349,290.0
Truck91330,340.0
Truck91325,358.0
Truck91335,333.0
Truck91353,290.0
Truck91354,290.0
Truck91355,290.0
Truck91347,314.0
Truck91358,290.0
Truck91360,290.0
Truck91341,342.0
Truck91364,290.0
Truck91366,290.0
Truck91367,290.0
Truck91359,311.0
Truck91368,290.0
Truck91369,290.0
Truck91362,306.0
Truck91350,339.0
Truck91356,324.0
Truck91351,343.0
Truck91372,290.0
Truck91373,290.0
Truck91361,323.0
Truck91345,364.0
Truck91365,314.0
Truck91374,290.0
Truck91375,290.0
Truck91363,324.0
Truck91376,290.0
Truck91357,341.0
Truck91371,309.0
Truck91378,290.0
Truck91379,290.0
Truck91381,290.0
Truck91352,364.0
Truck91382,290.0
Truck91383,290.0
Truck91385,290.0
Truck91387,290.0
Truck91389,290.0
Truck91390,290.0
Truck91391,290.0
Truck91392,290.0
Truck91393,290.0
Truck91370,347.0
Truck91394,290.0
Truck91395,290.0
Truck91386,311.0
Truck91388,309.0
Truck91396,290.0
Truck91397,290.0
Truck91398,290.0
Truck91399,290.0
Truck91401,290.0
Truck91402,290.0
Truck91403,290.0
Truck91377,361.0
Truck91406,290.0
Truck91407,290.0
Truck91400,307.0
Truck91409,290.0
Truck91410,290.0
Truck91413,290.0
Truck91384,361.0
Truck91414,290.0
Truck91415,290.0
Truck91380,377.0
Truck91417,290.0
Truck91419,290.0
Truck91405,326.0
Truck91420,290.0
Truck91421,290.0
Truck91423,290.0
Truck91424,290.0
Truck91425,290.0
Truck91408,335.0
Truck91412,325.0
Truck91426,290.0
Truck91427,290.0
Truck91404,346.0
Truck91428,290.0
Truck91429,290.0
Truck91430,290.0
Truck91431,290.0
Truck91432,290.0
Truck91433,290.0
Truck91434,290.0
Truck91435,290.0
Truck91416,339.0
Truck91422,325.0
Truck91436,290.0
Truck91437,290.0
Truck91438,290.0
Truck91439,290.0
Truck91440,290.0
Truck91443,290.0
Truck91444,290.0
Truck91445,290.0
Truck91411,379.0
Truck91446,290.0
Truck91447,290.0
Truck91448,290.0
Truck91449,290.0
Truck91450,290.0
Truck91453,290.0
Truck91454,290.0
Truck91455,290.0
Truck91456,290.0
Truck91457,290.0
Truck91458,290.0
Truck91459,290.0
Truck91442,333.0
Truck91460,290.0
Truck91461,290.0
Truck91462,290.0
Truck91463,290.0
Truck91465,290.0
Truck91418,408.0
Truck91466,290.0
Truck91469,290.0
Truck91441,364.0
Truck91472,290.0
Truck91473,290.0
Truck91474,290.0
Truck91475,290.0
Truck91467,312.0
Truck91476,290.0
Truck91477,290.0
Truck91478,290.0
Truck91479,290.0
Truck91480,290.0
Truck91481,290.0
Truck91482,290.0
Truck91483,290.0
Truck91464,338.0
Truck91471,323.0
Truck91485,290.0
Truck91486,290.0
Truck91487,290.0
Truck91452,378.0
Truck91488,290.0
Truck91489,290.0
Truck91491,290.0
Truck91493,290.0
Truck91494,290.0
Truck91496,290.0
Truck91497,290.0
Truck91498,290.0
Truck91492,308.0
Truck91468,369.0
Truck91451,415.0
Truck91500,290.0
Truck91484,332.0
Truck91502,290.0
Truck91503,290.0
Truck91504,290.0
Truck91505,290.0
Truck91470,376.0
Truck91506,290.0
Truck91490,334.0
Truck91509,290.0
Truck91510,290.0
Truck91501,319.0
Truck91512,290.0
Truck91513,290.0
Truck91495,340.0
Truck91515,290.0
Truck91516,290.0
Truck91517,290.0
Truck91518,290.0
Truck91507,324.0
Truck91499,345.0
Truck91520,290.0
Truck91521,290.0
Truck91522,290.0
Truck91511,324.0
Truck91524,290.0
Truck91514,317.0
Truck91527,290.0
Truck91528,290.0
Truck91529,290.0
Truck91530,290.0
Truck91531,290.0
Truck91533,290.0
Truck91508,353.0
Truck91519,329.0
Truck91523,319.0
Truck91534,290.0
Truck91536,290.0
Truck91538,290.0
Truck91526,323.0
Truck91540,290.0
Truck91541,290.0
Truck91542,290.0
Truck91545,290.0
Truck91546,290.0
Truck91547,290.0
Truck91535,323.0
Truck91539,314.0
Truck91549,290.0
Truck91525,353.0
Truck91550,290.0
Truck91551,290.0
Truck91552,290.0
Truck91554,290.0
Truck91555,290.0
Truck91557,290.0
Truck91559,290.0
Truck91537,350.0
Truck91560,290.0
Truck91561,290.0
Truck91543,336.0
Truck91532,362.0
Truck91553,315.0
Truck91563,290.0
Truck91544,339.0
Truck91565,290.0
Truck91556,311.0
Truck91566,290.0
Truck91568,290.0
Truck91569,290.0
Truck91570,290.0
Truck91571,290.0
Truck91548,349.0
Truck91572,290.0
Truck91573,290.0
Truck91574,290.0
Truck91575,290.0
Truck91578,290.0
Truck91579,290.0
Truck91580,290.0
Truck91581,290.0
Truck91582,290.0
Truck91583,290.0
Truck91562,345.0
Truck91584,290.0
Truck91585,290.0
Truck91564,341.0
Truck91586,290.0
Truck91587,290.0
Truck91588,290.0
Truck91589,290.0
Truck91590,290.0
Truck91591,290.0
Truck91592,290.0
Truck91593,290.0
Truck91567,358.0
Truck91558,379.0
Truck91595,290.0
Truck91577,337.0
Truck91596,290.0
Truck91597,290.0
Truck91598,290.0
Truck91599,290.0
Truck91600,290.0
Truck91601,290.0
Truck91576,355.0
Truck91602,290.0
Truck91603,290.0
Truck91604,290.0
Truck91606,290.0
Truck91607,290.0
Truck91608,290.0
Truck91609,290.0
Truck91610,290.0
Truck91612,290.0
Truck91613,290.0
Truck91605,311.0
Truck91615,290.0
Truck91616,290.0
Truck91617,290.0
Truck91618,290.0
Truck91619,290.0
Truck91620,290.0
Truck91621,290.0
Truck91611,319.0
Truck91622,290.0
Truck91623,290.0
Truck91614,314.0
Truck91624,290.0
Truck91626,290.0
Truck91594,375.0
Truck91629,290.0
Truck91630,290.0
Truck91631,290.0
Truck91632,290.0
Truck91633,290.0
Truck91635,290.0
Truck91636,290.0
Truck91637,290.0
Truck91625,323.0
Truck91638,290.0
Truck91639,290.0
Truck91640,290.0
Truck91641,290.0
Truck91642,290.0
Truck91643,290.0
Truck91628,327.0
Truck91644,290.0
Truck91646,290.0
Truck91647,290.0
Truck91649,290.0
Truck91627,347.0
Truck91654,290.0
Truck91634,343.0
Truck91648,312.0
Truck91658,290.0
Truck91659,290.0
Truck91661,290.0
Truck91655,306.0
Truck91653,315.0
Truck91651,323.0
Truck91664,290.0
Truck91657,314.0
Truck91667,290.0
Truck91660,306.0
Truck91669,290.0
Truck91663,313.0
Truck91672,290.0
Truck91650,347.0
Truck91665,312.0
Truck91652,345.0
Truck91674,290.0
Truck91675,290.0
Truck91645,366.0
Truck91676,290.0
Truck91677,290.0
Truck91678,290.0
Truck91679,290.0
Truck91668,320.0
Truck91680,290.0
Truck91681,290.0
Truck91682,290.0
Truck91683,290.0
Truck91666,335.0
Truck91685,290.0
Truck91670,327.0
Truck91686,290.0
Truck91688,290.0
Truck91689,290.0
Truck91656,373.0
Truck91690,290.0
Truck91691,290.0
Truck91692,290.0
Truck91693,290.0
Truck91695,290.0
Truck91662,375.0
Truck91696,290.0
Truck91697,290.0
Truck91699,290.0
Truck91701,290.0
Truck91671,369.0
Truck91673,364.0
Truck91702,290.0
Truck91703,290.0
Truck91704,290.0
Truck91705,290.0
Truck91684,345.0
Truck91706,290.0
Truck91709,290.0
Truck91710,290.0
Truck91711,290.0
Truck91694,335.0
Truck91714,290.0
Truck91715,290.0
Truck91708,308.0
Truck91716,290.0
Truck91717,290.0
Truck91700,332.0
Truck91720,290.0
Truck91721,290.0
Truck91722,290.0
Truck91723,290.0
Truck91687,383.0
Truck91724,290.0
Truck91725,290.0
Truck91698,357.0
Truck91726,290.0
Truck91729,290.0
Truck91730,290.0
Truck91731,290.0
Truck91732,290.0
Truck91733,290.0
Truck91707,358.0
Truck91712,345.0
Truck91727,310.0
Truck91734,290.0
Truck91735,290.0
Truck91713,346.0
Truck91736,290.0
Truck91737,290.0
Truck91738,290.0
Truck91739,290.0
Truck91719,341.0
Truck91740,290.0
Truck91741,290.0
Truck91742,290.0
Truck91743,290.0
Truck91746,290.0
Truck91747,290.0
Truck91728,339.0
Truck91718,365.0
Truck91748,290.0
Truck91749,290.0
Truck91752,290.0
Truck91753,290.0
Truck91755,290.0
Truck91756,290.0
Truck91745,328.0
Truck91761,290.0
Truck91762,290.0
Truck91763,290.0
Truck91764,290.0
Truck91766,290.0
Truck91767,290.0
Truck91768,290.0
Truck91769,290.0
Truck91770,290.0
Truck91771,290.0
Truck91751,344.0
Truck91772,290.0
Truck91773,290.0
Truck91775,290.0
Truck91744,366.0
Truck91758,331.0
Truck91777,290.0
Truck91759,340.0
Truck91760,335.0
Truck91778,290.0
Truck91779,290.0
Truck91750,363.0
Truck91780,290.0
Truck91781,290.0
Truck91783,290.0
Truck91784,290.0
Truck91785,290.0
Truck91754,368.0
Truck91757,365.0
Truck91786,290.0
Truck91787,290.0
Truck91788,290.0
Truck91789,290.0
Truck91791,290.0
Truck91776,326.0
Truck91792,290.0
Truck91794,290.0
Truck91796,290.0
Truck91798,290.0
Truck91774,355.0
Truck91800,290.0
Truck91801,290.0
Truck91802,290.0
Truck91803,290.0
Truck91782,341.0
Truck91765,390.0
Truck91804,290.0
Truck91805,290.0
Truck91797,313.0
Truck91806,290.0
Truck91808,290.0
Truck91809,290.0
Truck91811,290.0
Truck91812,290.0
Truck91813,290.0
Truck91814,290.0
Truck91793,346.0
Truck91816,290.0
Truck91817,290.0
Truck91799,337.0
Truck91818,290.0
Truck91819,290.0
Truck91820,290.0
Truck91821,290.0
Truck91810,318.0
Truck91822,290.0
Truck91823,290.0
Truck91790,372.0
Truck91825,290.0
Truck91807,336.0
Truck91826,290.0
Truck91827,290.0
Truck91828,290.0
Truck91829,290.0
Truck91830,290.0
Truck91831,290.0
Truck91824,307.0
Truck91834,290.0
Truck91795,394.0
Truck91836,290.0
Truck91839,290.0
Truck91841,290.0
Truck91842,290.0
Truck91843,290.0
Truck91845,290.0
Truck91835,316.0
Truck91846,290.0
Truck91847,290.0
Truck91815,373.0
Truck91848,290.0
Truck91849,290.0
Truck91850,290.0
Truck91852,290.0
Truck91837,334.0
Truck91855,290.0
Truck91857,290.0
Truck91832,352.0
Truck91838,337.0
Truck91851,307.0
Truck91859,290.0
Truck91833,358.0
Truck91861,290.0
Truck91844,331.0
Truck91862,290.0
Truck91858,305.0
Truck91865,290.0
Truck91866,290.0
Truck91868,290.0
Truck91869,290.0
Truck91870,290.0
Truck91871,290.0
Truck91872,290.0
Truck91875,290.0
Truck91860,327.0
Truck91854,345.0
Truck91876,290.0
Truck91877,290.0
Truck91879,290.0
Truck91880,290.0
Truck91840,393.0
Truck91883,290.0
Truck91884,290.0
Truck91885,290.0
Truck91886,290.0
Truck91887,290.0
Truck91888,290.0
Truck91889,290.0
Truck91873,331.0
Truck91864,352.0
Truck91890,290.0
Truck91891,290.0
Truck91856,378.0
Truck91892,290.0
Truck91893,290.0
Truck91874,338.0
Truck91863,371.0
Truck91896,290.0
Truck91897,290.0
Truck91898,290.0
Truck91899,290.0
Truck91900,290.0
Truck91867,376.0
Truck91853,412.0
Truck91881,345.0
Truck91902,290.0
Truck91906,290.0
Truck91894,325.0
Truck91908,290.0
Truck91909,290.0
Truck91895,328.0
Truck91910,290.0
Truck91911,290.0
Truck91882,362.0
Truck91913,290.0
Truck91878,379.0
Truck91914,290.0
Truck91915,290.0
Truck91919,290.0
Truck91901,339.0
Truck91920,290.0
Truck91921,290.0
Truck91907,328.0
Truck91922,290.0
Truck91904,336.0
Truck91924,290.0
Truck91925,290.0
Truck91903,350.0
Truck91926,290.0
Truck91927,290.0
Truck91928,290.0
Truck91916,325.0
Truck91930,290.0
Truck91931,290.0
Truck91917,326.0
Truck91918,323.0
Truck91932,290.0
Truck91933,290.0
Truck91934,290.0
Truck91935,290.0
Truck91923,323.0
Truck91912,353.0
Truck91938,290.0
Truck91939,290.0
Truck91942,290.0
Truck91943,290.0
Truck91944,290.0
Truck91945,290.0
Truck91905,393.0
Truck91947,290.0
Truck91929,339.0
Truck91948,290.0
Truck91949,290.0
Truck91950,290.0
Truck91951,290.0
Truck91941,317.0
Truck91952,290.0
Truck91936,333.0
Truck91954,290.0
Truck91956,290.0
Truck91957,290.0
Truck91958,290.0
Truck91955,305.0
Truck91960,290.0
Truck91961,290.0
Truck91962,290.0
Truck91963,290.0
Truck91937,360.0
Truck91965,290.0
Truck91966,290.0
Truck91967,290.0
Truck91968,290.0
Truck91969,290.0
Truck91970,290.0
Truck91971,290.0
Truck91972,290.0
Truck91973,290.0
Truck91974,290.0
Truck91975,290.0
Truck91946,361.0
Truck91977,290.0
Truck91940,381.0
Truck91959,337.0
Truck91978,290.0
Truck91979,290.0
Truck91980,290.0
Truck91981,290.0
Truck91983,290.0
Truck91953,369.0
Truck91964,340.0
Truck91984,290.0
Truck91986,290.0
Truck91987,290.0
Truck91976,319.0
Truck91988,290.0
Truck91989,290.0
Truck91990,290.0
Truck91991,290.0
Truck91992,290.0
Truck91995,290.0
Truck91996,290.0
Truck91999,290.0
Truck92000,290.0
Truck92003,290.0
Truck92005,290.0
Truck92006,290.0
Truck92007,290.0
Truck91985,346.0
Truck91997,318.0
Truck92008,290.0
Truck92009,290.0
Truck92010,290.0
Truck92011,290.0
Truck92012,290.0
Truck92013,290.0
Truck91998,329.0
Truck92015,290.0
Truck91994,345.0
Truck92017,290.0
Truck92002,327.0
Truck92018,290.0
Truck92020,290.0
Truck92023,290.0
Truck91993,376.0
Truck92028,290.0
Truck92029,290.0
Truck92001,361.0
Truck92030,290.0
Truck92031,290.0
Truck91982,415.0
Truck92032,290.0
Truck92033,290.0
Truck92035,290.0
Truck92025,319.0
Truck92027,314.0
Truck92036,290.0
Truck92037,290.0
Truck92016,345.0
Truck92019,340.0
Truck92038,290.0
Truck92039,290.0
Truck92004,377.0
Truck92040,290.0
Truck92041,290.0
Truck92026,328.0
Truck92042,290.0
Truck92014,361.0
Truck92021,346.0
Truck92024,337.0
Truck92163,290.0
Truck92165,290.0
Truck92166,290.0
Truck92167,290.0
Truck92168,290.0
Truck92171,290.0
Truck92172,290.0
Truck92173,290.0
Truck92174,290.0
Truck92175,290.0
Truck92161,327.0
Truck92162,322.0
Truck92178,290.0
Truck92179,290.0
Truck92160,337.0
Truck92181,290.0
Truck92182,290.0
Truck92183,290.0
Truck92184,290.0
Truck92169,331.0
Truck92176,316.0
Truck92188,290.0
Truck92164,352.0
Truck92190,290.0
Truck92191,290.0
Truck92192,290.0
Truck92186,309.0
Truck92194,290.0
Truck92195,290.0
Truck92196,290.0
Truck92197,290.0
Truck92180,336.0
Truck92170,364.0
Truck92200,290.0
Truck92193,311.0
Truck92203,290.0
Truck92204,290.0
Truck92205,290.0
Truck92185,341.0
Truck92189,333.0
Truck92207,290.0
Truck92209,290.0
Truck92177,375.0
Truck92210,290.0
Truck92211,290.0
Truck92212,290.0
Truck92213,290.0
Truck92214,290.0
Truck92201,329.0
Truck92187,365.0
Truck92217,290.0
Truck92198,338.0
Truck92218,290.0
Truck92219,290.0
Truck92199,345.0
Truck92202,335.0
Truck92220,290.0
Truck92223,290.0
Truck92216,306.0
Truck92224,290.0
Truck92225,290.0
Truck92226,290.0
Truck92227,290.0
Truck92230,290.0
Truck92231,290.0
Truck92232,290.0
Truck92234,290.0
Truck92235,290.0
Truck92221,328.0
Truck92236,290.0
Truck92237,290.0
Truck92238,290.0
Truck92239,290.0
Truck92206,374.0
Truck92233,309.0
Truck92240,290.0
Truck92208,371.0
Truck92242,290.0
Truck92243,290.0
Truck92222,345.0
Truck92245,290.0
Truck92228,334.0
Truck92248,290.0
Truck92250,290.0
Truck92251,290.0
Truck92252,290.0
Truck92215,390.0
Truck92254,290.0
Truck92257,290.0
Truck92229,361.0
Truck92249,314.0
Truck92259,290.0
Truck92253,308.0
Truck92260,290.0
Truck92261,290.0
Truck92255,310.0
Truck92262,290.0
Truck92244,339.0
Truck92265,290.0
Truck92258,306.0
Truck92266,290.0
Truck92267,290.0
Truck92247,345.0
Truck92268,290.0
Truck92246,349.0
Truck92256,324.0
Truck92270,290.0
Truck92272,290.0
Truck92273,290.0
Truck92276,290.0
Truck92277,290.0
Truck92278,290.0
Truck92279,290.0
Truck92280,290.0
Truck92281,290.0
Truck92269,323.0
Truck92274,310.0
Truck92282,290.0
Truck92283,290.0
Truck92264,338.0
Truck92285,290.0
Truck92286,290.0
Truck92241,406.0
Truck92288,290.0
Truck92289,290.0
Truck92271,340.0
Truck92291,290.0
Truck92292,290.0
Truck92293,290.0
Truck92263,366.0
Truck92275,339.0
Truck92294,290.0
Truck92295,290.0
Truck92296,290.0
Truck92297,290.0
Truck92298,290.0
Truck92299,290.0
Truck92300,290.0
Truck92301,290.0
Truck92290,319.0
Truck92302,290.0
Truck92303,290.0
Truck92304,290.0
Truck92305,290.0
Truck92284,344.0
Truck92306,290.0
Truck92307,290.0
Truck92287,342.0
Truck92308,290.0
Truck92311,290.0
Truck92312,290.0
Truck92313,290.0
Truck92314,290.0
Truck92315,290.0
Truck92316,290.0
Truck92317,290.0
Truck92318,290.0
Truck92320,290.0
Truck92321,290.0
Truck92322,290.0
Truck92323,290.0
Truck92324,290.0
Truck92327,290.0
Truck92328,290.0
Truck92329,290.0
Truck92310,338.0
Truck92330,290.0
Truck92309,350.0
Truck92332,290.0
Truck92334,290.0
Truck92337,290.0
Truck92331,308.0
Truck92319,339.0
Truck92338,290.0
Truck92339,290.0
Truck92343,290.0
Truck92345,290.0
Truck92346,290.0
Truck92347,290.0
Truck92348,290.0
Truck92351,290.0
Truck92352,290.0
Truck92353,290.0
Truck92336,332.0
Truck92333,345.0
Truck92354,290.0
Truck92355,290.0
Truck92356,290.0
Truck92358,290.0
Truck92359,290.0
Truck92342,333.0
Truck92360,290.0
Truck92361,290.0
Truck92326,379.0
Truck92363,290.0
Truck92364,290.0
Truck92365,290.0
Truck92344,342.0
Truck92335,368.0
Truck92367,290.0
Truck92368,290.0
Truck92369,290.0
Truck92341,365.0
Truck92370,290.0
Truck92349,346.0
Truck92372,290.0
Truck92325,412.0
Truck92375,290.0
Truck92376,290.0
Truck92378,290.0
Truck92340,387.0
Truck92380,290.0
Truck92381,290.0
Truck92350,366.0
Truck92357,351.0
Truck92382,290.0
Truck92383,290.0
Truck92384,290.0
Truck92377,313.0
Truck92362,349.0
Truck92386,290.0
Truck92387,290.0
Truck92379,314.0
Truck92388,290.0
Truck92389,290.0
Truck92390,290.0
Truck92391,290.0
Truck92393,290.0
Truck92371,347.0
Truck92366,358.0
Truck92373,345.0
Truck92374,340.0
Truck92394,290.0
Truck92395,290.0
Truck92397,290.0
Truck92398,290.0
Truck92399,290.0
Truck92402,290.0
Truck92403,290.0
Truck92385,340.0
Truck92404,290.0
Truck92406,290.0
Truck92408,290.0
Truck92409,290.0
Truck92392,335.0
Truck92411,290.0
Truck92413,290.0
Truck92415,290.0
Truck92405,316.0
Truck92401,327.0
Truck92416,290.0
Truck92417,290.0
Truck92418,290.0
Truck92396,348.0
Truck92420,290.0
Truck92421,290.0
Truck92410,320.0
Truck92422,290.0
Truck92423,290.0
Truck92424,290.0
Truck92407,336.0
Truck92400,355.0
Truck92426,290.0
Truck92427,290.0
Truck92419,311.0
Truck92414,322.0
Truck92428,290.0
Truck92429,290.0
Truck92430,290.0
Truck92431,290.0
Truck92433,290.0
Truck92434,290.0
Truck92435,290.0
Truck92436,290.0
Truck92437,290.0
Truck92438,290.0
Truck92439,290.0
Truck92412,360.0
Truck92441,290.0
Truck92442,290.0
Truck92443,290.0
Truck92445,290.0
Truck92446,290.0
Truck92447,290.0
Truck92449,290.0
Truck92450,290.0
Truck92452,290.0
Truck92453,290.0
Truck92425,364.0
Truck92432,347.0
Truck92456,290.0
Truck92457,290.0
Truck92458,290.0
Truck92459,290.0
Truck92461,290.0
Truck92440,344.0
Truck92462,290.0
Truck92463,290.0
Truck92465,290.0
Truck92466,290.0
Truck92467,290.0
Truck92468,290.0
Truck92469,290.0
Truck92460,312.0
Truck92470,290.0
Truck92455,335.0
Truck92472,290.0
Truck92473,290.0
Truck92474,290.0
Truck92475,290.0
Truck92476,290.0
Truck92448,362.0
Truck92478,290.0
Truck92480,290.0
Truck92454,357.0
Truck92483,290.0
Truck92485,290.0
Truck92486,290.0
Truck92487,290.0
Truck92444,400.0
Truck92489,290.0
Truck92481,311.0
Truck92490,290.0
Truck92491,290.0
Truck92471,342.0
Truck92492,290.0
Truck92493,290.0
Truck92494,290.0
Truck92495,290.0
Truck92497,290.0
Truck92479,342.0
Truck92477,349.0
Truck92500,290.0
Truck92451,418.0
Truck92502,290.0
Truck92503,290.0
Truck92464,390.0
Truck92505,290.0
Truck92482,346.0
Truck92507,290.0
Truck92510,290.0
Truck92511,290.0
Truck92499,323.0
Truck92512,290.0
Truck92484,361.0
Truck92514,290.0
Truck92515,290.0
Truck92501,329.0
Truck92518,290.0
Truck92519,290.0
Truck92520,290.0
Truck92521,290.0
Truck92496,351.0
Truck92498,349.0
Truck92513,315.0
Truck92522,290.0
Truck92523,290.0
Truck92509,328.0
Truck92526,290.0
Truck92527,290.0
Truck92516,317.0
Truck92528,290.0
Truck92529,290.0
Truck92517,321.0
Truck92508,343.0
Truck92530,290.0
Truck92531,290.0
Truck92533,290.0
Truck92525,314.0
Truck92537,290.0
Truck92539,290.0
Truck92488,417.0
Truck92504,379.0
Truck92541,290.0
Truck92506,377.0
Truck92542,290.0
Truck92544,290.0
Truck92545,290.0
Truck92546,290.0
Truck92547,290.0
Truck92538,312.0
Truck92548,290.0
Truck92549,290.0
Truck92534,328.0
Truck92550,290.0
Truck92551,290.0
Truck92553,290.0
Truck92524,361.0
Truck92543,318.0
Truck92535,339.0
Truck92554,290.0
Truck92556,290.0
Truck92557,290.0
Truck92558,290.0
Truck92560,290.0
Truck92561,290.0
Truck92552,315.0
Truck92562,290.0
Truck92563,290.0
Truck92565,290.0
Truck92532,372.0
Truck92566,290.0
Truck92540,356.0
Truck92536,367.0
Truck92569,290.0
Truck92570,290.0
Truck92571,290.0
Truck92572,290.0
Truck92573,290.0
Truck92567,309.0
Truck92574,290.0
Truck92575,290.0
Truck92577,290.0
Truck92578,290.0
Truck92579,290.0
Truck92555,351.0
Truck92580,290.0
Truck92581,290.0
Truck92582,290.0
Truck92583,290.0
Truck92564,339.0
Truck92584,290.0
Truck92585,290.0
Truck92586,290.0
Truck92587,290.0
Truck92589,290.0
Truck92591,290.0
Truck92559,374.0
Truck92592,290.0
Truck92593,290.0
Truck92594,290.0
Truck92595,290.0
Truck92596,290.0
Truck92597,290.0
Truck92598,290.0
Truck92599,290.0
Truck92568,368.0
Truck92590,313.0
Truck92600,290.0
Truck92601,290.0
Truck92602,290.0
Truck92603,290.0
Truck92576,357.0
Truck92604,290.0
Truck92607,290.0
Truck92608,290.0
Truck92609,290.0
Truck92610,290.0
Truck92611,290.0
Truck92612,290.0
Truck92615,290.0
Truck92588,359.0
Truck92617,290.0
Truck92618,290.0
Truck92619,290.0
Truck92605,326.0
Truck92620,290.0
Truck92622,290.0
Truck92623,290.0
Truck92624,290.0
Truck92625,290.0
Truck92626,290.0
Truck92627,290.0
Truck92606,341.0
Truck92614,325.0
Truck92629,290.0
Truck92613,332.0
Truck92631,290.0
Truck92632,290.0
Truck92633,290.0
Truck92634,290.0
Truck92635,290.0
Truck92628,308.0
Truck92636,290.0
Truck92637,290.0
Truck92616,345.0
Truck92638,290.0
Truck92640,290.0
Truck92621,342.0
Truck92642,290.0
Truck92643,290.0
Truck92630,324.0
Truck92644,290.0
Truck92639,306.0
Truck92641,305.0
Truck92649,290.0
Truck92650,290.0
Truck92651,290.0
Truck92652,290.0
Truck92653,290.0
Truck92654,290.0
Truck92655,290.0
Truck92656,290.0
Truck92657,290.0
Truck92658,290.0
Truck92660,290.0
Truck92661,290.0
Truck92662,290.0
Truck92663,290.0
Truck92645,340.0
Truck92664,290.0
Truck92665,290.0
Truck92666,290.0
Truck92667,290.0
Truck92646,343.0
Truck92668,290.0
Truck92669,290.0
Truck92670,290.0
Truck92648,349.0
Truck92672,290.0
Truck92659,329.0
Truck92675,290.0
Truck92676,290.0
Truck92678,290.0
Truck92680,290.0
Truck92681,290.0
Truck92682,290.0
Truck92683,290.0
Truck92673,320.0
Truck92685,290.0
Truck92686,290.0
Truck92677,318.0
Truck92647,394.0
Truck92684,305.0
Truck92690,290.0
Truck92691,290.0
Truck92692,290.0
Truck92693,290.0
Truck92671,348.0
Truck92688,305.0
Truck92695,290.0
Truck92696,290.0
Truck92697,290.0
Truck92679,336.0
Truck92674,347.0
Truck92700,290.0
Truck92701,290.0
Truck92702,290.0
Truck92705,290.0
Truck92707,290.0
Truck92708,290.0
Truck92689,341.0
Truck92687,349.0
Truck92710,290.0
Truck92711,290.0
Truck92713,290.0
Truck92714,290.0
Truck92698,333.0
Truck92703,323.0
Truck92716,290.0
Truck92717,290.0
Truck92718,290.0
Truck92719,290.0
Truck92704,329.0
Truck92720,290.0
Truck92699,349.0
Truck92724,290.0
Truck92706,340.0
Truck92726,290.0
Truck92727,290.0
Truck92722,305.0
Truck92715,327.0
Truck92730,290.0
Truck92731,290.0
Truck92733,290.0
Truck92734,290.0
Truck92735,290.0
Truck92712,348.0
Truck92721,328.0
Truck92694,395.0
Truck92737,290.0
Truck92739,290.0
Truck92741,290.0
Truck92709,373.0
Truck92742,290.0
Truck92744,290.0
Truck92747,290.0
Truck92728,336.0
Truck92749,290.0
Truck92750,290.0
Truck92751,290.0
Truck92732,336.0
Truck92752,290.0
Truck92753,290.0
Truck92723,370.0
Truck92755,290.0
Truck92725,368.0
Truck92756,290.0
Truck92757,290.0
Truck92743,328.0
Truck92758,290.0
Truck92759,290.0
Truck92738,342.0
Truck92729,368.0
Truck92740,339.0
Truck92760,290.0
Truck92761,290.0
Truck92762,290.0
Truck92763,290.0
Truck92745,338.0
Truck92748,329.0
Truck92764,290.0
Truck92736,361.0
Truck92766,290.0
Truck92767,290.0
Truck92769,290.0
Truck92754,329.0
Truck92770,290.0
Truck92772,290.0
Truck92774,290.0
Truck92775,290.0
Truck92746,365.0
Truck92777,290.0
Truck92778,290.0
Truck92779,290.0
Truck92780,290.0
Truck92765,331.0
Truck92782,290.0
Truck92783,290.0
Truck92771,324.0
Truck92784,290.0
Truck92785,290.0
Truck92786,290.0
Truck92788,290.0
Truck92789,290.0
Truck92790,290.0
Truck92776,328.0
Truck92773,339.0
Truck92792,290.0
Truck92793,290.0
Truck92794,290.0
Truck92795,290.0
Truck92796,290.0
Truck92797,290.0
Truck92798,290.0
Truck92799,290.0
Truck92768,369.0
Truck92781,340.0
Truck92800,290.0
Truck92801,290.0
Truck92803,290.0
Truck92804,290.0
Truck92806,290.0
Truck92808,290.0
Truck92809,290.0
Truck92812,290.0
Truck92813,290.0
Truck92791,347.0
Truck92787,360.0
Truck92814,290.0
Truck92816,290.0
Truck92817,290.0
Truck92818,290.0
Truck92819,290.0
Truck92805,329.0
Truck92810,315.0
Truck92820,290.0
Truck92821,290.0
Truck92802,337.0
Truck92815,309.0
Truck92822,290.0
Truck92823,290.0
Truck92824,290.0
Truck92825,290.0
Truck92826,290.0
Truck92828,290.0
Truck92829,290.0
Truck92807,349.0
Truck92830,290.0
Truck92831,290.0
Truck92832,290.0
Truck92833,290.0
Truck92834,290.0
Truck92835,290.0
Truck92836,290.0
Truck92837,290.0
Truck92838,290.0
Truck92839,290.0
Truck92841,290.0
Truck92842,290.0
Truck92843,290.0
Truck92844,290.0
Truck92848,290.0
Truck92849,290.0
Truck92851,290.0
Truck92855,290.0
Truck92857,290.0
Truck92840,331.0
Truck92858,290.0
Truck92860,290.0
Truck92861,290.0
Truck92862,290.0
Truck92863,290.0
Truck92864,290.0
Truck92865,290.0
Truck92866,290.0
Truck92867,290.0
Truck92827,392.0
Truck92811,433.0
Truck92852,328.0
Truck92868,290.0
Truck92869,290.0
Truck92845,354.0
Truck92850,344.0
Truck92872,290.0
Truck92873,290.0
Truck92847,356.0
Truck92875,290.0
Truck92859,332.0
Truck92854,344.0
Truck92876,290.0
Truck92853,355.0
Truck92878,290.0
Truck92879,290.0
Truck92846,371.0
Truck92880,290.0
Truck92881,290.0
Truck92871,316.0
Truck92882,290.0
Truck92883,290.0
Truck92884,290.0
Truck92885,290.0
Truck92888,290.0
Truck92874,327.0
Truck92890,290.0
Truck92891,290.0
Truck92870,344.0
Truck92892,290.0
Truck92893,290.0
Truck92894,290.0
Truck92896,290.0
Truck92897,290.0
Truck92877,343.0
Truck92887,320.0
Truck92898,290.0
Truck92899,290.0
Truck92856,398.0
Truck92900,290.0
Truck92886,330.0
Truck92902,290.0
Truck92903,290.0
Truck92904,290.0
Truck92905,290.0
Truck92906,290.0
Truck92907,290.0
Truck92895,325.0
Truck92908,290.0
Truck92889,341.0
Truck92910,290.0
Truck92911,290.0
Truck92912,290.0
Truck92913,290.0
Truck92914,290.0
Truck92915,290.0
Truck92916,290.0
Truck92917,290.0
Truck92918,290.0
Truck92919,290.0
Truck92920,290.0
Truck92901,343.0
Truck92923,290.0
Truck92924,290.0
Truck92925,290.0
Truck92926,290.0
Truck92927,290.0
Truck92909,337.0
Truck92928,290.0
Truck92929,290.0
Truck92930,290.0
Truck92931,290.0
Truck92932,290.0
Truck92933,290.0
Truck92922,319.0
Truck92934,290.0
Truck92936,290.0
Truck92937,290.0
Truck92939,290.0
Truck92940,290.0
Truck92941,290.0
Truck92942,290.0
Truck92943,290.0
Truck92921,350.0
Truck92944,290.0
Truck92945,290.0
Truck92946,290.0
Truck92947,290.0
Truck92948,290.0
Truck92949,290.0
Truck92950,290.0
Truck92952,290.0
Truck92953,290.0
Truck92954,290.0
Truck92938,335.0
Truck92957,290.0
Truck92959,290.0
Truck92960,290.0
Truck92961,290.0
Truck92962,290.0
Truck92963,290.0
Truck92964,290.0
Truck92965,290.0
Truck92967,290.0
Truck92935,373.0
Truck92968,290.0
Truck92970,290.0
Truck92971,290.0
Truck92973,290.0
Truck92951,347.0
Truck92974,290.0
Truck92975,290.0
Truck92976,290.0
Truck92977,290.0
Truck92956,343.0
Truck92955,349.0
Truck92958,340.0
Truck92980,290.0
Truck92981,290.0
Truck92983,290.0
Truck92984,290.0
Truck92985,290.0
Truck92987,290.0
Truck92966,341.0
Truck92988,290.0
Truck92989,290.0
Truck92991,290.0
Truck92969,347.0
Truck92992,290.0
Truck92994,290.0
Truck92995,290.0
Truck92979,333.0
Truck92986,315.0
Truck92996,290.0
Truck92998,290.0
Truck93001,290.0
Truck93002,290.0
Truck93003,290.0
Truck93004,290.0
Truck93006,290.0
Truck93007,290.0
Truck93008,290.0
Truck93009,290.0
Truck92993,332.0
Truck92978,370.0
Truck93010,290.0
Truck93012,290.0
Truck92990,347.0
Truck93014,290.0
Truck93015,290.0
Truck93017,290.0
Truck92982,379.0
Truck92997,345.0
Truck93019,290.0
Truck93000,339.0
Truck93020,290.0
Truck93021,290.0
Truck93022,290.0
Truck93023,290.0
Truck93024,290.0
Truck93025,290.0
Truck93005,345.0
Truck93026,290.0
Truck93027,290.0
Truck92999,363.0
Truck93028,290.0
Truck93029,290.0
Truck93030,290.0
Truck93031,290.0
Truck93011,345.0
Truck93032,290.0
Truck93035,290.0
Truck93036,290.0
Truck93037,290.0
Truck93038,290.0
Truck93040,290.0
Truck93041,290.0
Truck92972,463.0
Truck93013,364.0
Truck93043,290.0
Truck93044,290.0
Truck93045,290.0
Truck93046,290.0
Truck93047,290.0
Truck93048,290.0
Truck93049,290.0
Truck93018,368.0
Truck93050,290.0
Truck93051,290.0
Truck93052,290.0
Truck93054,290.0
Truck93033,349.0
Truck93056,290.0
Truck93057,290.0
Truck93016,395.0
Truck93058,290.0
Truck93060,290.0
Truck93064,290.0
Truck93034,367.0
Truck93066,290.0
Truck93053,326.0
Truck93059,311.0
Truck93068,290.0
Truck93069,290.0
Truck93071,290.0
Truck93073,290.0
Truck93039,377.0
Truck93074,290.0
Truck93075,290.0
Truck93067,311.0
Truck93063,322.0
Truck93055,344.0
Truck93076,290.0
Truck93077,290.0
Truck93042,379.0
Truck93078,290.0
Truck93079,290.0
Truck93072,315.0
Truck93082,290.0
Truck93083,290.0
Truck93084,290.0
Truck93085,290.0
Truck93061,352.0
Truck93086,290.0
Truck93089,290.0
Truck93062,360.0
Truck93070,340.0
Truck93090,290.0
Truck93092,290.0
Truck93093,290.0
Truck93088,305.0
Truck93095,290.0
Truck93096,290.0
Truck93097,290.0
Truck93098,290.0
Truck93099,290.0
Truck93100,290.0
Truck93101,290.0
Truck93103,290.0
Truck93104,290.0
Truck93105,290.0
Truck93087,336.0
Truck93080,355.0
Truck93106,290.0
Truck93107,290.0
Truck93094,325.0
Truck93109,290.0
Truck93110,290.0
Truck93111,290.0
Truck93091,344.0
Truck93081,375.0
Truck93114,290.0
Truck93116,290.0
Truck93117,290.0
Truck93065,422.0
Truck93118,290.0
Truck93119,290.0
Truck93121,290.0
Truck93115,307.0
Truck93122,290.0
Truck93123,290.0
Truck93126,290.0
Truck93127,290.0
Truck93128,290.0
Truck93129,290.0
Truck93112,333.0
Truck93130,290.0
Truck93131,290.0
Truck93125,309.0
Truck93132,290.0
Truck93133,290.0
Truck93102,370.0
Truck93135,290.0
Truck93137,290.0
Truck93138,290.0
Truck93139,290.0
Truck93124,328.0
Truck93141,290.0
Truck93113,364.0
Truck93142,290.0
Truck93143,290.0
Truck93120,346.0
Truck93144,290.0
Truck93146,290.0
Truck93147,290.0
Truck93148,290.0
Truck93150,290.0
Truck93151,290.0
Truck93152,290.0
Truck93153,290.0
Truck93108,401.0
Truck93154,290.0
Truck93155,290.0
Truck93145,317.0
Truck93156,290.0
Truck93157,290.0
Truck93158,290.0
Truck93160,290.0
Truck93162,290.0
Truck93163,290.0
Truck93164,290.0
Truck93165,290.0
Truck93166,290.0
Truck93167,290.0
Truck93169,290.0
Truck93170,290.0
Truck93136,377.0
Truck93140,369.0
Truck93172,290.0
Truck93174,290.0
Truck93175,290.0
Truck93134,392.0
Truck93168,307.0
Truck93176,290.0
Truck93177,290.0
Truck93178,290.0
Truck93179,290.0
Truck93149,367.0
Truck93180,290.0
Truck93181,290.0
Truck93161,344.0
Truck93182,290.0
Truck93183,290.0
Truck93173,317.0
Truck93159,354.0
Truck93171,324.0
Truck93185,290.0
Truck93186,290.0
Truck93187,290.0
Truck93188,290.0
Truck93190,290.0
Truck93191,290.0
Truck93192,290.0
Truck93193,290.0
Truck93195,290.0
Truck93196,290.0
Truck93197,290.0
Truck93198,290.0
Truck93184,330.0
Truck93201,290.0
Truck93202,290.0
Truck93203,290.0
Truck93204,290.0
Truck93205,290.0
Truck93206,290.0
Truck93207,290.0
Truck93208,290.0
Truck93210,290.0
Truck93211,290.0
Truck93212,290.0
Truck93213,290.0
Truck93194,339.0
Truck93216,290.0
Truck93217,290.0
Truck93218,290.0
Truck93220,290.0
Truck93221,290.0
Truck93222,290.0
Truck93223,290.0
Truck93225,290.0
Truck93199,358.0
Truck93214,318.0
Truck93219,310.0
Truck93226,290.0
Truck93227,290.0
Truck93209,337.0
Truck93200,359.0
Truck93229,290.0
Truck93231,290.0
Truck93232,290.0
Truck93233,290.0
Truck93189,402.0
Truck93224,317.0
Truck93236,290.0
Truck93237,290.0
Truck93215,348.0
Truck93239,290.0
Truck93240,290.0
Truck93242,290.0
Truck93244,290.0
Truck93245,290.0
Truck93246,290.0
Truck93247,290.0
Truck93248,290.0
Truck93249,290.0
Truck93250,290.0
Truck93228,346.0
Truck93234,335.0
Truck93253,290.0
Truck93254,290.0
Truck93255,290.0
Truck93230,355.0
Truck93256,290.0
Truck93257,290.0
Truck93235,347.0
Truck93258,290.0
Truck93243,332.0
Truck93241,340.0
Truck93260,290.0
Truck93261,290.0
Truck93262,290.0
Truck93263,290.0
Truck93265,290.0
Truck93266,290.0
Truck93268,290.0
Truck93269,290.0
Truck93238,366.0
Truck93271,290.0
Truck93251,342.0
Truck93273,290.0
Truck93259,327.0
Truck93274,290.0
Truck93275,290.0
Truck93276,290.0
Truck93277,290.0
Truck93264,321.0
Truck93252,353.0
Truck93278,290.0
Truck93279,290.0
Truck93267,323.0
Truck93281,290.0
Truck93282,290.0
Truck93283,290.0
Truck93285,290.0
Truck93272,323.0
Truck93286,290.0
Truck93288,290.0
Truck93290,290.0
Truck93291,290.0
Truck93292,290.0
Truck93293,290.0
Truck93295,290.0
Truck93270,351.0
Truck93297,290.0
Truck93298,290.0
Truck93299,290.0
Truck93300,290.0
Truck93301,290.0
Truck93280,345.0
Truck93302,290.0
Truck93303,290.0
Truck93287,331.0
Truck93304,290.0
Truck93294,322.0
Truck93308,290.0
Truck93309,290.0
Truck93311,290.0
Truck93314,290.0
Truck93317,290.0
Truck93284,374.0
Truck93318,290.0
Truck93319,290.0
Truck93296,349.0
Truck93310,315.0
Truck93321,290.0
Truck93322,290.0
Truck93323,290.0
Truck93315,312.0
Truck93324,290.0
Truck93325,290.0
Truck93307,336.0
Truck93305,342.0
Truck93306,337.0
Truck93326,290.0
Truck93327,290.0
Truck93328,290.0
Truck93329,290.0
Truck93313,331.0
Truck93312,334.0
Truck93330,290.0
Truck93331,290.0
Truck93333,290.0
Truck93334,290.0
Truck93335,290.0
Truck93336,290.0
Truck93338,290.0
Truck93339,290.0
Truck93316,349.0
Truck93340,290.0
Truck93341,290.0
Truck93342,290.0
Truck93289,428.0
Truck93344,290.0
Truck93345,290.0
Truck93332,321.0
Truck93346,290.0
Truck93348,290.0
Truck93349,290.0
Truck93352,290.0
Truck93353,290.0
Truck93354,290.0
Truck93320,382.0
Truck93359,290.0
Truck93347,321.0
Truck93350,311.0
Truck93361,290.0
Truck93362,290.0
Truck93363,290.0
Truck93355,311.0
Truck93364,290.0
Truck93365,290.0
Truck93356,311.0
Truck93357,314.0
Truck93366,290.0
Truck93367,290.0
Truck93337,366.0
Truck93369,290.0
Truck93371,290.0
Truck93343,369.0
Truck93376,290.0
Truck93377,290.0
Truck93351,360.0
Truck93379,290.0
Truck93360,338.0
Truck93380,290.0
Truck93381,290.0
Truck93382,290.0
Truck93383,290.0
Truck93384,290.0
Truck93385,290.0
Truck93370,328.0
Truck93388,290.0
Truck93389,290.0
Truck93358,366.0
Truck93391,290.0
Truck93393,290.0
Truck93368,351.0
Truck93394,290.0
Truck93395,290.0
Truck93374,350.0
Truck93378,340.0
Truck93398,290.0
Truck93399,290.0
Truck93400,290.0
Truck93401,290.0
Truck93375,359.0
Truck93372,365.0
Truck93403,290.0
Truck93387,335.0
Truck93404,290.0
Truck93392,324.0
Truck93406,290.0
Truck93408,290.0
Truck93409,290.0
Truck93390,336.0
Truck93411,290.0
Truck93386,352.0
Truck93412,290.0
Truck93413,290.0
Truck93397,331.0
Truck93414,290.0
Truck93416,290.0
Truck93417,290.0
Truck93373,402.0
Truck93407,318.0
Truck93418,290.0
Truck93419,290.0
Truck93415,307.0
Truck93402,340.0
Truck93422,290.0
Truck93423,290.0
Truck93425,290.0
Truck93405,345.0
Truck93426,290.0
Truck93427,290.0
Truck93429,290.0
Truck93396,373.0
Truck93431,290.0
Truck93432,290.0
Truck93435,290.0
Truck93436,290.0
Truck93437,290.0
Truck93420,335.0
Truck93438,290.0
Truck93439,290.0
Truck93410,364.0
Truck93440,290.0
Truck93441,290.0
Truck93442,290.0
Truck93443,290.0
Truck93446,290.0
Truck93428,338.0
Truck93430,333.0
Truck93448,290.0
Truck93434,330.0
Truck93450,290.0
Truck93451,290.0
Truck93452,290.0
Truck93424,362.0
Truck93433,342.0
Truck93421,373.0
Truck93454,290.0
Truck93455,290.0
Truck93447,315.0
Truck93456,290.0
Truck93457,290.0
Truck93458,290.0
Truck93445,326.0
Truck93462,290.0
Truck93463,290.0
Truck93466,290.0
Truck93444,349.0
Truck93468,290.0
Truck93459,318.0
Truck93453,335.0
Truck93470,290.0
Truck93471,290.0
Truck93461,320.0
Truck93474,290.0
Truck93475,290.0
Truck93476,290.0
Truck93477,290.0
Truck93478,290.0
Truck93467,322.0
Truck93460,339.0
Truck93480,290.0
Truck93481,290.0
Truck93483,290.0
Truck93464,336.0
Truck93484,290.0
Truck93485,290.0
Truck93486,290.0
Truck93487,290.0
Truck93488,290.0
Truck93489,290.0
Truck93491,290.0
Truck93449,396.0
Truck93469,346.0
Truck93492,290.0
Truck93465,362.0
Truck93495,290.0
Truck93472,346.0
Truck93497,290.0
Truck93498,290.0
Truck93499,290.0
Truck93500,290.0
Truck93501,290.0
Truck93502,290.0
Truck93473,373.0
Truck93479,359.0
Truck93507,290.0
Truck93509,290.0
Truck93510,290.0
Truck93511,290.0
Truck93494,332.0
Truck93512,290.0
Truck93513,290.0
Truck93482,368.0
Truck93515,290.0
Truck93516,290.0
Truck93517,290.0
Truck93496,342.0
Truck93506,317.0
Truck93490,358.0
Truck93518,290.0
Truck93519,290.0
Truck93520,290.0
Truck93521,290.0
Truck93522,290.0
Truck93493,367.0
Truck93505,338.0
Truck93525,290.0
Truck93526,290.0
Truck93527,290.0
Truck93503,355.0
Truck93528,290.0
Truck93529,290.0
Truck93531,290.0
Truck93532,290.0
Truck93508,351.0
Truck93534,290.0
Truck93535,290.0
Truck93514,342.0
Truck93536,290.0
Truck93537,290.0
Truck93504,373.0
Truck93523,330.0
Truck93538,290.0
Truck93540,290.0
Truck93541,290.0
Truck93530,318.0
Truck93543,290.0
Truck93545,290.0
Truck93546,290.0
Truck93547,290.0
Truck93524,347.0
Truck93548,290.0
Truck93549,290.0
Truck93551,290.0
Truck93552,290.0
Truck93553,290.0
Truck93539,330.0
Truck93554,290.0
Truck93555,290.0
Truck93556,290.0
Truck93557,290.0
Truck93533,351.0
Truck93558,290.0
Truck93559,290.0
Truck93560,290.0
Truck93561,290.0
Truck93564,290.0
Truck93565,290.0
Truck93542,347.0
Truck93566,290.0
Truck93567,290.0
Truck93544,346.0
Truck93568,290.0
Truck93563,306.0
Truck93570,290.0
Truck93571,290.0
Truck93562,312.0
Truck93550,343.0
Truck93572,290.0
Truck93573,290.0
Truck93574,290.0
Truck93576,290.0
Truck93577,290.0
Truck93578,290.0
Truck93579,290.0
Truck93569,317.0
Truck93580,290.0
Truck93581,290.0
Truck93583,290.0
Truck93584,290.0
Truck93585,290.0
Truck93586,290.0
Truck93587,290.0
Truck93575,321.0
Truck93588,290.0
Truck93589,290.0
Truck93590,290.0
Truck93591,290.0
Truck93593,290.0
Truck93582,317.0
Truck93594,290.0
Truck93596,290.0
Truck93597,290.0
Truck93598,290.0
Truck93599,290.0
Truck93600,290.0
Truck93601,290.0
Truck93602,290.0
Truck93603,290.0
Truck93604,290.0
Truck93605,290.0
Truck93606,290.0
Truck93607,290.0
Truck93608,290.0
Truck93595,333.0
Truck93612,290.0
Truck93613,290.0
Truck93614,290.0
Truck93592,348.0
Truck93617,290.0
Truck93618,290.0
Truck93619,290.0
Truck93620,290.0
Truck93609,323.0
Truck93611,319.0
Truck93622,290.0
Truck93624,290.0
Truck93626,290.0
Truck93627,290.0
Truck93629,290.0
Truck93630,290.0
Truck93631,290.0
Truck93633,290.0
Truck93634,290.0
Truck93635,290.0
Truck93637,290.0
Truck93616,345.0
Truck93639,290.0
Truck93640,290.0
Truck93641,290.0
Truck93615,357.0
Truck93625,335.0
Truck93642,290.0
Truck93643,290.0
Truck93621,350.0
Truck93644,290.0
Truck93646,290.0
Truck93647,290.0
Truck93649,290.0
Truck93650,290.0
Truck93651,290.0
Truck93652,290.0
Truck93653,290.0
Truck93610,399.0
Truck93655,290.0
Truck93638,331.0
Truck93658,290.0
Truck93659,290.0
Truck93628,366.0
Truck93660,290.0
Truck93623,386.0
Truck93662,290.0
Truck93663,290.0
Truck93664,290.0
Truck93665,290.0
Truck93648,333.0
Truck93666,290.0
Truck93667,290.0
Truck93657,320.0
Truck93668,290.0
Truck93669,290.0
Truck93636,372.0
Truck93670,290.0
Truck93671,290.0
Truck93645,359.0
Truck93672,290.0
Truck93632,395.0
Truck93656,337.0
Truck93676,290.0
Truck93679,290.0
Truck93661,340.0
Truck93681,290.0
Truck93683,290.0
Truck93684,290.0
Truck93685,290.0
Truck93686,290.0
Truck93687,290.0
Truck93654,374.0
Truck93688,290.0
Truck93689,290.0
Truck93674,328.0
Truck93677,324.0
Truck93690,290.0
Truck93691,290.0
Truck93673,340.0
Truck93692,290.0
Truck93693,290.0
Truck93694,290.0
Truck93695,290.0
Truck93696,290.0
Truck93698,290.0
Truck93699,290.0
Truck93700,290.0
Truck93701,290.0
Truck93680,343.0
Truck93703,290.0
Truck93682,345.0
Truck93704,290.0
Truck93705,290.0
Truck93707,290.0
Truck93675,372.0
Truck93708,290.0
Truck93709,290.0
Truck93678,369.0
Truck93710,290.0
Truck93713,290.0
Truck93697,331.0
Truck93715,290.0
Truck93716,290.0
Truck93711,307.0
Truck93718,290.0
Truck93721,290.0
Truck93722,290.0
Truck93723,290.0
Truck93702,344.0
Truck93706,334.0
Truck93724,290.0
Truck93725,290.0
Truck93727,290.0
Truck93728,290.0
Truck93720,312.0
Truck93717,324.0
Truck93730,290.0
Truck93731,290.0
Truck93712,337.0
Truck93732,290.0
Truck93733,290.0
Truck93734,290.0
Truck93735,290.0
Truck93736,290.0
Truck93737,290.0
Truck93740,290.0
Truck93744,290.0
Truck93745,290.0
Truck93726,337.0
Truck93729,333.0
Truck93741,305.0
Truck93747,290.0
Truck93749,290.0
Truck93750,290.0
Truck93753,290.0
Truck93714,389.0
Truck93755,290.0
Truck93739,336.0
Truck93758,290.0
Truck93759,290.0
Truck93748,319.0
Truck93760,290.0
Truck93743,339.0
Truck93763,290.0
Truck93764,290.0
Truck93765,290.0
Truck93719,408.0
Truck93766,290.0
Truck93767,290.0
Truck93768,290.0
Truck93769,290.0
Truck93738,369.0
Truck93771,290.0
Truck93772,290.0
Truck93773,290.0
Truck93746,356.0
Truck93761,321.0
Truck93774,290.0
Truck93775,290.0
Truck93752,348.0
Truck93754,345.0
Truck93776,290.0
Truck93757,345.0
Truck93778,290.0
Truck93779,290.0
Truck93781,290.0
Truck93782,290.0
Truck93783,290.0
Truck93770,325.0
Truck93751,379.0
Truck93787,290.0
Truck93756,368.0
Truck93777,320.0
Truck93788,290.0
Truck93780,313.0
Truck93790,290.0
Truck93742,411.0
Truck93792,290.0
Truck93793,290.0
Truck93794,290.0
Truck93795,290.0
Truck93785,316.0
Truck93796,290.0
Truck93797,290.0
Truck93798,290.0
Truck93799,290.0
Truck93789,316.0
Truck93800,290.0
Truck93801,290.0
Truck93803,290.0
Truck93804,290.0
Truck93805,290.0
Truck93762,399.0
Truck93806,290.0
Truck93807,290.0
Truck93808,290.0
Truck93809,290.0
Truck93810,290.0
Truck93811,290.0
Truck93784,357.0
Truck93791,343.0
Truck93812,290.0
Truck93813,290.0
Truck93786,357.0
Truck93814,290.0
Truck93815,290.0
Truck93816,290.0
Truck93817,290.0
Truck93818,290.0
Truck93819,290.0
Truck93821,290.0
Truck93822,290.0
Truck93823,290.0
Truck93826,290.0
Truck93827,290.0
Truck93828,290.0
Truck93830,290.0
Truck93831,290.0
Truck93834,290.0
Truck93835,290.0
Truck93802,373.0
Truck93836,290.0
Truck93837,290.0
Truck93838,290.0
Truck93839,290.0
Truck93840,290.0
Truck93841,290.0
Truck93820,345.0
Truck93842,290.0
Truck93843,290.0
Truck93824,344.0
Truck93825,345.0
Truck93847,290.0
Truck93848,290.0
Truck93849,290.0
Truck93851,290.0
Truck93833,336.0
Truck93844,310.0
Truck93852,290.0
Truck93853,290.0
Truck93829,352.0
Truck93832,342.0
Truck93855,290.0
Truck93856,290.0
Truck93857,290.0
Truck93845,322.0
Truck93859,290.0
Truck93860,290.0
Truck93861,290.0
Truck93863,290.0
Truck93864,290.0
Truck93865,290.0
Truck93850,327.0
Truck93866,290.0
Truck93867,290.0
Truck93869,290.0
Truck93858,320.0
Truck93862,310.0
Truck93870,290.0
Truck93871,290.0
Truck93854,332.0
Truck93872,290.0
Truck93873,290.0
Truck93846,358.0
Truck93874,290.0
Truck93875,290.0
Truck93876,290.0
Truck93877,290.0
Truck93878,290.0
Truck93881,290.0
Truck93882,290.0
Truck93883,290.0
Truck93885,290.0
Truck93886,290.0
Truck93887,290.0
Truck93889,290.0
Truck93891,290.0
Truck93868,349.0
Truck93892,290.0
Truck93893,290.0
Truck93894,290.0
Truck93895,290.0
Truck93879,333.0
Truck93896,290.0
Truck93899,290.0
Truck93900,290.0
Truck93902,290.0
Truck93903,290.0
Truck93904,290.0
Truck93906,290.0
Truck93907,290.0
Truck93888,339.0
Truck93908,290.0
Truck93909,290.0
Truck93884,354.0
Truck93910,290.0
Truck93901,318.0
Truck93912,290.0
Truck93913,290.0
Truck93914,290.0
Truck93915,290.0
Truck93916,290.0
Truck93917,290.0
Truck93911,307.0
Truck93919,290.0
Truck93897,355.0
Truck93922,290.0
Truck93923,290.0
Truck93880,398.0
Truck93924,290.0
Truck93925,290.0
Truck93926,290.0
Truck93927,290.0
Truck93890,384.0
Truck93928,290.0
Truck93929,290.0
Truck93920,313.0
Truck93921,314.0
Truck93930,290.0
Truck93931,290.0
Truck93918,321.0
Truck93932,290.0
Truck93933,290.0
Truck93905,364.0
Truck93935,290.0
Truck93937,290.0
Truck93898,388.0
Truck93938,290.0
Truck93939,290.0
Truck93941,290.0
Truck93942,290.0
Truck93943,290.0
Truck93945,290.0
Truck93947,290.0
Truck93934,322.0
Truck93949,290.0
Truck93950,290.0
Truck93951,290.0
Truck93940,319.0
Truck93953,290.0
Truck93936,333.0
Truck93954,290.0
Truck93955,290.0
Truck93956,290.0
Truck93957,290.0
Truck93948,315.0
Truck93959,290.0
Truck93960,290.0
Truck93961,290.0
Truck93962,290.0
Truck93964,290.0
Truck93966,290.0
Truck93967,290.0
Truck93958,312.0
Truck93968,290.0
Truck93969,290.0
Truck93946,346.0
Truck93963,310.0
Truck93971,290.0
Truck93952,336.0
Truck93974,290.0
Truck93975,290.0
Truck93965,318.0
Truck93976,290.0
Truck93978,290.0
Truck93979,290.0
Truck93972,306.0
Truck93980,290.0
Truck93981,290.0
Truck93984,290.0
Truck93985,290.0
Truck93987,290.0
Truck93970,335.0
Truck93988,290.0
Truck93989,290.0
Truck93991,290.0
Truck93996,290.0
Truck93997,290.0
Truck94000,290.0
Truck94001,290.0
Truck93990,316.0
Truck93944,435.0
Truck93977,355.0
Truck94002,290.0
Truck94003,290.0
Truck93995,312.0
Truck93993,318.0
Truck94004,290.0
Truck94005,290.0
Truck93982,349.0
Truck94006,290.0
Truck94007,290.0
Truck93973,378.0
Truck93999,314.0
Truck94008,290.0
Truck93986,349.0
Truck94010,290.0
Truck93994,334.0
Truck93983,367.0
Truck94014,290.0
Truck94015,290.0
Truck94016,290.0
Truck94017,290.0
Truck94019,290.0
Truck94020,290.0
Truck93998,352.0
Truck94012,317.0
Truck94024,290.0
Truck94025,290.0
Truck94026,290.0
Truck94027,290.0
Truck93992,377.0
Truck94009,339.0
Truck94028,290.0
Truck94029,290.0
Truck94021,313.0
Truck94030,290.0
Truck94032,290.0
Truck94013,341.0
Truck94035,290.0
Truck94023,321.0
Truck94036,290.0
Truck94037,290.0
Truck94022,330.0
Truck94038,290.0
Truck94039,290.0
Truck94031,311.0
Truck94034,305.0
Truck94041,290.0
Truck94043,290.0
Truck94044,290.0
Truck94045,290.0
Truck94011,377.0
Truck94047,290.0
Truck94048,290.0
Truck94049,290.0
Truck94018,370.0
Truck94050,290.0
Truck94051,290.0
Truck94053,290.0
Truck94054,290.0
Truck94055,290.0
Truck94056,290.0
Truck94057,290.0
Truck94040,335.0
Truck94058,290.0
Truck94059,290.0
Truck94033,356.0
Truck94046,325.0
Truck94060,290.0
Truck94061,290.0
Truck94062,290.0
Truck94063,290.0
Truck94042,342.0
Truck94064,290.0
Truck94069,290.0
Truck94070,290.0
Truck94071,290.0
Truck94072,290.0
Truck94075,290.0
Truck94076,290.0
Truck94067,317.0
Truck94065,325.0
Truck94078,290.0
Truck94079,290.0
Truck94080,290.0
Truck94081,290.0
Truck94082,290.0
Truck94084,290.0
Truck94085,290.0
Truck94087,290.0
Truck94052,377.0
Truck94088,290.0
Truck94090,290.0
Truck94091,290.0
Truck94073,339.0
Truck94092,290.0
Truck94093,290.0
Truck94077,332.0
Truck94083,317.0
Truck94097,290.0
Truck94066,371.0
Truck94100,290.0
Truck94101,290.0
Truck94102,290.0
Truck94103,290.0
Truck94104,290.0
Truck94106,290.0
Truck94107,290.0
Truck94108,290.0
Truck94109,290.0
Truck94095,326.0
Truck94099,316.0
Truck94110,290.0
Truck94111,290.0
Truck94112,290.0
Truck94113,290.0
Truck94086,358.0
Truck94074,389.0
Truck94098,330.0
Truck94114,290.0
Truck94115,290.0
Truck94068,407.0
Truck94094,345.0
Truck94117,290.0
Truck94096,345.0
Truck94118,290.0
Truck94120,290.0
Truck94122,290.0
Truck94123,290.0
Truck94089,376.0
Truck94124,290.0
Truck94125,290.0
Truck94126,290.0
Truck94127,290.0
Truck94116,318.0
Truck94128,290.0
Truck94129,290.0
Truck94130,290.0
Truck94131,290.0
Truck94132,290.0
Truck94133,290.0
Truck94134,290.0
Truck94105,366.0
Truck94136,290.0
Truck94137,290.0
Truck94138,290.0
Truck94119,345.0
Truck94140,290.0
Truck94141,290.0
Truck94142,290.0
Truck94143,290.0
Truck94135,315.0
Truck94147,290.0
Truck94148,290.0
Truck94149,290.0
Truck94150,290.0
Truck94144,309.0
Truck94152,290.0
Truck94153,290.0
Truck94121,372.0
Truck94155,290.0
Truck94156,290.0
Truck94157,290.0
Truck94159,290.0
Truck94160,290.0
Truck94161,290.0
Truck94162,290.0
Truck94163,290.0
Truck94146,335.0
Truck94154,315.0
Truck94165,290.0
Truck94139,359.0
Truck94166,290.0
Truck94167,290.0
Truck94168,290.0
Truck94169,290.0
Truck94170,290.0
Truck94171,290.0
Truck94173,290.0
Truck94174,290.0
Truck94175,290.0
Truck94145,369.0
Truck94164,319.0
Truck94178,290.0
Truck94180,290.0
Truck94181,290.0
Truck94182,290.0
Truck94183,290.0
Truck94179,305.0
Truck94185,290.0
Truck94186,290.0
Truck94188,290.0
Truck94189,290.0
Truck94191,290.0
Truck94172,339.0
Truck94193,290.0
Truck94176,332.0
Truck94194,290.0
Truck94195,290.0
Truck94187,311.0
Truck94151,402.0
Truck94198,290.0
Truck94199,290.0
Truck94177,346.0
Truck94201,290.0
Truck94202,290.0
Truck94203,290.0
Truck94204,290.0
Truck94205,290.0
Truck94206,290.0
Truck94207,290.0
Truck94190,335.0
Truck94192,330.0
Truck94209,290.0
Truck94211,290.0
Truck94158,427.0
Truck94216,290.0
Truck94218,290.0
Truck94184,378.0
Truck94220,290.0
Truck94221,290.0
Truck94214,307.0
Truck94210,319.0
Truck94222,290.0
Truck94223,290.0
Truck94224,290.0
Truck94225,290.0
Truck94212,321.0
Truck94196,363.0
Truck94226,290.0
Truck94227,290.0
Truck94200,356.0
Truck94217,323.0
Truck94230,290.0
Truck94231,290.0
Truck94197,376.0
Truck94213,339.0
Truck94232,290.0
Truck94208,352.0
Truck94219,330.0
Truck94234,290.0
Truck94215,344.0
Truck94236,290.0
Truck94237,290.0
Truck94238,290.0
Truck94239,290.0
Truck94233,307.0
Truck94241,290.0
Truck94242,290.0
Truck94245,290.0
Truck94240,309.0
Truck94248,290.0
Truck94249,290.0
Truck94228,345.0
Truck94250,290.0
Truck94251,290.0
Truck94252,290.0
Truck94253,290.0
Truck94254,290.0
Truck94255,290.0
Truck94257,290.0
Truck94243,329.0
Truck94258,290.0
Truck94259,290.0
Truck94229,369.0
Truck94260,290.0
Truck94261,290.0
Truck94256,305.0
Truck94262,290.0
Truck94264,290.0
Truck94265,290.0
Truck94266,290.0
Truck94267,290.0
Truck94268,290.0
Truck94269,290.0
Truck94270,290.0
Truck94271,290.0
Truck94263,312.0
Truck94272,290.0
Truck94273,290.0
Truck94274,290.0
Truck94276,290.0
Truck94277,290.0
Truck94247,370.0
Truck94278,290.0
Truck94279,290.0
Truck94235,402.0
Truck94244,379.0
Truck94280,290.0
Truck94281,290.0
Truck94275,307.0
Truck94282,290.0
Truck94283,290.0
Truck94284,290.0
Truck94285,290.0
Truck94286,290.0
Truck94287,290.0
Truck94288,290.0
Truck94291,290.0
Truck94292,290.0
Truck94293,290.0
Truck94294,290.0
Truck94297,290.0
Truck94246,417.0
Truck94298,290.0
Truck94299,290.0
Truck94300,290.0
Truck94301,290.0
Truck94302,290.0
Truck94303,290.0
Truck94289,328.0
Truck94304,290.0
Truck94306,290.0
Truck94307,290.0
Truck94308,290.0
Truck94309,290.0
Truck94310,290.0
Truck94290,342.0
Truck94312,290.0
Truck94315,290.0
Truck94316,290.0
Truck94295,347.0
Truck94296,342.0
Truck94311,308.0
Truck94319,290.0
Truck94320,290.0
Truck94321,290.0
Truck94314,307.0
Truck94322,290.0
Truck94323,290.0
Truck94317,306.0
Truck94305,339.0
Truck94324,290.0
Truck94313,321.0
Truck94327,290.0
Truck94328,290.0
Truck94329,290.0
Truck94330,290.0
Truck94331,290.0
Truck94318,321.0
Truck94332,290.0
Truck94334,290.0
Truck94335,290.0
Truck94337,290.0
Truck94339,290.0
Truck94340,290.0
Truck94341,290.0
Truck94342,290.0
Truck94343,290.0
Truck94344,290.0
Truck94345,290.0
Truck94325,345.0
Truck94347,290.0
Truck94348,290.0
Truck94350,290.0
Truck94338,325.0
Truck94352,290.0
Truck94353,290.0
Truck94333,343.0
Truck94354,290.0
Truck94356,290.0
Truck94357,290.0
Truck94358,290.0
Truck94359,290.0
Truck94360,290.0
Truck94361,290.0
Truck94362,290.0
Truck94363,290.0
Truck94349,328.0
Truck94336,359.0
Truck94365,290.0
Truck94326,386.0
Truck94366,290.0
Truck94367,290.0
Truck94368,290.0
Truck94346,349.0
Truck94372,290.0
Truck94374,290.0
Truck94375,290.0
Truck94355,344.0
Truck94376,290.0
Truck94378,290.0
Truck94379,290.0
Truck94380,290.0
Truck94382,290.0
Truck94383,290.0
Truck94370,324.0
Truck94364,340.0
Truck94387,290.0
Truck94381,310.0
Truck94388,290.0
Truck94389,290.0
Truck94390,290.0
Truck94391,290.0
Truck94371,342.0
Truck94392,290.0
Truck94394,290.0
Truck94395,290.0
Truck94384,318.0
Truck94351,404.0
Truck94377,340.0
Truck94396,290.0
Truck94397,290.0
Truck94369,362.0
Truck94399,290.0
Truck94386,323.0
Truck94401,290.0
Truck94402,290.0
Truck94403,290.0
Truck94404,290.0
Truck94385,342.0
Truck94407,290.0
Truck94373,376.0
Truck94408,290.0
Truck94410,290.0
Truck94412,290.0
Truck94413,290.0
Truck94415,290.0
Truck94405,316.0
Truck94416,290.0
Truck94393,354.0
Truck94400,335.0
Truck94419,290.0
Truck94409,317.0
Truck94421,290.0
Truck94398,347.0
Truck94423,290.0
Truck94425,290.0
Truck94427,290.0
Truck94428,290.0
Truck94429,290.0
Truck94406,348.0
Truck94431,290.0
Truck94432,290.0
Truck94434,290.0
Truck94435,290.0
Truck94420,328.0
Truck94414,344.0
Truck94436,290.0
Truck94437,290.0
Truck94418,337.0
Truck94438,290.0
Truck94439,290.0
Truck94440,290.0
Truck94443,290.0
Truck94430,325.0
Truck94445,290.0
Truck94417,364.0
Truck94446,290.0
Truck94448,290.0
Truck94449,290.0
Truck94450,290.0
Truck94451,290.0
Truck94426,354.0
Truck94452,290.0
Truck94453,290.0
Truck94447,308.0
Truck94411,399.0
Truck94455,290.0
Truck94456,290.0
Truck94457,290.0
Truck94458,290.0
Truck94460,290.0
Truck94461,290.0
Truck94441,342.0
Truck94463,290.0
Truck94444,339.0
Truck94464,290.0
Truck94466,290.0
Truck94467,290.0
Truck94442,352.0
Truck94468,290.0
Truck94433,381.0
Truck94470,290.0
Truck94471,290.0
Truck94422,414.0
Truck94465,309.0
Truck94472,290.0
Truck94473,290.0
Truck94474,290.0
Truck94476,290.0
Truck94477,290.0
Truck94454,347.0
Truck94478,290.0
Truck94479,290.0
Truck94480,290.0
Truck94462,340.0
Truck94482,290.0
Truck94483,290.0
Truck94486,290.0
Truck94424,449.0
Truck94469,345.0
Truck94490,290.0
Truck94491,290.0
Truck94481,318.0
Truck94492,290.0
Truck94459,380.0
Truck94494,290.0
Truck94484,316.0
Truck94496,290.0
Truck94498,290.0
Truck94500,290.0
Truck94485,334.0
Truck94502,290.0
Truck94503,290.0
Truck94504,290.0
Truck94505,290.0
Truck94507,290.0
Truck94487,343.0
Truck94508,290.0
Truck94509,290.0
Truck94475,376.0
Truck94499,318.0
Truck94510,290.0
Truck94489,348.0
Truck94512,290.0
Truck94513,290.0
Truck94495,338.0
Truck94493,346.0
Truck94488,358.0
Truck94516,290.0
Truck94517,290.0
Truck94518,290.0
Truck94519,290.0
Truck94520,290.0
Truck94521,290.0
Truck94522,290.0
Truck94523,290.0
Truck94501,347.0
Truck94514,314.0
Truck94515,315.0
Truck94524,290.0
Truck94525,290.0
Truck94526,290.0
Truck94527,290.0
Truck94529,290.0
Truck94506,346.0
Truck94530,290.0
Truck94497,377.0
Truck94511,345.0
Truck94532,290.0
Truck94533,290.0
Truck94534,290.0
Truck94535,290.0
Truck94536,290.0
Truck94537,290.0
Truck94538,290.0
Truck94542,290.0
Truck94544,290.0
Truck94545,290.0
Truck94531,329.0
Truck94546,290.0
Truck94547,290.0
Truck94548,290.0
Truck94549,290.0
Truck94550,290.0
Truck94551,290.0
Truck94539,322.0
Truck94553,290.0
Truck94528,355.0
Truck94554,290.0
Truck94555,290.0
Truck94541,326.0
Truck94556,290.0
Truck94558,290.0
Truck94559,290.0
Truck94562,290.0
Truck94540,349.0
Truck94564,290.0
Truck94565,290.0
Truck94543,352.0
Truck94561,310.0
Truck94568,290.0
Truck94569,290.0
Truck94552,334.0
Truck94571,290.0
Truck94573,290.0
Truck94575,290.0
Truck94560,329.0
Truck94576,290.0
Truck94577,290.0
Truck94557,341.0
Truck94578,290.0
Truck94579,290.0
Truck94566,324.0
Truck94580,290.0
Truck94581,290.0
Truck94563,339.0
Truck94582,290.0
Truck94583,290.0
Truck94584,290.0
Truck94585,290.0
Truck94574,319.0
Truck94586,290.0
Truck94587,290.0
Truck94589,290.0
Truck94590,290.0
Truck94591,290.0
Truck94592,290.0
Truck94593,290.0
Truck94570,348.0
Truck94567,360.0
Truck94594,290.0
Truck94595,290.0
Truck94596,290.0
Truck94597,290.0
Truck94598,290.0
Truck94601,290.0
Truck94572,365.0
Truck94588,329.0
Truck94604,290.0
Truck94605,290.0
Truck94607,290.0
Truck94608,290.0
Truck94612,290.0
Truck94614,290.0
Truck94615,290.0
Truck94616,290.0
Truck94617,290.0
Truck94602,334.0
Truck94620,290.0
Truck94621,290.0
Truck94611,316.0
Truck94622,290.0
Truck94624,290.0
Truck94625,290.0
Truck94609,334.0
Truck94626,290.0
Truck94627,290.0
Truck94613,330.0
Truck94629,290.0
Truck94610,336.0
Truck94631,290.0
Truck94606,352.0
Truck94632,290.0
Truck94600,373.0
Truck94634,290.0
Truck94635,290.0
Truck94623,323.0
Truck94599,384.0
Truck94628,309.0
Truck94603,375.0
Truck94636,290.0
Truck94637,290.0
Truck94630,307.0
Truck94638,290.0
Truck94633,308.0
Truck94640,290.0
Truck94641,290.0
Truck94642,290.0
Truck94643,290.0
Truck94645,290.0
Truck94646,290.0
Truck94647,290.0
Truck94619,364.0
Truck94648,290.0
Truck94639,319.0
Truck94651,290.0
Truck94653,290.0
Truck94654,290.0
Truck94656,290.0
Truck94657,290.0
Truck94658,290.0
Truck94650,313.0
Truck94660,290.0
Truck94661,290.0
Truck94655,308.0
Truck94662,290.0
Truck94663,290.0
Truck94618,403.0
Truck94664,290.0
Truck94665,290.0
Truck94644,341.0
Truck94667,290.0
Truck94669,290.0
Truck94672,290.0
Truck94652,342.0
Truck94674,290.0
Truck94676,290.0
Truck94678,290.0
Truck94679,290.0
Truck94680,290.0
Truck94681,290.0
Truck94682,290.0
Truck94683,290.0
Truck94666,334.0
Truck94684,290.0
Truck94685,290.0
Truck94687,290.0
Truck94688,290.0
Truck94668,343.0
Truck94690,290.0
Truck94659,373.0
Truck94692,290.0
Truck94693,290.0
Truck94649,401.0
Truck94694,290.0
Truck94695,290.0
Truck94675,343.0
Truck94696,290.0
Truck94697,290.0
Truck94670,357.0
Truck94677,342.0
Truck94698,290.0
Truck94699,290.0
Truck94671,362.0
Truck94673,359.0
Truck94701,290.0
Truck94689,326.0
Truck94704,290.0
Truck94705,290.0
Truck94706,290.0
Truck94707,290.0
Truck94691,334.0
Truck94703,305.0
Truck94709,290.0
Truck94700,311.0
Truck94686,347.0
Truck94710,290.0
Truck94711,290.0
Truck94712,290.0
Truck94714,290.0
Truck94715,290.0
Truck94716,290.0
Truck94717,290.0
Truck94702,328.0
Truck94718,290.0
Truck94719,290.0
Truck94708,320.0
Truck94720,290.0
Truck94721,290.0
Truck94722,290.0
Truck94723,290.0
Truck94724,290.0
Truck94726,290.0
Truck94727,290.0
Truck94730,290.0
Truck94731,290.0
Truck94713,343.0
Truck94734,290.0
Truck94735,290.0
Truck94737,290.0
Truck94738,290.0
Truck94739,290.0
Truck94740,290.0
Truck94741,290.0
Truck94743,290.0
Truck94725,337.0
Truck94744,290.0
Truck94748,290.0
Truck94749,290.0
Truck94750,290.0
Truck94751,290.0
Truck94733,336.0
Truck94729,348.0
Truck94752,290.0
Truck94753,290.0
Truck94736,335.0
Truck94754,290.0
Truck94755,290.0
Truck94732,347.0
Truck94756,290.0
Truck94757,290.0
Truck94758,290.0
Truck94759,290.0
Truck94760,290.0
Truck94761,290.0
Truck94762,290.0
Truck94763,290.0
Truck94728,378.0
Truck94765,290.0
Truck94746,336.0
Truck94766,290.0
Truck94745,348.0
Truck94768,290.0
Truck94770,290.0
Truck94771,290.0
Truck94747,353.0
Truck94742,365.0
Truck94772,290.0
Truck94774,290.0
Truck94776,290.0
Truck94780,290.0
Truck94781,290.0
Truck94764,334.0
Truck94782,290.0
Truck94783,290.0
Truck94784,290.0
Truck94785,290.0
Truck94786,290.0
Truck94787,290.0
Truck94775,324.0
Truck94789,290.0
Truck94791,290.0
Truck94773,337.0
Truck94777,329.0
Truck94792,290.0
Truck94794,290.0
Truck94795,290.0
Truck94796,290.0
Truck94797,290.0
Truck94779,338.0
Truck94778,339.0
Truck94788,315.0
Truck94798,290.0
Truck94799,290.0
Truck94800,290.0
Truck94801,290.0
Truck94802,290.0
Truck94803,290.0
Truck94769,378.0
Truck94804,290.0
Truck94805,290.0
Truck94806,290.0
Truck94807,290.0
Truck94809,290.0
Truck94810,290.0
Truck94812,290.0
Truck94813,290.0
Truck94767,409.0
Truck94815,290.0
Truck94790,354.0
Truck94816,290.0
Truck94817,290.0
Truck94811,307.0
Truck94793,355.0
Truck94818,290.0
Truck94819,290.0
Truck94820,290.0
Truck94821,290.0
Truck94822,290.0
Truck94823,290.0
Truck94824,290.0
Truck94825,290.0
Truck94828,290.0
Truck94829,290.0
Truck94830,290.0
Truck94831,290.0
Truck94808,346.0
Truck94832,290.0
Truck94833,290.0
Truck94835,290.0
Truck94836,290.0
Truck94838,290.0
Truck94839,290.0
Truck94814,352.0
Truck94841,290.0
Truck94843,290.0
Truck94844,290.0
Truck94845,290.0
Truck94846,290.0
Truck94826,341.0
Truck94840,310.0
Truck94848,290.0
Truck94849,290.0
Truck94827,346.0
Truck94850,290.0
Truck94851,290.0
Truck94834,335.0
Truck94852,290.0
Truck94854,290.0
Truck94855,290.0
Truck94856,290.0
Truck94857,290.0
Truck94858,290.0
Truck94859,290.0
Truck94861,290.0
Truck94862,290.0
Truck94853,317.0
Truck94837,359.0
Truck94864,290.0
Truck94865,290.0
Truck94842,350.0
Truck94866,290.0
Truck94868,290.0
Truck94871,290.0
Truck94872,290.0
Truck94874,290.0
Truck94876,290.0
Truck94877,290.0
Truck94863,327.0
Truck94878,290.0
Truck94879,290.0
Truck94880,290.0
Truck94881,290.0
Truck94882,290.0
Truck94883,290.0
Truck94873,316.0
Truck94860,349.0
Truck94884,290.0
Truck94885,290.0
Truck94886,290.0
Truck94887,290.0
Truck94888,290.0
Truck94869,345.0
Truck94890,290.0
Truck94891,290.0
Truck94867,354.0
Truck94892,290.0
Truck94893,290.0
Truck94875,340.0
Truck94847,413.0
Truck94896,290.0
Truck94889,313.0
Truck94898,290.0
Truck94901,290.0
Truck94870,368.0
Truck94902,290.0
Truck94903,290.0
Truck94897,310.0
Truck94905,290.0
Truck94906,290.0
Truck94907,290.0
Truck94908,290.0
Truck94895,326.0
Truck94910,290.0
Truck94912,290.0
Truck94913,290.0
Truck94894,336.0
Truck94915,290.0
Truck94916,290.0
Truck94899,337.0
Truck94900,333.0
Truck94920,290.0
Truck94921,290.0
Truck94904,335.0
Truck94922,290.0
Truck94923,290.0
Truck95043,290.0
Truck95046,290.0
Truck95047,290.0
Truck95048,290.0
Truck95049,290.0
Truck95050,290.0
Truck95051,290.0
Truck95044,306.0
Truck95052,290.0
Truck95053,290.0
Truck95054,290.0
Truck95041,328.0
Truck95057,290.0
Truck95045,322.0
Truck95058,290.0
Truck95040,339.0
Truck95060,290.0
Truck95061,290.0
Truck95062,290.0
Truck95056,306.0
Truck95064,290.0
Truck95065,290.0
Truck95066,290.0
Truck95068,290.0
Truck95069,290.0
Truck95070,290.0
Truck95071,290.0
Truck95072,290.0
Truck95073,290.0
Truck95074,290.0
Truck95075,290.0
Truck95042,371.0
Truck95076,290.0
Truck95077,290.0
Truck95055,346.0
Truck95078,290.0
Truck95079,290.0
Truck95080,290.0
Truck95081,290.0
Truck95082,290.0
Truck95083,290.0
Truck95059,351.0
Truck95067,336.0
Truck95063,347.0
Truck95086,290.0
Truck95087,290.0
Truck95089,290.0
Truck95090,290.0
Truck95091,290.0
Truck95093,290.0
Truck95094,290.0
Truck95095,290.0
Truck95085,317.0
Truck95096,290.0
Truck95097,290.0
Truck95098,290.0
Truck95099,290.0
Truck95100,290.0
Truck95102,290.0
Truck95103,290.0
Truck95104,290.0
Truck95105,290.0
Truck95084,344.0
Truck95106,290.0
Truck95107,290.0
Truck95088,340.0
Truck95108,290.0
Truck95110,290.0
Truck95111,290.0
Truck95092,340.0
Truck95112,290.0
Truck95113,290.0
Truck95114,290.0
Truck95115,290.0
Truck95116,290.0
Truck95117,290.0
Truck95118,290.0
Truck95119,290.0
Truck95121,290.0
Truck95109,322.0
Truck95124,290.0
Truck95125,290.0
Truck95126,290.0
Truck95128,290.0
Truck95129,290.0
Truck95130,290.0
Truck95131,290.0
Truck95132,290.0
Truck95133,290.0
Truck95101,372.0
Truck95136,290.0
Truck95138,290.0
Truck95139,290.0
Truck95140,290.0
Truck95141,290.0
Truck95135,308.0
Truck95120,345.0
Truck95142,290.0
Truck95122,341.0
Truck95123,343.0
Truck95127,337.0
Truck95146,290.0
Truck95148,290.0
Truck95149,290.0
Truck95143,310.0
Truck95150,290.0
Truck95151,290.0
Truck95152,290.0
Truck95154,290.0
Truck95134,345.0
Truck95144,322.0
Truck95147,318.0
Truck95159,290.0
Truck95160,290.0
Truck95162,290.0
Truck95163,290.0
Truck95156,306.0
Truck95165,290.0
Truck95166,290.0
Truck95167,290.0
Truck95169,290.0
Truck95137,373.0
Truck95158,319.0
Truck95171,290.0
Truck95175,290.0
Truck95176,290.0
Truck95177,290.0
Truck95168,312.0
Truck95178,290.0
Truck95179,290.0
Truck95145,378.0
Truck95180,290.0
Truck95184,290.0
Truck95185,290.0
Truck95157,363.0
Truck95187,290.0
Truck95170,332.0
Truck95173,327.0
Truck95174,325.0
Truck95189,290.0
Truck95155,378.0
Truck95191,290.0
Truck95183,314.0
Truck95164,360.0
Truck95192,290.0
Truck95161,374.0
Truck95172,345.0
Truck95194,290.0
Truck95197,290.0
Truck95199,290.0
Truck95186,325.0
Truck95190,316.0
Truck95195,308.0
Truck95203,290.0
Truck95204,290.0
Truck95206,290.0
Truck95207,290.0
Truck95182,351.0
Truck95153,431.0
Truck95193,331.0
Truck95210,290.0
Truck95211,290.0
Truck95212,290.0
Truck95198,326.0
Truck95181,373.0
Truck95215,290.0
Truck95196,336.0
Truck95188,364.0
Truck95218,290.0
Truck95221,290.0
Truck95208,323.0
Truck95223,290.0
Truck95214,315.0
Truck95224,290.0
Truck95225,290.0
Truck95202,347.0
Truck95209,335.0
Truck95226,290.0
Truck95227,290.0
Truck95228,290.0
Truck95229,290.0
Truck95230,290.0
Truck95231,290.0
Truck95201,370.0
Truck95232,290.0
Truck95235,290.0
Truck95213,346.0
Truck95219,335.0
Truck95237,290.0
Truck95238,290.0
Truck95239,290.0
Truck95240,290.0
Truck95234,308.0
Truck95217,355.0
Truck95242,290.0
Truck95243,290.0
Truck95205,389.0
Truck95236,310.0
Truck95244,290.0
Truck95222,349.0
Truck95246,290.0
Truck95247,290.0
Truck95200,407.0
Truck95241,309.0
Truck95248,290.0
Truck95216,371.0
Truck95220,362.0
Truck95250,290.0
Truck95251,290.0
Truck95252,290.0
Truck95253,290.0
Truck95254,290.0
Truck95255,290.0
Truck95233,349.0
Truck95256,290.0
Truck95258,290.0
Truck95260,290.0
Truck95261,290.0
Truck95262,290.0
Truck95264,290.0
Truck95265,290.0
Truck95249,335.0
Truck95266,290.0
Truck95267,290.0
Truck95270,290.0
Truck95271,290.0
Truck95272,290.0
Truck95273,290.0
Truck95274,290.0
Truck95276,290.0
Truck95278,290.0
Truck95245,376.0
Truck95280,290.0
Truck95281,290.0
Truck95259,346.0
Truck95269,325.0
Truck95282,290.0
Truck95283,290.0
Truck95263,342.0
Truck95284,290.0
Truck95285,290.0
Truck95286,290.0
Truck95287,290.0
Truck95288,290.0
Truck95289,290.0
Truck95268,343.0
Truck95257,374.0
Truck95290,290.0
Truck95291,290.0
Truck95277,332.0
Truck95294,290.0
Truck95295,290.0
Truck95298,290.0
Truck95299,290.0
Truck95279,342.0
Truck95300,290.0
Truck95301,290.0
Truck95302,290.0
Truck95303,290.0
Truck95304,290.0
Truck95305,290.0
Truck95306,290.0
Truck95307,290.0
Truck95308,290.0
Truck95309,290.0
Truck95275,376.0
Truck95311,290.0
Truck95296,334.0
Truck95293,345.0
Truck95315,290.0
Truck95292,347.0
Truck95317,290.0
Truck95297,342.0
Truck95318,290.0
Truck95319,290.0
Truck95320,290.0
Truck95321,290.0
Truck95322,290.0
Truck95325,290.0
Truck95326,290.0
Truck95327,290.0
Truck95329,290.0
Truck95330,290.0
Truck95312,340.0
Truck95332,290.0
Truck95334,290.0
Truck95335,290.0
Truck95314,341.0
Truck95310,354.0
Truck95336,290.0
Truck95337,290.0
Truck95313,353.0
Truck95331,310.0
Truck95338,290.0
Truck95339,290.0
Truck95341,290.0
Truck95323,337.0
Truck95328,325.0
Truck95342,290.0
Truck95324,336.0
Truck95333,319.0
Truck95345,290.0
Truck95346,290.0
Truck95347,290.0
Truck95348,290.0
Truck95349,290.0
Truck95350,290.0
Truck95316,377.0
Truck95352,290.0
Truck95353,290.0
Truck95354,290.0
Truck95355,290.0
Truck95357,290.0
Truck95358,290.0
Truck95359,290.0
Truck95344,329.0
Truck95360,290.0
Truck95361,290.0
Truck95340,344.0
Truck95364,290.0
Truck95366,290.0
Truck95367,290.0
Truck95369,290.0
Truck95351,339.0
Truck95370,290.0
Truck95371,290.0
Truck95372,290.0
Truck95373,290.0
Truck95374,290.0
Truck95356,336.0
Truck95376,290.0
Truck95377,290.0
Truck95378,290.0
Truck95379,290.0
Truck95343,382.0
Truck95362,333.0
Truck95380,290.0
Truck95381,290.0
Truck95382,290.0
Truck95365,338.0
Truck95385,290.0
Truck95386,290.0
Truck95387,290.0
Truck95388,290.0
Truck95389,290.0
Truck95391,290.0
Truck95363,365.0
Truck95392,290.0
Truck95393,290.0
Truck95394,290.0
Truck95395,290.0
Truck95384,317.0
Truck95397,290.0
Truck95368,361.0
Truck95375,346.0
Truck95383,326.0
Truck95398,290.0
Truck95399,290.0
Truck95400,290.0
Truck95401,290.0
Truck95402,290.0
Truck95396,310.0
Truck95404,290.0
Truck95405,290.0
Truck95390,327.0
Truck95406,290.0
Truck95407,290.0
Truck95408,290.0
Truck95409,290.0
Truck95410,290.0
Truck95411,290.0
Truck95413,290.0
Truck95414,290.0
Truck95415,290.0
Truck95417,290.0
Truck95418,290.0
Truck95419,290.0
Truck95420,290.0
Truck95422,290.0
Truck95423,290.0
Truck95424,290.0
Truck95425,290.0
Truck95426,290.0
Truck95429,290.0
Truck95430,290.0
Truck95412,339.0
Truck95432,290.0
Truck95434,290.0
Truck95435,290.0
Truck95428,310.0
Truck95436,290.0
Truck95438,290.0
Truck95439,290.0
Truck95431,312.0
Truck95440,290.0
Truck95441,290.0
Truck95442,290.0
Truck95427,335.0
Truck95445,290.0
Truck95446,290.0
Truck95447,290.0
Truck95448,290.0
Truck95449,290.0
Truck95403,410.0
Truck95450,290.0
Truck95451,290.0
Truck95452,290.0
Truck95453,290.0
Truck95443,317.0
Truck95416,383.0
Truck95454,290.0
Truck95421,378.0
Truck95444,320.0
Truck95456,290.0
Truck95437,341.0
Truck95458,290.0
Truck95459,290.0
Truck95460,290.0
Truck95461,290.0
Truck95462,290.0
Truck95463,290.0
Truck95464,290.0
Truck95465,290.0
Truck95466,290.0
Truck95433,377.0
Truck95468,290.0
Truck95469,290.0
Truck95455,329.0
Truck95471,290.0
Truck95472,290.0
Truck95474,290.0
Truck95475,290.0
Truck95476,290.0
Truck95467,320.0
Truck95478,290.0
Truck95479,290.0
Truck95480,290.0
Truck95481,290.0
Truck95470,318.0
Truck95482,290.0
Truck95483,290.0
Truck95484,290.0
Truck95457,365.0
Truck95488,290.0
Truck95489,290.0
Truck95490,290.0
Truck95492,290.0
Truck95493,290.0
Truck95494,290.0
Truck95495,290.0
Truck95497,290.0
Truck95477,341.0
Truck95498,290.0
Truck95486,321.0
Truck95500,290.0
Truck95501,290.0
Truck95502,290.0
Truck95503,290.0
Truck95485,338.0
Truck95504,290.0
Truck95506,290.0
Truck95507,290.0
Truck95491,334.0
Truck95508,290.0
Truck95509,290.0
Truck95496,325.0
Truck95511,290.0
Truck95473,389.0
Truck95512,290.0
Truck95513,290.0
Truck95499,329.0
Truck95514,290.0
Truck95515,290.0
Truck95517,290.0
Truck95520,290.0
Truck95521,290.0
Truck95522,290.0
Truck95523,290.0
Truck95524,290.0
Truck95525,290.0
Truck95526,290.0
Truck95527,290.0
Truck95528,290.0
Truck95530,290.0
Truck95531,290.0
Truck95519,326.0
Truck95534,290.0
Truck95535,290.0
Truck95487,411.0
Truck95537,290.0
Truck95539,290.0
Truck95529,319.0
Truck95540,290.0
Truck95541,290.0
Truck95510,367.0
Truck95542,290.0
Truck95543,290.0
Truck95532,320.0
Truck95544,290.0
Truck95516,362.0
Truck95546,290.0
Truck95547,290.0
Truck95505,400.0
Truck95550,290.0
Truck95551,290.0
Truck95552,290.0
Truck95553,290.0
Truck95545,313.0
Truck95538,331.0
Truck95556,290.0
Truck95557,290.0
Truck95558,290.0
Truck95559,290.0
Truck95560,290.0
Truck95561,290.0
Truck95549,321.0
Truck95563,290.0
Truck95565,290.0
Truck95536,361.0
Truck95567,290.0
Truck95533,377.0
Truck95548,338.0
Truck95568,290.0
Truck95570,290.0
Truck95518,422.0
Truck95572,290.0
Truck95573,290.0
Truck95554,336.0
Truck95574,290.0
Truck95575,290.0
Truck95576,290.0
Truck95577,290.0
Truck95578,290.0
Truck95580,290.0
Truck95581,290.0
Truck95582,290.0
Truck95583,290.0
Truck95562,343.0
Truck95584,290.0
Truck95569,331.0
Truck95564,344.0
Truck95566,340.0
Truck95555,375.0
Truck95589,290.0
Truck95590,290.0
Truck95593,290.0
Truck95586,306.0
Truck95588,305.0
Truck95594,290.0
Truck95595,290.0
Truck95571,353.0
Truck95596,290.0
Truck95597,290.0
Truck95599,290.0
Truck95600,290.0
Truck95601,290.0
Truck95602,290.0
Truck95603,290.0
Truck95604,290.0
Truck95605,290.0
Truck95606,290.0
Truck95607,290.0
Truck95608,290.0
Truck95609,290.0
Truck95579,366.0
Truck95591,337.0
Truck95611,290.0
Truck95612,290.0
Truck95613,290.0
Truck95614,290.0
Truck95587,363.0
Truck95617,290.0
Truck95618,290.0
Truck95620,290.0
Truck95621,290.0
Truck95585,385.0
Truck95622,290.0
Truck95623,290.0
Truck95592,374.0
Truck95626,290.0
Truck95627,290.0
Truck95628,290.0
Truck95629,290.0
Truck95598,368.0
Truck95615,328.0
Truck95630,290.0
Truck95631,290.0
Truck95624,306.0
Truck95633,290.0
Truck95635,290.0
Truck95625,319.0
Truck95637,290.0
Truck95616,345.0
Truck95640,290.0
Truck95641,290.0
Truck95610,369.0
Truck95642,290.0
Truck95643,290.0
Truck95645,290.0
Truck95646,290.0
Truck95647,290.0
Truck95648,290.0
Truck95649,290.0
Truck95650,290.0
Truck95651,290.0
Truck95644,308.0
Truck95652,290.0
Truck95619,376.0
Truck95654,290.0
Truck95658,290.0
Truck95634,351.0
Truck95632,357.0
Truck95639,345.0
Truck95660,290.0
Truck95655,306.0
Truck95638,348.0
Truck95662,290.0
Truck95663,290.0
Truck95664,290.0
Truck95665,290.0
Truck95666,290.0
Truck95667,290.0
Truck95636,366.0
Truck95659,312.0
Truck95668,290.0
Truck95669,290.0
Truck95653,335.0
Truck95670,290.0
Truck95671,290.0
Truck95672,290.0
Truck95673,290.0
Truck95656,333.0
Truck95674,290.0
Truck95675,290.0
Truck95677,290.0
Truck95679,290.0
Truck95657,346.0
Truck95680,290.0
Truck95661,343.0
Truck95682,290.0
Truck95683,290.0
Truck95684,290.0
Truck95685,290.0
Truck95676,315.0
Truck95686,290.0
Truck95687,290.0
Truck95689,290.0
Truck95690,290.0
Truck95691,290.0
Truck95692,290.0
Truck95693,290.0
Truck95694,290.0
Truck95696,290.0
Truck95697,290.0
Truck95698,290.0
Truck95699,290.0
Truck95700,290.0
Truck95681,344.0
Truck95688,324.0
Truck95704,290.0
Truck95678,359.0
Truck95706,290.0
Truck95707,290.0
Truck95708,290.0
Truck95709,290.0
Truck95710,290.0
Truck95711,290.0
Truck95705,309.0
Truck95703,317.0
Truck95720,290.0
Truck95721,290.0
Truck95722,290.0
Truck95723,290.0
Truck95724,290.0
Truck95725,290.0
Truck95702,347.0
Truck95695,369.0
Truck95727,290.0
Truck95718,312.0
Truck95729,290.0
Truck95730,290.0
Truck95732,290.0
Truck95733,290.0
Truck95713,343.0
Truck95735,290.0
Truck95717,338.0
Truck95736,290.0
Truck95737,290.0
Truck95714,347.0
Truck95738,290.0
Truck95731,312.0
Truck95741,290.0
Truck95719,346.0
Truck95726,327.0
Truck95742,290.0
Truck95743,290.0
Truck95728,328.0
Truck95701,399.0
Truck95712,373.0
Truck95746,290.0
Truck95740,307.0
Truck95716,370.0
Truck95748,290.0
Truck95750,290.0
Truck95751,290.0
Truck95715,381.0
Truck95752,290.0
Truck95753,290.0
Truck95754,290.0
Truck95755,290.0
Truck95756,290.0
Truck95757,290.0
Truck95745,323.0
Truck95758,290.0
Truck95759,290.0
Truck95760,290.0
Truck95761,290.0
Truck95749,325.0
Truck95762,290.0
Truck95764,290.0
Truck95765,290.0
Truck95734,368.0
Truck95739,360.0
Truck95766,290.0
Truck95767,290.0
Truck95744,346.0
Truck95768,290.0
Truck95769,290.0
Truck95770,290.0
Truck95771,290.0
Truck95773,290.0
Truck95777,290.0
Truck95747,366.0
Truck95778,290.0
Truck95779,290.0
Truck95780,290.0
Truck95781,290.0
Truck95774,310.0
Truck95783,290.0
Truck95784,290.0
Truck95763,347.0
Truck95772,325.0
Truck95786,290.0
Truck95787,290.0
Truck95788,290.0
Truck95789,290.0
Truck95790,290.0
Truck95792,290.0
Truck95793,290.0
Truck95775,340.0
Truck95794,290.0
Truck95795,290.0
Truck95796,290.0
Truck95797,290.0
Truck95798,290.0
Truck95776,348.0
Truck95800,290.0
Truck95801,290.0
Truck95791,316.0
Truck95802,290.0
Truck95803,290.0
Truck95799,305.0
Truck95804,290.0
Truck95806,290.0
Truck95807,290.0
Truck95785,347.0
Truck95809,290.0
Truck95810,290.0
Truck95811,290.0
Truck95812,290.0
Truck95814,290.0
Truck95815,290.0
Truck95816,290.0
Truck95817,290.0
Truck95818,290.0
Truck95819,290.0
Truck95820,290.0
Truck95782,389.0
Truck95822,290.0
Truck95823,290.0
Truck95824,290.0
Truck95825,290.0
Truck95827,290.0
Truck95829,290.0
Truck95805,357.0
Truck95832,290.0
Truck95833,290.0
Truck95821,321.0
Truck95834,290.0
Truck95836,290.0
Truck95830,308.0
Truck95838,290.0
Truck95839,290.0
Truck95840,290.0
Truck95841,290.0
Truck95828,321.0
Truck95808,375.0
Truck95842,290.0
Truck95843,290.0
Truck95813,366.0
Truck95844,290.0
Truck95845,290.0
Truck95847,290.0
Truck95831,335.0
Truck95848,290.0
Truck95849,290.0
Truck95850,290.0
Truck95851,290.0
Truck95835,332.0
Truck95852,290.0
Truck95853,290.0
Truck95826,360.0
Truck95857,290.0
Truck95858,290.0
Truck95860,290.0
Truck95861,290.0
Truck95862,290.0
Truck95863,290.0
Truck95866,290.0
Truck95867,290.0
Truck95869,290.0
Truck95870,290.0
Truck95871,290.0
Truck95837,376.0
Truck95846,355.0
Truck95872,290.0
Truck95873,290.0
Truck95864,315.0
Truck95874,290.0
Truck95854,343.0
Truck95876,290.0
Truck95877,290.0
Truck95856,344.0
Truck95859,340.0
Truck95880,290.0
Truck95881,290.0
Truck95882,290.0
Truck95883,290.0
Truck95855,363.0
Truck95885,290.0
Truck95868,336.0
Truck95888,290.0
Truck95889,290.0
Truck95893,290.0
Truck95894,290.0
Truck95895,290.0
Truck95879,335.0
Truck95897,290.0
Truck95886,317.0
Truck95898,290.0
Truck95899,290.0
Truck95892,310.0
Truck95865,381.0
Truck95878,347.0
Truck95903,290.0
Truck95875,361.0
Truck95905,290.0
Truck95891,327.0
Truck95906,290.0
Truck95907,290.0
Truck95887,341.0
Truck95890,331.0
Truck95908,290.0
Truck95909,290.0
Truck95910,290.0
Truck95901,319.0
Truck95912,290.0
Truck95913,290.0
Truck95900,325.0
Truck95914,290.0
Truck95915,290.0
Truck95896,340.0
Truck95917,290.0
Truck95919,290.0
Truck95902,333.0
Truck95921,290.0
Truck95922,290.0
Truck95923,290.0
Truck95904,340.0
Truck95924,290.0
Truck95925,290.0
Truck95926,290.0
Truck95927,290.0
Truck95884,396.0
Truck95916,319.0
Truck95928,290.0
Truck95929,290.0
Truck95930,290.0
Truck95911,342.0
Truck95932,290.0
Truck95933,290.0
Truck95934,290.0
Truck95935,290.0
Truck95936,290.0
Truck95938,290.0
Truck95939,290.0
Truck95918,345.0
Truck95940,290.0
Truck95931,317.0
Truck95942,290.0
Truck95943,290.0
Truck95920,348.0
Truck95947,290.0
Truck95948,290.0
Truck95949,290.0
Truck95951,290.0
Truck95952,290.0
Truck95953,290.0
Truck95954,290.0
Truck95955,290.0
Truck95945,316.0
Truck95956,290.0
Truck95957,290.0
Truck95959,290.0
Truck95950,313.0
Truck95941,340.0
Truck95960,290.0
Truck95937,351.0
Truck95944,332.0
Truck95963,290.0
Truck95946,334.0
Truck95964,290.0
Truck95965,290.0
Truck95966,290.0
Truck95968,290.0
Truck95969,290.0
Truck95973,290.0
Truck95974,290.0
Truck95975,290.0
Truck95976,290.0
Truck95977,290.0
Truck95978,290.0
Truck95979,290.0
Truck95981,290.0
Truck95961,341.0
Truck95970,319.0
Truck95984,290.0
Truck95986,290.0
Truck95958,361.0
Truck95971,340.0
Truck95990,290.0
Truck95992,290.0
Truck95993,290.0
Truck95985,311.0
Truck95962,370.0
Truck95967,360.0
Truck95996,290.0
Truck95997,290.0
Truck95982,326.0
Truck95989,311.0
Truck95998,290.0
Truck95999,290.0
Truck95980,337.0
Truck96000,290.0
Truck96001,290.0
Truck95983,337.0
Truck95987,329.0
Truck96002,290.0
Truck96003,290.0
Truck96006,290.0
Truck96007,290.0
Truck96008,290.0
Truck96011,290.0
Truck96013,290.0
Truck95991,348.0
Truck96014,290.0
Truck96015,290.0
Truck95972,398.0
Truck96016,290.0
Truck95994,349.0
Truck96018,290.0
Truck96019,290.0
Truck96020,290.0
Truck96021,290.0
Truck95995,357.0
Truck95988,375.0
Truck96022,290.0
Truck96023,290.0
Truck96024,290.0
Truck96025,290.0
Truck96027,290.0
Truck96029,290.0
Truck96004,351.0
Truck96009,344.0
Truck96030,290.0
Truck96031,290.0
Truck96010,341.0
Truck96005,360.0
Truck96032,290.0
Truck96012,341.0
Truck96035,290.0
Truck96017,338.0
Truck96037,290.0
Truck96038,290.0
Truck96042,290.0
Truck96043,290.0
Truck96044,290.0
Truck96045,290.0
Truck96046,290.0
Truck96047,290.0
Truck96048,290.0
Truck96049,290.0
Truck96050,290.0
Truck96040,316.0
Truck96052,290.0
Truck96053,290.0
Truck96033,341.0
Truck96054,290.0
Truck96055,290.0
Truck96056,290.0
Truck96057,290.0
Truck96039,337.0
Truck96034,351.0
Truck96061,290.0
Truck96028,371.0
Truck96026,378.0
Truck96063,290.0
Truck96041,353.0
Truck96066,290.0
Truck96067,290.0
Truck96036,370.0
Truck96068,290.0
Truck96069,290.0
Truck96065,305.0
Truck96070,290.0
Truck96071,290.0
Truck96072,290.0
Truck96073,290.0
Truck96064,311.0
Truck96074,290.0
Truck96076,290.0
Truck96058,337.0
Truck96078,290.0
Truck96079,290.0
Truck96051,362.0
Truck96080,290.0
Truck96081,290.0
Truck96083,290.0
Truck96084,290.0
Truck96087,290.0
Truck96059,361.0
Truck96088,290.0
Truck96089,290.0
Truck96062,356.0
Truck96090,290.0
Truck96091,290.0
Truck96075,335.0
Truck96092,290.0
Truck96093,290.0
Truck96060,374.0
Truck96094,290.0
Truck96095,290.0
Truck96085,318.0
Truck96096,290.0
Truck96097,290.0
Truck96082,329.0
Truck96077,349.0
Truck96101,290.0
Truck96102,290.0
Truck96103,290.0
Truck96106,290.0
Truck96107,290.0
Truck96086,343.0
Truck96108,290.0
Truck96111,290.0
Truck96099,324.0
Truck96112,290.0
Truck96113,290.0
Truck96115,290.0
Truck96116,290.0
Truck96117,290.0
Truck96098,336.0
Truck96118,290.0
Truck96119,290.0
Truck96121,290.0
Truck96109,324.0
Truck96122,290.0
Truck96124,290.0
Truck96125,290.0
Truck96126,290.0
Truck96127,290.0
Truck96104,350.0
Truck96129,290.0
Truck96105,353.0
Truck96130,290.0
Truck96131,290.0
Truck96132,290.0
Truck96133,290.0
Truck96134,290.0
Truck96114,344.0
Truck96100,380.0
Truck96136,290.0
Truck96137,290.0
Truck96138,290.0
Truck96139,290.0
Truck96110,364.0
Truck96120,340.0
Truck96140,290.0
Truck96141,290.0
Truck96142,290.0
Truck96143,290.0
Truck96144,290.0
Truck96145,290.0
Truck96123,347.0
Truck96147,290.0
Truck96148,290.0
Truck96152,290.0
Truck96153,290.0
Truck96128,352.0
Truck96154,290.0
Truck96155,290.0
Truck96135,343.0
Truck96156,290.0
Truck96146,316.0
Truck96150,310.0
Truck96158,290.0
Truck96159,290.0
Truck96160,290.0
Truck96161,290.0
Truck96151,317.0
Truck96149,324.0
Truck96163,290.0
Truck96164,290.0
Truck96166,290.0
Truck96167,290.0
Truck96168,290.0
Truck96172,290.0
Truck96173,290.0
Truck96174,290.0
Truck96175,290.0
Truck96176,290.0
Truck96177,290.0
Truck96171,307.0
Truck96178,290.0
Truck96181,290.0
Truck96182,290.0
Truck96170,325.0
Truck96184,290.0
Truck96185,290.0
Truck96165,344.0
Truck96157,365.0
Truck96186,290.0
Truck96187,290.0
Truck96188,290.0
Truck96189,290.0
Truck96190,290.0
Truck96191,290.0
Truck96192,290.0
Truck96169,356.0
Truck96197,290.0
Truck96198,290.0
Truck96200,290.0
Truck96180,341.0
Truck96179,347.0
Truck96162,388.0
Truck96202,290.0
Truck96203,290.0
Truck96204,290.0
Truck96205,290.0
Truck96183,346.0
Truck96196,311.0
Truck96195,318.0
Truck96206,290.0
Truck96207,290.0
Truck96199,311.0
Truck96208,290.0
Truck96209,290.0
Truck96210,290.0
Truck96211,290.0
Truck96213,290.0
Truck96214,290.0
Truck96215,290.0
Truck96193,348.0
Truck96217,290.0
Truck96201,335.0
Truck96218,290.0
Truck96219,290.0
Truck96220,290.0
Truck96222,290.0
Truck96223,290.0
Truck96225,290.0
Truck96226,290.0
Truck96227,290.0
Truck96228,290.0
Truck96194,379.0
Truck96231,290.0
Truck96221,318.0
Truck96232,290.0
Truck96233,290.0
Truck96234,290.0
Truck96235,290.0
Truck96212,346.0
Truck96236,290.0
Truck96237,290.0
Truck96216,341.0
Truck96238,290.0
Truck96240,290.0
Truck96241,290.0
Truck96242,290.0
Truck96243,290.0
Truck96244,290.0
Truck96246,290.0
Truck96247,290.0
Truck96248,290.0
Truck96253,290.0
Truck96254,290.0
Truck96255,290.0
Truck96230,353.0
Truck96256,290.0
Truck96224,371.0
Truck96229,365.0
Truck96259,290.0
Truck96260,290.0
Truck96261,290.0
Truck96239,349.0
Truck96245,334.0
Truck96249,325.0
Truck96262,290.0
Truck96263,290.0
Truck96264,290.0
Truck96265,290.0
Truck96266,290.0
Truck96267,290.0
Truck96269,290.0
Truck96258,319.0
Truck96251,340.0
Truck96270,290.0
Truck96272,290.0
Truck96252,342.0
Truck96274,290.0
Truck96275,290.0
Truck96268,309.0
Truck96276,290.0
Truck96257,342.0
Truck96278,290.0
Truck96279,290.0
Truck96250,363.0
Truck96281,290.0
Truck96282,290.0
Truck96283,290.0
Truck96284,290.0
Truck96285,290.0
Truck96286,290.0
Truck96287,290.0
Truck96288,290.0
Truck96289,290.0
Truck96291,290.0
Truck96273,340.0
Truck96293,290.0
Truck96271,350.0
Truck96294,290.0
Truck96295,290.0
Truck96296,290.0
Truck96277,345.0
Truck96290,310.0
Truck96298,290.0
Truck96300,290.0
Truck96302,290.0
Truck96303,290.0
Truck96280,346.0
Truck96305,290.0
Truck96292,325.0
Truck96306,290.0
Truck96308,290.0
Truck96310,290.0
Truck96311,290.0
Truck96312,290.0
Truck96313,290.0
Truck96297,331.0
Truck96307,306.0
Truck96314,290.0
Truck96316,290.0
Truck96317,290.0
Truck96318,290.0
Truck96301,336.0
Truck96320,290.0
Truck96321,290.0
Truck96309,324.0
Truck96322,290.0
Truck96323,290.0
Truck96326,290.0
Truck96327,290.0
Truck96304,348.0
Truck96328,290.0
Truck96329,290.0
Truck96319,319.0
Truck96330,290.0
Truck96299,371.0
Truck96332,290.0
Truck96333,290.0
Truck96335,290.0
Truck96315,341.0
Truck96336,290.0
Truck96337,290.0
Truck96338,290.0
Truck96340,290.0
Truck96342,290.0
Truck96343,290.0
Truck96345,290.0
Truck96347,290.0
Truck96348,290.0
Truck96349,290.0
Truck96350,290.0
Truck96351,290.0
Truck96324,356.0
Truck96352,290.0
Truck96339,326.0
Truck96325,362.0
Truck96341,322.0
Truck96354,290.0
Truck96355,290.0
Truck96356,290.0
Truck96357,290.0
Truck96358,290.0
Truck96359,290.0
Truck96361,290.0
Truck96362,290.0
Truck96363,290.0
Truck96344,339.0
Truck96364,290.0
Truck96365,290.0
Truck96367,290.0
Truck96346,342.0
Truck96368,290.0
Truck96369,290.0
Truck96370,290.0
Truck96371,290.0
Truck96372,290.0
Truck96373,290.0
Truck96331,396.0
Truck96353,344.0
Truck96360,324.0
Truck96374,290.0
Truck96375,290.0
Truck96377,290.0
Truck96379,290.0
Truck96380,290.0
Truck96381,290.0
Truck96382,290.0
Truck96384,290.0
Truck96385,290.0
Truck96366,337.0
Truck96378,307.0
Truck96386,290.0
Truck96388,290.0
Truck96389,290.0
Truck96334,426.0
Truck96391,290.0
Truck96392,290.0
Truck96394,290.0
Truck96395,290.0
Truck96396,290.0
Truck96397,290.0
Truck96376,341.0
Truck96398,290.0
Truck96399,290.0
Truck96400,290.0
Truck96401,290.0
Truck96402,290.0
Truck96403,290.0
Truck96383,347.0
Truck96407,290.0
Truck96408,290.0
Truck96387,349.0
Truck96393,335.0
Truck96410,290.0
Truck96411,290.0
Truck96412,290.0
Truck96404,311.0
Truck96414,290.0
Truck96415,290.0
Truck96390,352.0
Truck96416,290.0
Truck96417,290.0
Truck96406,318.0
Truck96418,290.0
Truck96421,290.0
Truck96422,290.0
Truck96423,290.0
Truck96424,290.0
Truck96426,290.0
Truck96419,311.0
Truck96428,290.0
Truck96430,290.0
Truck96431,290.0
Truck96425,307.0
Truck96413,340.0
Truck96432,290.0
Truck96433,290.0
Truck96434,290.0
Truck96435,290.0
Truck96405,366.0
Truck96420,330.0
Truck96436,290.0
Truck96437,290.0
Truck96409,365.0
Truck96441,290.0
Truck96442,290.0
Truck96443,290.0
Truck96444,290.0
Truck96445,290.0
Truck96446,290.0
Truck96447,290.0
Truck96439,311.0
Truck96448,290.0
Truck96449,290.0
Truck96427,348.0
Truck96429,343.0
Truck96440,314.0
Truck96450,290.0
Truck96451,290.0
Truck96452,290.0
Truck96453,290.0
Truck96456,290.0
Truck96457,290.0
Truck96438,339.0
Truck96458,290.0
Truck96461,290.0
Truck96462,290.0
Truck96464,290.0
Truck96459,313.0
Truck96468,290.0
Truck96469,290.0
Truck96470,290.0
Truck96472,290.0
Truck96473,290.0
Truck96474,290.0
Truck96475,290.0
Truck96465,320.0
Truck96477,290.0
Truck96454,351.0
Truck96463,333.0
Truck96480,290.0
Truck96482,290.0
Truck96483,290.0
Truck96484,290.0
Truck96486,290.0
Truck96487,290.0
Truck96488,290.0
Truck96478,317.0
Truck96466,348.0
Truck96490,290.0
Truck96491,290.0
Truck96485,306.0
Truck96492,290.0
Truck96494,290.0
Truck96495,290.0
Truck96455,391.0
Truck96460,376.0
Truck96479,335.0
Truck96489,314.0
Truck96498,290.0
Truck96499,290.0
Truck96500,290.0
Truck96501,290.0
Truck96502,290.0
Truck96503,290.0
Truck96505,290.0
Truck96471,379.0
Truck96506,290.0
Truck96507,290.0
Truck96481,358.0
Truck96508,290.0
Truck96509,290.0
Truck96476,372.0
Truck96510,290.0
Truck96493,336.0
Truck96512,290.0
Truck96514,290.0
Truck96515,290.0
Truck96467,415.0
Truck96516,290.0
Truck96517,290.0
Truck96496,343.0
Truck96513,305.0
Truck96518,290.0
Truck96520,290.0
Truck96522,290.0
Truck96523,290.0
Truck96504,336.0
Truck96527,290.0
Truck96528,290.0
Truck96497,374.0
Truck96530,290.0
Truck96521,320.0
Truck96532,290.0
Truck96534,290.0
Truck96535,290.0
Truck96536,290.0
Truck96526,316.0
Truck96511,359.0
Truck96539,290.0
Truck96540,290.0
Truck96541,290.0
Truck96542,290.0
Truck96543,290.0
Truck96531,323.0
Truck96544,290.0
Truck96545,290.0
Truck96529,332.0
Truck96546,290.0
Truck96547,290.0
Truck96550,290.0
Truck96551,290.0
Truck96533,340.0
Truck96552,290.0
Truck96553,290.0
Truck96519,376.0
Truck96524,364.0
Truck96555,290.0
Truck96537,337.0
Truck96556,290.0
Truck96557,290.0
Truck96558,290.0
Truck96559,290.0
Truck96560,290.0
Truck96561,290.0
Truck96563,290.0
Truck96564,290.0
Truck96566,290.0
Truck96567,290.0
Truck96525,398.0
Truck96569,290.0
Truck96548,343.0
Truck96538,369.0
Truck96562,309.0
Truck96570,290.0
Truck96571,290.0
Truck96549,347.0
Truck96572,290.0
Truck96573,290.0
Truck96576,290.0
Truck96554,349.0
Truck96578,290.0
Truck96579,290.0
Truck96580,290.0
Truck96581,290.0
Truck96582,290.0
Truck96583,290.0
Truck96584,290.0
Truck96577,315.0
Truck96586,290.0
Truck96587,290.0
Truck96588,290.0
Truck96589,290.0
Truck96568,344.0
Truck96590,290.0
Truck96565,356.0
Truck96592,290.0
Truck96593,290.0
Truck96594,290.0
Truck96595,290.0
Truck96596,290.0
Truck96599,290.0
Truck96600,290.0
Truck96601,290.0
Truck96585,332.0
Truck96602,290.0
Truck96603,290.0
Truck96605,290.0
Truck96606,290.0
Truck96607,290.0
Truck96608,290.0
Truck96609,290.0
Truck96598,316.0
Truck96575,377.0
Truck96610,290.0
Truck96612,290.0
Truck96591,347.0
Truck96615,290.0
Truck96597,340.0
Truck96616,290.0
Truck96617,290.0
Truck96618,290.0
Truck96604,327.0
Truck96611,312.0
Truck96621,290.0
Truck96625,290.0
Truck96627,290.0
Truck96613,327.0
Truck96628,290.0
Truck96629,290.0
Truck96623,306.0
Truck96620,312.0
Truck96574,428.0
Truck96619,320.0
Truck96630,290.0
Truck96631,290.0
Truck96632,290.0
Truck96634,290.0
Truck96624,318.0
Truck96636,290.0
Truck96638,290.0
Truck96640,290.0
Truck96641,290.0
Truck96614,356.0
Truck96642,290.0
Truck96643,290.0
Truck96622,341.0
Truck96644,290.0
Truck96645,290.0
Truck96646,290.0
Truck96647,290.0
Truck96626,341.0
Truck96649,290.0
Truck96650,290.0
Truck96652,290.0
Truck96637,331.0
Truck96639,328.0
Truck96657,290.0
Truck96633,352.0
Truck96658,290.0
Truck96659,290.0
Truck96660,290.0
Truck96661,290.0
Truck96648,325.0
Truck96663,290.0
Truck96664,290.0
Truck96665,290.0
Truck96666,290.0
Truck96667,290.0
Truck96653,327.0
Truck96669,290.0
Truck96670,290.0
Truck96671,290.0
Truck96651,342.0
Truck96635,384.0
Truck96672,290.0
Truck96673,290.0
Truck96654,338.0
Truck96668,309.0
Truck96676,290.0
Truck96656,344.0
Truck96678,290.0
Truck96679,290.0
Truck96655,352.0
Truck96680,290.0
Truck96681,290.0
Truck96682,290.0
Truck96683,290.0
Truck96684,290.0
Truck96685,290.0
Truck96687,290.0
Truck96674,325.0
Truck96689,290.0
Truck96692,290.0
Truck96693,290.0
Truck96675,336.0
Truck96662,368.0
Truck96694,290.0
Truck96695,290.0
Truck96696,290.0
Truck96697,290.0
Truck96698,290.0
Truck96699,290.0
Truck96677,348.0
Truck96701,290.0
Truck96686,330.0
Truck96702,290.0
Truck96703,290.0
Truck96704,290.0
Truck96705,290.0
Truck96706,290.0
Truck96707,290.0
Truck96690,333.0
Truck96708,290.0
Truck96691,336.0
Truck96710,290.0
Truck96688,346.0
Truck96712,290.0
Truck96700,321.0
Truck96714,290.0
Truck96715,290.0
Truck96716,290.0
Truck96718,290.0
Truck96719,290.0
Truck96720,290.0
Truck96721,290.0
Truck96723,290.0
Truck96724,290.0
Truck96725,290.0
Truck96726,290.0
Truck96729,290.0
Truck96730,290.0
Truck96731,290.0
Truck96709,349.0
Truck96732,290.0
Truck96717,332.0
Truck96711,349.0
Truck96735,290.0
Truck96713,350.0
Truck96736,290.0
Truck96737,290.0
Truck96738,290.0
Truck96740,290.0
Truck96741,290.0
Truck96733,313.0
Truck96742,290.0
Truck96743,290.0
Truck96744,290.0
Truck96745,290.0
Truck96728,331.0
Truck96746,290.0
Truck96748,290.0
Truck96750,290.0
Truck96751,290.0
Truck96739,321.0
Truck96722,363.0
Truck96752,290.0
Truck96753,290.0
Truck96747,307.0
Truck96754,290.0
Truck96755,290.0
Truck96734,345.0
Truck96756,290.0
Truck96757,290.0
Truck96759,290.0
Truck96760,290.0
Truck96763,290.0
Truck96749,329.0
Truck96758,309.0
Truck96767,290.0
Truck96727,394.0
Truck96768,290.0
Truck96769,290.0
Truck96770,290.0
Truck96771,290.0
Truck96761,318.0
Truck96772,290.0
Truck96774,290.0
Truck96776,290.0
Truck96777,290.0
Truck96778,290.0
Truck96779,290.0
Truck96780,290.0
Truck96762,336.0
Truck96775,307.0
Truck96783,290.0
Truck96764,337.0
Truck96784,290.0
Truck96785,290.0
Truck96766,336.0
Truck96787,290.0
Truck96788,290.0
Truck96773,334.0
Truck96790,290.0
Truck96791,290.0
Truck96792,290.0
Truck96793,290.0
Truck96765,365.0
Truck96794,290.0
Truck96795,290.0
Truck96798,290.0
Truck96799,290.0
Truck96802,290.0
Truck96803,290.0
Truck96804,290.0
Truck96806,290.0
Truck96781,356.0
Truck96808,290.0
Truck96809,290.0
Truck96796,324.0
Truck96810,290.0
Truck96811,290.0
Truck96812,290.0
Truck96813,290.0
Truck96814,290.0
Truck96815,290.0
Truck96782,372.0
Truck96800,327.0
Truck96816,290.0
Truck96786,366.0
Truck96807,320.0
Truck96818,290.0
Truck96819,290.0
Truck96820,290.0
Truck96822,290.0
Truck96823,290.0
Truck96801,346.0
Truck96824,290.0
Truck96789,382.0
Truck96826,290.0
Truck96827,290.0
Truck96829,290.0
Truck96817,325.0
Truck96830,290.0
Truck96831,290.0
Truck96832,290.0
Truck96833,290.0
Truck96834,290.0
Truck96821,326.0
Truck96836,290.0
Truck96839,290.0
Truck96797,397.0
Truck96828,317.0
Truck96805,378.0
Truck96842,290.0
Truck96844,290.0
Truck96845,290.0
Truck96846,290.0
Truck96847,290.0
Truck96825,346.0
Truck96848,290.0
Truck96849,290.0
Truck96850,290.0
Truck96840,319.0
Truck96837,330.0
Truck96852,290.0
Truck96853,290.0
Truck96835,338.0
Truck96855,290.0
Truck96843,323.0
Truck96856,290.0
Truck96859,290.0
Truck96860,290.0
Truck96861,290.0
Truck96838,347.0
Truck96854,310.0
Truck96862,290.0
Truck96863,290.0
Truck96841,349.0
Truck96864,290.0
Truck96865,290.0
Truck96866,290.0
Truck96868,290.0
Truck96870,290.0
Truck96871,290.0
Truck96872,290.0
Truck96874,290.0
Truck96875,290.0
Truck96851,355.0
Truck96876,290.0
Truck96877,290.0
Truck96869,311.0
Truck96858,337.0
Truck96878,290.0
Truck96879,290.0
Truck96867,325.0
Truck96881,290.0
Truck96873,313.0
Truck96857,355.0
Truck96882,290.0
Truck96884,290.0
Truck96885,290.0
Truck96886,290.0
Truck96887,290.0
Truck96888,290.0
Truck96889,290.0
Truck96890,290.0
Truck96880,320.0
Truck96892,290.0
Truck96893,290.0
Truck96894,290.0
Truck96895,290.0
Truck96896,290.0
Truck96897,290.0
Truck96898,290.0
Truck96900,290.0
Truck96901,290.0
Truck96903,290.0
Truck96904,290.0
Truck96905,290.0
Truck96906,290.0
Truck96907,290.0
Truck96908,290.0
Truck96909,290.0
Truck96891,338.0
Truck96883,360.0
Truck96910,290.0
Truck96912,290.0
Truck96913,290.0
Truck96914,290.0
Truck96915,290.0
Truck96916,290.0
Truck96917,290.0
Truck96899,340.0
Truck96918,290.0
Truck96920,290.0
Truck96921,290.0
Truck96923,290.0
Truck96926,290.0
Truck96927,290.0
Truck96928,290.0
Truck96929,290.0
Truck96931,290.0
Truck96911,345.0
Truck96932,290.0
Truck96933,290.0
Truck96902,366.0
Truck96935,290.0
Truck96922,323.0
Truck96937,290.0
Truck96938,290.0
Truck96939,290.0
Truck96940,290.0
Truck96941,290.0
Truck96942,290.0
Truck96944,290.0
Truck96945,290.0
Truck96930,329.0
Truck96946,290.0
Truck96949,290.0
Truck96919,367.0
Truck96950,290.0
Truck96951,290.0
Truck96952,290.0
Truck96953,290.0
Truck96934,337.0
Truck96955,290.0
Truck96956,290.0
Truck96957,290.0
Truck96958,290.0
Truck96959,290.0
Truck96924,383.0
Truck96962,290.0
Truck96963,290.0
Truck96947,332.0
Truck96964,290.0
Truck96965,290.0
Truck96925,391.0
Truck96967,290.0
Truck96948,339.0
Truck96968,290.0
Truck96969,290.0
Truck96971,290.0
Truck96943,365.0
Truck96972,290.0
Truck96954,342.0
Truck96976,290.0
Truck96977,290.0
Truck96970,310.0
Truck96978,290.0
Truck96979,290.0
Truck96980,290.0
Truck96981,290.0
Truck96982,290.0
Truck96984,290.0
Truck96985,290.0
Truck96936,415.0
Truck96986,290.0
Truck96987,290.0
Truck96988,290.0
Truck96989,290.0
Truck96991,290.0
Truck96960,366.0
Truck96966,353.0
Truck96974,333.0
Truck96975,335.0
Truck96983,315.0
Truck96993,290.0
Truck96994,290.0
Truck96995,290.0
Truck96973,348.0
Truck96996,290.0
Truck96961,383.0
Truck96999,290.0
Truck97000,290.0
Truck97002,290.0
Truck97003,290.0
Truck97005,290.0
Truck97006,290.0
Truck97007,290.0
Truck97008,290.0
Truck96997,322.0
Truck97010,290.0
Truck97011,290.0
Truck97012,290.0
Truck97013,290.0
Truck96990,347.0
Truck97014,290.0
Truck97017,290.0
Truck97018,290.0
Truck97019,290.0
Truck96998,341.0
Truck97020,290.0
Truck97022,290.0
Truck97023,290.0
Truck97024,290.0
Truck97025,290.0
Truck96992,372.0
Truck97009,336.0
Truck97021,308.0
Truck97028,290.0
Truck97001,365.0
Truck97030,290.0
Truck97031,290.0
Truck97015,333.0
Truck97032,290.0
Truck97033,290.0
Truck97035,290.0
Truck97036,290.0
Truck97037,290.0
Truck97039,290.0
Truck97004,378.0
Truck97026,324.0
Truck97042,290.0
Truck97044,290.0
Truck97045,290.0
Truck97027,337.0
Truck97046,290.0
Truck97047,290.0
Truck97048,290.0
Truck97016,372.0
Truck97029,344.0
Truck97050,290.0
Truck97040,319.0
Truck97052,290.0
Truck97053,290.0
Truck97054,290.0
Truck97055,290.0
Truck97043,324.0
Truck97058,290.0
Truck97060,290.0
Truck97061,290.0
Truck97063,290.0
Truck97038,353.0
Truck97064,290.0
Truck97065,290.0
Truck97034,370.0
Truck97068,290.0
Truck97069,290.0
Truck97070,290.0
Truck97071,290.0
Truck97072,290.0
Truck97073,290.0
Truck97051,347.0
Truck97041,374.0
Truck97049,355.0
Truck97074,290.0
Truck97075,290.0
Truck97076,290.0
Truck97056,341.0
Truck97078,290.0
Truck97059,341.0
Truck97066,322.0
Truck97080,290.0
Truck97083,290.0
Truck97084,290.0
Truck97086,290.0
Truck97087,290.0
Truck97067,341.0
Truck97079,315.0
Truck97089,290.0
Truck97062,360.0
Truck97082,310.0
Truck97090,290.0
Truck97091,290.0
Truck97093,290.0
Truck97094,290.0
Truck97095,290.0
Truck97096,290.0
Truck97097,290.0
Truck97098,290.0
Truck97099,290.0
Truck97057,400.0
Truck97101,290.0
Truck97085,333.0
Truck97102,290.0
Truck97103,290.0
Truck97077,356.0
Truck97104,290.0
Truck97105,290.0
Truck97106,290.0
Truck97107,290.0
Truck97108,290.0
Truck97088,345.0
Truck97110,290.0
Truck97111,290.0
Truck97112,290.0
Truck97113,290.0
Truck97081,375.0
Truck97115,290.0
Truck97117,290.0
Truck97118,290.0
Truck97119,290.0
Truck97109,317.0
Truck97100,340.0
Truck97121,290.0
Truck97122,290.0
Truck97123,290.0
Truck97124,290.0
Truck97126,290.0
Truck97114,321.0
Truck97092,379.0
Truck97128,290.0
Truck97130,290.0
Truck97132,290.0
Truck97133,290.0
Truck97116,334.0
Truck97134,290.0
Truck97135,290.0
Truck97136,290.0
Truck97137,290.0
Truck97131,310.0
Truck97138,290.0
Truck97125,328.0
Truck97120,340.0
Truck97127,328.0
Truck97144,290.0
Truck97129,335.0
Truck97146,290.0
Truck97147,290.0
Truck97148,290.0
Truck97149,290.0
Truck97150,290.0
Truck97151,290.0
Truck97152,290.0
Truck97154,290.0
Truck97155,290.0
Truck97142,322.0
Truck97156,290.0
Truck97157,290.0
Truck97158,290.0
Truck97159,290.0
Truck97141,338.0
Truck97153,310.0
Truck97160,290.0
Truck97161,290.0
Truck97162,290.0
Truck97163,290.0
Truck97164,290.0
Truck97143,348.0
Truck97166,290.0
Truck97168,290.0
Truck97169,290.0
Truck97170,290.0
Truck97171,290.0
Truck97139,372.0
Truck97145,362.0
Truck97175,290.0
Truck97140,379.0
Truck97176,290.0
Truck97178,290.0
Truck97179,290.0
Truck97181,290.0
Truck97182,290.0
Truck97183,290.0
Truck97165,337.0
Truck97184,290.0
Truck97185,290.0
Truck97172,324.0
Truck97186,290.0
Truck97187,290.0
Truck97188,290.0
Truck97189,290.0
Truck97190,290.0
Truck97191,290.0
Truck97173,339.0
Truck97174,334.0
Truck97192,290.0
Truck97194,290.0
Truck97195,290.0
Truck97197,290.0
Truck97198,290.0
Truck97199,290.0
Truck97200,290.0
Truck97201,290.0
Truck97167,379.0
Truck97202,290.0
Truck97203,290.0
Truck97205,290.0
Truck97207,290.0
Truck97177,370.0
Truck97208,290.0
Truck97209,290.0
Truck97210,290.0
Truck97211,290.0
Truck97193,340.0
Truck97212,290.0
Truck97213,290.0
Truck97180,374.0
Truck97215,290.0
Truck97204,318.0
Truck97216,290.0
Truck97218,290.0
Truck97219,290.0
Truck97196,347.0
Truck97220,290.0
Truck97221,290.0
Truck97222,290.0
Truck97223,290.0
Truck97225,290.0
Truck97214,318.0
Truck97206,350.0
Truck97231,290.0
Truck97232,290.0
Truck97233,290.0
Truck97235,290.0
Truck97236,290.0
Truck97237,290.0
Truck97238,290.0
Truck97241,290.0
Truck97217,351.0
Truck97242,290.0
Truck97243,290.0
Truck97246,290.0
Truck97247,290.0
Truck97248,290.0
Truck97249,290.0
Truck97234,327.0
Truck97251,290.0
Truck97240,319.0
Truck97253,290.0
Truck97239,328.0
Truck97255,290.0
Truck97245,316.0
Truck97257,290.0
Truck97224,371.0
Truck97259,290.0
Truck97230,363.0
Truck97260,290.0
Truck97261,290.0
Truck97227,376.0
Truck97263,290.0
Truck97264,290.0
Truck97265,290.0
Truck97226,387.0
Truck97266,290.0
Truck97267,290.0
Truck97268,290.0
Truck97269,290.0
Truck97254,327.0
Truck97270,290.0
Truck97271,290.0
Truck97229,396.0
Truck97272,290.0
Truck97273,290.0
Truck97228,402.0
Truck97274,290.0
Truck97275,290.0
Truck97250,351.0
Truck97252,348.0
Truck97262,324.0
Truck97276,290.0
Truck97244,375.0
Truck97278,290.0
Truck97279,290.0
Truck97280,290.0
Truck97281,290.0
Truck97258,347.0
Truck97282,290.0
Truck97284,290.0
Truck97285,290.0
Truck97286,290.0
Truck97287,290.0
Truck97256,367.0
Truck97288,290.0
Truck97289,290.0
Truck97293,290.0
Truck97277,333.0
Truck97295,290.0
Truck97296,290.0
Truck97299,290.0
Truck97300,290.0
Truck97301,290.0
Truck97302,290.0
Truck97304,290.0
Truck97305,290.0
Truck97306,290.0
Truck97307,290.0
Truck97290,337.0
Truck97310,290.0
Truck97312,290.0
Truck97291,348.0
Truck97314,290.0
Truck97315,290.0
Truck97294,343.0
Truck97316,290.0
Truck97297,347.0
Truck97321,290.0
Truck97317,305.0
Truck97318,305.0
Truck97324,290.0
Truck97325,290.0
Truck97313,324.0
Truck97326,290.0
Truck97319,315.0
Truck97329,290.0
Truck97292,383.0
Truck97309,344.0
Truck97331,290.0
Truck97308,350.0
Truck97327,305.0
Truck97332,290.0
Truck97311,349.0
Truck97334,290.0
Truck97335,290.0
Truck97336,290.0
Truck97337,290.0
Truck97283,430.0
Truck97298,390.0
Truck97338,290.0
Truck97339,290.0
Truck97328,319.0
Truck97340,290.0
Truck97342,290.0
Truck97343,290.0
Truck97344,290.0
Truck97333,325.0
Truck97346,290.0
Truck97347,290.0
Truck97341,307.0
Truck97348,290.0
Truck97349,290.0
Truck97350,290.0
Truck97351,290.0
Truck97303,411.0
Truck97320,368.0
Truck97352,290.0
Truck97353,290.0
Truck97354,290.0
Truck97355,290.0
Truck97322,374.0
Truck97356,290.0
Truck97358,290.0
Truck97359,290.0
Truck97323,387.0
Truck97330,370.0
Truck97362,290.0
Truck97363,290.0
Truck97364,290.0
Truck97365,290.0
Truck97345,342.0
Truck97367,290.0
Truck97368,290.0
Truck97369,290.0
Truck97370,290.0
Truck97373,290.0
Truck97357,332.0
Truck97361,324.0
Truck97375,290.0
Truck97376,290.0
Truck97377,290.0
Truck97366,318.0
Truck97378,290.0
Truck97379,290.0
Truck97360,337.0
Truck97380,290.0
Truck97381,290.0
Truck97383,290.0
Truck97385,290.0
Truck97386,290.0
Truck97387,290.0
Truck97388,290.0
Truck97390,290.0
Truck97392,290.0
Truck97393,290.0
Truck97374,337.0
Truck97394,290.0
Truck97396,290.0
Truck97397,290.0
Truck97398,290.0
Truck97399,290.0
Truck97401,290.0
Truck97372,361.0
Truck97371,367.0
Truck97402,290.0
Truck97403,290.0
Truck97382,341.0
Truck97404,290.0
Truck97384,342.0
Truck97389,335.0
Truck97391,333.0
Truck97395,325.0
Truck97409,290.0
Truck97410,290.0
Truck97411,290.0
Truck97413,290.0
Truck97414,290.0
Truck97418,290.0
Truck97421,290.0
Truck97400,344.0
Truck97422,290.0
Truck97407,333.0
Truck97424,290.0
Truck97425,290.0
Truck97406,337.0
Truck97426,290.0
Truck97427,290.0
Truck97428,290.0
Truck97429,290.0
Truck97405,351.0
Truck97415,327.0
Truck97433,290.0
Truck97434,290.0
Truck97435,290.0
Truck97412,349.0
Truck97408,363.0
Truck97416,343.0
Truck97438,290.0
Truck97440,290.0
Truck97443,290.0
Truck97431,324.0
Truck97444,290.0
Truck97417,361.0
Truck97420,351.0
Truck97447,290.0
Truck97432,329.0
Truck97437,319.0
Truck97448,290.0
Truck97436,322.0
Truck97450,290.0
Truck97451,290.0
Truck97442,311.0
Truck97453,290.0
Truck97419,379.0
Truck97454,290.0
Truck97455,290.0
Truck97456,290.0
Truck97439,340.0
Truck97459,290.0
Truck97446,321.0
Truck97460,290.0
Truck97461,290.0
Truck97445,331.0
Truck97463,290.0
Truck97430,374.0
Truck97464,290.0
Truck97465,290.0
Truck97457,312.0
Truck97466,290.0
Truck97467,290.0
Truck97441,356.0
Truck97468,290.0
Truck97469,290.0
Truck97458,323.0
Truck97472,290.0
Truck97473,290.0
Truck97449,351.0
Truck97423,419.0
Truck97474,290.0
Truck97475,290.0
Truck97476,290.0
Truck97477,290.0
Truck97478,290.0
Truck97462,335.0
Truck97481,290.0
Truck97482,290.0
Truck97484,290.0
Truck97485,290.0
Truck97452,371.0
Truck97483,305.0
Truck97489,290.0
Truck97470,336.0
Truck97480,314.0
Truck97490,290.0
Truck97491,290.0
Truck97492,290.0
Truck97493,290.0
Truck97495,290.0
Truck97497,290.0
Truck97499,290.0
Truck97486,322.0
Truck97501,290.0
Truck97502,290.0
Truck97503,290.0
Truck97471,374.0
Truck97504,290.0
Truck97505,290.0
Truck97487,340.0
Truck97506,290.0
Truck97507,290.0
Truck97500,307.0
Truck97509,290.0
Truck97510,290.0
Truck97511,290.0
Truck97494,334.0
Truck97512,290.0
Truck97514,290.0
Truck97496,339.0
Truck97518,290.0
Truck97519,290.0
Truck97498,343.0
Truck97520,290.0
Truck97521,290.0
Truck97523,290.0
Truck97488,376.0
Truck97524,290.0
Truck97479,409.0
Truck97526,290.0
Truck97527,290.0
Truck97528,290.0
Truck97529,290.0
Truck97531,290.0
Truck97532,290.0
Truck97533,290.0
Truck97513,342.0
Truck97508,355.0
Truck97534,290.0
Truck97536,290.0
Truck97538,290.0
Truck97516,347.0
Truck97541,290.0
Truck97542,290.0
Truck97517,358.0
Truck97544,290.0
Truck97545,290.0
Truck97546,290.0
Truck97525,347.0
Truck97548,290.0
Truck97549,290.0
Truck97522,360.0
Truck97550,290.0
Truck97551,290.0
Truck97535,333.0
Truck97552,290.0
Truck97553,290.0
Truck97554,290.0
Truck97555,290.0
Truck97530,351.0
Truck97556,290.0
Truck97557,290.0
Truck97537,341.0
Truck97558,290.0
Truck97515,404.0
Truck97543,335.0
Truck97560,290.0
Truck97561,290.0
Truck97562,290.0
Truck97563,290.0
Truck97565,290.0
Truck97540,351.0
Truck97566,290.0
Truck97567,290.0
Truck97568,290.0
Truck97569,290.0
Truck97539,366.0
Truck97570,290.0
Truck97571,290.0
Truck97573,290.0
Truck97574,290.0
Truck97575,290.0
Truck97576,290.0
Truck97577,290.0
Truck97578,290.0
Truck97579,290.0
Truck97547,371.0
Truck97581,290.0
Truck97582,290.0
Truck97583,290.0
Truck97584,290.0
Truck97585,290.0
Truck97586,290.0
Truck97587,290.0
Truck97559,365.0
Truck97589,290.0
Truck97572,335.0
Truck97590,290.0
Truck97591,290.0
Truck97592,290.0
Truck97595,290.0
Truck97564,367.0
Truck97596,290.0
Truck97597,290.0
Truck97599,290.0
Truck97588,318.0
Truck97600,290.0
Truck97601,290.0
Truck97602,290.0
Truck97603,290.0
Truck97604,290.0
Truck97605,290.0
Truck97606,290.0
Truck97608,290.0
Truck97609,290.0
Truck97611,290.0
Truck97612,290.0
Truck97613,290.0
Truck97616,290.0
Truck97617,290.0
Truck97598,337.0
Truck97619,290.0
Truck97594,352.0
Truck97610,315.0
Truck97620,290.0
Truck97624,290.0
Truck97626,290.0
Truck97627,290.0
Truck97618,313.0
Truck97593,379.0
Truck97622,305.0
Truck97628,290.0
Truck97629,290.0
Truck97630,290.0
Truck97631,290.0
Truck97632,290.0
Truck97633,290.0
Truck97615,339.0
Truck97580,425.0
Truck97634,290.0
Truck97635,290.0
Truck97607,361.0
Truck97614,345.0
Truck97637,290.0
Truck97638,290.0
Truck97639,290.0
Truck97641,290.0
Truck97625,333.0
Truck97642,290.0
Truck97643,290.0
Truck97621,347.0
Truck97644,290.0
Truck97645,290.0
Truck97646,290.0
Truck97648,290.0
Truck97649,290.0
Truck97650,290.0
Truck97651,290.0
Truck97652,290.0
Truck97653,290.0
Truck97655,290.0
Truck97656,290.0
Truck97657,290.0
Truck97623,377.0
Truck97636,343.0
Truck97658,290.0
Truck97659,290.0
Truck97647,324.0
Truck97660,290.0
Truck97661,290.0
Truck97663,290.0
Truck97664,290.0
Truck97666,290.0
Truck97667,290.0
Truck97654,325.0
Truck97668,290.0
Truck97669,290.0
Truck97671,290.0
Truck97673,290.0
Truck97674,290.0
Truck97675,290.0
Truck97640,380.0
Truck97676,290.0
Truck97677,290.0
Truck97670,306.0
Truck97678,290.0
Truck97680,290.0
Truck97682,290.0
Truck97683,290.0
Truck97684,290.0
Truck97685,290.0
Truck97687,290.0
Truck97689,290.0
Truck97691,290.0
Truck97672,339.0
Truck97692,290.0
Truck97693,290.0
Truck97665,363.0
Truck97694,290.0
Truck97695,290.0
Truck97662,373.0
Truck97696,290.0
Truck97697,290.0
Truck97690,306.0
Truck97698,290.0
Truck97699,290.0
Truck97679,344.0
Truck97700,290.0
Truck97681,342.0
Truck97703,290.0
Truck97704,290.0
Truck97686,337.0
Truck97706,290.0
Truck97709,290.0
Truck97710,290.0
Truck97711,290.0
Truck97712,290.0
Truck97714,290.0
Truck97715,290.0
Truck97716,290.0
Truck97717,290.0
Truck97718,290.0
Truck97720,290.0
Truck97688,374.0
Truck97722,290.0
Truck97723,290.0
Truck97708,328.0
Truck97702,344.0
Truck97724,290.0
Truck97725,290.0
Truck97707,339.0
Truck97726,290.0
Truck97727,290.0
Truck97728,290.0
Truck97729,290.0
Truck97701,365.0
Truck97730,290.0
Truck97732,290.0
Truck97733,290.0
Truck97734,290.0
Truck97735,290.0
Truck97721,326.0
Truck97737,290.0
Truck97738,290.0
Truck97739,290.0
Truck97719,341.0
Truck97740,290.0
Truck97713,361.0
Truck97743,290.0
Truck97744,290.0
Truck97746,290.0
Truck97747,290.0
Truck97731,334.0
Truck97748,290.0
Truck97749,290.0
Truck97750,290.0
Truck97705,407.0
Truck97752,290.0
Truck97753,290.0
Truck97754,290.0
Truck97755,290.0
Truck97756,290.0
Truck97757,290.0
Truck97758,290.0
Truck97759,290.0
Truck97761,290.0
Truck97736,353.0
Truck97762,290.0
Truck97763,290.0
Truck97741,348.0
Truck97764,290.0
Truck97765,290.0
Truck97766,290.0
Truck97768,290.0
Truck97742,357.0
Truck97770,290.0
Truck97771,290.0
Truck97760,320.0
Truck97772,290.0
Truck97773,290.0
Truck97774,290.0
Truck97776,290.0
Truck97777,290.0
Truck97745,373.0
Truck97779,290.0
Truck97780,290.0
Truck97781,290.0
Truck97782,290.0
Truck97783,290.0
Truck97751,371.0
Truck97769,327.0
Truck97785,290.0
Truck97767,339.0
Truck97788,290.0
Truck97790,290.0
Truck97794,290.0
Truck97795,290.0
Truck97789,309.0
Truck97796,290.0
Truck97797,290.0
Truck97775,349.0
Truck97798,290.0
Truck97799,290.0
Truck97800,290.0
Truck97801,290.0
Truck97784,331.0
Truck97787,328.0
Truck97802,290.0
Truck97803,290.0
Truck97778,351.0
Truck97921,290.0
Truck97923,290.0
Truck97924,290.0
Truck97925,290.0
Truck97926,290.0
Truck97927,290.0
Truck97928,290.0
Truck97931,290.0
Truck97932,290.0
Truck97933,290.0
Truck97935,290.0
Truck97936,290.0
Truck97937,290.0
Truck97929,315.0
Truck97939,290.0
Truck97930,312.0
Truck97940,290.0
Truck97941,290.0
Truck97942,290.0
Truck97944,290.0
Truck97945,290.0
Truck97934,316.0
Truck97946,290.0
Truck97947,290.0
Truck97948,290.0
Truck97949,290.0
Truck97920,365.0
Truck97951,290.0
Truck97952,290.0
Truck97955,290.0
Truck97956,290.0
Truck97957,290.0
Truck97958,290.0
Truck97959,290.0
Truck97960,290.0
Truck97961,290.0
Truck97962,290.0
Truck97964,290.0
Truck97965,290.0
Truck97966,290.0
Truck97967,290.0
Truck97968,290.0
Truck97969,290.0
Truck97970,290.0
Truck97971,290.0
Truck97922,413.0
Truck97953,339.0
Truck97972,290.0
Truck97973,290.0
Truck97938,376.0
Truck97950,347.0
Truck97974,290.0
Truck97954,345.0
Truck97976,290.0
Truck97977,290.0
Truck97978,290.0
Truck97979,290.0
Truck97943,381.0
Truck97980,290.0
Truck97981,290.0
Truck97963,340.0
Truck97982,290.0
Truck97983,290.0
Truck97984,290.0
Truck97985,290.0
Truck97986,290.0
Truck97987,290.0
Truck97989,290.0
Truck97990,290.0
Truck97991,290.0
Truck97992,290.0
Truck97993,290.0
Truck97994,290.0
Truck97995,290.0
Truck97996,290.0
Truck97997,290.0
Truck98000,290.0
Truck98002,290.0
Truck98003,290.0
Truck98004,290.0
Truck98005,290.0
Truck97975,367.0
Truck97999,307.0
Truck98007,290.0
Truck98008,290.0
Truck98009,290.0
Truck98010,290.0
Truck98011,290.0
Truck98006,305.0
Truck98012,290.0
Truck98014,290.0
Truck98015,290.0
Truck98016,290.0
Truck98001,335.0
Truck98018,290.0
Truck98019,290.0
Truck97998,342.0
Truck98020,290.0
Truck98021,290.0
Truck98023,290.0
Truck98017,313.0
Truck98027,290.0
Truck98028,290.0
Truck98029,290.0
Truck98031,290.0
Truck98022,314.0
Truck97988,400.0
Truck98032,290.0
Truck98034,290.0
Truck98035,290.0
Truck98013,348.0
Truck98037,290.0
Truck98038,290.0
Truck98040,290.0
Truck98041,290.0
Truck98026,328.0
Truck98042,290.0
Truck98043,290.0
Truck98024,338.0
Truck98039,305.0
Truck98044,290.0
Truck98045,290.0
Truck98030,326.0
Truck98046,290.0
Truck98047,290.0
Truck98049,290.0
Truck98050,290.0
Truck98051,290.0
Truck98052,290.0
Truck98033,341.0
Truck98025,363.0
Truck98054,290.0
Truck98055,290.0
Truck98056,290.0
Truck98057,290.0
Truck98058,290.0
Truck98059,290.0
Truck98053,306.0
Truck98048,320.0
Truck98060,290.0
Truck98061,290.0
Truck98062,290.0
Truck98063,290.0
Truck98064,290.0
Truck98065,290.0
Truck98067,290.0
Truck98068,290.0
Truck98069,290.0
Truck98070,290.0
Truck98071,290.0
Truck98036,376.0
Truck98072,290.0
Truck98073,290.0
Truck98075,290.0
Truck98076,290.0
Truck98077,290.0
Truck98079,290.0
Truck98083,290.0
Truck98066,331.0
Truck98084,290.0
Truck98085,290.0
Truck98080,305.0
Truck98086,290.0
Truck98087,290.0
Truck98088,290.0
Truck98089,290.0
Truck98091,290.0
Truck98093,290.0
Truck98095,290.0
Truck98096,290.0
Truck98078,338.0
Truck98099,290.0
Truck98082,331.0
Truck98100,290.0
Truck98092,314.0
Truck98102,290.0
Truck98103,290.0
Truck98090,325.0
Truck98104,290.0
Truck98105,290.0
Truck98098,310.0
Truck98106,290.0
Truck98107,290.0
Truck98081,357.0
Truck98109,290.0
Truck98101,312.0
Truck98110,290.0
Truck98111,290.0
Truck98112,290.0
Truck98113,290.0
Truck98074,386.0
Truck98094,340.0
Truck98114,290.0
Truck98116,290.0
Truck98118,290.0
Truck98119,290.0
Truck98120,290.0
Truck98123,290.0
Truck98124,290.0
Truck98125,290.0
Truck98097,365.0
Truck98126,290.0
Truck98129,290.0
Truck98108,344.0
Truck98131,290.0
Truck98133,290.0
Truck98127,307.0
Truck98134,290.0
Truck98135,290.0
Truck98117,338.0
Truck98130,305.0
Truck98136,290.0
Truck98137,290.0
Truck98121,333.0
Truck98139,290.0
Truck98122,334.0
Truck98140,290.0
Truck98132,315.0
Truck98142,290.0
Truck98144,290.0
Truck98145,290.0
Truck98146,290.0
Truck98147,290.0
Truck98148,290.0
Truck98149,290.0
Truck98115,377.0
Truck98154,290.0
Truck98156,290.0
Truck98157,290.0
Truck98158,290.0
Truck98159,290.0
Truck98160,290.0
Truck98161,290.0
Truck98143,337.0
Truck98128,374.0
Truck98165,290.0
Truck98138,357.0
Truck98152,325.0
Truck98169,290.0
Truck98151,338.0
Truck98162,310.0
Truck98170,290.0
Truck98155,332.0
Truck98141,368.0
Truck98172,290.0
Truck98173,290.0
Truck98150,348.0
Truck98153,345.0
Truck98175,290.0
Truck98176,290.0
Truck98177,290.0
Truck98178,290.0
Truck98179,290.0
Truck98181,290.0
Truck98164,334.0
Truck98182,290.0
Truck98174,314.0
Truck98184,290.0
Truck98185,290.0
Truck98167,337.0
Truck98186,290.0
Truck98187,290.0
Truck98166,342.0
Truck98171,332.0
Truck98189,290.0
Truck98183,309.0
Truck98191,290.0
Truck98163,361.0
Truck98192,290.0
Truck98193,290.0
Truck98194,290.0
Truck98199,290.0
Truck98180,340.0
Truck98200,290.0
Truck98168,374.0
Truck98195,310.0
Truck98202,290.0
Truck98205,290.0
Truck98206,290.0
Truck98207,290.0
Truck98201,307.0
Truck98190,334.0
Truck98208,290.0
Truck98203,310.0
Truck98211,290.0
Truck98188,348.0
Truck98197,330.0
Truck98212,290.0
Truck98215,290.0
Truck98204,316.0
Truck98196,340.0
Truck98216,290.0
Truck98217,290.0
Truck98218,290.0
Truck98219,290.0
Truck98213,306.0
Truck98210,313.0
Truck98220,290.0
Truck98221,290.0
Truck98223,290.0
Truck98198,353.0
Truck98225,290.0
Truck98226,290.0
Truck98227,290.0
Truck98228,290.0
Truck98229,290.0
Truck98232,290.0
Truck98234,290.0
Truck98235,290.0
Truck98214,343.0
Truck98236,290.0
Truck98237,290.0
Truck98238,290.0
Truck98239,290.0
Truck98231,312.0
Truck98240,290.0
Truck98241,290.0
Truck98222,337.0
Truck98242,290.0
Truck98230,323.0
Truck98245,290.0
Truck98246,290.0
Truck98247,290.0
Truck98224,346.0
Truck98209,387.0
Truck98248,290.0
Truck98250,290.0
Truck98251,290.0
Truck98252,290.0
Truck98253,290.0
Truck98233,345.0
Truck98254,290.0
Truck98255,290.0
Truck98256,290.0
Truck98257,290.0
Truck98243,328.0
Truck98258,290.0
Truck98259,290.0
Truck98260,290.0
Truck98249,324.0
Truck98262,290.0
Truck98263,290.0
Truck98244,336.0
Truck98264,290.0
Truck98265,290.0
Truck98267,290.0
Truck98268,290.0
Truck98269,290.0
Truck98271,290.0
Truck98272,290.0
Truck98273,290.0
Truck98274,290.0
Truck98275,290.0
Truck98276,290.0
Truck98277,290.0
Truck98279,290.0
Truck98266,321.0
Truck98280,290.0
Truck98281,290.0
Truck98282,290.0
Truck98284,290.0
Truck98285,290.0
Truck98286,290.0
Truck98278,314.0
Truck98288,290.0
Truck98289,290.0
Truck98290,290.0
Truck98291,290.0
Truck98292,290.0
Truck98293,290.0
Truck98294,290.0
Truck98295,290.0
Truck98283,321.0
Truck98296,290.0
Truck98297,290.0
Truck98298,290.0
Truck98299,290.0
Truck98261,387.0
Truck98270,363.0
Truck98300,290.0
Truck98301,290.0
Truck98303,290.0
Truck98304,290.0
Truck98305,290.0
Truck98306,290.0
Truck98308,290.0
Truck98309,290.0
Truck98287,348.0
Truck98310,290.0
Truck98312,290.0
Truck98313,290.0
Truck98314,290.0
Truck98316,290.0
Truck98317,290.0
Truck98307,320.0
Truck98318,290.0
Truck98319,290.0
Truck98320,290.0
Truck98321,290.0
Truck98323,290.0
Truck98325,290.0
Truck98327,290.0
Truck98328,290.0
Truck98329,290.0
Truck98322,310.0
Truck98331,290.0
Truck98332,290.0
Truck98333,290.0
Truck98302,369.0
Truck98315,339.0
Truck98334,290.0
Truck98336,290.0
Truck98337,290.0
Truck98339,290.0
Truck98340,290.0
Truck98311,369.0
Truck98342,290.0
Truck98343,290.0
Truck98324,336.0
Truck98344,290.0
Truck98338,308.0
Truck98346,290.0
Truck98347,290.0
Truck98348,290.0
Truck98349,290.0
Truck98350,290.0
Truck98351,290.0
Truck98352,290.0
Truck98353,290.0
Truck98335,337.0
Truck98354,290.0
Truck98355,290.0
Truck98356,290.0
Truck98358,290.0
Truck98359,290.0
Truck98326,374.0
Truck98360,290.0
Truck98361,290.0
Truck98345,331.0
Truck98363,290.0
Truck98357,308.0
Truck98330,374.0
Truck98365,290.0
Truck98366,290.0
Truck98368,290.0
Truck98369,290.0
Truck98370,290.0
Truck98372,290.0
Truck98373,290.0
Truck98374,290.0
Truck98377,290.0
Truck98378,290.0
Truck98379,290.0
Truck98364,328.0
Truck98381,290.0
Truck98382,290.0
Truck98383,290.0
Truck98384,290.0
Truck98341,401.0
Truck98386,290.0
Truck98387,290.0
Truck98367,343.0
Truck98388,290.0
Truck98389,290.0
Truck98371,337.0
Truck98390,290.0
Truck98392,290.0
Truck98375,336.0
Truck98376,335.0
Truck98394,290.0
Truck98362,376.0
Truck98398,290.0
Truck98399,290.0
Truck98400,290.0
Truck98401,290.0
Truck98402,290.0
Truck98403,290.0
Truck98385,340.0
Truck98404,290.0
Truck98405,290.0
Truck98407,290.0
Truck98408,290.0
Truck98409,290.0
Truck98380,361.0
Truck98410,290.0
Truck98391,344.0
Truck98413,290.0
Truck98414,290.0
Truck98415,290.0
Truck98417,290.0
Truck98406,316.0
Truck98419,290.0
Truck98396,346.0
Truck98395,352.0
Truck98420,290.0
Truck98397,352.0
Truck98422,290.0
Truck98423,290.0
Truck98424,290.0
Truck98425,290.0
Truck98393,375.0
Truck98426,290.0
Truck98427,290.0
Truck98411,333.0
Truck98428,290.0
Truck98429,290.0
Truck98430,290.0
Truck98431,290.0
Truck98432,290.0
Truck98433,290.0
Truck98437,290.0
Truck98439,290.0
Truck98440,290.0
Truck98442,290.0
Truck98443,290.0
Truck98436,309.0
Truck98444,290.0
Truck98448,290.0
Truck98416,378.0
Truck98421,368.0
Truck98438,324.0
Truck98441,319.0
Truck98418,375.0
Truck98452,290.0
Truck98453,290.0
Truck98434,338.0
Truck98454,290.0
Truck98455,290.0
Truck98446,314.0
Truck98412,400.0
Truck98456,290.0
Truck98457,290.0
Truck98451,308.0
Truck98458,290.0
Truck98449,320.0
Truck98460,290.0
Truck98461,290.0
Truck98447,329.0
Truck98462,290.0
Truck98463,290.0
Truck98464,290.0
Truck98465,290.0
Truck98466,290.0
Truck98467,290.0
Truck98468,290.0
Truck98459,319.0
Truck98470,290.0
Truck98472,290.0
Truck98450,352.0
Truck98476,290.0
Truck98477,290.0
Truck98435,399.0
Truck98479,290.0
Truck98480,290.0
Truck98482,290.0
Truck98483,290.0
Truck98484,290.0
Truck98485,290.0
Truck98473,324.0
Truck98486,290.0
Truck98487,290.0
Truck98489,290.0
Truck98475,328.0
Truck98445,409.0
Truck98493,290.0
Truck98474,336.0
Truck98496,290.0
Truck98497,290.0
Truck98499,290.0
Truck98469,370.0
Truck98500,290.0
Truck98501,290.0
Truck98478,349.0
Truck98495,310.0
Truck98502,290.0
Truck98471,375.0
Truck98505,290.0
Truck98490,326.0
Truck98507,290.0
Truck98509,290.0
Truck98498,317.0
Truck98481,364.0
Truck98510,290.0
Truck98511,290.0
Truck98488,346.0
Truck98491,341.0
Truck98492,338.0
Truck98512,290.0
Truck98513,290.0
Truck98503,318.0
Truck98506,310.0
Truck98514,290.0
Truck98515,290.0
Truck98516,290.0
Truck98517,290.0
Truck98518,290.0
Truck98520,290.0
Truck98521,290.0
Truck98523,290.0
Truck98494,364.0
Truck98525,290.0
Truck98508,335.0
Truck98526,290.0
Truck98527,290.0
Truck98519,315.0
Truck98528,290.0
Truck98522,308.0
Truck98531,290.0
Truck98532,290.0
Truck98533,290.0
Truck98534,290.0
Truck98535,290.0
Truck98537,290.0
Truck98538,290.0
Truck98539,290.0
Truck98530,312.0
Truck98504,378.0
Truck98540,290.0
Truck98542,290.0
Truck98545,290.0
Truck98546,290.0
Truck98547,290.0
Truck98548,290.0
Truck98549,290.0
Truck98543,308.0
Truck98524,355.0
Truck98550,290.0
Truck98551,290.0
Truck98529,350.0
Truck98536,330.0
Truck98553,290.0
Truck98556,290.0
Truck98560,290.0
Truck98561,290.0
Truck98541,341.0
Truck98562,290.0
Truck98563,290.0
Truck98564,290.0
Truck98565,290.0
Truck98544,342.0
Truck98566,290.0
Truck98568,290.0
Truck98559,317.0
Truck98571,290.0
Truck98573,290.0
Truck98554,339.0
Truck98574,290.0
Truck98575,290.0
Truck98569,310.0
Truck98576,290.0
Truck98555,348.0
Truck98558,339.0
Truck98578,290.0
Truck98557,346.0
Truck98552,357.0
Truck98581,290.0
Truck98582,290.0
Truck98583,290.0
Truck98584,290.0
Truck98570,330.0
Truck98587,290.0
Truck98588,290.0
Truck98589,290.0
Truck98590,290.0
Truck98591,290.0
Truck98592,290.0
Truck98593,290.0
Truck98594,290.0
Truck98595,290.0
Truck98572,347.0
Truck98567,369.0
Truck98586,319.0
Truck98598,290.0
Truck98599,290.0
Truck98579,344.0
Truck98600,290.0
Truck98601,290.0
Truck98580,345.0
Truck98603,290.0
Truck98597,307.0
Truck98585,340.0
Truck98604,290.0
Truck98605,290.0
Truck98608,290.0
Truck98609,290.0
Truck98611,290.0
Truck98577,379.0
Truck98612,290.0
Truck98613,290.0
Truck98614,290.0
Truck98615,290.0
Truck98607,312.0
Truck98616,290.0
Truck98617,290.0
Truck98610,307.0
Truck98623,290.0
Truck98602,341.0
Truck98596,358.0
Truck98624,290.0
Truck98625,290.0
Truck98619,310.0
Truck98626,290.0
Truck98627,290.0
Truck98629,290.0
Truck98606,347.0
Truck98631,290.0
Truck98632,290.0
Truck98633,290.0
Truck98634,290.0
Truck98635,290.0
Truck98637,290.0
Truck98622,329.0
Truck98639,290.0
Truck98628,316.0
Truck98618,344.0
Truck98621,339.0
Truck98640,290.0
Truck98620,343.0
Truck98643,290.0
Truck98644,290.0
Truck98645,290.0
Truck98646,290.0
Truck98647,290.0
Truck98648,290.0
Truck98649,290.0
Truck98650,290.0
Truck98651,290.0
Truck98630,344.0
Truck98653,290.0
Truck98642,316.0
Truck98654,290.0
Truck98641,326.0
Truck98638,334.0
Truck98656,290.0
Truck98657,290.0
Truck98658,290.0
Truck98659,290.0
Truck98660,290.0
Truck98661,290.0
Truck98662,290.0
Truck98664,290.0
Truck98665,290.0
Truck98667,290.0
Truck98668,290.0
Truck98669,290.0
Truck98636,372.0
Truck98671,290.0
Truck98652,337.0
Truck98672,290.0
Truck98675,290.0
Truck98677,290.0
Truck98655,346.0
Truck98679,290.0
Truck98680,290.0
Truck98681,290.0
Truck98674,306.0
Truck98670,318.0
Truck98682,290.0
Truck98683,290.0
Truck98676,310.0
Truck98684,290.0
Truck98685,290.0
Truck98663,347.0
Truck98687,290.0
Truck98673,327.0
Truck98666,343.0
Truck98688,290.0
Truck98689,290.0
Truck98678,316.0
Truck98690,290.0
Truck98691,290.0
Truck98692,290.0
Truck98693,290.0
Truck98694,290.0
Truck98696,290.0
Truck98697,290.0
Truck98698,290.0
Truck98701,290.0
Truck98702,290.0
Truck98704,290.0
Truck98706,290.0
Truck98707,290.0
Truck98709,290.0
Truck98686,348.0
Truck98710,290.0
Truck98703,311.0
Truck98699,323.0
Truck98712,290.0
Truck98713,290.0
Truck98714,290.0
Truck98715,290.0
Truck98705,317.0
Truck98716,290.0
Truck98717,290.0
Truck98718,290.0
Truck98719,290.0
Truck98720,290.0
Truck98722,290.0
Truck98723,290.0
Truck98724,290.0
Truck98725,290.0
Truck98695,368.0
Truck98726,290.0
Truck98728,290.0
Truck98729,290.0
Truck98730,290.0
Truck98731,290.0
Truck98732,290.0
Truck98721,321.0
Truck98734,290.0
Truck98735,290.0
Truck98700,376.0
Truck98737,290.0
Truck98708,362.0
Truck98711,360.0
Truck98738,290.0
Truck98739,290.0
Truck98740,290.0
Truck98741,290.0
Truck98743,290.0
Truck98745,290.0
Truck98727,336.0
Truck98746,290.0
Truck98736,319.0
Truck98749,290.0
Truck98750,290.0
Truck98751,290.0
Truck98752,290.0
Truck98733,342.0
Truck98754,290.0
Truck98755,290.0
Truck98744,319.0
Truck98757,290.0
Truck98758,290.0
Truck98759,290.0
Truck98748,319.0
Truck98760,290.0
Truck98761,290.0
Truck98762,290.0
Truck98763,290.0
Truck98764,290.0
Truck98765,290.0
Truck98766,290.0
Truck98767,290.0
Truck98769,290.0
Truck98770,290.0
Truck98771,290.0
Truck98747,353.0
Truck98772,290.0
Truck98753,345.0
Truck98774,290.0
Truck98775,290.0
Truck98777,290.0
Truck98778,290.0
Truck98779,290.0
Truck98742,383.0
Truck98756,348.0
Truck98781,290.0
Truck98773,312.0
Truck98782,290.0
Truck98785,290.0
Truck98786,290.0
Truck98787,290.0
Truck98768,339.0
Truck98788,290.0
Truck98789,290.0
Truck98790,290.0
Truck98792,290.0
Truck98793,290.0
Truck98794,290.0
Truck98795,290.0
Truck98784,319.0
Truck98783,325.0
Truck98798,290.0
Truck98799,290.0
Truck98801,290.0
Truck98802,290.0
Truck98803,290.0
Truck98780,348.0
Truck98804,290.0
Truck98805,290.0
Truck98807,290.0
Truck98776,367.0
Truck98797,320.0
Truck98808,290.0
Truck98809,290.0
Truck98800,312.0
Truck98811,290.0
Truck98812,290.0
Truck98813,290.0
Truck98814,290.0
Truck98815,290.0
Truck98817,290.0
Truck98818,290.0
Truck98806,322.0
Truck98820,290.0
Truck98821,290.0
Truck98791,367.0
Truck98822,290.0
Truck98823,290.0
Truck98825,290.0
Truck98796,364.0
Truck98826,290.0
Truck98827,290.0
Truck98828,290.0
Truck98829,290.0
Truck98830,290.0
Truck98831,290.0
Truck98824,306.0
Truck98819,322.0
Truck98832,290.0
Truck98833,290.0
Truck98834,290.0
Truck98836,290.0
Truck98837,290.0
Truck98838,290.0
Truck98839,290.0
Truck98810,361.0
Truck98841,290.0
Truck98816,351.0
Truck98842,290.0
Truck98843,290.0
Truck98845,290.0
Truck98846,290.0
Truck98848,290.0
Truck98835,329.0
Truck98850,290.0
Truck98851,290.0
Truck98852,290.0
Truck98853,290.0
Truck98854,290.0
Truck98855,290.0
Truck98856,290.0
Truck98859,290.0
Truck98860,290.0
Truck98861,290.0
Truck98849,324.0
Truck98862,290.0
Truck98863,290.0
Truck98840,347.0
Truck98864,290.0
Truck98865,290.0
Truck98844,342.0
Truck98847,338.0
Truck98866,290.0
Truck98868,290.0
Truck98869,290.0
Truck98858,319.0
Truck98870,290.0
Truck98871,290.0
Truck98872,290.0
Truck98873,290.0
Truck98874,290.0
Truck98876,290.0
Truck98878,290.0
Truck98879,290.0
Truck98880,290.0
Truck98883,290.0
Truck98884,290.0
Truck98885,290.0
Truck98887,290.0
Truck98867,344.0
Truck98889,290.0
Truck98892,290.0
Truck98893,290.0
Truck98894,290.0
Truck98895,290.0
Truck98896,290.0
Truck98882,328.0
Truck98890,309.0
Truck98899,290.0
Truck98877,349.0
Truck98900,290.0
Truck98902,290.0
Truck98903,290.0
Truck98857,407.0
Truck98904,290.0
Truck98905,290.0
Truck98907,290.0
Truck98886,345.0
Truck98908,290.0
Truck98909,290.0
Truck98875,379.0
Truck98910,290.0
Truck98911,290.0
Truck98901,318.0
Truck98912,290.0
Truck98897,333.0
Truck98915,290.0
Truck98916,290.0
Truck98917,290.0
Truck98919,290.0
Truck98920,290.0
Truck98921,290.0
Truck98922,290.0
Truck98923,290.0
Truck98891,371.0
Truck98888,377.0
Truck98924,290.0
Truck98925,290.0
Truck98881,402.0
Truck98926,290.0
Truck98928,290.0
Truck98929,290.0
Truck98898,367.0
Truck98906,353.0
Truck98933,290.0
Truck98913,341.0
Truck98927,308.0
Truck98934,290.0
Truck98914,345.0
Truck98936,290.0
Truck98937,290.0
Truck98939,290.0
Truck98940,290.0
Truck98941,290.0
Truck98942,290.0
Truck98943,290.0
Truck98944,290.0
Truck98945,290.0
Truck98946,290.0
Truck98947,290.0
Truck98948,290.0
Truck98949,290.0
Truck98950,290.0
Truck98951,290.0
Truck98952,290.0
Truck98918,376.0
Truck98930,347.0
Truck98954,290.0
Truck98955,290.0
Truck98957,290.0
Truck98932,354.0
Truck98958,290.0
Truck98959,290.0
Truck98960,290.0
Truck98961,290.0
Truck98931,368.0
Truck98962,290.0
Truck98963,290.0
Truck98964,290.0
Truck98965,290.0
Truck98935,367.0
Truck98966,290.0
Truck98967,290.0
Truck98968,290.0
Truck98969,290.0
Truck98970,290.0
Truck98971,290.0
Truck98938,371.0
Truck98953,337.0
Truck98972,290.0
Truck98973,290.0
Truck98956,335.0
Truck98974,290.0
Truck98975,290.0
Truck98976,290.0
Truck98977,290.0
Truck98978,290.0
Truck98980,290.0
Truck98981,290.0
Truck98982,290.0
Truck98983,290.0
Truck98984,290.0
Truck98985,290.0
Truck98986,290.0
Truck98988,290.0
Truck98989,290.0
Truck98991,290.0
Truck98992,290.0
Truck98993,290.0
Truck98994,290.0
Truck98996,290.0
Truck98997,290.0
Truck98998,290.0
Truck98999,290.0
Truck98990,313.0
Truck99000,290.0
Truck99001,290.0
Truck98995,306.0
Truck99002,290.0
Truck99004,290.0
Truck99005,290.0
Truck99006,290.0
Truck99007,290.0
Truck99009,290.0
Truck99011,290.0
Truck99012,290.0
Truck98979,376.0
Truck99015,290.0
Truck99016,290.0
Truck99017,290.0
Truck98987,367.0
Truck99019,290.0
Truck99020,290.0
Truck99021,290.0
Truck99008,321.0
Truck99022,290.0
Truck99024,290.0
Truck99025,290.0
Truck99026,290.0
Truck99027,290.0
Truck99013,329.0
Truck99029,290.0
Truck99010,336.0
Truck99030,290.0
Truck99032,290.0
Truck99033,290.0
Truck99035,290.0
Truck99014,342.0
Truck99003,376.0
Truck99023,328.0
Truck99038,290.0
Truck99040,290.0
Truck99041,290.0
Truck99018,347.0
Truck99031,324.0
Truck99044,290.0
Truck99045,290.0
Truck99046,290.0
Truck99047,290.0
Truck99048,290.0
Truck99049,290.0
Truck99043,306.0
Truck99042,308.0
Truck99051,290.0
Truck99028,349.0
Truck99052,290.0
Truck99053,290.0
Truck99055,290.0
Truck99037,336.0
Truck99036,337.0
Truck99039,333.0
Truck99056,290.0
Truck99057,290.0
Truck99050,310.0
Truck99060,290.0
Truck99062,290.0
Truck99063,290.0
Truck99064,290.0
Truck99065,290.0
Truck99067,290.0
Truck99068,290.0
Truck99069,290.0
Truck99061,313.0
Truck99070,290.0
Truck99071,290.0
Truck99034,381.0
Truck99072,290.0
Truck99059,328.0
Truck99066,310.0
Truck99074,290.0
Truck99075,290.0
Truck99076,290.0
Truck99077,290.0
Truck99078,290.0
Truck99080,290.0
Truck99058,349.0
Truck99082,290.0
Truck99083,290.0
Truck99079,310.0
Truck99086,290.0
Truck99054,371.0
Truck99088,290.0
Truck99090,290.0
Truck99092,290.0
Truck99093,290.0
Truck99094,290.0
Truck99095,290.0
Truck99073,349.0
Truck99096,290.0
Truck99097,290.0
Truck99098,290.0
Truck99099,290.0
Truck99081,337.0
Truck99100,290.0
Truck99101,290.0
Truck99102,290.0
Truck99104,290.0
Truck99087,337.0
Truck99107,290.0
Truck99085,347.0
Truck99089,338.0
Truck99108,290.0
Truck99109,290.0
Truck99111,290.0
Truck99113,290.0
Truck99091,347.0
Truck99114,290.0
Truck99115,290.0
Truck99084,370.0
Truck99116,290.0
Truck99117,290.0
Truck99106,318.0
Truck99118,290.0
Truck99119,290.0
Truck99122,290.0
Truck99103,343.0
Truck99124,290.0
Truck99125,290.0
Truck99105,345.0
Truck99127,290.0
Truck99129,290.0
Truck99130,290.0
Truck99131,290.0
Truck99112,340.0
Truck99132,290.0
Truck99133,290.0
Truck99134,290.0
Truck99135,290.0
Truck99110,353.0
Truck99136,290.0
Truck99120,333.0
Truck99138,290.0
Truck99139,290.0
Truck99128,320.0
Truck99141,290.0
Truck99121,342.0
Truck99142,290.0
Truck99143,290.0
Truck99137,307.0
Truck99144,290.0
Truck99145,290.0
Truck99147,290.0
Truck99148,290.0
Truck99149,290.0
Truck99150,290.0
Truck99151,290.0
Truck99152,290.0
Truck99153,290.0
Truck99154,290.0
Truck99146,313.0
Truck99126,365.0
Truck99156,290.0
Truck99157,290.0
Truck99123,379.0
Truck99158,290.0
Truck99161,290.0
Truck99162,290.0
Truck99164,290.0
Truck99165,290.0
Truck99140,352.0
Truck99167,290.0
Truck99169,290.0
Truck99159,320.0
Truck99170,290.0
Truck99171,290.0
Truck99172,290.0
Truck99173,290.0
Truck99175,290.0
Truck99155,344.0
Truck99176,290.0
Truck99178,290.0
Truck99179,290.0
Truck99181,290.0
Truck99182,290.0
Truck99184,290.0
Truck99185,290.0
Truck99186,290.0
Truck99168,338.0
Truck99166,344.0
Truck99188,290.0
Truck99189,290.0
Truck99183,306.0
Truck99177,325.0
Truck99190,290.0
Truck99191,290.0
Truck99192,290.0
Truck99174,337.0
Truck99160,374.0
Truck99195,290.0
Truck99163,371.0
Truck99196,290.0
Truck99198,290.0
Truck99199,290.0
Truck99200,290.0
Truck99201,290.0
Truck99202,290.0
Truck99203,290.0
Truck99187,333.0
Truck99204,290.0
Truck99205,290.0
Truck99206,290.0
Truck99207,290.0
Truck99197,317.0
Truck99209,290.0
Truck99193,333.0
Truck99211,290.0
Truck99180,367.0
Truck99194,332.0
Truck99212,290.0
Truck99214,290.0
Truck99216,290.0
Truck99217,290.0
Truck99218,290.0
Truck99221,290.0
Truck99222,290.0
Truck99208,327.0
Truck99224,290.0
Truck99225,290.0
Truck99227,290.0
Truck99229,290.0
Truck99230,290.0
Truck99231,290.0
Truck99210,343.0
Truck99232,290.0
Truck99223,317.0
Truck99220,323.0
Truck99226,310.0
Truck99234,290.0
Truck99235,290.0
Truck99215,349.0
Truck99238,290.0
Truck99240,290.0
Truck99241,290.0
Truck99242,290.0
Truck99244,290.0
Truck99246,290.0
Truck99247,290.0
Truck99219,363.0
Truck99237,319.0
Truck99249,290.0
Truck99213,383.0
Truck99233,335.0
Truck99243,310.0
Truck99251,290.0
Truck99252,290.0
Truck99253,290.0
Truck99254,290.0
Truck99256,290.0
Truck99258,290.0
Truck99259,290.0
Truck99228,368.0
Truck99260,290.0
Truck99261,290.0
Truck99262,290.0
Truck99263,290.0
Truck99239,351.0
Truck99255,313.0
Truck99265,290.0
Truck99267,290.0
Truck99236,375.0
Truck99245,355.0
Truck99270,290.0
Truck99271,290.0
Truck99272,290.0
Truck99273,290.0
Truck99257,337.0
Truck99266,315.0
Truck99276,290.0
Truck99277,290.0
Truck99278,290.0
Truck99279,290.0
Truck99264,327.0
Truck99248,369.0
Truck99280,290.0
Truck99281,290.0
Truck99283,290.0
Truck99268,326.0
Truck99284,290.0
Truck99250,379.0
Truck99286,290.0
Truck99287,290.0
Truck99288,290.0
Truck99289,290.0
Truck99291,290.0
Truck99292,290.0
Truck99269,351.0
Truck99294,290.0
Truck99295,290.0
Truck99296,290.0
Truck99285,324.0
Truck99275,350.0
Truck99298,290.0
Truck99299,290.0
Truck99300,290.0
Truck99301,290.0
Truck99282,337.0
Truck99302,290.0
Truck99303,290.0
Truck99304,290.0
Truck99305,290.0
Truck99306,290.0
Truck99309,290.0
Truck99290,340.0
Truck99310,290.0
Truck99311,290.0
Truck99293,339.0
Truck99313,290.0
Truck99314,290.0
Truck99315,290.0
Truck99316,290.0
Truck99274,396.0
Truck99297,342.0
Truck99307,318.0
Truck99319,290.0
Truck99320,290.0
Truck99321,290.0
Truck99308,324.0
Truck99312,314.0
Truck99322,290.0
Truck99323,290.0
Truck99324,290.0
Truck99325,290.0
Truck99318,306.0
Truck99326,290.0
Truck99328,290.0
Truck99330,290.0
Truck99331,290.0
Truck99332,290.0
Truck99333,290.0
Truck99334,290.0
Truck99335,290.0
Truck99336,290.0
Truck99317,341.0
Truck99339,290.0
Truck99340,290.0
Truck99342,290.0
Truck99343,290.0
Truck99344,290.0
Truck99345,290.0
Truck99346,290.0
Truck99347,290.0
Truck99348,290.0
Truck99349,290.0
Truck99350,290.0
Truck99351,290.0
Truck99329,346.0
Truck99352,290.0
Truck99353,290.0
Truck99327,359.0
Truck99354,290.0
Truck99355,290.0
Truck99357,290.0
Truck99337,342.0
Truck99338,339.0
Truck99358,290.0
Truck99359,290.0
Truck99360,290.0
Truck99341,341.0
Truck99362,290.0
Truck99363,290.0
Truck99364,290.0
Truck99365,290.0
Truck99366,290.0
Truck99367,290.0
Truck99369,290.0
Truck99371,290.0
Truck99372,290.0
Truck99373,290.0
Truck99377,290.0
Truck99356,341.0
Truck99378,290.0
Truck99379,290.0
Truck99361,340.0
Truck99380,290.0
Truck99382,290.0
Truck99383,290.0
Truck99384,290.0
Truck99385,290.0
Truck99370,330.0
Truck99386,290.0
Truck99387,290.0
Truck99368,339.0
Truck99388,290.0
Truck99389,290.0
Truck99375,330.0
Truck99390,290.0
Truck99391,290.0
Truck99392,290.0
Truck99393,290.0
Truck99394,290.0
Truck99395,290.0
Truck99396,290.0
Truck99374,346.0
Truck99398,290.0
Truck99400,290.0
Truck99401,290.0
Truck99403,290.0
Truck99404,290.0
Truck99405,290.0
Truck99376,362.0
Truck99397,312.0
Truck99406,290.0
Truck99407,290.0
Truck99408,290.0
Truck99409,290.0
Truck99412,290.0
Truck99413,290.0
Truck99399,329.0
Truck99416,290.0
Truck99417,290.0
Truck99402,326.0
Truck99418,290.0
Truck99419,290.0
Truck99420,290.0
Truck99421,290.0
Truck99422,290.0
Truck99423,290.0
Truck99424,290.0
Truck99425,290.0
Truck99381,401.0
Truck99426,290.0
Truck99427,290.0
Truck99410,333.0
Truck99428,290.0
Truck99429,290.0
Truck99430,290.0
Truck99431,290.0
Truck99432,290.0
Truck99433,290.0
Truck99434,290.0
Truck99435,290.0
Truck99415,341.0
Truck99436,290.0
Truck99437,290.0
Truck99438,290.0
Truck99439,290.0
Truck99440,290.0
Truck99441,290.0
Truck99411,366.0
Truck99442,290.0
Truck99444,290.0
Truck99445,290.0
Truck99414,368.0
Truck99446,290.0
Truck99448,290.0
Truck99449,290.0
Truck99451,290.0
Truck99452,290.0
Truck99453,290.0
Truck99454,290.0
Truck99455,290.0
Truck99456,290.0
Truck99457,290.0
Truck99450,307.0
Truck99459,290.0
Truck99443,332.0
Truck99460,290.0
Truck99461,290.0
Truck99462,290.0
Truck99463,290.0
Truck99464,290.0
Truck99465,290.0
Truck99466,290.0
Truck99468,290.0
Truck99469,290.0
Truck99470,290.0
Truck99472,290.0
Truck99473,290.0
Truck99458,330.0
Truck99475,290.0
Truck99476,290.0
Truck99477,290.0
Truck99479,290.0
Truck99447,371.0
Truck99483,290.0
Truck99484,290.0
Truck99485,290.0
Truck99487,290.0
Truck99480,310.0
Truck99488,290.0
Truck99489,290.0
Truck99490,290.0
Truck99467,354.0
Truck99482,322.0
Truck99481,329.0
Truck99497,290.0
Truck99498,290.0
Truck99471,367.0
Truck99502,290.0
Truck99503,290.0
Truck99478,353.0
Truck99504,290.0
Truck99505,290.0
Truck99492,329.0
Truck99508,290.0
Truck99500,313.0
Truck99510,290.0
Truck99511,290.0
Truck99491,345.0
Truck99512,290.0
Truck99513,290.0
Truck99494,338.0
Truck99514,290.0
Truck99515,290.0
Truck99486,361.0
Truck99493,348.0
Truck99516,290.0
Truck99517,290.0
Truck99499,338.0
Truck99474,400.0
Truck99518,290.0
Truck99496,346.0
Truck99520,290.0
Truck99521,290.0
Truck99522,290.0
Truck99523,290.0
Truck99501,348.0
Truck99506,335.0
Truck99524,290.0
Truck99525,290.0
Truck99529,290.0
Truck99507,349.0
Truck99495,380.0
Truck99530,290.0
Truck99531,290.0
Truck99509,349.0
Truck99532,290.0
Truck99533,290.0
Truck99526,307.0
Truck99535,290.0
Truck99536,290.0
Truck99537,290.0
Truck99519,339.0
Truck99538,290.0
Truck99539,290.0
Truck99542,290.0
Truck99543,290.0
Truck99544,290.0
Truck99546,290.0
Truck99547,290.0
Truck99528,338.0
Truck99548,290.0
Truck99549,290.0
Truck99541,315.0
Truck99550,290.0
Truck99551,290.0
Truck99552,290.0
Truck99553,290.0
Truck99534,337.0
Truck99554,290.0
Truck99555,290.0
Truck99527,364.0
Truck99556,290.0
Truck99557,290.0
Truck99558,290.0
Truck99559,290.0
Truck99545,332.0
Truck99563,290.0
Truck99564,290.0
Truck99565,290.0
Truck99566,290.0
Truck99569,290.0
Truck99570,290.0
Truck99562,314.0
Truck99573,290.0
Truck99575,290.0
Truck99568,309.0
Truck99576,290.0
Truck99577,290.0
Truck99567,316.0
Truck99571,308.0
Truck99579,290.0
Truck99581,290.0
Truck99582,290.0
Truck99583,290.0
Truck99584,290.0
Truck99561,351.0
Truck99586,290.0
Truck99572,326.0
Truck99588,290.0
Truck99589,290.0
Truck99590,290.0
Truck99591,290.0
Truck99560,369.0
Truck99592,290.0
Truck99594,290.0
Truck99540,426.0
Truck99580,327.0
Truck99597,290.0
Truck99598,290.0
Truck99599,290.0
Truck99578,342.0
Truck99585,328.0
Truck99600,290.0
Truck99601,290.0
Truck99602,290.0
Truck99587,332.0
Truck99604,290.0
Truck99605,290.0
Truck99574,370.0
Truck99606,290.0
Truck99607,290.0
Truck99608,290.0
Truck99609,290.0
Truck99611,290.0
Truck99612,290.0
Truck99614,290.0
Truck99593,348.0
Truck99595,344.0
Truck99617,290.0
Truck99618,290.0
Truck99619,290.0
Truck99610,313.0
Truck99621,290.0
Truck99603,338.0
Truck99623,290.0
Truck99624,290.0
Truck99625,290.0
Truck99626,290.0
Truck99627,290.0
Truck99620,307.0
Truck99615,325.0
Truck99628,290.0
Truck99596,372.0
Truck99631,290.0
Truck99613,340.0
Truck99632,290.0
Truck99633,290.0
Truck99635,290.0
Truck99629,310.0
Truck99636,290.0
Truck99638,290.0
Truck99639,290.0
Truck99616,349.0
Truck99641,290.0
Truck99642,290.0
Truck99643,290.0
Truck99645,290.0
Truck99634,318.0
Truck99646,290.0
Truck99647,290.0
Truck99648,290.0
Truck99649,290.0
Truck99630,338.0
Truck99650,290.0
Truck99651,290.0
Truck99637,330.0
Truck99652,290.0
Truck99622,367.0
Truck99656,290.0
Truck99659,290.0
Truck99660,290.0
Truck99640,343.0
Truck99663,290.0
Truck99664,290.0
Truck99665,290.0
Truck99644,342.0
Truck99655,317.0
Truck99653,325.0
Truck99661,305.0
Truck99666,290.0
Truck99667,290.0
Truck99668,290.0
Truck99670,290.0
Truck99671,290.0
Truck99658,321.0
Truck99672,290.0
Truck99673,290.0
Truck99674,290.0
Truck99654,343.0
Truck99676,290.0
Truck99657,341.0
Truck99679,290.0
Truck99681,290.0
Truck99682,290.0
Truck99683,290.0
Truck99684,290.0
Truck99662,350.0
Truck99686,290.0
Truck99689,290.0
Truck99685,305.0
Truck99690,290.0
Truck99691,290.0
Truck99692,290.0
Truck99693,290.0
Truck99687,309.0
Truck99694,290.0
Truck99675,343.0
Truck99678,333.0
Truck99696,290.0
Truck99697,290.0
Truck99699,290.0
Truck99677,347.0
Truck99688,317.0
Truck99700,290.0
Truck99701,290.0
Truck99702,290.0
Truck99704,290.0
Truck99705,290.0
Truck99698,309.0
Truck99680,361.0
Truck99669,397.0
Truck99712,290.0
Truck99713,290.0
Truck99714,290.0
Truck99715,290.0
Truck99716,290.0
Truck99717,290.0
Truck99695,349.0
Truck99719,290.0
Truck99703,333.0
Truck99720,290.0
Truck99722,290.0
Truck99723,290.0
Truck99724,290.0
Truck99725,290.0
Truck99726,290.0
Truck99727,290.0
Truck99707,341.0
Truck99709,337.0
Truck99708,339.0
Truck99729,290.0
Truck99730,290.0
Truck99718,322.0
Truck99732,290.0
Truck99721,321.0
Truck99711,347.0
Truck99728,305.0
Truck99734,290.0
Truck99737,290.0
Truck99738,290.0
Truck99739,290.0
Truck99740,290.0
Truck99741,290.0
Truck99733,311.0
Truck99706,378.0
Truck99742,290.0
Truck99743,290.0
Truck99710,374.0
Truck99746,290.0
Truck99748,290.0
Truck99749,290.0
Truck99750,290.0
Truck99752,290.0
Truck99753,290.0
Truck99755,290.0
Truck99756,290.0
Truck99757,290.0
Truck99758,290.0
Truck99759,290.0
Truck99731,362.0
Truck99747,322.0
Truck99751,315.0
Truck99762,290.0
Truck99745,339.0
Truck99736,360.0
Truck99765,290.0
Truck99735,369.0
Truck99744,344.0
Truck99766,290.0
Truck99761,307.0
Truck99768,290.0
Truck99754,327.0
Truck99770,290.0
Truck99771,290.0
Truck99773,290.0
Truck99774,290.0
Truck99777,290.0
Truck99760,331.0
Truck99778,290.0
Truck99779,290.0
Truck99780,290.0
Truck99781,290.0
Truck99767,327.0
Truck99782,290.0
Truck99783,290.0
Truck99784,290.0
Truck99785,290.0
Truck99786,290.0
Truck99787,290.0
Truck99769,340.0
Truck99788,290.0
Truck99789,290.0
Truck99775,328.0
Truck99790,290.0
Truck99791,290.0
Truck99793,290.0
Truck99763,368.0
Truck99772,344.0
Truck99794,290.0
Truck99797,290.0
Truck99764,375.0
Truck99799,290.0
Truck99800,290.0
Truck99801,290.0
Truck99802,290.0
Truck99807,290.0
Truck99808,290.0
Truck99809,290.0
Truck99803,306.0
Truck99811,290.0
Truck99776,378.0
Truck99812,290.0
Truck99795,338.0
Truck99814,290.0
Truck99816,290.0
Truck99817,290.0
Truck99821,290.0
Truck99792,362.0
Truck99823,290.0
Truck99824,290.0
Truck99825,290.0
Truck99796,361.0
Truck99798,358.0
Truck99826,290.0
Truck99827,290.0
Truck99804,350.0
Truck99829,290.0
Truck99830,290.0
Truck99831,290.0
Truck99806,352.0
Truck99813,340.0
Truck99832,290.0
Truck99833,290.0
Truck99810,349.0
Truck99834,290.0
Truck99819,331.0
Truck99805,369.0
Truck99837,290.0
Truck99818,340.0
Truck99838,290.0
Truck99839,290.0
Truck99840,290.0
Truck99841,290.0
Truck99822,340.0
Truck99842,290.0
Truck99843,290.0
Truck99828,326.0
Truck99844,290.0
Truck99846,290.0
Truck99847,290.0
Truck99848,290.0
Truck99849,290.0
Truck99850,290.0
Truck99851,290.0
Truck99852,290.0
Truck99820,372.0
Truck99854,290.0
Truck99855,290.0
Truck99835,341.0
Truck99856,290.0
Truck99858,290.0
Truck99859,290.0
Truck99860,290.0
Truck99853,313.0
Truck99862,290.0
Truck99863,290.0
Truck99845,337.0
Truck99865,290.0
Truck99815,418.0
Truck99866,290.0
Truck99868,290.0
Truck99869,290.0
Truck99836,372.0
Truck99870,290.0
Truck99871,290.0
Truck99873,290.0
Truck99874,290.0
Truck99875,290.0
Truck99867,313.0
Truck99876,290.0
Truck99857,342.0
Truck99878,290.0
Truck99881,290.0
Truck99884,290.0
Truck99885,290.0
Truck99886,290.0
Truck99887,290.0
Truck99872,326.0
Truck99888,290.0
Truck99889,290.0
Truck99882,313.0
Truck99892,290.0
Truck99893,290.0
Truck99895,290.0
Truck99877,337.0
Truck99864,368.0
Truck99896,290.0
Truck99883,329.0
Truck99898,290.0
Truck99899,290.0
Truck99880,339.0
Truck99900,290.0
Truck99901,290.0
Truck99902,290.0
Truck99903,290.0
Truck99894,311.0
Truck99905,290.0
Truck99906,290.0
Truck99907,290.0
Truck99908,290.0
Truck99909,290.0
Truck99891,339.0
Truck99910,290.0
Truck99911,290.0
Truck99897,327.0
Truck99912,290.0
Truck99913,290.0
Truck99890,349.0
Truck99914,290.0
Truck99861,432.0
Truck99918,290.0
Truck99919,290.0
Truck99879,395.0
Truck99920,290.0
Truck99921,290.0
Truck99922,290.0
Truck99904,339.0
Truck99916,309.0
Truck99925,290.0
Truck99926,290.0
Truck99927,290.0
Truck99915,324.0
Truck99928,290.0
Truck99930,290.0
Truck99931,290.0
Truck99932,290.0
Truck99933,290.0
Truck99935,290.0
Truck99936,290.0
Truck99937,290.0
Truck99929,311.0
Truck99938,290.0
Truck99940,290.0
Truck99941,290.0
Truck99923,336.0
Truck99942,290.0
Truck99943,290.0
Truck99944,290.0
Truck99945,290.0
Truck99946,290.0
Truck99947,290.0
Truck99924,347.0
Truck99917,368.0
Truck99949,290.0
Truck99951,290.0
Truck99953,290.0
Truck99954,290.0
Truck99956,290.0
Truck99957,290.0
Truck99958,290.0
Truck99948,317.0
Truck99960,290.0
Truck99939,348.0
Truck99950,321.0
Truck99955,318.0
Truck99934,370.0
Truck99969,290.0
Truck99971,290.0
Truck99952,337.0
Truck99973,290.0
Truck99966,309.0
Truck99974,290.0
Truck99975,290.0
Truck99976,290.0
Truck99978,290.0
Truck99979,290.0
Truck99959,341.0
Truck99972,308.0
Truck99980,290.0
Truck99981,290.0
Truck99961,342.0
Truck99967,327.0
Truck99970,317.0
Truck99965,333.0
Truck99962,340.0
Truck99982,290.0
Truck99983,290.0
Truck99984,290.0
Truck99985,290.0
Truck99963,346.0
Truck99977,314.0
Truck99987,290.0
Truck99988,290.0
Truck99989,290.0
Truck99991,290.0
Truck99992,290.0
Truck99993,290.0
Truck99968,353.0
Truck99994,290.0
Truck99996,290.0
Truck99997,290.0
Truck99998,290.0
Truck99964,379.0
Truck100000,290.0
Truck100001,290.0
Truck99986,328.0
Truck100002,290.0
Truck99990,324.0
Truck100004,290.0
Truck100006,290.0
Truck100007,290.0
Truck100010,290.0
Truck100011,290.0
Truck100012,290.0
Truck100013,290.0
Truck100014,290.0
Truck100015,290.0
Truck99995,341.0
Truck100016,290.0
Truck100017,290.0
Truck100009,312.0
Truck99999,340.0
Truck100018,290.0
Truck100019,290.0
Truck100005,328.0
Truck100021,290.0
Truck100003,339.0
Truck100023,290.0
Truck100024,290.0
Truck100025,290.0
Truck100026,290.0
Truck100027,290.0
Truck100028,290.0
Truck100029,290.0
Truck100031,290.0
Truck100008,346.0
Truck100035,290.0
Truck100036,290.0
Truck100038,290.0
Truck100039,290.0
Truck100040,290.0
Truck100041,290.0
Truck100020,345.0
Truck100044,290.0
Truck100045,290.0
Truck100046,290.0
Truck100047,290.0
Truck100049,290.0
Truck100030,336.0
Truck100034,329.0
Truck100050,290.0
Truck100033,344.0
Truck100054,290.0
Truck100055,290.0
Truck100057,290.0
Truck100058,290.0
Truck100059,290.0
Truck100060,290.0
Truck100061,290.0
Truck100063,290.0
Truck100048,329.0
Truck100064,290.0
Truck100042,346.0
Truck100066,290.0
Truck100067,290.0
Truck100068,290.0
Truck100069,290.0
Truck100053,332.0
Truck100037,376.0
Truck100072,290.0
Truck100073,290.0
Truck100051,347.0
Truck100074,290.0
Truck100075,290.0
Truck100076,290.0
Truck100077,290.0
Truck100071,309.0
Truck100078,290.0
Truck100079,290.0
Truck100022,431.0
Truck100080,290.0
Truck100081,290.0
Truck100052,363.0
Truck100065,333.0
Truck100082,290.0
Truck100083,290.0
Truck100062,343.0
Truck100032,420.0
Truck100084,290.0
Truck100085,290.0
Truck100056,363.0
Truck100089,290.0
Truck100090,290.0
Truck100091,290.0
Truck100092,290.0
Truck100087,308.0
Truck100043,419.0
Truck100094,290.0
Truck100088,306.0
Truck100086,312.0
Truck100096,290.0
Truck100097,290.0
Truck100098,290.0
Truck100100,290.0
Truck100101,290.0
Truck100070,367.0
Truck100103,290.0
Truck100104,290.0
Truck100105,290.0
Truck100099,307.0
Truck100106,290.0
Truck100108,290.0
Truck100109,290.0
Truck100110,290.0
Truck100111,290.0
Truck100113,290.0
Truck100114,290.0
Truck100116,290.0
Truck100117,290.0
Truck100118,290.0
Truck100093,356.0
Truck100120,290.0
Truck100122,290.0
Truck100125,290.0
Truck100102,348.0
Truck100126,290.0
Truck100127,290.0
Truck100119,311.0
Truck100112,330.0
Truck100128,290.0
Truck100107,350.0
Truck100130,290.0
Truck100131,290.0
Truck100095,383.0
Truck100132,290.0
Truck100134,290.0
Truck100136,290.0
Truck100137,290.0
Truck100121,335.0
Truck100139,290.0
Truck100140,290.0
Truck100123,340.0
Truck100129,325.0
Truck100143,290.0
Truck100144,290.0
Truck100145,290.0
Truck100146,290.0
Truck100147,290.0
Truck100148,290.0
Truck100149,290.0
Truck100150,290.0
Truck100141,316.0
Truck100135,335.0
Truck100152,290.0
Truck100153,290.0
Truck100155,290.0
Truck100124,368.0
Truck100142,324.0
Truck100156,290.0
Truck100158,290.0
Truck100159,290.0
Truck100115,401.0
Truck100138,343.0
Truck100160,290.0
Truck100161,290.0
Truck100154,307.0
Truck100162,290.0
Truck100163,290.0
Truck100165,290.0
Truck100166,290.0
Truck100167,290.0
Truck100133,378.0
Truck100168,290.0
Truck100170,290.0
Truck100171,290.0
Truck100172,290.0
Truck100173,290.0
Truck100157,335.0
Truck100174,290.0
Truck100176,290.0
Truck100151,357.0
Truck100169,314.0
Truck100179,290.0
Truck100180,290.0
Truck100181,290.0
Truck100183,290.0
Truck100185,290.0
Truck100178,307.0
Truck100186,290.0
Truck100189,290.0
Truck100164,352.0
Truck100190,290.0
Truck100191,290.0
Truck100177,326.0
Truck100182,313.0
Truck100184,310.0
Truck100187,305.0
Truck100192,290.0
Truck100193,290.0
Truck100194,290.0
Truck100195,290.0
Truck100197,290.0
Truck100198,290.0
Truck100175,354.0
Truck100200,290.0
Truck100202,290.0
Truck100203,290.0
Truck100204,290.0
Truck100188,335.0
Truck100206,290.0
Truck100208,290.0
Truck100199,318.0
Truck100210,290.0
Truck100211,290.0
Truck100213,290.0
Truck100215,290.0
Truck100201,326.0
Truck100205,316.0
Truck100216,290.0
Truck100217,290.0
Truck100219,290.0
Truck100212,307.0
Truck100220,290.0
Truck100209,325.0
Truck100222,290.0
Truck100223,290.0
Truck100225,290.0
Truck100196,364.0
Truck100226,290.0
Truck100227,290.0
Truck100214,324.0
Truck100228,290.0
Truck100229,290.0
Truck100230,290.0
Truck100231,290.0
Truck100221,317.0
Truck100233,290.0
Truck100235,290.0
Truck100207,363.0
Truck100236,290.0
Truck100237,290.0
Truck100238,290.0
Truck100239,290.0
Truck100232,307.0
Truck100240,290.0
Truck100243,290.0
Truck100244,290.0
Truck100246,290.0
Truck100247,290.0
Truck100249,290.0
Truck100241,311.0
Truck100250,290.0
Truck100251,290.0
Truck100218,373.0
Truck100252,290.0
Truck100253,290.0
Truck100254,290.0
Truck100255,290.0
Truck100256,290.0
Truck100257,290.0
Truck100258,290.0
Truck100234,352.0
Truck100260,290.0
Truck100261,290.0
Truck100262,290.0
Truck100263,290.0
Truck100245,338.0
Truck100264,290.0
Truck100248,331.0
Truck100267,290.0
Truck100268,290.0
Truck100269,290.0
Truck100242,358.0
Truck100271,290.0
Truck100272,290.0
Truck100273,290.0
Truck100274,290.0
Truck100275,290.0
Truck100276,290.0
Truck100277,290.0
Truck100278,290.0
Truck100265,327.0
Truck100280,290.0
Truck100224,432.0
Truck100282,290.0
Truck100283,290.0
Truck100270,325.0
Truck100284,290.0
Truck100286,290.0
Truck100287,290.0
Truck100259,364.0
Truck100288,290.0
Truck100266,347.0
Truck100290,290.0
Truck100291,290.0
Truck100292,290.0
Truck100295,290.0
Truck100285,319.0
Truck100296,290.0
Truck100297,290.0
Truck100299,290.0
Truck100300,290.0
Truck100301,290.0
Truck100279,346.0
Truck100289,325.0
Truck100302,290.0
Truck100304,290.0
Truck100305,290.0
Truck100281,351.0
Truck100307,290.0
Truck100293,330.0
Truck100308,290.0
Truck100309,290.0
Truck100303,308.0
Truck100310,290.0
Truck100313,290.0
Truck100294,337.0
Truck100314,290.0
Truck100306,312.0
Truck100316,290.0
Truck100318,290.0
Truck100319,290.0
Truck100320,290.0
Truck100298,347.0
Truck100324,290.0
Truck100325,290.0
Truck100312,321.0
Truck100327,290.0
Truck100328,290.0
Truck100330,290.0
Truck100331,290.0
Truck100332,290.0
Truck100315,339.0
Truck100334,290.0
Truck100335,290.0
Truck100322,322.0
Truck100336,290.0
Truck100337,290.0
Truck100321,335.0
Truck100329,317.0
Truck100341,290.0
Truck100342,290.0
Truck100343,290.0
Truck100326,335.0
Truck100344,290.0
Truck100345,290.0
Truck100311,376.0
Truck100323,349.0
Truck100338,310.0
Truck100346,290.0
Truck100340,306.0
Truck100348,290.0
Truck100349,290.0
Truck100339,318.0
Truck100351,290.0
Truck100333,337.0
Truck100353,290.0
Truck100354,290.0
Truck100355,290.0
Truck100356,290.0
Truck100358,290.0
Truck100360,290.0
Truck100361,290.0
Truck100362,290.0
Truck100363,290.0
Truck100364,290.0
Truck100366,290.0
Truck100317,417.0
Truck100347,344.0
Truck100368,290.0
Truck100370,290.0
Truck100372,290.0
Truck100373,290.0
Truck100374,290.0
Truck100352,347.0
Truck100357,340.0
Truck100376,290.0
Truck100377,290.0
Truck100359,340.0
Truck100378,290.0
Truck100379,290.0
Truck100381,290.0
Truck100383,290.0
Truck100384,290.0
Truck100385,290.0
Truck100386,290.0
Truck100387,290.0
Truck100389,290.0
Truck100390,290.0
Truck100391,290.0
Truck100371,344.0
Truck100365,360.0
Truck100392,290.0
Truck100393,290.0
Truck100388,305.0
Truck100394,290.0
Truck100395,290.0
Truck100350,403.0
Truck100369,359.0
Truck100396,290.0
Truck100397,290.0
Truck100375,349.0
Truck100382,329.0
Truck100399,290.0
Truck100400,290.0
Truck100401,290.0
Truck100367,377.0
Truck100402,290.0
Truck100403,290.0
Truck100380,348.0
Truck100404,290.0
Truck100405,290.0
Truck100407,290.0
Truck100408,290.0
Truck100409,290.0
Truck100410,290.0
Truck100411,290.0
Truck100415,290.0
Truck100416,290.0
Truck100418,290.0
Truck100419,290.0
Truck100420,290.0
Truck100421,290.0
Truck100423,290.0
Truck100406,332.0
Truck100413,319.0
Truck100424,290.0
Truck100428,290.0
Truck100429,290.0
Truck100430,290.0
Truck100431,290.0
Truck100432,290.0
Truck100417,332.0
Truck100434,290.0
Truck100435,290.0
Truck100422,323.0
Truck100436,290.0
Truck100437,290.0
Truck100426,317.0
Truck100438,290.0
Truck100440,290.0
Truck100442,290.0
Truck100443,290.0
Truck100412,367.0
Truck100414,362.0
Truck100444,290.0
Truck100445,290.0
Truck100398,406.0
Truck100433,324.0
Truck100446,290.0
Truck100447,290.0
Truck100427,343.0
Truck100448,290.0
Truck100451,290.0
Truck100452,290.0
Truck100453,290.0
Truck100454,290.0
Truck100455,290.0
Truck100456,290.0
Truck100457,290.0
Truck100458,290.0
Truck100460,290.0
Truck100461,290.0
Truck100462,290.0
Truck100463,290.0
Truck100464,290.0
Truck100465,290.0
Truck100466,290.0
Truck100425,398.0
Truck100441,358.0
Truck100470,290.0
Truck100471,290.0
Truck100449,346.0
Truck100472,290.0
Truck100473,290.0
Truck100475,290.0
Truck100450,355.0
Truck100476,290.0
Truck100477,290.0
Truck100479,290.0
Truck100439,391.0
Truck100469,319.0
Truck100480,290.0
Truck100481,290.0
Truck100482,290.0
Truck100484,290.0
Truck100485,290.0
Truck100459,357.0
Truck100486,290.0
Truck100487,290.0
Truck100467,343.0
Truck100468,338.0
Truck100488,290.0
Truck100489,290.0
Truck100491,290.0
Truck100493,290.0
Truck100478,326.0
Truck100495,290.0
Truck100496,290.0
Truck100498,290.0
Truck100500,290.0
Truck100501,290.0
Truck100502,290.0
Truck100503,290.0
Truck100492,318.0
Truck100504,290.0
Truck100505,290.0
Truck100474,370.0
Truck100509,290.0
Truck100499,318.0
Truck100510,290.0
Truck100511,290.0
Truck100490,344.0
Truck100483,365.0
Truck100512,290.0
Truck100513,290.0
Truck100494,340.0
Truck100515,290.0
Truck100516,290.0
Truck100517,290.0
Truck100518,290.0
Truck100519,290.0
Truck100520,290.0
Truck100521,290.0
Truck100522,290.0
Truck100523,290.0
Truck100497,356.0
Truck100506,335.0
Truck100525,290.0
Truck100526,290.0
Truck100527,290.0
Truck100528,290.0
Truck100531,290.0
Truck100514,334.0
Truck100532,290.0
Truck100508,352.0
Truck100534,290.0
Truck100538,290.0
Truck100507,373.0
Truck100540,290.0
Truck100541,290.0
Truck100543,290.0
Truck100545,290.0
Truck100536,314.0
Truck100546,290.0
Truck100547,290.0
Truck100539,311.0
Truck100533,330.0
Truck100548,290.0
Truck100549,290.0
Truck100535,326.0
Truck100550,290.0
Truck100551,290.0
Truck100552,290.0
Truck100554,290.0
Truck100555,290.0
Truck100529,359.0
Truck100557,290.0
Truck100558,290.0
Truck100560,290.0
Truck100561,290.0
Truck100562,290.0
Truck100563,290.0
Truck100544,336.0
Truck100564,290.0
Truck100565,290.0
Truck100524,391.0
Truck100542,348.0
Truck100567,290.0
Truck100537,371.0
Truck100559,316.0
Truck100570,290.0
Truck100571,290.0
Truck100530,394.0
Truck100572,290.0
Truck100574,290.0
Truck100566,313.0
Truck100576,290.0
Truck100577,290.0
Truck100578,290.0
Truck100579,290.0
Truck100581,290.0
Truck100573,311.0
Truck100582,290.0
Truck100583,290.0
Truck100556,357.0
Truck100584,290.0
Truck100585,290.0
Truck100569,333.0
Truck100586,290.0
Truck100587,290.0
Truck100553,376.0
Truck100588,290.0
Truck100589,290.0
Truck100568,343.0
Truck100590,290.0
Truck100591,290.0
Truck100592,290.0
Truck100593,290.0
Truck100594,290.0
Truck100595,290.0
Truck100575,342.0
Truck100596,290.0
Truck100598,290.0
Truck100599,290.0
Truck100600,290.0
Truck100601,290.0
Truck100580,343.0
Truck100602,290.0
Truck100603,290.0
Truck100604,290.0
Truck100605,290.0
Truck100597,314.0
Truck100607,290.0
Truck100608,290.0
Truck100610,290.0
Truck100612,290.0
Truck100614,290.0
Truck100615,290.0
Truck100616,290.0
Truck100617,290.0
Truck100618,290.0
Truck100620,290.0
Truck100621,290.0
Truck100622,290.0
Truck100624,290.0
Truck100606,336.0
Truck100619,307.0
Truck100626,290.0
Truck100629,290.0
Truck100630,290.0
Truck100631,290.0
Truck100632,290.0
Truck100633,290.0
Truck100634,290.0
Truck100628,314.0
Truck100638,290.0
Truck100639,290.0
Truck100640,290.0
Truck100641,290.0
Truck100609,372.0
Truck100613,364.0
Truck100642,290.0
Truck100643,290.0
Truck100637,308.0
Truck100644,290.0
Truck100645,290.0
Truck100646,290.0
Truck100648,290.0
Truck100649,290.0
Truck100650,290.0
Truck100651,290.0
Truck100627,351.0
Truck100623,362.0
Truck100653,290.0
Truck100625,361.0
Truck100635,336.0
Truck100611,400.0
Truck100654,290.0
Truck100655,290.0
Truck100656,290.0
Truck100661,290.0
Truck100663,290.0
Truck100664,290.0
Truck100665,290.0
Truck100636,361.0
Truck100666,290.0
Truck100667,290.0
Truck100652,329.0
Truck100647,345.0
Truck100669,290.0
Truck100670,290.0
Truck100671,290.0
Truck100672,290.0
Truck100673,290.0
Truck100659,326.0
Truck100675,290.0
Truck100657,344.0
Truck100679,290.0
Truck100681,290.0
Truck100662,336.0
Truck100683,290.0
Truck100677,309.0
Truck100800,290.0
Truck100801,290.0
Truck100802,290.0
Truck100803,290.0
Truck100804,290.0
Truck100805,290.0
Truck100807,290.0
Truck100808,290.0
Truck100810,290.0
Truck100811,290.0
Truck100813,290.0
Truck100814,290.0
Truck100815,290.0
Truck100816,290.0
Truck100817,290.0
Truck100818,290.0
Truck100806,324.0
Truck100820,290.0
Truck100821,290.0
Truck100823,290.0
Truck100824,290.0
Truck100826,290.0
Truck100827,290.0
Truck100829,290.0
Truck100830,290.0
Truck100822,312.0
Truck100832,290.0
Truck100833,290.0
Truck100834,290.0
Truck100835,290.0
Truck100836,290.0
Truck100837,290.0
Truck100812,355.0
Truck100838,290.0
Truck100839,290.0
Truck100809,369.0
Truck100840,290.0
Truck100841,290.0
Truck100842,290.0
Truck100843,290.0
Truck100819,352.0
Truck100831,323.0
Truck100846,290.0
Truck100847,290.0
Truck100850,290.0
Truck100851,290.0
Truck100852,290.0
Truck100853,290.0
Truck100844,312.0
Truck100854,290.0
Truck100855,290.0
Truck100825,369.0
Truck100828,360.0
Truck100856,290.0
Truck100857,290.0
Truck100858,290.0
Truck100859,290.0
Truck100860,290.0
Truck100861,290.0
Truck100862,290.0
Truck100863,290.0
Truck100864,290.0
Truck100865,290.0
Truck100867,290.0
Truck100845,349.0
Truck100868,290.0
Truck100849,344.0
Truck100870,290.0
Truck100872,290.0
Truck100873,290.0
Truck100874,290.0
Truck100875,290.0
Truck100877,290.0
Truck100878,290.0
Truck100879,290.0
Truck100848,369.0
Truck100880,290.0
Truck100881,290.0
Truck100882,290.0
Truck100883,290.0
Truck100885,290.0
Truck100871,328.0
Truck100886,290.0
Truck100887,290.0
Truck100866,344.0
Truck100888,290.0
Truck100889,290.0
Truck100890,290.0
Truck100891,290.0
Truck100892,290.0
Truck100893,290.0
Truck100884,312.0
Truck100894,290.0
Truck100895,290.0
Truck100896,290.0
Truck100897,290.0
Truck100898,290.0
Truck100899,290.0
Truck100876,349.0
Truck100901,290.0
Truck100869,371.0
Truck100902,290.0
Truck100903,290.0
Truck100904,290.0
Truck100905,290.0
Truck100906,290.0
Truck100907,290.0
Truck100908,290.0
Truck100910,290.0
Truck100912,290.0
Truck100913,290.0
Truck100915,290.0
Truck100909,306.0
Truck100917,290.0
Truck100919,290.0
Truck100920,290.0
Truck100922,290.0
Truck100923,290.0
Truck100918,307.0
Truck100926,290.0
Truck100927,290.0
Truck100928,290.0
Truck100929,290.0
Truck100911,340.0
Truck100931,290.0
Truck100933,290.0
Truck100914,337.0
Truck100935,290.0
Truck100937,290.0
Truck100925,328.0
Truck100941,290.0
Truck100942,290.0
Truck100943,290.0
Truck100924,338.0
Truck100900,400.0
Truck100945,290.0
Truck100934,318.0
Truck100946,290.0
Truck100947,290.0
Truck100932,327.0
Truck100948,290.0
Truck100951,290.0
Truck100952,290.0
Truck100921,374.0
Truck100940,325.0
Truck100955,290.0
Truck100916,389.0
Truck100930,354.0
Truck100956,290.0
Truck100958,290.0
Truck100959,290.0
Truck100960,290.0
Truck100961,290.0
Truck100949,325.0
Truck100962,290.0
Truck100963,290.0
Truck100944,339.0
Truck100964,290.0
Truck100965,290.0
Truck100936,365.0
Truck100939,365.0
Truck100968,290.0
Truck100969,290.0
Truck100950,338.0
Truck100938,369.0
Truck100954,330.0
Truck100970,290.0
Truck100971,290.0
Truck100972,290.0
Truck100973,290.0
Truck100957,333.0
Truck100974,290.0
Truck100975,290.0
Truck100977,290.0
Truck100979,290.0
Truck100966,323.0
Truck100980,290.0
Truck100981,290.0
Truck100982,290.0
Truck100967,331.0
Truck100953,369.0
Truck100984,290.0
Truck100985,290.0
Truck100986,290.0
Truck100987,290.0
Truck100989,290.0
Truck100978,320.0
Truck100991,290.0
Truck100992,290.0
Truck100993,290.0
Truck100994,290.0
Truck100995,290.0
Truck100983,325.0
Truck100990,311.0
Truck100976,348.0
Truck101001,290.0
Truck101002,290.0
Truck101003,290.0
Truck100997,306.0
Truck100996,309.0
Truck101004,290.0
Truck101005,290.0
Truck101007,290.0
Truck101008,290.0
Truck101010,290.0
Truck101012,290.0
Truck101013,290.0
Truck101014,290.0
Truck101016,290.0
Truck101017,290.0
Truck101018,290.0
Truck100988,366.0
Truck101020,290.0
Truck101021,290.0
Truck100999,346.0
Truck100998,347.0
Truck101022,290.0
Truck101000,347.0
Truck101024,290.0
Truck101025,290.0
Truck101006,336.0
Truck101026,290.0
Truck101009,339.0
Truck101028,290.0
Truck101029,290.0
Truck101011,339.0
Truck101030,290.0
Truck101033,290.0
Truck101034,290.0
Truck101035,290.0
Truck101015,344.0
Truck101036,290.0
Truck101037,290.0
Truck101019,338.0
Truck101038,290.0
Truck101023,335.0
Truck101027,328.0
Truck101042,290.0
Truck101043,290.0
Truck101044,290.0
Truck101045,290.0
Truck101046,290.0
Truck101048,290.0
Truck101049,290.0
Truck101050,290.0
Truck101051,290.0
Truck101052,290.0
Truck101053,290.0
Truck101039,329.0
Truck101056,290.0
Truck101041,332.0
Truck101058,290.0
Truck101059,290.0
Truck101040,340.0
Truck101061,290.0
Truck101062,290.0
Truck101063,290.0
Truck101064,290.0
Truck101065,290.0
Truck101031,377.0
Truck101066,290.0
Truck101067,290.0
Truck101068,290.0
Truck101069,290.0
Truck101047,349.0
Truck101070,290.0
Truck101057,328.0
Truck101054,335.0
Truck101072,290.0
Truck101073,290.0
Truck101032,393.0
Truck101074,290.0
Truck101055,343.0
Truck101076,290.0
Truck101079,290.0
Truck101080,290.0
Truck101081,290.0
Truck101082,290.0
Truck101084,290.0
Truck101087,290.0
Truck101089,290.0
Truck101090,290.0
Truck101091,290.0
Truck101092,290.0
Truck101093,290.0
Truck101094,290.0
Truck101095,290.0
Truck101075,342.0
Truck101096,290.0
Truck101097,290.0
Truck101098,290.0
Truck101099,290.0
Truck101100,290.0
Truck101101,290.0
Truck101102,290.0
Truck101103,290.0
Truck101083,344.0
Truck101086,334.0
Truck101104,290.0
Truck101105,290.0
Truck101071,377.0
Truck101106,290.0
Truck101109,290.0
Truck101060,412.0
Truck101110,290.0
Truck101111,290.0
Truck101088,347.0
Truck101112,290.0
Truck101113,290.0
Truck101114,290.0
Truck101115,290.0
Truck101078,381.0
Truck101118,290.0
Truck101119,290.0
Truck101085,377.0
Truck101120,290.0
Truck101121,290.0
Truck101123,290.0
Truck101077,411.0
Truck101127,290.0
Truck101129,290.0
Truck101131,290.0
Truck101132,290.0
Truck101135,290.0
Truck101116,338.0
Truck101136,290.0
Truck101107,367.0
Truck101108,362.0
Truck101138,290.0
Truck101139,290.0
Truck101117,351.0
Truck101122,337.0
Truck101134,308.0
Truck101142,290.0
Truck101143,290.0
Truck101126,331.0
Truck101144,290.0
Truck101145,290.0
Truck101147,290.0
Truck101148,290.0
Truck101149,290.0
Truck101150,290.0
Truck101151,290.0
Truck101124,360.0
Truck101152,290.0
Truck101153,290.0
Truck101140,322.0
Truck101133,343.0
Truck101154,290.0
Truck101155,290.0
Truck101146,314.0
Truck101156,290.0
Truck101125,373.0
Truck101159,290.0
Truck101161,290.0
Truck101162,290.0
Truck101163,290.0
Truck101128,377.0
Truck101164,290.0
Truck101165,290.0
Truck101130,378.0
Truck101166,290.0
Truck101167,290.0
Truck101158,314.0
Truck101168,290.0
Truck101169,290.0
Truck101171,290.0
Truck101157,328.0
Truck101137,379.0
Truck101172,290.0
Truck101175,290.0
Truck101177,290.0
Truck101141,383.0
Truck101178,290.0
Truck101179,290.0
Truck101173,307.0
Truck101160,344.0
Truck101183,290.0
Truck101184,290.0
Truck101186,290.0
Truck101187,290.0
Truck101170,335.0
Truck101188,290.0
Truck101189,290.0
Truck101182,307.0
Truck101176,325.0
Truck101190,290.0
Truck101191,290.0
Truck101192,290.0
Truck101193,290.0
Truck101194,290.0
Truck101195,290.0
Truck101196,290.0
Truck101181,333.0
Truck101185,325.0
Truck101199,290.0
Truck101200,290.0
Truck101201,290.0
Truck101203,290.0
Truck101174,363.0
Truck101204,290.0
Truck101205,290.0
Truck101180,355.0
Truck101206,290.0
Truck101208,290.0
Truck101209,290.0
Truck101210,290.0
Truck101213,290.0
Truck101197,331.0
Truck101214,290.0
Truck101215,290.0
Truck101207,313.0
Truck101198,334.0
Truck101216,290.0
Truck101218,290.0
Truck101219,290.0
Truck101220,290.0
Truck101221,290.0
Truck101222,290.0
Truck101223,290.0
Truck101224,290.0
Truck101225,290.0
Truck101227,290.0
Truck101229,290.0
Truck101211,339.0
Truck101230,290.0
Truck101232,290.0
Truck101212,345.0
Truck101234,290.0
Truck101235,290.0
Truck101202,372.0
Truck101236,290.0
Truck101237,290.0
Truck101238,290.0
Truck101228,316.0
Truck101240,290.0
Truck101217,354.0
Truck101242,290.0
Truck101243,290.0
Truck101244,290.0
Truck101246,290.0
Truck101248,290.0
Truck101249,290.0
Truck101231,337.0
Truck101239,318.0
Truck101250,290.0
Truck101233,342.0
Truck101255,290.0
Truck101257,290.0
Truck101241,332.0
Truck101226,368.0
Truck101259,290.0
Truck101247,324.0
Truck101261,290.0
Truck101252,315.0
Truck101262,290.0
Truck101264,290.0
Truck101265,290.0
Truck101266,290.0
Truck101253,328.0
Truck101268,290.0
Truck101269,290.0
Truck101245,359.0
Truck101272,290.0
Truck101273,290.0
Truck101267,306.0
Truck101274,290.0
Truck101275,290.0
Truck101276,290.0
Truck101277,290.0
Truck101254,346.0
Truck101258,336.0
Truck101279,290.0
Truck101260,338.0
Truck101280,290.0
Truck101281,290.0
Truck101282,290.0
Truck101283,290.0
Truck101284,290.0
Truck101256,363.0
Truck101263,348.0
Truck101270,329.0
Truck101287,290.0
Truck101288,290.0
Truck101289,290.0
Truck101271,338.0
Truck101290,290.0
Truck101292,290.0
Truck101298,290.0
Truck101299,290.0
Truck101300,290.0
Truck101301,290.0
Truck101294,306.0
Truck101251,418.0
Truck101285,338.0
Truck101304,290.0
Truck101305,290.0
Truck101306,290.0
Truck101307,290.0
Truck101278,362.0
Truck101286,342.0
Truck101308,290.0
Truck101309,290.0
Truck101296,325.0
Truck101310,290.0
Truck101312,290.0
Truck101313,290.0
Truck101291,349.0
Truck101315,290.0
Truck101295,341.0
Truck101316,290.0
Truck101317,290.0
Truck101293,353.0
Truck101297,345.0
Truck101319,290.0
Truck101320,290.0
Truck101322,290.0
Truck101323,290.0
Truck101324,290.0
Truck101318,306.0
Truck101326,290.0
Truck101327,290.0
Truck101303,351.0
Truck101328,290.0
Truck101329,290.0
Truck101330,290.0
Truck101331,290.0
Truck101332,290.0
Truck101333,290.0
Truck101337,290.0
Truck101314,350.0
Truck101338,290.0
Truck101339,290.0
Truck101340,290.0
Truck101342,290.0
Truck101343,290.0
Truck101345,290.0
Truck101311,378.0
Truck101302,399.0
Truck101346,290.0
Truck101347,290.0
Truck101348,290.0
Truck101349,290.0
Truck101350,290.0
Truck101336,330.0
Truck101352,290.0
Truck101354,290.0
Truck101355,290.0
Truck101335,341.0
Truck101321,379.0
Truck101356,290.0
Truck101357,290.0
Truck101351,307.0
Truck101341,334.0
Truck101358,290.0
Truck101359,290.0
Truck101334,351.0
Truck101361,290.0
Truck101362,290.0
Truck101364,290.0
Truck101365,290.0
Truck101325,393.0
Truck101344,345.0
Truck101366,290.0
Truck101367,290.0
Truck101360,309.0
Truck101368,290.0
Truck101369,290.0
Truck101371,290.0
Truck101372,290.0
Truck101373,290.0
Truck101353,345.0
Truck101375,290.0
Truck101376,290.0
Truck101377,290.0
Truck101363,330.0
Truck101378,290.0
Truck101379,290.0
Truck101380,290.0
Truck101381,290.0
Truck101382,290.0
Truck101383,290.0
Truck101384,290.0
Truck101385,290.0
Truck101374,319.0
Truck101386,290.0
Truck101387,290.0
Truck101388,290.0
Truck101389,290.0
Truck101390,290.0
Truck101391,290.0
Truck101370,345.0
Truck101392,290.0
Truck101393,290.0
Truck101394,290.0
Truck101396,290.0
Truck101397,290.0
Truck101399,290.0
Truck101400,290.0
Truck101402,290.0
Truck101403,290.0
Truck101405,290.0
Truck101407,290.0
Truck101408,290.0
Truck101410,290.0
Truck101411,290.0
Truck101412,290.0
Truck101401,321.0
Truck101417,290.0
Truck101395,346.0
Truck101398,340.0
Truck101418,290.0
Truck101419,290.0
Truck101420,290.0
Truck101423,290.0
Truck101404,337.0
Truck101424,290.0
Truck101426,290.0
Truck101427,290.0
Truck101406,342.0
Truck101428,290.0
Truck101429,290.0
Truck101409,343.0
Truck101430,290.0
Truck101432,290.0
Truck101433,290.0
Truck101434,290.0
Truck101435,290.0
Truck101413,348.0
Truck101416,338.0
Truck101414,346.0
Truck101415,346.0
Truck101421,334.0
Truck101438,290.0
Truck101439,290.0
Truck101440,290.0
Truck101441,290.0
Truck101442,290.0
Truck101436,307.0
Truck101444,290.0
Truck101446,290.0
Truck101447,290.0
Truck101431,333.0
Truck101425,349.0
Truck101448,290.0
Truck101449,290.0
Truck101451,290.0
Truck101452,290.0
Truck101453,290.0
Truck101456,290.0
Truck101457,290.0
Truck101450,308.0
Truck101458,290.0
Truck101460,290.0
Truck101461,290.0
Truck101462,290.0
Truck101422,391.0
Truck101464,290.0
Truck101459,309.0
Truck101466,290.0
Truck101467,290.0
Truck101468,290.0
Truck101471,290.0
Truck101472,290.0
Truck101443,368.0
Truck101475,290.0
Truck101455,341.0
Truck101445,369.0
Truck101476,290.0
Truck101477,290.0
Truck101470,306.0
Truck101478,290.0
Truck101454,352.0
Truck101437,400.0
Truck101480,290.0
Truck101481,290.0
Truck101463,336.0
Truck101465,332.0
Truck101485,290.0
Truck101488,290.0
Truck101489,290.0
Truck101490,290.0
Truck101491,290.0
Truck101483,313.0
Truck101492,290.0
Truck101493,290.0
Truck101469,355.0
Truck101494,290.0
Truck101495,290.0
Truck101486,315.0
Truck101473,352.0
Truck101498,290.0
Truck101474,355.0
Truck101502,290.0
Truck101503,290.0
Truck101484,336.0
Truck101487,331.0
Truck101482,344.0
Truck101504,290.0
Truck101479,358.0
Truck101507,290.0
Truck101501,306.0
Truck101508,290.0
Truck101500,313.0
Truck101510,290.0
Truck101511,290.0
Truck101513,290.0
Truck101506,312.0
Truck101516,290.0
Truck101517,290.0
Truck101496,342.0
Truck101497,342.0
Truck101509,315.0
Truck101518,290.0
Truck101499,345.0
Truck101520,290.0
Truck101521,290.0
Truck101522,290.0
Truck101524,290.0
Truck101525,290.0
Truck101512,323.0
Truck101527,290.0
Truck101529,290.0
Truck101530,290.0
Truck101532,290.0
Truck101515,338.0
Truck101534,290.0
Truck101535,290.0
Truck101536,290.0
Truck101528,315.0
Truck101538,290.0
Truck101540,290.0
Truck101541,290.0
Truck101523,337.0
Truck101542,290.0
Truck101543,290.0
Truck101545,290.0
Truck101539,306.0
Truck101526,337.0
Truck101546,290.0
Truck101547,290.0
Truck101549,290.0
Truck101514,377.0
Truck101550,290.0
Truck101551,290.0
Truck101552,290.0
Truck101544,311.0
Truck101555,290.0
Truck101537,337.0
Truck101557,290.0
Truck101560,290.0
Truck101561,290.0
Truck101553,313.0
Truck101505,434.0
Truck101533,365.0
Truck101562,290.0
Truck101564,290.0
Truck101565,290.0
Truck101531,376.0
Truck101519,412.0
Truck101569,290.0
Truck101570,290.0
Truck101571,290.0
Truck101558,324.0
Truck101572,290.0
Truck101573,290.0
Truck101574,290.0
Truck101556,336.0
Truck101568,307.0
Truck101566,315.0
Truck101576,290.0
Truck101577,290.0
Truck101559,336.0
Truck101578,290.0
Truck101579,290.0
Truck101581,290.0
Truck101582,290.0
Truck101583,290.0
Truck101548,377.0
Truck101563,343.0
Truck101584,290.0
Truck101585,290.0
Truck101586,290.0
Truck101587,290.0
Truck101554,374.0
Truck101589,290.0
Truck101590,290.0
Truck101580,318.0
Truck101592,290.0
Truck101593,290.0
Truck101594,290.0
Truck101595,290.0
Truck101575,345.0
Truck101596,290.0
Truck101597,290.0
Truck101567,370.0
Truck101598,290.0
Truck101599,290.0
Truck101591,315.0
Truck101601,290.0
Truck101602,290.0
Truck101603,290.0
Truck101588,328.0
Truck101605,290.0
Truck101606,290.0
Truck101607,290.0
Truck101608,290.0
Truck101609,290.0
Truck101600,311.0
Truck101610,290.0
Truck101611,290.0
Truck101612,290.0
Truck101615,290.0
Truck101616,290.0
Truck101617,290.0
Truck101604,328.0
Truck101620,290.0
Truck101621,290.0
Truck101624,290.0
Truck101613,324.0
Truck101626,290.0
Truck101627,290.0
Truck101628,290.0
Truck101619,319.0
Truck101631,290.0
Truck101632,290.0
Truck101633,290.0
Truck101625,314.0
Truck101635,290.0
Truck101614,342.0
Truck101636,290.0
Truck101637,290.0
Truck101629,313.0
Truck101623,330.0
Truck101638,290.0
Truck101640,290.0
Truck101641,290.0
Truck101634,307.0
Truck101642,290.0
Truck101643,290.0
Truck101622,344.0
Truck101644,290.0
Truck101645,290.0
Truck101646,290.0
Truck101647,290.0
Truck101649,290.0
Truck101650,290.0
Truck101651,290.0
Truck101630,343.0
Truck101652,290.0
Truck101618,378.0
Truck101654,290.0
Truck101655,290.0
Truck101639,335.0
Truck101656,290.0
Truck101657,290.0
Truck101659,290.0
Truck101660,290.0
Truck101661,290.0
Truck101662,290.0
Truck101663,290.0
Truck101664,290.0
Truck101653,325.0
Truck101666,290.0
Truck101667,290.0
Truck101668,290.0
Truck101670,290.0
Truck101671,290.0
Truck101665,309.0
Truck101673,290.0
Truck101674,290.0
Truck101675,290.0
Truck101676,290.0
Truck101677,290.0
Truck101658,340.0
Truck101679,290.0
Truck101680,290.0
Truck101681,290.0
Truck101648,372.0
Truck101682,290.0
Truck101683,290.0
Truck101684,290.0
Truck101686,290.0
Truck101687,290.0
Truck101689,290.0
Truck101691,290.0
Truck101685,310.0
Truck101692,290.0
Truck101693,290.0
Truck101694,290.0
Truck101695,290.0
Truck101678,335.0
Truck101697,290.0
Truck101699,290.0
Truck101700,290.0
Truck101702,290.0
Truck101703,290.0
Truck101690,323.0
Truck101669,379.0
Truck101672,369.0
Truck101704,290.0
Truck101705,290.0
Truck101706,290.0
Truck101707,290.0
Truck101708,290.0
Truck101709,290.0
Truck101710,290.0
Truck101712,290.0
Truck101714,290.0
Truck101715,290.0
Truck101716,290.0
Truck101717,290.0
Truck101713,305.0
Truck101718,290.0
Truck101719,290.0
Truck101722,290.0
Truck101723,290.0
Truck101724,290.0
Truck101725,290.0
Truck101688,385.0
Truck101696,365.0
Truck101701,360.0
Truck101728,290.0
Truck101729,290.0
Truck101730,290.0
Truck101732,290.0
Truck101733,290.0
Truck101735,290.0
Truck101736,290.0
Truck101721,333.0
Truck101727,318.0
Truck101738,290.0
Truck101720,340.0
Truck101740,290.0
Truck101726,326.0
Truck101743,290.0
Truck101744,290.0
Truck101745,290.0
Truck101711,378.0
Truck101737,315.0
Truck101746,290.0
Truck101748,290.0
Truck101749,290.0
Truck101742,308.0
Truck101750,290.0
Truck101751,290.0
Truck101698,424.0
Truck101752,290.0
Truck101755,290.0
Truck101731,354.0
Truck101756,290.0
Truck101741,335.0
Truck101759,290.0
Truck101760,290.0
Truck101761,290.0
Truck101739,347.0
Truck101747,330.0
Truck101762,290.0
Truck101763,290.0
Truck101757,306.0
Truck101734,362.0
Truck101764,290.0
Truck101765,290.0
Truck101754,320.0
Truck101766,290.0
Truck101767,290.0
Truck101753,327.0
Truck101768,290.0
Truck101769,290.0
Truck101770,290.0
Truck101771,290.0
Truck101772,290.0
Truck101773,290.0
Truck101758,326.0
Truck101774,290.0
Truck101776,290.0
Truck101778,290.0
Truck101779,290.0
Truck101780,290.0
Truck101781,290.0
Truck101782,290.0
Truck101783,290.0
Truck101785,290.0
Truck101786,290.0
Truck101787,290.0
Truck101788,290.0
Truck101789,290.0
Truck101790,290.0
Truck101792,290.0
Truck101793,290.0
Truck101796,290.0
Truck101799,290.0
Truck101777,346.0
Truck101800,290.0
Truck101801,290.0
Truck101803,290.0
Truck101791,321.0
Truck101804,290.0
Truck101805,290.0
Truck101806,290.0
Truck101807,290.0
Truck101784,347.0
Truck101808,290.0
Truck101809,290.0
Truck101810,290.0
Truck101811,290.0
Truck101797,328.0
Truck101812,290.0
Truck101813,290.0
Truck101794,339.0
Truck101814,290.0
Truck101816,290.0
Truck101817,290.0
Truck101775,400.0
Truck101818,290.0
Truck101819,290.0
Truck101820,290.0
Truck101821,290.0
Truck101822,290.0
Truck101823,290.0
Truck101795,361.0
Truck101825,290.0
Truck101802,349.0
Truck101827,290.0
Truck101828,290.0
Truck101829,290.0
Truck101798,368.0
Truck101831,290.0
Truck101833,290.0
Truck101826,308.0
Truck101834,290.0
Truck101836,290.0
Truck101837,290.0
Truck101824,324.0
Truck101839,290.0
Truck101830,313.0
Truck101842,290.0
Truck101845,290.0
Truck101832,324.0
Truck101846,290.0
Truck101847,290.0
Truck101815,373.0
Truck101848,290.0
Truck101849,290.0
Truck101851,290.0
Truck101853,290.0
Truck101840,322.0
Truck101854,290.0
Truck101855,290.0
Truck101856,290.0
Truck101857,290.0
Truck101858,290.0
Truck101859,290.0
Truck101835,351.0
Truck101860,290.0
Truck101861,290.0
Truck101841,341.0
Truck101838,349.0
Truck101862,290.0
Truck101863,290.0
Truck101865,290.0
Truck101866,290.0
Truck101867,290.0
Truck101844,347.0
Truck101868,290.0
Truck101869,290.0
Truck101870,290.0
Truck101871,290.0
Truck101872,290.0
Truck101873,290.0
Truck101850,350.0
Truck101875,290.0
Truck101876,290.0
Truck101877,290.0
Truck101852,352.0
Truck101880,290.0
Truck101881,290.0
Truck101864,334.0
Truck101843,394.0
Truck101874,315.0
Truck101884,290.0
Truck101885,290.0
Truck101886,290.0
Truck101888,290.0
Truck101889,290.0
Truck101890,290.0
Truck101891,290.0
Truck101892,290.0
Truck101893,290.0
Truck101894,290.0
Truck101895,290.0
Truck101882,323.0
Truck101896,290.0
Truck101897,290.0
Truck101898,290.0
Truck101878,343.0
Truck101901,290.0
Truck101902,290.0
Truck101904,290.0
Truck101879,358.0
Truck101906,290.0
Truck101883,351.0
Truck101900,308.0
Truck101908,290.0
Truck101909,290.0
Truck101887,347.0
Truck101911,290.0
Truck101912,290.0
Truck101913,290.0
Truck101903,318.0
Truck101918,290.0
Truck101919,290.0
Truck101910,313.0
Truck101920,290.0
Truck101921,290.0
Truck101899,346.0
Truck101922,290.0
Truck101923,290.0
Truck101926,290.0
Truck101927,290.0
Truck101928,290.0
Truck101929,290.0
Truck101907,347.0
Truck101931,290.0
Truck101933,290.0
Truck101934,290.0
Truck101935,290.0
Truck101937,290.0
Truck101914,349.0
Truck101938,290.0
Truck101939,290.0
Truck101925,327.0
Truck101917,349.0
Truck101941,290.0
Truck101915,358.0
Truck101942,290.0
Truck101924,344.0
Truck101930,330.0
Truck101946,290.0
Truck101947,290.0
Truck101948,290.0
Truck101949,290.0
Truck101950,290.0
Truck101951,290.0
Truck101936,326.0
Truck101905,409.0
Truck101952,290.0
Truck101953,290.0
Truck101944,311.0
Truck101954,290.0
Truck101956,290.0
Truck101957,290.0
Truck101958,290.0
Truck101959,290.0
Truck101932,356.0
Truck101960,290.0
Truck101962,290.0
Truck101963,290.0
Truck101916,406.0
Truck101965,290.0
Truck101940,351.0
Truck101945,344.0
Truck101968,290.0
Truck101969,290.0
Truck101970,290.0
Truck101971,290.0
Truck101972,290.0
Truck101973,290.0
Truck101974,290.0
Truck101961,329.0
Truck101976,290.0
Truck101977,290.0
Truck101955,348.0
Truck101978,290.0
Truck101967,322.0
Truck101980,290.0
Truck101981,290.0
Truck101982,290.0
Truck101983,290.0
Truck101964,340.0
Truck101984,290.0
Truck101985,290.0
Truck101986,290.0
Truck101988,290.0
Truck101943,406.0
Truck101966,349.0
Truck101992,290.0
Truck101975,340.0
Truck101995,290.0
Truck101996,290.0
Truck101997,290.0
Truck101998,290.0
Truck101999,290.0
Truck102000,290.0
Truck102001,290.0
Truck102002,290.0
Truck102003,290.0
Truck102005,290.0
Truck101987,342.0
Truck101991,332.0
Truck102009,290.0
Truck102010,290.0
Truck101994,331.0
Truck102012,290.0
Truck102013,290.0
Truck101979,377.0
Truck102014,290.0
Truck101989,357.0
Truck102016,290.0
Truck102017,290.0
Truck102007,316.0
Truck101990,358.0
Truck102011,310.0
Truck102019,290.0
Truck102020,290.0
Truck102021,290.0
Truck102022,290.0
Truck102023,290.0
Truck102004,339.0
Truck102024,290.0
Truck102025,290.0
Truck102026,290.0
Truck101993,378.0
Truck102028,290.0
Truck102029,290.0
Truck102030,290.0
Truck102015,336.0
Truck102035,290.0
Truck102036,290.0
Truck102037,290.0
Truck102038,290.0
Truck102040,290.0
Truck102041,290.0
Truck102018,347.0
Truck102008,374.0
Truck102043,290.0
Truck102006,383.0
Truck102044,290.0
Truck102045,290.0
Truck102032,325.0
Truck102046,290.0
Truck102048,290.0
Truck102049,290.0
Truck102050,290.0
Truck102053,290.0
Truck102034,336.0
Truck102039,330.0
Truck102054,290.0
Truck102055,290.0
Truck102052,306.0
Truck102027,373.0
Truck102060,290.0
Truck102061,290.0
Truck102031,366.0
Truck102033,361.0
Truck102062,290.0
Truck102057,308.0
Truck102064,290.0
Truck102065,290.0
Truck102047,337.0
Truck102042,349.0
Truck102067,290.0
Truck102051,332.0
Truck102068,290.0
Truck102069,290.0
Truck102059,319.0
Truck102070,290.0
Truck102073,290.0
Truck102074,290.0
Truck102075,290.0
Truck102066,312.0
Truck102077,290.0
Truck102056,341.0
Truck102063,330.0
Truck102078,290.0
Truck102079,290.0
Truck102081,290.0
Truck102082,290.0
Truck102083,290.0
Truck102084,290.0
Truck102085,290.0
Truck102086,290.0
Truck102087,290.0
Truck102071,332.0
Truck102076,319.0
Truck102089,290.0
Truck102090,290.0
Truck102091,290.0
Truck102058,372.0
Truck102092,290.0
Truck102093,290.0
Truck102094,290.0
Truck102095,290.0
Truck102096,290.0
Truck102097,290.0
Truck102098,290.0
Truck102099,290.0
Truck102100,290.0
Truck102080,347.0
Truck102072,370.0
Truck102104,290.0
Truck102106,290.0
Truck102108,290.0
Truck102109,290.0
Truck102088,345.0
Truck102110,290.0
Truck102111,290.0
Truck102112,290.0
Truck102113,290.0
Truck102107,309.0
Truck102114,290.0
Truck102105,320.0
Truck102117,290.0
Truck102118,290.0
Truck102119,290.0
Truck102121,290.0
Truck102101,341.0
Truck102122,290.0
Truck102123,290.0
Truck102125,290.0
Truck102126,290.0
Truck102129,290.0
Truck102102,357.0
Truck102131,290.0
Truck102124,308.0
Truck102132,290.0
Truck102120,324.0
Truck102134,290.0
Truck102135,290.0
Truck102103,375.0
Truck102136,290.0
Truck102137,290.0
Truck102115,347.0
Truck102138,290.0
Truck102141,290.0
Truck102142,290.0
Truck102143,290.0
Truck102128,326.0
Truck102146,290.0
Truck102147,290.0
Truck102130,333.0
Truck102139,315.0
Truck102148,290.0
Truck102149,290.0
Truck102127,350.0
Truck102150,290.0
Truck102151,290.0
Truck102152,290.0
Truck102153,290.0
Truck102154,290.0
Truck102133,347.0
Truck102156,290.0
Truck102157,290.0
Truck102144,321.0
Truck102145,322.0
Truck102158,290.0
Truck102159,290.0
Truck102162,290.0
Truck102163,290.0
Truck102140,347.0
Truck102165,290.0
Truck102116,415.0
Truck102166,290.0
Truck102167,290.0
Truck102168,290.0
Truck102169,290.0
Truck102161,311.0
Truck102170,290.0
Truck102172,290.0
Truck102174,290.0
Truck102155,345.0
Truck102171,305.0
Truck102176,290.0
Truck102177,290.0
Truck102160,333.0
Truck102178,290.0
Truck102181,290.0
Truck102182,290.0
Truck102185,290.0
Truck102186,290.0
Truck102187,290.0
Truck102180,309.0
Truck102188,290.0
Truck102190,290.0
Truck102191,290.0
Truck102192,290.0
Truck102193,290.0
Truck102164,362.0
Truck102173,349.0
Truck102196,290.0
Truck102197,290.0
Truck102179,336.0
Truck102183,329.0
Truck102199,290.0
Truck102200,290.0
Truck102201,290.0
Truck102202,290.0
Truck102203,290.0
Truck102189,326.0
Truck102175,363.0
Truck102184,340.0
Truck102204,290.0
Truck102205,290.0
Truck102206,290.0
Truck102207,290.0
Truck102198,311.0
Truck102208,290.0
Truck102209,290.0
Truck102210,290.0
Truck102211,290.0
Truck102212,290.0
Truck102213,290.0
Truck102194,336.0
Truck102195,339.0
Truck102214,290.0
Truck102215,290.0
Truck102217,290.0
Truck102219,290.0
Truck102221,290.0
Truck102222,290.0
Truck102223,290.0
Truck102226,290.0
Truck102227,290.0
Truck102229,290.0
Truck102218,318.0
Truck102230,290.0
Truck102231,290.0
Truck102225,306.0
Truck102232,290.0
Truck102233,290.0
Truck102224,311.0
Truck102234,290.0
Truck102228,306.0
Truck102236,290.0
Truck102238,290.0
Truck102239,290.0
Truck102240,290.0
Truck102241,290.0
Truck102244,290.0
Truck102245,290.0
Truck102237,312.0
Truck102246,290.0
Truck102247,290.0
Truck102220,359.0
Truck102248,290.0
Truck102249,290.0
Truck102250,290.0
Truck102251,290.0
Truck102216,376.0
Truck102252,290.0
Truck102254,290.0
Truck102255,290.0
Truck102257,290.0
Truck102259,290.0
Truck102260,290.0
Truck102261,290.0
Truck102264,290.0
Truck102265,290.0
Truck102242,349.0
Truck102267,290.0
Truck102263,305.0
Truck102268,290.0
Truck102269,290.0
Truck102270,290.0
Truck102271,290.0
Truck102272,290.0
Truck102275,290.0
Truck102262,322.0
Truck102276,290.0
Truck102277,290.0
Truck102258,340.0
Truck102278,290.0
Truck102280,290.0
Truck102281,290.0
Truck102285,290.0
Truck102235,418.0
Truck102286,290.0
Truck102256,366.0
Truck102253,377.0
Truck102289,290.0
Truck102290,290.0
Truck102291,290.0
Truck102292,290.0
Truck102293,290.0
Truck102274,336.0
Truck102294,290.0
Truck102243,421.0
Truck102273,347.0
Truck102296,290.0
Truck102297,290.0
Truck102287,318.0
Truck102282,331.0
Truck102301,290.0
Truck102266,377.0
Truck102279,348.0
Truck102302,290.0
Truck102303,290.0
Truck102295,312.0
Truck102304,290.0
Truck102305,290.0
Truck102299,307.0
Truck102284,345.0
Truck102307,290.0
Truck102300,309.0
Truck102308,290.0
Truck102309,290.0
Truck102288,344.0
Truck102311,290.0
Truck102312,290.0
Truck102313,290.0
Truck102298,329.0
Truck102314,290.0
Truck102316,290.0
Truck102317,290.0
Truck102283,377.0
Truck102318,290.0
Truck102319,290.0
Truck102306,323.0
Truck102320,290.0
Truck102321,290.0
Truck102322,290.0
Truck102323,290.0
Truck102324,290.0
Truck102325,290.0
Truck102326,290.0
Truck102327,290.0
Truck102328,290.0
Truck102329,290.0
Truck102330,290.0
Truck102331,290.0
Truck102310,345.0
Truck102332,290.0
Truck102335,290.0
Truck102337,290.0
Truck102339,290.0
Truck102340,290.0
Truck102341,290.0
Truck102342,290.0
Truck102344,290.0
Truck102345,290.0
Truck102346,290.0
Truck102347,290.0
Truck102315,372.0
Truck102348,290.0
Truck102349,290.0
Truck102350,290.0
Truck102351,290.0
Truck102334,333.0
Truck102352,290.0
Truck102354,290.0
Truck102355,290.0
Truck102333,348.0
Truck102336,339.0
Truck102357,290.0
Truck102358,290.0
Truck102360,290.0
Truck102361,290.0
Truck102338,350.0
Truck102362,290.0
Truck102363,290.0
Truck102365,290.0
Truck102366,290.0
Truck102367,290.0
Truck102368,290.0
Truck102369,290.0
Truck102343,358.0
Truck102353,333.0
Truck102371,290.0
Truck102372,290.0
Truck102373,290.0
Truck102374,290.0
Truck102375,290.0
Truck102364,316.0
Truck102376,290.0
Truck102377,290.0
Truck102356,341.0
Truck102378,290.0
Truck102379,290.0
Truck102381,290.0
Truck102370,322.0
Truck102384,290.0
Truck102385,290.0
Truck102359,359.0
Truck102386,290.0
Truck102387,290.0
Truck102388,290.0
Truck102389,290.0
Truck102382,314.0
Truck102393,290.0
Truck102394,290.0
Truck102395,290.0
Truck102397,290.0
Truck102390,310.0
Truck102398,290.0
Truck102399,290.0
Truck102400,290.0
Truck102401,290.0
Truck102383,336.0
Truck102403,290.0
Truck102405,290.0
Truck102396,314.0
Truck102380,355.0
Truck102407,290.0
Truck102408,290.0
Truck102409,290.0
Truck102410,290.0
Truck102411,290.0
Truck102402,313.0
Truck102412,290.0
Truck102413,290.0
Truck102414,290.0
Truck102415,290.0
Truck102416,290.0
Truck102418,290.0
Truck102419,290.0
Truck102420,290.0
Truck102406,326.0
Truck102422,290.0
Truck102424,290.0
Truck102425,290.0
Truck102404,342.0
Truck102391,379.0
Truck102426,290.0
Truck102417,317.0
Truck102429,290.0
Truck102392,383.0
Truck102434,290.0
Truck102435,290.0
Truck102436,290.0
Truck102437,290.0
Truck102423,328.0
Truck102438,290.0
Truck102440,290.0
Truck102441,290.0
Truck102431,317.0
Truck102428,324.0
Truck102443,290.0
Truck102445,290.0
Truck102427,344.0
Truck102449,290.0
Truck102451,290.0
Truck102433,340.0
Truck102452,290.0
Truck102453,290.0
Truck102430,348.0
Truck102454,290.0
Truck102455,290.0
Truck102446,314.0
Truck102456,290.0
Truck102459,290.0
Truck102439,344.0
Truck102460,290.0
Truck102442,336.0
Truck102448,322.0
Truck102462,290.0
Truck102463,290.0
Truck102444,337.0
Truck102421,398.0
Truck102447,335.0
Truck102464,290.0
Truck102465,290.0
Truck102466,290.0
Truck102467,290.0
Truck102461,310.0
Truck102468,290.0
Truck102469,290.0
Truck102470,290.0
Truck102471,290.0
Truck102472,290.0
Truck102473,290.0
Truck102450,346.0
Truck102474,290.0
Truck102475,290.0
Truck102476,290.0
Truck102477,290.0
Truck102478,290.0
Truck102458,342.0
Truck102480,290.0
Truck102483,290.0
Truck102485,290.0
Truck102457,361.0
Truck102486,290.0
Truck102487,290.0
Truck102432,430.0
Truck102489,290.0
Truck102490,290.0
Truck102491,290.0
Truck102492,290.0
Truck102493,290.0
Truck102482,317.0
Truck102494,290.0
Truck102481,330.0
Truck102496,290.0
Truck102497,290.0
Truck102498,290.0
Truck102500,290.0
Truck102501,290.0
Truck102502,290.0
Truck102503,290.0
Truck102495,315.0
Truck102504,290.0
Truck102505,290.0
Truck102488,335.0
Truck102507,290.0
Truck102479,363.0
Truck102508,290.0
Truck102510,290.0
Truck102511,290.0
Truck102484,358.0
Truck102512,290.0
Truck102513,290.0
Truck102514,290.0
Truck102515,290.0
Truck102517,290.0
Truck102509,318.0
Truck102521,290.0
Truck102506,330.0
Truck102522,290.0
Truck102523,290.0
Truck102499,352.0
Truck102526,290.0
Truck102527,290.0
Truck102528,290.0
Truck102518,318.0
Truck102531,290.0
Truck102525,308.0
Truck102532,290.0
Truck102534,290.0
Truck102535,290.0
Truck102536,290.0
Truck102537,290.0
Truck102516,341.0
Truck102529,317.0
Truck102540,290.0
Truck102530,316.0
Truck102520,343.0
Truck102542,290.0
Truck102544,290.0
Truck102545,290.0
Truck102538,308.0
Truck102549,290.0
Truck102519,370.0
Truck102550,290.0
Truck102551,290.0
Truck102553,290.0
Truck102533,345.0
Truck102554,290.0
Truck102555,290.0
Truck102556,290.0
Truck102557,290.0
Truck102559,290.0
Truck102541,338.0
Truck102561,290.0
Truck102539,348.0
Truck102562,290.0
Truck102563,290.0
Truck102565,290.0
Truck102543,346.0
Truck102566,290.0
Truck102567,290.0
Truck102524,405.0
Truck102570,290.0
Truck102571,290.0
Truck102560,316.0
Truck102572,290.0
Truck102573,290.0
Truck102574,290.0
Truck102575,290.0
Truck102569,308.0
Truck102576,290.0
Truck102546,369.0
Truck102564,325.0
Truck102578,290.0
Truck102579,290.0
Truck102580,290.0
Truck102558,346.0
Truck102582,290.0
Truck102583,290.0
Truck102548,377.0
Truck102584,290.0
Truck102585,290.0
Truck102577,311.0
Truck102586,290.0
Truck102587,290.0
Truck102552,376.0
Truck102568,336.0
Truck102588,290.0
Truck102590,290.0
Truck102591,290.0
Truck102593,290.0
Truck102594,290.0
Truck102595,290.0
Truck102596,290.0
Truck102547,418.0
Truck102581,334.0
Truck102600,290.0
Truck102601,290.0
Truck102603,290.0
Truck102604,290.0
Truck102605,290.0
Truck102599,308.0
Truck102606,290.0
Truck102607,290.0
Truck102608,290.0
Truck102609,290.0
Truck102602,306.0
Truck102610,290.0
Truck102611,290.0
Truck102612,290.0
Truck102592,343.0
Truck102614,290.0
Truck102615,290.0
Truck102616,290.0
Truck102618,290.0
Truck102619,290.0
Truck102598,343.0
Truck102620,290.0
Truck102621,290.0
Truck102622,290.0
Truck102623,290.0
Truck102624,290.0
Truck102625,290.0
Truck102597,363.0
Truck102627,290.0
Truck102589,389.0
Truck102629,290.0
Truck102630,290.0
Truck102631,290.0
Truck102632,290.0
Truck102633,290.0
Truck102634,290.0
Truck102635,290.0
Truck102617,338.0
Truck102626,313.0
Truck102637,290.0
Truck102638,290.0
Truck102641,290.0
Truck102642,290.0
Truck102644,290.0
Truck102648,290.0
Truck102649,290.0
Truck102650,290.0
Truck102645,309.0
Truck102652,290.0
Truck102639,328.0
Truck102636,335.0
Truck102654,290.0
Truck102655,290.0
Truck102628,360.0
Truck102657,290.0
Truck102646,319.0
Truck102658,290.0
Truck102659,290.0
Truck102613,408.0
Truck102660,290.0
Truck102661,290.0
Truck102662,290.0
Truck102663,290.0
Truck102664,290.0
Truck102665,290.0
Truck102666,290.0
Truck102667,290.0
Truck102668,290.0
Truck102669,290.0
Truck102656,323.0
Truck102670,290.0
Truck102671,290.0
Truck102640,366.0
Truck102643,362.0
Truck102672,290.0
Truck102673,290.0
Truck102647,360.0
Truck102674,290.0
Truck102677,290.0
Truck102679,290.0
Truck102653,357.0
Truck102681,290.0
Truck102651,367.0
Truck102675,309.0
Truck102682,290.0
Truck102684,290.0
Truck102685,290.0
Truck102686,290.0
Truck102678,313.0
Truck102689,290.0
Truck102691,290.0
Truck102683,312.0
Truck102692,290.0
Truck102693,290.0
Truck102676,338.0
Truck102696,290.0
Truck102697,290.0
Truck102680,335.0
Truck102698,290.0
Truck102699,290.0
Truck102687,325.0
Truck102700,290.0
Truck102701,290.0
Truck102703,290.0
Truck102705,290.0
Truck102706,290.0
Truck102707,290.0
Truck102708,290.0
Truck102709,290.0
Truck102688,342.0
Truck102710,290.0
Truck102711,290.0
Truck102690,342.0
Truck102712,290.0
Truck102714,290.0
Truck102694,343.0
Truck102716,290.0
Truck102717,290.0
Truck102695,347.0
Truck102719,290.0
Truck102713,309.0
Truck102720,290.0
Truck102722,290.0
Truck102723,290.0
Truck102724,290.0
Truck102725,290.0
Truck102718,308.0
Truck102704,344.0
Truck102726,290.0
Truck102727,290.0
Truck102721,307.0
Truck102728,290.0
Truck102729,290.0
Truck102731,290.0
Truck102734,290.0
Truck102735,290.0
Truck102702,372.0
Truck102737,290.0
Truck102738,290.0
Truck102740,290.0
Truck102741,290.0
Truck102744,290.0
Truck102745,290.0
Truck102746,290.0
Truck102715,371.0
Truck102748,290.0
Truck102749,290.0
Truck102730,338.0
Truck102743,308.0
Truck102750,290.0
Truck102751,290.0
Truck102736,328.0
Truck102752,290.0
Truck102753,290.0
Truck102732,343.0
Truck102747,309.0
Truck102754,290.0
Truck102755,290.0
Truck102756,290.0
Truck102757,290.0
Truck102758,290.0
Truck102759,290.0
Truck102733,359.0
Truck102760,290.0
Truck102761,290.0
Truck102762,290.0
Truck102763,290.0
Truck102742,344.0
Truck102765,290.0
Truck102766,290.0
Truck102767,290.0
Truck102768,290.0
Truck102769,290.0
Truck102770,290.0
Truck102771,290.0
Truck102772,290.0
Truck102773,290.0
Truck102764,312.0
Truck102774,290.0
Truck102775,290.0
Truck102776,290.0
Truck102777,290.0
Truck102778,290.0
Truck102779,290.0
Truck102781,290.0
Truck102782,290.0
Truck102783,290.0
Truck102785,290.0
Truck102786,290.0
Truck102787,290.0
Truck102788,290.0
Truck102789,290.0
Truck102790,290.0
Truck102739,423.0
Truck102792,290.0
Truck102793,290.0
Truck102794,290.0
Truck102795,290.0
Truck102796,290.0
Truck102784,322.0
Truck102798,290.0
Truck102799,290.0
Truck102801,290.0
Truck102802,290.0
Truck102803,290.0
Truck102805,290.0
Truck102806,290.0
Truck102807,290.0
Truck102808,290.0
Truck102809,290.0
Truck102812,290.0
Truck102813,290.0
Truck102814,290.0
Truck102815,290.0
Truck102816,290.0
Truck102817,290.0
Truck102818,290.0
Truck102800,338.0
Truck102820,290.0
Truck102821,290.0
Truck102791,369.0
Truck102823,290.0
Truck102824,290.0
Truck102825,290.0
Truck102811,329.0
Truck102827,290.0
Truck102797,366.0
Truck102819,313.0
Truck102828,290.0
Truck102830,290.0
Truck102831,290.0
Truck102832,290.0
Truck102834,290.0
Truck102835,290.0
Truck102836,290.0
Truck102837,290.0
Truck102826,317.0
Truck102780,434.0
Truck102804,375.0
Truck102838,290.0
Truck102841,290.0
Truck102844,290.0
Truck102845,290.0
Truck102810,380.0
Truck102846,290.0
Truck102847,290.0
Truck102849,290.0
Truck102850,290.0
Truck102851,290.0
Truck102822,361.0
Truck102852,290.0
Truck102839,326.0
Truck102854,290.0
Truck102855,290.0
Truck102829,356.0
Truck102833,347.0
Truck102857,290.0
Truck102858,290.0
Truck102859,290.0
Truck102860,290.0
Truck102840,343.0
Truck102862,290.0
Truck102863,290.0
Truck102843,344.0
Truck102864,290.0
Truck102865,290.0
Truck102842,347.0
Truck102868,290.0
Truck102869,290.0
Truck102870,290.0
Truck102871,290.0
Truck102873,290.0
Truck102874,290.0
Truck102875,290.0
Truck102848,359.0
Truck102876,290.0
Truck102853,351.0
Truck102878,290.0
Truck102866,323.0
Truck102881,290.0
Truck102861,342.0
Truck102882,290.0
Truck102884,290.0
Truck102867,337.0
Truck102856,368.0
Truck102888,290.0
Truck102891,290.0
Truck102872,336.0
Truck102892,290.0
Truck102879,326.0
Truck102894,290.0
Truck102895,290.0
Truck102896,290.0
Truck102897,290.0
Truck102898,290.0
Truck102899,290.0
Truck102877,346.0
Truck102890,319.0
Truck102902,290.0
Truck102903,290.0
Truck102887,333.0
Truck102904,290.0
Truck102905,290.0
Truck102880,355.0
Truck102906,290.0
Truck102907,290.0
Truck102909,290.0
Truck102886,346.0
Truck102910,290.0
Truck102911,290.0
Truck102900,319.0
Truck102912,290.0
Truck102913,290.0
Truck102914,290.0
Truck102893,346.0
Truck102883,376.0
Truck102919,290.0
Truck102889,366.0
Truck102901,339.0
Truck102920,290.0
Truck102921,290.0
Truck102922,290.0
Truck102923,290.0
Truck102924,290.0
Truck102925,290.0
Truck102926,290.0
Truck102927,290.0
Truck102928,290.0
Truck102885,404.0
Truck102931,290.0
Truck102933,290.0
Truck102915,338.0
Truck102934,290.0
Truck102916,340.0
Truck102936,290.0
Truck102918,339.0
Truck102938,290.0
Truck102939,290.0
Truck102941,290.0
Truck102908,372.0
Truck102932,315.0
Truck102942,290.0
Truck102943,290.0
Truck102945,290.0
Truck102946,290.0
Truck102940,309.0
Truck102917,370.0
Truck102948,290.0
Truck102949,290.0
Truck102929,342.0
Truck102950,290.0
Truck102952,290.0
Truck102944,314.0
Truck102954,290.0
Truck102955,290.0
Truck102935,342.0
Truck102957,290.0
Truck102958,290.0
Truck102960,290.0
Truck102962,290.0
Truck102963,290.0
Truck102964,290.0
Truck102966,290.0
Truck102967,290.0
Truck102969,290.0
Truck102947,348.0
Truck102970,290.0
Truck102961,320.0
Truck102973,290.0
Truck102930,400.0
Truck102974,290.0
Truck102956,337.0
Truck102937,389.0
Truck102977,290.0
Truck102953,360.0
Truck102980,290.0
Truck102976,305.0
Truck102982,290.0
Truck102983,290.0
Truck102972,317.0
Truck102984,290.0
Truck102985,290.0
Truck102986,290.0
Truck102987,290.0
Truck102988,290.0
Truck102989,290.0
Truck102965,353.0
Truck102990,290.0
Truck102992,290.0
Truck102993,290.0
Truck102971,349.0
Truck102995,290.0
Truck102951,401.0
Truck102996,290.0
Truck102997,290.0
Truck102981,335.0
Truck103001,290.0
Truck102979,347.0
Truck103002,290.0
Truck103003,290.0
Truck102959,402.0
Truck103004,290.0
Truck102994,319.0
Truck103006,290.0
Truck103007,290.0
Truck102991,331.0
Truck102968,388.0
Truck103008,290.0
Truck103009,290.0
Truck102975,379.0
Truck103013,290.0
Truck103015,290.0
Truck103000,330.0
Truck103016,290.0
Truck103017,290.0
Truck103018,290.0
Truck103019,290.0
Truck102998,341.0
Truck103020,290.0
Truck103021,290.0
Truck102999,349.0
Truck103022,290.0
Truck103024,290.0
Truck103025,290.0
Truck103026,290.0
Truck103027,290.0
Truck103010,332.0
Truck103005,349.0
Truck103028,290.0
Truck103030,290.0
Truck103012,340.0
Truck103032,290.0
Truck103033,290.0
Truck103023,320.0
Truck103034,290.0
Truck103035,290.0
Truck102978,432.0
Truck103036,290.0
Truck103037,290.0
Truck103014,346.0
Truck103011,359.0
Truck103038,290.0
Truck103039,290.0
Truck103040,290.0
Truck103041,290.0
Truck103042,290.0
Truck103045,290.0
Truck103046,290.0
Truck103047,290.0
Truck103029,338.0
Truck103048,290.0
Truck103049,290.0
Truck103050,290.0
Truck103053,290.0
Truck103054,290.0
Truck103055,290.0
Truck103044,318.0
Truck103056,290.0
Truck103057,290.0
Truck103058,290.0
Truck103059,290.0
Truck103060,290.0
Truck103063,290.0
Truck103064,290.0
Truck103066,290.0
Truck103031,384.0
Truck103061,309.0
Truck103070,290.0
Truck103071,290.0
Truck103073,290.0
Truck103043,368.0
Truck103074,290.0
Truck103075,290.0
Truck103076,290.0
Truck103065,323.0
Truck103079,290.0
Truck103080,290.0
Truck103081,290.0
Truck103062,337.0
Truck103052,363.0
Truck103067,335.0
Truck103084,290.0
Truck103086,290.0
Truck103077,316.0
Truck103051,382.0
Truck103068,339.0
Truck103088,290.0
Truck103089,290.0
Truck103072,332.0
Truck103090,290.0
Truck103091,290.0
Truck103092,290.0
Truck103085,312.0
Truck103094,290.0
Truck103095,290.0
Truck103082,324.0
Truck103096,290.0
Truck103097,290.0
Truck103098,290.0
Truck103083,332.0
Truck103101,290.0
Truck103103,290.0
Truck103104,290.0
Truck103105,290.0
Truck103078,356.0
Truck103106,290.0
Truck103107,290.0
Truck103109,290.0
Truck103087,347.0
Truck103102,309.0
Truck103110,290.0
Truck103111,290.0
Truck103069,400.0
Truck103100,320.0
Truck103112,290.0
Truck103113,290.0
Truck103114,290.0
Truck103115,290.0
Truck103093,347.0
Truck103117,290.0
Truck103099,338.0
Truck103118,290.0
Truck103119,290.0
Truck103120,290.0
Truck103121,290.0
Truck103122,290.0
Truck103124,290.0
Truck103125,290.0
Truck103126,290.0
Truck103127,290.0
Truck103129,290.0
Truck103108,342.0
Truck103130,290.0
Truck103132,290.0
Truck103133,290.0
Truck103134,290.0
Truck103137,290.0
Truck103138,290.0
Truck103139,290.0
Truck103128,317.0
Truck103140,290.0
Truck103141,290.0
Truck103136,306.0
Truck103145,290.0
Truck103146,290.0
Truck103147,290.0
Truck103148,290.0
Truck103116,373.0
Truck103142,310.0
Truck103150,290.0
Truck103151,290.0
Truck103123,362.0
Truck103152,290.0
Truck103144,316.0
Truck103157,290.0
Truck103131,356.0
Truck103135,349.0
Truck103159,290.0
Truck103160,290.0
Truck103162,290.0
Truck103163,290.0
Truck103164,290.0
Truck103143,347.0
Truck103167,290.0
Truck103154,324.0
Truck103169,290.0
Truck103170,290.0
Truck103153,340.0
Truck103172,290.0
Truck103173,290.0
Truck103156,331.0
Truck103175,290.0
Truck103149,360.0
Truck103177,290.0
Truck103178,290.0
Truck103179,290.0
Truck103158,341.0
Truck103161,337.0
Truck103180,290.0
Truck103181,290.0
Truck103168,321.0
Truck103166,329.0
Truck103182,290.0
Truck103183,290.0
Truck103174,315.0
Truck103184,290.0
Truck103185,290.0
Truck103171,327.0
Truck103186,290.0
Truck103187,290.0
Truck103155,374.0
Truck103165,350.0
Truck103188,290.0
Truck103189,290.0
Truck103190,290.0
Truck103191,290.0
Truck103192,290.0
Truck103193,290.0
Truck103196,290.0
Truck103197,290.0
Truck103176,343.0
Truck103198,290.0
Truck103199,290.0
Truck103201,290.0
Truck103202,290.0
Truck103203,290.0
Truck103204,290.0
Truck103194,318.0
Truck103207,290.0
Truck103208,290.0
Truck103209,290.0
Truck103211,290.0
Truck103195,334.0
Truck103212,290.0
Truck103213,290.0
Truck103206,306.0
Truck103214,290.0
Truck103216,290.0
Truck103217,290.0
Truck103219,290.0
Truck103205,328.0
Truck103220,290.0
Truck103221,290.0
Truck103222,290.0
Truck103223,290.0
Truck103224,290.0
Truck103225,290.0
Truck103226,290.0
Truck103227,290.0
Truck103200,357.0
Truck103229,290.0
Truck103230,290.0
Truck103232,290.0
Truck103234,290.0
Truck103235,290.0
Truck103236,290.0
Truck103237,290.0
Truck103218,336.0
Truck103238,290.0
Truck103239,290.0
Truck103228,318.0
Truck103241,290.0
Truck103215,360.0
Truck103243,290.0
Truck103244,290.0
Truck103210,377.0
Truck103246,290.0
Truck103248,290.0
Truck103249,290.0
Truck103231,336.0
Truck103250,290.0
Truck103251,290.0
Truck103254,290.0
Truck103255,290.0
Truck103242,321.0
Truck103256,290.0
Truck103258,290.0
Truck103233,360.0
Truck103260,290.0
Truck103261,290.0
Truck103262,290.0
Truck103263,290.0
Truck103264,290.0
Truck103265,290.0
Truck103247,338.0
Truck103252,327.0
Truck103270,290.0
Truck103271,290.0
Truck103240,369.0
Truck103272,290.0
Truck103273,290.0
Truck103253,342.0
Truck103257,334.0
Truck103274,290.0
Truck103275,290.0
Truck103276,290.0
Truck103277,290.0
Truck103268,315.0
Truck103278,290.0
Truck103279,290.0
Truck103245,376.0
Truck103259,342.0
Truck103269,319.0
Truck103280,290.0
Truck103281,290.0
Truck103266,328.0
Truck103282,290.0
Truck103283,290.0
Truck103284,290.0
Truck103285,290.0
Truck103286,290.0
Truck103287,290.0
Truck103267,341.0
Truck103288,290.0
Truck103289,290.0
Truck103290,290.0
Truck103291,290.0
Truck103292,290.0
Truck103293,290.0
Truck103294,290.0
Truck103296,290.0
Truck103298,290.0
Truck103299,290.0
Truck103300,290.0
Truck103301,290.0
Truck103304,290.0
Truck103307,290.0
Truck103310,290.0
Truck103312,290.0
Truck103313,290.0
Truck103297,332.0
Truck103314,290.0
Truck103315,290.0
Truck103316,290.0
Truck103317,290.0
Truck103302,326.0
Truck103319,290.0
Truck103295,352.0
Truck103308,320.0
Truck103320,290.0
Truck103321,290.0
Truck103322,290.0
Truck103324,290.0
Truck103305,344.0
Truck103326,290.0
Truck103327,290.0
Truck103328,290.0
Truck103329,290.0
Truck103330,290.0
Truck103303,362.0
Truck103332,290.0
Truck103334,290.0
Truck103335,290.0
Truck103325,316.0
Truck103337,290.0
Truck103309,361.0
Truck103306,367.0
Truck103311,358.0
Truck103338,290.0
Truck103339,290.0
Truck103340,290.0
Truck103341,290.0
Truck103333,311.0
Truck103343,290.0
Truck103344,290.0
Truck103345,290.0
Truck103318,358.0
Truck103323,349.0
Truck103331,329.0
Truck103347,290.0
Truck103348,290.0
Truck103349,290.0
Truck103351,290.0
Truck103353,290.0
Truck103346,307.0
Truck103354,290.0
Truck103355,290.0
Truck103356,290.0
Truck103357,290.0
Truck103358,290.0
Truck103359,290.0
Truck103360,290.0
Truck103361,290.0
Truck103362,290.0
Truck103363,290.0
Truck103336,358.0
Truck103364,290.0
Truck103365,290.0
Truck103366,290.0
Truck103367,290.0
Truck103368,290.0
Truck103370,290.0
Truck103371,290.0
Truck103342,362.0
Truck103372,290.0
Truck103373,290.0
Truck103375,290.0
Truck103352,349.0
Truck103376,290.0
Truck103377,290.0
Truck103350,359.0
Truck103378,290.0
Truck103379,290.0
Truck103381,290.0
Truck103383,290.0
Truck103384,290.0
Truck103387,290.0
Truck103388,290.0
Truck103390,290.0
Truck103392,290.0
Truck103393,290.0
Truck103374,336.0
Truck103382,320.0
Truck103395,290.0
Truck103386,314.0
Truck103396,290.0
Truck103397,290.0
Truck103398,290.0
Truck103369,366.0
Truck103401,290.0
Truck103402,290.0
Truck103385,337.0
Truck103404,290.0
Truck103405,290.0
Truck103406,290.0
Truck103407,290.0
Truck103409,290.0
Truck103391,339.0
Truck103410,290.0
Truck103411,290.0
Truck103413,290.0
Truck103414,290.0
Truck103415,290.0
Truck103408,306.0
Truck103416,290.0
Truck103394,348.0
Truck103389,365.0
Truck103418,290.0
Truck103419,290.0
Truck103420,290.0
Truck103421,290.0
Truck103403,337.0
Truck103399,349.0
Truck103412,315.0
Truck103422,290.0
Truck103423,290.0
Truck103424,290.0
Truck103425,290.0
Truck103427,290.0
Truck103380,406.0
Truck103428,290.0
Truck103431,290.0
Truck103400,366.0
Truck103432,290.0
Truck103433,290.0
Truck103435,290.0
Truck103429,309.0
Truck103436,290.0
Truck103437,290.0
Truck103439,290.0
Truck103417,348.0
Truck103441,290.0
Truck103442,290.0
Truck103443,290.0
Truck103426,335.0
Truck103444,290.0
Truck103445,290.0
Truck103446,290.0
Truck103447,290.0
Truck103430,335.0
Truck103450,290.0
Truck103451,290.0
Truck103434,335.0
Truck103452,290.0
Truck103456,290.0
Truck103457,290.0
Truck103458,290.0
Truck103460,290.0
Truck103461,290.0
Truck103462,290.0
Truck103463,290.0
Truck103464,290.0
Truck103466,290.0
Truck103467,290.0
Truck103453,326.0
Truck103468,290.0
Truck103469,290.0
Truck103438,366.0
Truck103470,290.0
Truck103448,347.0
Truck103472,290.0
Truck103473,290.0
Truck103455,336.0
Truck103454,339.0
Truck103440,375.0
Truck103474,290.0
Truck103449,357.0
Truck103465,317.0
Truck103478,290.0
Truck103479,290.0
Truck103481,290.0
Truck103482,290.0
Truck103483,290.0
Truck103477,308.0
Truck103485,290.0
Truck103471,329.0
Truck103488,290.0
Truck103489,290.0
Truck103490,290.0
Truck103494,290.0
Truck103495,290.0
Truck103475,341.0
Truck103487,311.0
Truck103459,385.0
Truck103496,290.0
Truck103498,290.0
Truck103476,349.0
Truck103484,329.0
Truck103500,290.0
Truck103493,311.0
Truck103503,290.0
Truck103504,290.0
Truck103505,290.0
Truck103499,306.0
Truck103506,290.0
Truck103508,290.0
Truck103509,290.0
Truck103486,346.0
Truck103510,290.0
Truck103511,290.0
Truck103512,290.0
Truck103513,290.0
Truck103480,374.0
Truck103515,290.0
Truck103517,290.0
Truck103501,332.0
Truck103518,290.0
Truck103519,290.0
Truck103507,322.0
Truck103521,290.0
Truck103514,307.0
Truck103502,339.0
Truck103522,290.0
Truck103523,290.0
Truck103524,290.0
Truck103525,290.0
Truck103491,379.0
Truck103526,290.0
Truck103527,290.0
Truck103492,376.0
Truck103528,290.0
Truck103529,290.0
Truck103497,373.0
Truck103530,290.0
Truck103531,290.0
Truck103532,290.0
Truck103534,290.0
Truck103535,290.0
Truck103516,340.0
Truck103536,290.0
Truck103537,290.0
Truck103538,290.0
Truck103539,290.0
Truck103540,290.0
Truck103542,290.0
Truck103543,290.0
Truck103533,318.0
Truck103545,290.0
Truck103546,290.0
Truck103547,290.0
Truck103541,310.0
Truck103549,290.0
Truck103550,290.0
Truck103551,290.0
Truck103552,290.0
Truck103553,290.0
Truck103520,373.0
Truck103555,290.0
Truck103557,290.0
Truck103558,290.0
Truck103559,290.0
Truck103560,290.0
Truck103561,290.0
Truck103562,290.0
Truck103681,290.0
Truck103682,290.0
Truck103685,290.0
Truck103686,290.0
Truck103689,290.0
Truck103690,290.0
Truck103691,290.0
Truck103692,290.0
Truck103693,290.0
Truck103694,290.0
Truck103695,290.0
Truck103696,290.0
Truck103697,290.0
Truck103687,316.0
Truck103698,290.0
Truck103699,290.0
Truck103680,339.0
Truck103700,290.0
Truck103701,290.0
Truck103702,290.0
Truck103703,290.0
Truck103684,338.0
Truck103705,290.0
Truck103706,290.0
Truck103707,290.0
Truck103708,290.0
Truck103709,290.0
Truck103710,290.0
Truck103688,349.0
Truck103683,365.0
Truck103712,290.0
Truck103713,290.0
Truck103715,290.0
Truck103716,290.0
Truck103704,324.0
Truck103718,290.0
Truck103720,290.0
Truck103721,290.0
Truck103722,290.0
Truck103723,290.0
Truck103724,290.0
Truck103725,290.0
Truck103711,330.0
Truck103726,290.0
Truck103727,290.0
Truck103729,290.0
Truck103730,290.0
Truck103731,290.0
Truck103732,290.0
Truck103733,290.0
Truck103734,290.0
Truck103735,290.0
Truck103717,339.0
Truck103737,290.0
Truck103719,337.0
Truck103738,290.0
Truck103740,290.0
Truck103743,290.0
Truck103744,290.0
Truck103728,335.0
Truck103746,290.0
Truck103747,290.0
Truck103748,290.0
Truck103749,290.0
Truck103742,310.0
Truck103750,290.0
Truck103751,290.0
Truck103752,290.0
Truck103753,290.0
Truck103755,290.0
Truck103756,290.0
Truck103757,290.0
Truck103736,345.0
Truck103758,290.0
Truck103741,338.0
Truck103761,290.0
Truck103762,290.0
Truck103763,290.0
Truck103745,340.0
Truck103764,290.0
Truck103766,290.0
Truck103768,290.0
Truck103769,290.0
Truck103754,328.0
Truck103771,290.0
Truck103739,372.0
Truck103714,435.0
Truck103772,290.0
Truck103773,290.0
Truck103774,290.0
Truck103760,328.0
Truck103776,290.0
Truck103770,307.0
Truck103779,290.0
Truck103767,324.0
Truck103780,290.0
Truck103759,349.0
Truck103783,290.0
Truck103784,290.0
Truck103786,290.0
Truck103787,290.0
Truck103789,290.0
Truck103790,290.0
Truck103791,290.0
Truck103778,322.0
Truck103782,312.0
Truck103781,319.0
Truck103792,290.0
Truck103794,290.0
Truck103795,290.0
Truck103775,341.0
Truck103796,290.0
Truck103797,290.0
Truck103798,290.0
Truck103799,290.0
Truck103785,328.0
Truck103765,379.0
Truck103800,290.0
Truck103803,290.0
Truck103804,290.0
Truck103805,290.0
Truck103806,290.0
Truck103807,290.0
Truck103777,369.0
Truck103808,290.0
Truck103811,290.0
Truck103802,311.0
Truck103812,290.0
Truck103813,290.0
Truck103788,351.0
Truck103814,290.0
Truck103816,290.0
Truck103817,290.0
Truck103818,290.0
Truck103820,290.0
Truck103821,290.0
Truck103793,363.0
Truck103822,290.0
Truck103823,290.0
Truck103809,326.0
Truck103824,290.0
Truck103825,290.0
Truck103826,290.0
Truck103827,290.0
Truck103801,360.0
Truck103828,290.0
Truck103819,320.0
Truck103830,290.0
Truck103815,334.0
Truck103832,290.0
Truck103833,290.0
Truck103810,346.0
Truck103834,290.0
Truck103835,290.0
Truck103837,290.0
Truck103838,290.0
Truck103840,290.0
Truck103841,290.0
Truck103831,316.0
Truck103843,290.0
Truck103844,290.0
Truck103845,290.0
Truck103846,290.0
Truck103829,340.0
Truck103848,290.0
Truck103849,290.0
Truck103839,325.0
Truck103852,290.0
Truck103853,290.0
Truck103855,290.0
Truck103859,290.0
Truck103842,332.0
Truck103860,290.0
Truck103861,290.0
Truck103862,290.0
Truck103863,290.0
Truck103847,334.0
Truck103864,290.0
Truck103865,290.0
Truck103866,290.0
Truck103836,366.0
Truck103870,290.0
Truck103871,290.0
Truck103857,326.0
Truck103851,343.0
Truck103872,290.0
Truck103854,340.0
Truck103874,290.0
Truck103875,290.0
Truck103856,345.0
Truck103873,305.0
Truck103878,290.0
Truck103879,290.0
Truck103858,344.0
Truck103880,290.0
Truck103881,290.0
Truck103882,290.0
Truck103883,290.0
Truck103884,290.0
Truck103869,334.0
Truck103850,380.0
Truck103886,290.0
Truck103887,290.0
Truck103876,318.0
Truck103889,290.0
Truck103890,290.0
Truck103868,348.0
Truck103892,290.0
Truck103893,290.0
Truck103894,290.0
Truck103895,290.0
Truck103897,290.0
Truck103867,366.0
Truck103899,290.0
Truck103900,290.0
Truck103901,290.0
Truck103891,319.0
Truck103902,290.0
Truck103905,290.0
Truck103906,290.0
Truck103907,290.0
Truck103877,366.0
Truck103885,349.0
Truck103888,339.0
Truck103910,290.0
Truck103911,290.0
Truck103912,290.0
Truck103913,290.0
Truck103914,290.0
Truck103915,290.0
Truck103916,290.0
Truck103917,290.0
Truck103898,339.0
Truck103919,290.0
Truck103896,346.0
Truck103920,290.0
Truck103908,325.0
Truck103922,290.0
Truck103923,290.0
Truck103918,305.0
Truck103924,290.0
Truck103904,344.0
Truck103928,290.0
Truck103930,290.0
Truck103931,290.0
Truck103933,290.0
Truck103909,351.0
Truck103934,290.0
Truck103935,290.0
Truck103936,290.0
Truck103937,290.0
Truck103903,377.0
Truck103938,290.0
Truck103939,290.0
Truck103927,321.0
Truck103941,290.0
Truck103929,324.0
Truck103942,290.0
Truck103943,290.0
Truck103932,318.0
Truck103945,290.0
Truck103946,290.0
Truck103947,290.0
Truck103948,290.0
Truck103950,290.0
Truck103951,290.0
Truck103952,290.0
Truck103953,290.0
Truck103954,290.0
Truck103955,290.0
Truck103926,362.0
Truck103940,327.0
Truck103956,290.0
Truck103957,290.0
Truck103925,371.0
Truck103958,290.0
Truck103959,290.0
Truck103960,290.0
Truck103944,334.0
Truck103962,290.0
Truck103921,398.0
Truck103964,290.0
Truck103965,290.0
Truck103966,290.0
Truck103967,290.0
Truck103968,290.0
Truck103969,290.0
Truck103970,290.0
Truck103971,290.0
Truck103975,290.0
Truck103963,321.0
Truck103961,327.0
Truck103976,290.0
Truck103977,290.0
Truck103949,363.0
Truck103980,290.0
Truck103981,290.0
Truck103984,290.0
Truck103985,290.0
Truck103978,307.0
Truck103987,290.0
Truck103983,305.0
Truck103988,290.0
Truck103972,335.0
Truck103991,290.0
Truck103993,290.0
Truck103994,290.0
Truck103995,290.0
Truck103974,342.0
Truck103973,348.0
Truck103996,290.0
Truck103997,290.0
Truck103992,305.0
Truck103998,290.0
Truck104000,290.0
Truck103982,336.0
Truck103989,324.0
Truck104002,290.0
Truck104003,290.0
Truck104004,290.0
Truck104005,290.0
Truck103986,336.0
Truck104006,290.0
Truck104007,290.0
Truck104009,290.0
Truck103979,370.0
Truck104010,290.0
Truck103990,345.0
Truck104001,320.0
Truck104012,290.0
Truck104013,290.0
Truck104014,290.0
Truck104008,307.0
Truck104017,290.0
Truck104018,290.0
Truck103999,341.0
Truck104015,305.0
Truck104011,320.0
Truck104022,290.0
Truck104023,290.0
Truck104024,290.0
Truck104025,290.0
Truck104028,290.0
Truck104030,290.0
Truck104031,290.0
Truck104032,290.0
Truck104033,290.0
Truck104034,290.0
Truck104020,327.0
Truck104036,290.0
Truck104037,290.0
Truck104029,311.0
Truck104038,290.0
Truck104039,290.0
Truck104026,325.0
Truck104040,290.0
Truck104041,290.0
Truck104043,290.0
Truck104045,290.0
Truck104019,360.0
Truck104046,290.0
Truck104047,290.0
Truck104048,290.0
Truck104049,290.0
Truck104016,375.0
Truck104050,290.0
Truck104051,290.0
Truck104021,368.0
Truck104027,354.0
Truck104052,290.0
Truck104053,290.0
Truck104054,290.0
Truck104055,290.0
Truck104035,344.0
Truck104057,290.0
Truck104059,290.0
Truck104060,290.0
Truck104061,290.0
Truck104062,290.0
Truck104063,290.0
Truck104064,290.0
Truck104065,290.0
Truck104042,347.0
Truck104066,290.0
Truck104068,290.0
Truck104044,354.0
Truck104070,290.0
Truck104071,290.0
Truck104072,290.0
Truck104074,290.0
Truck104075,290.0
Truck104076,290.0
Truck104080,290.0
Truck104081,290.0
Truck104082,290.0
Truck104083,290.0
Truck104084,290.0
Truck104085,290.0
Truck104086,290.0
Truck104087,290.0
Truck104069,340.0
Truck104088,290.0
Truck104089,290.0
Truck104058,370.0
Truck104090,290.0
Truck104091,290.0
Truck104056,377.0
Truck104079,324.0
Truck104092,290.0
Truck104093,290.0
Truck104094,290.0
Truck104095,290.0
Truck104073,346.0
Truck104096,290.0
Truck104097,290.0
Truck104098,290.0
Truck104099,290.0
Truck104067,371.0
Truck104078,346.0
Truck104077,352.0
Truck104102,290.0
Truck104103,290.0
Truck104104,290.0
Truck104108,290.0
Truck104110,290.0
Truck104111,290.0
Truck104112,290.0
Truck104105,311.0
Truck104114,290.0
Truck104115,290.0
Truck104101,328.0
Truck104116,290.0
Truck104117,290.0
Truck104100,331.0
Truck104118,290.0
Truck104119,290.0
Truck104106,323.0
Truck104120,290.0
Truck104121,290.0
Truck104123,290.0
Truck104124,290.0
Truck104125,290.0
Truck104107,340.0
Truck104128,290.0
Truck104130,290.0
Truck104132,290.0
Truck104133,290.0
Truck104113,343.0
Truck104135,290.0
Truck104127,315.0
Truck104136,290.0
Truck104138,290.0
Truck104139,290.0
Truck104141,290.0
Truck104122,339.0
Truck104142,290.0
Truck104143,290.0
Truck104129,326.0
Truck104109,377.0
Truck104144,290.0
Truck104145,290.0
Truck104146,290.0
Truck104147,290.0
Truck104137,316.0
Truck104126,347.0
Truck104151,290.0
Truck104152,290.0
Truck104153,290.0
Truck104154,290.0
Truck104155,290.0
Truck104158,290.0
Truck104150,314.0
Truck104161,290.0
Truck104162,290.0
Truck104163,290.0
Truck104131,374.0
Truck104164,290.0
Truck104165,290.0
Truck104134,369.0
Truck104149,335.0
Truck104140,357.0
Truck104168,290.0
Truck104169,290.0
Truck104170,290.0
Truck104171,290.0
Truck104172,290.0
Truck104174,290.0
Truck104156,337.0
Truck104160,328.0
Truck104176,290.0
Truck104177,290.0
Truck104148,363.0
Truck104178,290.0
Truck104179,290.0
Truck104166,321.0
Truck104180,290.0
Truck104181,290.0
Truck104182,290.0
Truck104186,290.0
Truck104187,290.0
Truck104188,290.0
Truck104190,290.0
Truck104159,372.0
Truck104193,290.0
Truck104194,290.0
Truck104167,365.0
Truck104197,290.0
Truck104175,348.0
Truck104198,290.0
Truck104199,290.0
Truck104157,396.0
Truck104192,307.0
Truck104189,318.0
Truck104200,290.0
Truck104201,290.0
Truck104195,309.0
Truck104173,365.0
Truck104202,290.0
Truck104203,290.0
Truck104185,339.0
Truck104205,290.0
Truck104184,342.0
Truck104206,290.0
Truck104207,290.0
Truck104208,290.0
Truck104209,290.0
Truck104183,356.0
Truck104210,290.0
Truck104212,290.0
Truck104213,290.0
Truck104214,290.0
Truck104215,290.0
Truck104216,290.0
Truck104217,290.0
Truck104218,290.0
Truck104219,290.0
Truck104220,290.0
Truck104191,366.0
Truck104224,290.0
Truck104225,290.0
Truck104226,290.0
Truck104211,331.0
Truck104196,370.0
Truck104228,290.0
Truck104229,290.0
Truck104230,290.0
Truck104233,290.0
Truck104221,322.0
Truck104235,290.0
Truck104204,366.0
Truck104236,290.0
Truck104237,290.0
Truck104238,290.0
Truck104239,290.0
Truck104240,290.0
Truck104241,290.0
Truck104242,290.0
Truck104243,290.0
Truck104245,290.0
Truck104247,290.0
Truck104248,290.0
Truck104249,290.0
Truck104227,346.0
Truck104250,290.0
Truck104251,290.0
Truck104232,336.0
Truck104253,290.0
Truck104234,338.0
Truck104254,290.0
Truck104255,290.0
Truck104256,290.0
Truck104257,290.0
Truck104258,290.0
Truck104259,290.0
Truck104260,290.0
Truck104222,387.0
Truck104231,369.0
Truck104262,290.0
Truck104263,290.0
Truck104252,316.0
Truck104223,395.0
Truck104264,290.0
Truck104265,290.0
Truck104244,343.0
Truck104266,290.0
Truck104267,290.0
Truck104268,290.0
Truck104269,290.0
Truck104270,290.0
Truck104272,290.0
Truck104273,290.0
Truck104274,290.0
Truck104275,290.0
Truck104276,290.0
Truck104246,369.0
Truck104278,290.0
Truck104261,340.0
Truck104280,290.0
Truck104282,290.0
Truck104285,290.0
Truck104286,290.0
Truck104287,290.0
Truck104288,290.0
Truck104289,290.0
Truck104271,339.0
Truck104290,290.0
Truck104291,290.0
Truck104293,290.0
Truck104295,290.0
Truck104277,336.0
Truck104284,319.0
Truck104296,290.0
Truck104297,290.0
Truck104281,333.0
Truck104298,290.0
Truck104300,290.0
Truck104301,290.0
Truck104302,290.0
Truck104303,290.0
Truck104294,311.0
Truck104304,290.0
Truck104283,348.0
Truck104306,290.0
Truck104307,290.0
Truck104308,290.0
Truck104309,290.0
Truck104279,367.0
Truck104311,290.0
Truck104292,337.0
Truck104313,290.0
Truck104314,290.0
Truck104315,290.0
Truck104316,290.0
Truck104317,290.0
Truck104318,290.0
Truck104319,290.0
Truck104299,341.0
Truck104320,290.0
Truck104310,316.0
Truck104323,290.0
Truck104324,290.0
Truck104305,341.0
Truck104327,290.0
Truck104329,290.0
Truck104331,290.0
Truck104312,337.0
Truck104332,290.0
Truck104333,290.0
Truck104326,309.0
Truck104334,290.0
Truck104335,290.0
Truck104336,290.0
Truck104338,290.0
Truck104339,290.0
Truck104328,318.0
Truck104340,290.0
Truck104341,290.0
Truck104342,290.0
Truck104343,290.0
Truck104344,290.0
Truck104345,290.0
Truck104322,348.0
Truck104346,290.0
Truck104347,290.0
Truck104325,346.0
Truck104348,290.0
Truck104350,290.0
Truck104351,290.0
Truck104321,368.0
Truck104352,290.0
Truck104353,290.0
Truck104330,350.0
Truck104337,336.0
Truck104357,290.0
Truck104359,290.0
Truck104354,305.0
Truck104360,290.0
Truck104361,290.0
Truck104362,290.0
Truck104364,290.0
Truck104366,290.0
Truck104367,290.0
Truck104368,290.0
Truck104369,290.0
Truck104371,290.0
Truck104372,290.0
Truck104373,290.0
Truck104365,312.0
Truck104349,357.0
Truck104358,332.0
Truck104376,290.0
Truck104377,290.0
Truck104378,290.0
Truck104379,290.0
Truck104380,290.0
Truck104355,358.0
Truck104383,290.0
Truck104363,343.0
Truck104385,290.0
Truck104370,326.0
Truck104386,290.0
Truck104387,290.0
Truck104388,290.0
Truck104389,290.0
Truck104356,371.0
Truck104390,290.0
Truck104391,290.0
Truck104375,334.0
Truck104392,290.0
Truck104397,290.0
Truck104381,331.0
Truck104382,327.0
Truck104398,290.0
Truck104399,290.0
Truck104374,355.0
Truck104402,290.0
Truck104403,290.0
Truck104404,290.0
Truck104405,290.0
Truck104394,317.0
Truck104395,322.0
Truck104408,290.0
Truck104409,290.0
Truck104401,314.0
Truck104410,290.0
Truck104411,290.0
Truck104412,290.0
Truck104413,290.0
Truck104415,290.0
Truck104406,313.0
Truck104416,290.0
Truck104417,290.0
Truck104384,372.0
Truck104393,353.0
Truck104407,318.0
Truck104419,290.0
Truck104396,349.0
Truck104420,290.0
Truck104414,309.0
Truck104422,290.0
Truck104423,290.0
Truck104424,290.0
Truck104425,290.0
Truck104400,357.0
Truck104428,290.0
Truck104429,290.0
Truck104418,319.0
Truck104430,290.0
Truck104431,290.0
Truck104432,290.0
Truck104433,290.0
Truck104435,290.0
Truck104436,290.0
Truck104437,290.0
Truck104438,290.0
Truck104440,290.0
Truck104441,290.0
Truck104442,290.0
Truck104421,346.0
Truck104434,314.0
Truck104445,290.0
Truck104447,290.0
Truck104449,290.0
Truck104427,346.0
Truck104426,348.0
Truck104450,290.0
Truck104451,290.0
Truck104452,290.0
Truck104453,290.0
Truck104454,290.0
Truck104455,290.0
Truck104439,334.0
Truck104456,290.0
Truck104457,290.0
Truck104458,290.0
Truck104459,290.0
Truck104460,290.0
Truck104461,290.0
Truck104443,340.0
Truck104462,290.0
Truck104463,290.0
Truck104464,290.0
Truck104465,290.0
Truck104466,290.0
Truck104467,290.0
Truck104468,290.0
Truck104469,290.0
Truck104471,290.0
Truck104472,290.0
Truck104473,290.0
Truck104474,290.0
Truck104475,290.0
Truck104448,357.0
Truck104476,290.0
Truck104477,290.0
Truck104470,306.0
Truck104479,290.0
Truck104480,290.0
Truck104481,290.0
Truck104482,290.0
Truck104446,383.0
Truck104478,305.0
Truck104484,290.0
Truck104485,290.0
Truck104488,290.0
Truck104489,290.0
Truck104490,290.0
Truck104492,290.0
Truck104493,290.0
Truck104494,290.0
Truck104495,290.0
Truck104496,290.0
Truck104497,290.0
Truck104491,306.0
Truck104444,423.0
Truck104499,290.0
Truck104483,333.0
Truck104501,290.0
Truck104504,290.0
Truck104506,290.0
Truck104507,290.0
Truck104508,290.0
Truck104509,290.0
Truck104487,348.0
Truck104510,290.0
Truck104511,290.0
Truck104512,290.0
Truck104513,290.0
Truck104503,320.0
Truck104515,290.0
Truck104498,332.0
Truck104516,290.0
Truck104517,290.0
Truck104518,290.0
Truck104519,290.0
Truck104502,331.0
Truck104520,290.0
Truck104521,290.0
Truck104505,333.0
Truck104522,290.0
Truck104523,290.0
Truck104486,385.0
Truck104524,290.0
Truck104526,290.0
Truck104527,290.0
Truck104528,290.0
Truck104529,290.0
Truck104530,290.0
Truck104531,290.0
Truck104532,290.0
Truck104533,290.0
Truck104500,371.0
Truck104514,338.0
Truck104534,290.0
Truck104535,290.0
Truck104538,290.0
Truck104539,290.0
Truck104540,290.0
Truck104525,336.0
Truck104544,290.0
Truck104545,290.0
Truck104536,313.0
Truck104546,290.0
Truck104547,290.0
Truck104541,306.0
Truck104548,290.0
Truck104549,290.0
Truck104550,290.0
Truck104551,290.0
Truck104552,290.0
Truck104553,290.0
Truck104537,332.0
Truck104556,290.0
Truck104557,290.0
Truck104558,290.0
Truck104559,290.0
Truck104561,290.0
Truck104543,340.0
Truck104563,290.0
Truck104564,290.0
Truck104565,290.0
Truck104542,348.0
Truck104567,290.0
Truck104569,290.0
Truck104560,318.0
Truck104573,290.0
Truck104575,290.0
Truck104576,290.0
Truck104577,290.0
Truck104578,290.0
Truck104581,290.0
Truck104566,330.0
Truck104582,290.0
Truck104583,290.0
Truck104584,290.0
Truck104585,290.0
Truck104555,367.0
Truck104562,349.0
Truck104587,290.0
Truck104554,375.0
Truck104588,290.0
Truck104589,290.0
Truck104591,290.0
Truck104568,348.0
Truck104593,290.0
Truck104580,324.0
Truck104594,290.0
Truck104595,290.0
Truck104596,290.0
Truck104597,290.0
Truck104571,359.0
Truck104574,349.0
Truck104598,290.0
Truck104599,290.0
Truck104600,290.0
Truck104601,290.0
Truck104572,361.0
Truck104602,290.0
Truck104603,290.0
Truck104604,290.0
Truck104570,379.0
Truck104606,290.0
Truck104607,290.0
Truck104592,330.0
Truck104608,290.0
Truck104609,290.0
Truck104586,349.0
Truck104579,370.0
Truck104610,290.0
Truck104612,290.0
Truck104613,290.0
Truck104614,290.0
Truck104615,290.0
Truck104617,290.0
Truck104605,323.0
Truck104619,290.0
Truck104590,362.0
Truck104620,290.0
Truck104621,290.0
Truck104611,319.0
Truck104622,290.0
Truck104624,290.0
Truck104625,290.0
Truck104626,290.0
Truck104627,290.0
Truck104618,314.0
Truck104628,290.0
Truck104629,290.0
Truck104630,290.0
Truck104631,290.0
Truck104616,327.0
Truck104632,290.0
Truck104633,290.0
Truck104634,290.0
Truck104635,290.0
Truck104636,290.0
Truck104637,290.0
Truck104638,290.0
Truck104639,290.0
Truck104640,290.0
Truck104644,290.0
Truck104645,290.0
Truck104647,290.0
Truck104649,290.0
Truck104650,290.0
Truck104652,290.0
Truck104653,290.0
Truck104623,370.0
Truck104654,290.0
Truck104655,290.0
Truck104656,290.0
Truck104657,290.0
Truck104641,335.0
Truck104658,290.0
Truck104659,290.0
Truck104660,290.0
Truck104661,290.0
Truck104662,290.0
Truck104663,290.0
Truck104664,290.0
Truck104646,337.0
Truck104666,290.0
Truck104667,290.0
Truck104670,290.0
Truck104671,290.0
Truck104651,342.0
Truck104672,290.0
Truck104673,290.0
Truck104642,368.0
Truck104674,290.0
Truck104675,290.0
Truck104648,356.0
Truck104643,374.0
Truck104676,290.0
Truck104669,313.0
Truck104679,290.0
Truck104665,328.0
Truck104681,290.0
Truck104683,290.0
Truck104668,327.0
Truck104685,290.0
Truck104686,290.0
Truck104687,290.0
Truck104688,290.0
Truck104680,312.0
Truck104690,290.0
Truck104691,290.0
Truck104692,290.0
Truck104694,290.0
Truck104695,290.0
Truck104696,290.0
Truck104698,290.0
Truck104699,290.0
Truck104701,290.0
Truck104702,290.0
Truck104703,290.0
Truck104682,342.0
Truck104704,290.0
Truck104706,290.0
Truck104707,290.0
Truck104678,361.0
Truck104689,336.0
Truck104697,318.0
Truck104708,290.0
Truck104709,290.0
Truck104677,373.0
Truck104693,333.0
Truck104710,290.0
Truck104712,290.0
Truck104713,290.0
Truck104684,365.0
Truck104714,290.0
Truck104715,290.0
Truck104716,290.0
Truck104719,290.0
Truck104705,329.0
Truck104720,290.0
Truck104722,290.0
Truck104723,290.0
Truck104725,290.0
Truck104726,290.0
Truck104711,332.0
Truck104729,290.0
Truck104700,364.0
Truck104730,290.0
Truck104732,290.0
Truck104734,290.0
Truck104735,290.0
Truck104727,313.0
Truck104736,290.0
Truck104737,290.0
Truck104738,290.0
Truck104739,290.0
Truck104741,290.0
Truck104717,351.0
Truck104743,290.0
Truck104733,317.0
Truck104721,349.0
Truck104724,340.0
Truck104744,290.0
Truck104745,290.0
Truck104746,290.0
Truck104718,361.0
Truck104749,290.0
Truck104742,309.0
Truck104751,290.0
Truck104731,343.0
Truck104754,290.0
Truck104755,290.0
Truck104756,290.0
Truck104747,316.0
Truck104758,290.0
Truck104740,337.0
Truck104760,290.0
Truck104750,319.0
Truck104762,290.0
Truck104764,290.0
Truck104766,290.0
Truck104767,290.0
Truck104748,338.0
Truck104769,290.0
Truck104770,290.0
Truck104757,330.0
Truck104772,290.0
Truck104773,290.0
Truck104774,290.0
Truck104775,290.0
Truck104778,290.0
Truck104779,290.0
Truck104761,336.0
Truck104752,358.0
Truck104780,290.0
Truck104781,290.0
Truck104763,337.0
Truck104782,290.0
Truck104784,290.0
Truck104785,290.0
Truck104765,344.0
Truck104787,290.0
Truck104753,377.0
Truck104790,290.0
Truck104791,290.0
Truck104783,311.0
Truck104792,290.0
Truck104794,290.0
Truck104795,290.0
Truck104759,382.0
Truck104796,290.0
Truck104776,342.0
Truck104789,312.0
Truck104728,463.0
Truck104771,360.0
Truck104798,290.0
Truck104799,290.0
Truck104768,367.0
Truck104800,290.0
Truck104801,290.0
Truck104803,290.0
Truck104777,356.0
Truck104804,290.0
Truck104806,290.0
Truck104807,290.0
Truck104793,330.0
Truck104808,290.0
Truck104797,321.0
Truck104810,290.0
Truck104811,290.0
Truck104812,290.0
Truck104814,290.0
Truck104815,290.0
Truck104817,290.0
Truck104805,322.0
Truck104818,290.0
Truck104786,372.0
Truck104788,367.0
Truck104821,290.0
Truck104822,290.0
Truck104802,343.0
Truck104809,329.0
Truck104824,290.0
Truck104826,290.0
Truck104829,290.0
Truck104816,325.0
Truck104830,290.0
Truck104831,290.0
Truck104813,337.0
Truck104823,312.0
Truck104832,290.0
Truck104833,290.0
Truck104825,312.0
Truck104827,307.0
Truck104834,290.0
Truck104835,290.0
Truck104828,306.0
Truck104837,290.0
Truck104819,340.0
Truck104838,290.0
Truck104839,290.0
Truck104840,290.0
Truck104843,290.0
Truck104844,290.0
Truck104845,290.0
Truck104846,290.0
Truck104847,290.0
Truck104848,290.0
Truck104849,290.0
Truck104820,361.0
Truck104851,290.0
Truck104852,290.0
Truck104853,290.0
Truck104836,335.0
Truck104854,290.0
Truck104855,290.0
Truck104856,290.0
Truck104857,290.0
Truck104858,290.0
Truck104859,290.0
Truck104841,336.0
Truck104862,290.0
Truck104863,290.0
Truck104842,345.0
Truck104864,290.0
Truck104865,290.0
Truck104866,290.0
Truck104869,290.0
Truck104870,290.0
Truck104871,290.0
Truck104872,290.0
Truck104873,290.0
Truck104874,290.0
Truck104876,290.0
Truck104878,290.0
Truck104879,290.0
Truck104880,290.0
Truck104881,290.0
Truck104882,290.0
Truck104883,290.0
Truck104860,346.0
Truck104885,290.0
Truck104867,338.0
Truck104877,313.0
Truck104850,379.0
Truck104886,290.0
Truck104888,290.0
Truck104889,290.0
Truck104875,330.0
Truck104891,290.0
Truck104861,370.0
Truck104894,290.0
Truck104895,290.0
Truck104896,290.0
Truck104897,290.0
Truck104884,323.0
Truck104893,305.0
Truck104898,290.0
Truck104899,290.0
Truck104892,309.0
Truck104902,290.0
Truck104903,290.0
Truck104868,378.0
Truck104887,333.0
Truck104890,324.0
Truck104904,290.0
Truck104905,290.0
Truck104906,290.0
Truck104909,290.0
Truck104910,290.0
Truck104915,290.0
Truck104916,290.0
Truck104917,290.0
Truck104918,290.0
Truck104920,290.0
Truck104922,290.0
Truck104923,290.0
Truck104914,315.0
Truck104924,290.0
Truck104926,290.0
Truck104927,290.0
Truck104928,290.0
Truck104929,290.0
Truck104901,362.0
Truck104912,334.0
Truck104930,290.0
Truck104931,290.0
Truck104921,316.0
Truck104900,370.0
Truck104932,290.0
Truck104935,290.0
Truck104908,356.0
Truck104936,290.0
Truck104937,290.0
Truck104911,356.0
Truck104938,290.0
Truck104939,290.0
Truck104941,290.0
Truck104943,290.0
Truck104933,320.0
Truck104945,290.0
Truck104925,344.0
Truck104946,290.0
Truck104913,378.0
Truck104919,363.0
Truck104907,395.0
Truck104934,330.0
Truck104950,290.0
Truck104944,312.0
Truck104957,290.0
Truck104940,335.0
Truck104948,315.0
Truck104958,290.0
Truck104942,336.0
Truck104949,323.0
Truck104962,290.0
Truck104963,290.0
Truck104965,290.0
Truck104955,318.0
Truck104966,290.0
Truck104967,290.0
Truck104968,290.0
Truck104969,290.0
Truck104952,331.0
Truck104954,327.0
Truck104947,348.0
Truck104970,290.0
Truck104971,290.0
Truck104972,290.0
Truck104973,290.0
Truck104974,290.0
Truck104975,290.0
Truck104977,290.0
Truck104979,290.0
Truck104980,290.0
Truck104981,290.0
Truck104982,290.0
Truck104983,290.0
Truck104985,290.0
Truck104960,355.0
Truck104986,290.0
Truck104987,290.0
Truck104956,368.0
Truck104964,348.0
Truck104961,360.0
Truck104990,290.0
Truck104991,290.0
Truck104953,388.0
Truck104992,290.0
Truck104993,290.0
Truck104994,290.0
Truck104996,290.0
Truck104997,290.0
Truck104999,290.0
Truck105000,290.0
Truck105001,290.0
Truck105002,290.0
Truck104984,337.0
Truck104951,423.0
Truck104959,404.0
Truck105005,290.0
Truck104978,356.0
Truck104976,365.0
Truck105007,290.0
Truck104988,336.0
Truck104989,339.0
Truck105008,290.0
Truck105009,290.0
Truck105003,306.0
Truck105010,290.0
Truck105011,290.0
Truck105012,290.0
Truck105013,290.0
Truck105006,309.0
Truck105017,290.0
Truck105018,290.0
Truck105019,290.0
Truck105020,290.0
Truck105021,290.0
Truck104998,348.0
Truck105022,290.0
Truck105023,290.0
Truck104995,365.0
Truck105024,290.0
Truck105026,290.0
Truck105027,290.0
Truck105028,290.0
Truck105029,290.0
Truck105030,290.0
Truck105031,290.0
Truck105015,335.0
Truck105032,290.0
Truck105034,290.0
Truck105014,341.0
Truck105004,368.0
Truck105036,290.0
Truck105037,290.0
Truck105016,344.0
Truck105038,290.0
Truck105039,290.0
Truck105040,290.0
Truck105041,290.0
Truck105033,315.0
Truck105042,290.0
Truck105043,290.0
Truck105044,290.0
Truck105045,290.0
Truck105025,345.0
Truck105048,290.0
Truck105049,290.0
Truck105050,290.0
Truck105051,290.0
Truck105052,290.0
Truck105053,290.0
Truck105046,306.0
Truck105054,290.0
Truck105055,290.0
Truck105056,290.0
Truck105057,290.0
Truck105058,290.0
Truck105059,290.0
Truck105060,290.0
Truck105061,290.0
Truck105062,290.0
Truck105063,290.0
Truck105064,290.0
Truck105035,369.0
Truck105067,290.0
Truck105069,290.0
Truck105047,347.0
Truck105070,290.0
Truck105071,290.0
Truck105072,290.0
Truck105073,290.0
Truck105074,290.0
Truck105075,290.0
Truck105076,290.0
Truck105077,290.0
Truck105078,290.0
Truck105066,323.0
Truck105080,290.0
Truck105081,290.0
Truck105068,322.0
Truck105082,290.0
Truck105083,290.0
Truck105084,290.0
Truck105086,290.0
Truck105087,290.0
Truck105065,353.0
Truck105090,290.0
Truck105091,290.0
Truck105092,290.0
Truck105093,290.0
Truck105094,290.0
Truck105097,290.0
Truck105098,290.0
Truck105099,290.0
Truck105101,290.0
Truck105088,322.0
Truck105095,307.0
Truck105103,290.0
Truck105085,339.0
Truck105105,290.0
Truck105106,290.0
Truck105107,290.0
Truck105108,290.0
Truck105089,345.0
Truck105110,290.0
Truck105111,290.0
Truck105102,311.0
Truck105113,290.0
Truck105114,290.0
Truck105115,290.0
Truck105116,290.0
Truck105117,290.0
Truck105118,290.0
Truck105079,392.0
Truck105120,290.0
Truck105121,290.0
Truck105122,290.0
Truck105123,290.0
Truck105124,290.0
Truck105096,362.0
Truck105126,290.0
Truck105127,290.0
Truck105109,340.0
Truck105128,290.0
Truck105129,290.0
Truck105104,352.0
Truck105132,290.0
Truck105134,290.0
Truck105135,290.0
Truck105100,376.0
Truck105136,290.0
Truck105137,290.0
Truck105139,290.0
Truck105140,290.0
Truck105141,290.0
Truck105142,290.0
Truck105143,290.0
Truck105130,322.0
Truck105144,290.0
Truck105145,290.0
Truck105119,360.0
Truck105133,325.0
Truck105146,290.0
Truck105147,290.0
Truck105112,379.0
Truck105148,290.0
Truck105149,290.0
Truck105131,342.0
Truck105152,290.0
Truck105153,290.0
Truck105154,290.0
Truck105125,368.0
Truck105157,290.0
Truck105158,290.0
Truck105159,290.0
Truck105138,342.0
Truck105160,290.0
Truck105163,290.0
Truck105164,290.0
Truck105165,290.0
Truck105155,319.0
Truck105166,290.0
Truck105167,290.0
Truck105162,310.0
Truck105171,290.0
Truck105161,319.0
Truck105173,290.0
Truck105174,290.0
Truck105175,290.0
Truck105156,340.0
Truck105176,290.0
Truck105177,290.0
Truck105151,358.0
Truck105179,290.0
Truck105169,318.0
Truck105180,290.0
Truck105181,290.0
Truck105182,290.0
Truck105172,317.0
Truck105185,290.0
Truck105186,290.0
Truck105187,290.0
Truck105168,338.0
Truck105188,290.0
Truck105192,290.0
Truck105193,290.0
Truck105170,347.0
Truck105194,290.0
Truck105195,290.0
Truck105197,290.0
Truck105184,323.0
Truck105150,410.0
Truck105199,290.0
Truck105202,290.0
Truck105203,290.0
Truck105204,290.0
Truck105205,290.0
Truck105191,326.0
Truck105198,310.0
Truck105207,290.0
Truck105183,354.0
Truck105189,340.0
Truck105208,290.0
Truck105209,290.0
Truck105210,290.0
Truck105211,290.0
Truck105212,290.0
Truck105213,290.0
Truck105196,340.0
Truck105218,290.0
Truck105219,290.0
Truck105220,290.0
Truck105221,290.0
Truck105200,342.0
Truck105223,290.0
Truck105190,371.0
Truck105224,290.0
Truck105216,311.0
Truck105226,290.0
Truck105227,290.0
Truck105229,290.0
Truck105206,346.0
Truck105214,328.0
Truck105215,330.0
Truck105230,290.0
Truck105217,329.0
Truck105233,290.0
Truck105201,372.0
Truck105234,290.0
Truck105235,290.0
Truck105236,290.0
Truck105178,439.0
Truck105238,290.0
Truck105222,332.0
Truck105232,310.0
Truck105240,290.0
Truck105242,290.0
Truck105243,290.0
Truck105239,308.0
Truck105225,345.0
Truck105246,290.0
Truck105247,290.0
Truck105237,319.0
Truck105248,290.0
Truck105249,290.0
Truck105231,337.0
Truck105245,305.0
Truck105250,290.0
Truck105251,290.0
Truck105252,290.0
Truck105253,290.0
Truck105241,322.0
Truck105254,290.0
Truck105255,290.0
Truck105228,358.0
Truck105256,290.0
Truck105257,290.0
Truck105262,290.0
Truck105263,290.0
Truck105264,290.0
Truck105267,290.0
Truck105244,347.0
Truck105268,290.0
Truck105269,290.0
Truck105261,313.0
Truck105270,290.0
Truck105271,290.0
Truck105258,321.0
Truck105272,290.0
Truck105273,290.0
Truck105274,290.0
Truck105275,290.0
Truck105276,290.0
Truck105277,290.0
Truck105278,290.0
Truck105260,340.0
Truck105281,290.0
Truck105265,332.0
Truck105266,336.0
Truck105259,359.0
Truck105287,290.0
Truck105288,290.0
Truck105289,290.0
Truck105290,290.0
Truck105291,290.0
Truck105292,290.0
Truck105293,290.0
Truck105286,307.0
Truck105295,290.0
Truck105296,290.0
Truck105297,290.0
Truck105298,290.0
Truck105299,290.0
Truck105282,332.0
Truck105300,290.0
Truck105301,290.0
Truck105284,335.0
Truck105303,290.0
Truck105304,290.0
Truck105305,290.0
Truck105307,290.0
Truck105308,290.0
Truck105309,290.0
Truck105285,354.0
Truck105310,290.0
Truck105311,290.0
Truck105312,290.0
Truck105313,290.0
Truck105315,290.0
Truck105316,290.0
Truck105317,290.0
Truck105279,388.0
Truck105318,290.0
Truck105319,290.0
Truck105320,290.0
Truck105321,290.0
Truck105322,290.0
Truck105323,290.0
Truck105283,392.0
Truck105324,290.0
Truck105325,290.0
Truck105280,403.0
Truck105314,319.0
Truck105294,370.0
Truck105326,290.0
Truck105327,290.0
Truck105328,290.0
Truck105329,290.0
Truck105330,290.0
Truck105331,290.0
Truck105332,290.0
Truck105306,357.0
Truck105334,290.0
Truck105335,290.0
Truck105336,290.0
Truck105302,376.0
Truck105338,290.0
Truck105339,290.0
Truck105340,290.0
Truck105342,290.0
Truck105343,290.0
Truck105344,290.0
Truck105345,290.0
Truck105346,290.0
Truck105347,290.0
Truck105349,290.0
Truck105333,335.0
Truck105350,290.0
Truck105351,290.0
Truck105352,290.0
Truck105353,290.0
Truck105354,290.0
Truck105355,290.0
Truck105356,290.0
Truck105357,290.0
Truck105341,335.0
Truck105358,290.0
Truck105360,290.0
Truck105361,290.0
Truck105362,290.0
Truck105365,290.0
Truck105366,290.0
Truck105368,290.0
Truck105369,290.0
Truck105337,372.0
Truck105348,342.0
Truck105370,290.0
Truck105371,290.0
Truck105372,290.0
Truck105359,327.0
Truck105374,290.0
Truck105375,290.0
Truck105377,290.0
Truck105364,323.0
Truck105378,290.0
Truck105367,324.0
Truck105380,290.0
Truck105381,290.0
Truck105363,336.0
Truck105384,290.0
Truck105385,290.0
Truck105386,290.0
Truck105387,290.0
Truck105390,290.0
Truck105391,290.0
Truck105373,340.0
Truck105393,290.0
Truck105383,317.0
Truck105394,290.0
Truck105395,290.0
Truck105379,333.0
Truck105396,290.0
Truck105388,314.0
Truck105398,290.0
Truck105376,347.0
Truck105400,290.0
Truck105402,290.0
Truck105382,344.0
Truck105392,319.0
Truck105405,290.0
Truck105406,290.0
Truck105407,290.0
Truck105409,290.0
Truck105410,290.0
Truck105411,290.0
Truck105412,290.0
Truck105413,290.0
Truck105404,314.0
Truck105414,290.0
Truck105415,290.0
Truck105403,323.0
Truck105417,290.0
Truck105399,337.0
Truck105418,290.0
Truck105419,290.0
Truck105420,290.0
Truck105389,373.0
Truck105397,355.0
Truck105422,290.0
Truck105401,346.0
Truck105424,290.0
Truck105426,290.0
Truck105427,290.0
Truck105428,290.0
Truck105429,290.0
Truck105408,343.0
Truck105430,290.0
Truck105431,290.0
Truck105432,290.0
Truck105434,290.0
Truck105435,290.0
Truck105416,338.0
Truck105436,290.0
Truck105437,290.0
Truck105438,290.0
Truck105439,290.0
Truck105440,290.0
Truck105443,290.0
Truck105444,290.0
Truck105445,290.0
Truck105446,290.0
Truck105447,290.0
Truck105448,290.0
Truck105449,290.0
Truck105423,360.0
Truck105450,290.0
Truck105453,290.0
Truck105425,364.0
Truck105455,290.0
Truck105421,378.0
Truck105433,349.0
Truck105456,290.0
Truck105457,290.0
Truck105458,290.0
Truck105460,290.0
Truck105451,319.0
Truck105463,290.0
Truck105464,290.0
Truck105465,290.0
Truck105468,290.0
Truck105442,356.0
Truck105454,330.0
Truck105441,366.0
Truck105473,290.0
Truck105452,349.0
Truck105476,290.0
Truck105461,332.0
Truck105459,338.0
Truck105480,290.0
Truck105481,290.0
Truck105482,290.0
Truck105483,290.0
Truck105484,290.0
Truck105485,290.0
Truck105466,336.0
Truck105475,318.0
Truck105471,330.0
Truck105486,290.0
Truck105487,290.0
Truck105488,290.0
Truck105467,349.0
Truck105490,290.0
Truck105491,290.0
Truck105492,290.0
Truck105493,290.0
Truck105472,346.0
Truck105462,373.0
Truck105474,344.0
Truck105496,290.0
Truck105498,290.0
Truck105478,345.0
Truck105479,345.0
Truck105500,290.0
Truck105501,290.0
Truck105497,306.0
Truck105477,357.0
Truck105470,375.0
Truck105504,290.0
Truck105469,381.0
Truck105506,290.0
Truck105507,290.0
Truck105510,290.0
Truck105511,290.0
Truck105512,290.0
Truck105515,290.0
Truck105516,290.0
Truck105517,290.0
Truck105489,361.0
Truck105494,347.0
Truck105499,341.0
Truck105513,309.0
Truck105505,330.0
Truck105520,290.0
Truck105521,290.0
Truck105523,290.0
Truck105503,341.0
Truck105495,364.0
Truck105524,290.0
Truck105525,290.0
Truck105526,290.0
Truck105527,290.0
Truck105509,339.0
Truck105528,290.0
Truck105529,290.0
Truck105530,290.0
Truck105531,290.0
Truck105532,290.0
Truck105533,290.0
Truck105514,338.0
Truck105519,328.0
Truck105534,290.0
Truck105508,356.0
Truck105502,377.0
Truck105538,290.0
Truck105539,290.0
Truck105542,290.0
Truck105543,290.0
Truck105544,290.0
Truck105545,290.0
Truck105536,314.0
Truck105546,290.0
Truck105547,290.0
Truck105551,290.0
Truck105553,290.0
Truck105518,378.0
Truck105554,290.0
Truck105522,371.0
Truck105535,341.0
Truck105549,307.0
Truck105556,290.0
Truck105557,290.0
Truck105537,341.0
Truck105558,290.0
Truck105559,290.0
Truck105540,336.0
Truck105552,310.0
Truck105560,290.0
Truck105562,290.0
Truck105563,290.0
Truck105564,290.0
Truck105565,290.0
Truck105568,290.0
Truck105569,290.0
Truck105555,330.0
Truck105570,290.0
Truck105571,290.0
Truck105550,349.0
Truck105574,290.0
Truck105575,290.0
Truck105566,313.0
Truck105576,290.0
Truck105578,290.0
Truck105581,290.0
Truck105561,344.0
Truck105583,290.0
Truck105584,290.0
Truck105586,290.0
Truck105587,290.0
Truck105588,290.0
Truck105590,290.0
Truck105548,397.0
Truck105572,337.0
Truck105593,290.0
Truck105567,360.0
Truck105579,332.0
Truck105582,324.0
Truck105596,290.0
Truck105597,290.0
Truck105598,290.0
Truck105599,290.0
Truck105577,346.0
Truck105600,290.0
Truck105601,290.0
Truck105594,309.0
Truck105602,290.0
Truck105603,290.0
Truck105580,352.0
Truck105541,457.0
Truck105573,378.0
Truck105591,339.0
Truck105610,290.0
Truck105611,290.0
Truck105589,347.0
Truck105612,290.0
Truck105613,290.0
Truck105607,306.0
Truck105615,290.0
Truck105616,290.0
Truck105617,290.0
Truck105618,290.0
Truck105619,290.0
Truck105585,378.0
Truck105605,329.0
Truck105621,290.0
Truck105604,333.0
Truck105595,359.0
Truck105622,290.0
Truck105623,290.0
Truck105606,334.0
Truck105624,290.0
Truck105625,290.0
Truck105614,316.0
Truck105626,290.0
Truck105627,290.0
Truck105609,340.0
Truck105628,290.0
Truck105630,290.0
Truck105631,290.0
Truck105632,290.0
Truck105633,290.0
Truck105608,352.0
Truck105635,290.0
Truck105636,290.0
Truck105637,290.0
Truck105592,403.0
Truck105638,290.0
Truck105639,290.0
Truck105629,317.0
Truck105620,338.0
Truck105640,290.0
Truck105642,290.0
Truck105643,290.0
Truck105644,290.0
Truck105646,290.0
Truck105647,290.0
Truck105649,290.0
Truck105650,290.0
Truck105651,290.0
Truck105641,317.0
Truck105652,290.0
Truck105653,290.0
Truck105654,290.0
Truck105634,342.0
Truck105659,290.0
Truck105645,326.0
Truck105648,317.0
Truck105660,290.0
Truck105661,290.0
Truck105662,290.0
Truck105663,290.0
Truck105668,290.0
Truck105669,290.0
Truck105670,290.0
Truck105671,290.0
Truck105672,290.0
Truck105673,290.0
Truck105674,290.0
Truck105675,290.0
Truck105658,333.0
Truck105667,313.0
Truck105655,344.0
Truck105657,342.0
Truck105656,344.0
Truck105679,290.0
Truck105680,290.0
Truck105681,290.0
Truck105664,332.0
Truck105682,290.0
Truck105666,334.0
Truck105685,290.0
Truck105686,290.0
Truck105687,290.0
Truck105688,290.0
Truck105689,290.0
Truck105683,310.0
Truck105690,290.0
Truck105691,290.0
Truck105676,330.0
Truck105693,290.0
Truck105694,290.0
Truck105695,290.0
Truck105684,320.0
Truck105696,290.0
Truck105697,290.0
Truck105665,374.0
Truck105678,339.0
Truck105698,290.0
Truck105699,290.0
Truck105677,346.0
Truck105700,290.0
Truck105701,290.0
Truck105702,290.0
Truck105703,290.0
Truck105692,316.0
Truck105705,290.0
Truck105706,290.0
Truck105708,290.0
Truck105709,290.0
Truck105710,290.0
Truck105712,290.0
Truck105713,290.0
Truck105704,314.0
Truck105714,290.0
Truck105715,290.0
Truck105711,305.0
Truck105717,290.0
Truck105718,290.0
Truck105719,290.0
Truck105720,290.0
Truck105721,290.0
Truck105722,290.0
Truck105723,290.0
Truck105724,290.0
Truck105725,290.0
Truck105707,338.0
Truck105727,290.0
Truck105728,290.0
Truck105729,290.0
Truck105730,290.0
Truck105731,290.0
Truck105732,290.0
Truck105733,290.0
Truck105716,335.0
Truck105735,290.0
Truck105736,290.0
Truck105737,290.0
Truck105738,290.0
Truck105739,290.0
Truck105726,321.0
Truck105740,290.0
Truck105743,290.0
Truck105744,290.0
Truck105745,290.0
Truck105746,290.0
Truck105734,323.0
Truck105748,290.0
Truck105749,290.0
Truck105750,290.0
Truck105751,290.0
Truck105752,290.0
Truck105753,290.0
Truck105741,323.0
Truck105755,290.0
Truck105742,322.0
Truck105756,290.0
Truck105757,290.0
Truck105758,290.0
Truck105760,290.0
Truck105761,290.0
Truck105747,329.0
Truck105762,290.0
Truck105763,290.0
Truck105759,305.0
Truck105766,290.0
Truck105769,290.0
Truck105770,290.0
Truck105772,290.0
Truck105774,290.0
Truck105775,290.0
Truck105776,290.0
Truck105777,290.0
Truck105754,348.0
Truck105779,290.0
Truck105781,290.0
Truck105782,290.0
Truck105784,290.0
Truck105785,290.0
Truck105778,306.0
Truck105767,338.0
Truck105787,290.0
Truck105788,290.0
Truck105791,290.0
Truck105765,357.0
Truck105793,290.0
Truck105795,290.0
Truck105771,352.0
Truck105797,290.0
Truck105780,331.0
Truck105799,290.0
Truck105768,366.0
Truck105773,358.0
Truck105800,290.0
Truck105801,290.0
Truck105802,290.0
Truck105803,290.0
Truck105783,341.0
Truck105805,290.0
Truck105764,392.0
Truck105796,315.0
Truck105806,290.0
Truck105798,312.0
Truck105808,290.0
Truck105809,290.0
Truck105810,290.0
Truck105811,290.0
Truck105804,306.0
Truck105789,348.0
Truck105812,290.0
Truck105813,290.0
Truck105814,290.0
Truck105815,290.0
Truck105794,345.0
Truck105816,290.0
Truck105817,290.0
Truck105792,355.0
Truck105819,290.0
Truck105790,361.0
Truck105807,325.0
Truck105821,290.0
Truck105786,378.0
Truck105822,290.0
Truck105823,290.0
Truck105824,290.0
Truck105826,290.0
Truck105827,290.0
Truck105828,290.0
Truck105830,290.0
Truck105832,290.0
Truck105833,290.0
Truck105834,290.0
Truck105836,290.0
Truck105837,290.0
Truck105838,290.0
Truck105839,290.0
Truck105825,330.0
Truck105841,290.0
Truck105842,290.0
Truck105843,290.0
Truck105829,326.0
Truck105844,290.0
Truck105846,290.0
Truck105847,290.0
Truck105820,358.0
Truck105848,290.0
Truck105849,290.0
Truck105850,290.0
Truck105851,290.0
Truck105852,290.0
Truck105853,290.0
Truck105818,377.0
Truck105840,324.0
Truck105854,290.0
Truck105845,320.0
Truck105856,290.0
Truck105857,290.0
Truck105858,290.0
Truck105859,290.0
Truck105831,362.0
Truck105860,290.0
Truck105861,290.0
Truck105865,290.0
Truck105835,370.0
Truck105866,290.0
Truck105867,290.0
Truck105868,290.0
Truck105869,290.0
Truck105863,309.0
Truck105870,290.0
Truck105872,290.0
Truck105873,290.0
Truck105874,290.0
Truck105875,290.0
Truck105877,290.0
Truck105879,290.0
Truck105880,290.0
Truck105864,333.0
Truck105882,290.0
Truck105883,290.0
Truck105862,344.0
Truck105884,290.0
Truck105885,290.0
Truck105886,290.0
Truck105887,290.0
Truck105888,290.0
Truck105889,290.0
Truck105890,290.0
Truck105891,290.0
Truck105893,290.0
Truck105894,290.0
Truck105895,290.0
Truck105896,290.0
Truck105897,290.0
Truck105881,331.0
Truck105871,360.0
Truck105898,290.0
Truck105878,341.0
Truck105901,290.0
Truck105902,290.0
Truck105855,414.0
Truck105904,290.0
Truck105905,290.0
Truck105906,290.0
Truck105907,290.0
Truck105908,290.0
Truck105909,290.0
Truck105876,379.0
Truck105912,290.0
Truck105913,290.0
Truck105914,290.0
Truck105916,290.0
Truck105917,290.0
Truck105899,338.0
Truck105911,309.0
Truck105919,290.0
Truck105920,290.0
Truck105921,290.0
Truck105903,340.0
Truck105922,290.0
Truck105923,290.0
Truck105924,290.0
Truck105925,290.0
Truck105892,371.0
Truck105927,290.0
Truck105928,290.0
Truck105900,365.0
Truck105930,290.0
Truck105931,290.0
Truck105932,290.0
Truck105933,290.0
Truck105934,290.0
Truck105935,290.0
Truck105936,290.0
Truck105937,290.0
Truck105938,290.0
Truck105939,290.0
Truck105940,290.0
Truck105941,290.0
Truck105943,290.0
Truck105910,374.0
Truck105944,290.0
Truck105947,290.0
Truck105929,337.0
Truck105948,290.0
Truck105915,378.0
Truck105950,290.0
Truck105951,290.0
Truck105952,290.0
Truck105953,290.0
Truck105918,376.0
Truck105954,290.0
Truck105955,290.0
Truck105942,325.0
Truck105956,290.0
Truck105957,290.0
Truck105946,318.0
Truck105945,324.0
Truck105958,290.0
Truck105961,290.0
Truck105962,290.0
Truck105963,290.0
Truck105964,290.0
Truck105965,290.0
Truck105966,290.0
Truck105968,290.0
Truck105970,290.0
Truck105971,290.0
Truck105949,347.0
Truck105972,290.0
Truck105973,290.0
Truck105926,406.0
Truck105967,308.0
Truck105975,290.0
Truck105976,290.0
Truck105977,290.0
Truck105978,290.0
Truck105979,290.0
Truck105969,319.0
Truck105959,345.0
Truck105980,290.0
Truck105981,290.0
Truck105984,290.0
Truck105974,317.0
Truck105986,290.0
Truck105988,290.0
Truck105989,290.0
Truck105960,365.0
Truck105990,290.0
Truck105991,290.0
Truck105992,290.0
Truck105993,290.0
Truck105994,290.0
Truck105995,290.0
Truck105996,290.0
Truck105997,290.0
Truck105998,290.0
Truck105999,290.0
Truck105982,331.0
Truck106001,290.0
Truck105987,328.0
Truck106002,290.0
Truck106003,290.0
Truck106004,290.0
Truck106005,290.0
Truck106006,290.0
Truck106007,290.0
Truck106008,290.0
Truck106009,290.0
Truck106010,290.0
Truck106012,290.0
Truck106013,290.0
Truck106015,290.0
Truck105983,374.0
Truck106017,290.0
Truck105985,374.0
Truck106018,290.0
Truck106019,290.0
Truck106020,290.0
Truck106021,290.0
Truck106022,290.0
Truck106024,290.0
Truck106025,290.0
Truck106026,290.0
Truck106011,340.0
Truck106031,290.0
Truck106032,290.0
Truck106033,290.0
Truck106014,338.0
Truck106023,319.0
Truck106034,290.0
Truck106035,290.0
Truck106036,290.0
Truck106037,290.0
Truck106039,290.0
Truck106041,290.0
Truck106029,324.0
Truck106042,290.0
Truck106027,333.0
Truck106044,290.0
Truck106045,290.0
Truck106028,338.0
Truck106000,410.0
Truck106049,290.0
Truck106050,290.0
Truck106052,290.0
Truck106053,290.0
Truck106054,290.0
Truck106055,290.0
Truck106040,328.0
Truck106051,305.0
Truck106056,290.0
Truck106057,290.0
Truck106030,359.0
Truck106058,290.0
Truck106060,290.0
Truck106061,290.0
Truck106063,290.0
Truck106064,290.0
Truck106065,290.0
Truck106067,290.0
Truck106047,342.0
Truck106043,354.0
Truck106068,290.0
Truck106016,424.0
Truck106071,290.0
Truck106046,355.0
Truck106072,290.0
Truck106075,290.0
Truck106076,290.0
Truck106059,338.0
Truck106078,290.0
Truck106080,290.0
Truck106038,396.0
Truck106083,290.0
Truck106069,326.0
Truck106077,309.0
Truck106084,290.0
Truck106085,290.0
Truck106070,328.0
Truck106086,290.0
Truck106088,290.0
Truck106089,290.0
Truck106090,290.0
Truck106091,290.0
Truck106092,290.0
Truck106093,290.0
Truck106066,357.0
Truck106081,324.0
Truck106096,290.0
Truck106097,290.0
Truck106073,351.0
Truck106062,379.0
Truck106087,319.0
Truck106098,290.0
Truck106100,290.0
Truck106101,290.0
Truck106048,426.0
Truck106079,355.0
Truck106104,290.0
Truck106106,290.0
Truck106107,290.0
Truck106108,290.0
Truck106109,290.0
Truck106095,330.0
Truck106111,290.0
Truck106112,290.0
Truck106113,290.0
Truck106114,290.0
Truck106115,290.0
Truck106116,290.0
Truck106117,290.0
Truck106082,379.0
Truck106118,290.0
Truck106119,290.0
Truck106074,404.0
Truck106103,335.0
Truck106120,290.0
Truck106121,290.0
Truck106099,350.0
Truck106122,290.0
Truck106123,290.0
Truck106125,290.0
Truck106102,346.0
Truck106126,290.0
Truck106127,290.0
Truck106128,290.0
Truck106130,290.0
Truck106131,290.0
Truck106132,290.0
Truck106110,347.0
Truck106134,290.0
Truck106135,290.0
Truck106136,290.0
Truck106137,290.0
Truck106138,290.0
Truck106139,290.0
Truck106105,376.0
Truck106140,290.0
Truck106142,290.0
Truck106143,290.0
Truck106144,290.0
Truck106145,290.0
Truck106146,290.0
Truck106133,329.0
Truck106148,290.0
Truck106149,290.0
Truck106094,428.0
Truck106150,290.0
Truck106151,290.0
Truck106153,290.0
Truck106154,290.0
Truck106155,290.0
Truck106157,290.0
Truck106124,372.0
Truck106158,290.0
Truck106159,290.0
Truck106160,290.0
Truck106129,371.0
Truck106162,290.0
Truck106163,290.0
Truck106164,290.0
Truck106165,290.0
Truck106141,351.0
Truck106166,290.0
Truck106167,290.0
Truck106147,344.0
Truck106170,290.0
Truck106171,290.0
Truck106152,340.0
Truck106172,290.0
Truck106173,290.0
Truck106174,290.0
Truck106175,290.0
Truck106176,290.0
Truck106177,290.0
Truck106178,290.0
Truck106161,340.0
Truck106181,290.0
Truck106182,290.0
Truck106183,290.0
Truck106168,328.0
Truck106184,290.0
Truck106169,334.0
Truck106186,290.0
Truck106187,290.0
Truck106188,290.0
Truck106189,290.0
Truck106156,372.0
Truck106191,290.0
Truck106193,290.0
Truck106194,290.0
Truck106195,290.0
Truck106196,290.0
Truck106197,290.0
Truck106198,290.0
Truck106199,290.0
Truck106200,290.0
Truck106201,290.0
Truck106179,348.0
Truck106180,345.0
Truck106203,290.0
Truck106185,337.0
Truck106204,290.0
Truck106205,290.0
Truck106207,290.0
Truck106208,290.0
Truck106209,290.0
Truck106210,290.0
Truck106211,290.0
Truck106192,336.0
Truck106212,290.0
Truck106213,290.0
Truck106190,349.0
Truck106202,319.0
Truck106215,290.0
Truck106219,290.0
Truck106220,290.0
Truck106221,290.0
Truck106222,290.0
Truck106223,290.0
Truck106224,290.0
Truck106225,290.0
Truck106226,290.0
Truck106227,290.0
Truck106216,318.0
Truck106230,290.0
Truck106231,290.0
Truck106232,290.0
Truck106233,290.0
Truck106234,290.0
Truck106229,307.0
Truck106238,290.0
Truck106239,290.0
Truck106206,371.0
Truck106241,290.0
Truck106218,348.0
Truck106242,290.0
Truck106243,290.0
Truck106214,362.0
Truck106217,358.0
Truck106244,290.0
Truck106245,290.0
Truck106247,290.0
Truck106250,290.0
Truck106251,290.0
Truck106240,320.0
Truck106252,290.0
Truck106254,290.0
Truck106237,336.0
Truck106256,290.0
Truck106257,290.0
Truck106258,290.0
Truck106259,290.0
Truck106249,317.0
Truck106248,319.0
Truck106261,290.0
Truck106262,290.0
Truck106263,290.0
Truck106228,378.0
Truck106264,290.0
Truck106265,290.0
Truck106236,362.0
Truck106255,319.0
Truck106266,290.0
Truck106235,373.0
Truck106246,344.0
Truck106268,290.0
Truck106270,290.0
Truck106271,290.0
Truck106260,317.0
Truck106272,290.0
Truck106273,290.0
Truck106274,290.0
Truck106253,349.0
Truck106276,290.0
Truck106278,290.0
Truck106279,290.0
Truck106281,290.0
Truck106282,290.0
Truck106283,290.0
Truck106284,290.0
Truck106277,312.0
Truck106289,290.0
Truck106280,313.0
Truck106275,329.0
Truck106290,290.0
Truck106291,290.0
Truck106292,290.0
Truck106294,290.0
Truck106295,290.0
Truck106285,319.0
Truck106296,290.0
Truck106269,364.0
Truck106298,290.0
Truck106299,290.0
Truck106267,373.0
Truck106300,290.0
Truck106301,290.0
Truck106302,290.0
Truck106303,290.0
Truck106287,334.0
Truck106305,290.0
Truck106293,324.0
Truck106308,290.0
Truck106309,290.0
Truck106286,349.0
Truck106310,290.0
Truck106311,290.0
Truck106312,290.0
Truck106297,332.0
Truck106314,290.0
Truck106315,290.0
Truck106316,290.0
Truck106317,290.0
Truck106307,319.0
Truck106318,290.0
Truck106319,290.0
Truck106321,290.0
Truck106322,290.0
Truck106323,290.0
Truck106324,290.0
Truck106325,290.0
Truck106327,290.0
Truck106329,290.0
Truck106288,393.0
Truck106330,290.0
Truck106332,290.0
Truck106334,290.0
Truck106335,290.0
Truck106336,290.0
Truck106337,290.0
Truck106326,317.0
Truck106304,374.0
Truck106306,370.0
Truck106320,335.0
Truck106338,290.0
Truck106340,290.0
Truck106341,290.0
Truck106342,290.0
Truck106343,290.0
Truck106313,368.0
Truck106344,290.0
Truck106345,290.0
Truck106328,333.0
Truck106333,324.0
Truck106339,310.0
Truck106346,290.0
Truck106347,290.0
Truck106349,290.0
Truck106350,290.0
Truck106351,290.0
Truck106331,341.0
Truck106353,290.0
Truck106354,290.0
Truck106355,290.0
Truck106356,290.0
Truck106357,290.0
Truck106359,290.0
Truck106361,290.0
Truck106363,290.0
Truck106364,290.0
Truck106366,290.0
Truck106367,290.0
Truck106368,290.0
Truck106369,290.0
Truck106370,290.0
Truck106371,290.0
Truck106372,290.0
Truck106373,290.0
Truck106374,290.0
Truck106375,290.0
Truck106376,290.0
Truck106377,290.0
Truck106378,290.0
Truck106379,290.0
Truck106362,331.0
Truck106380,290.0
Truck106381,290.0
Truck106360,343.0
Truck106383,290.0
Truck106385,290.0
Truck106386,290.0
Truck106387,290.0
Truck106388,290.0
Truck106389,290.0
Truck106391,290.0
Truck106352,394.0
Truck106382,319.0
Truck106384,315.0
Truck106394,290.0
Truck106395,290.0
Truck106396,290.0
Truck106397,290.0
Truck106358,389.0
Truck106398,290.0
Truck106392,307.0
Truck106400,290.0
Truck106348,424.0
Truck106402,290.0
Truck106403,290.0
Truck106390,323.0
Truck106365,389.0
Truck106404,290.0
Truck106406,290.0
Truck106408,290.0
Truck106409,290.0
Truck106399,318.0
Truck106410,290.0
Truck106393,339.0
Truck106412,290.0
Truck106413,290.0
Truck106407,307.0
Truck106401,324.0
Truck106414,290.0
Truck106415,290.0
Truck106416,290.0
Truck106417,290.0
Truck106405,330.0
Truck106420,290.0
Truck106422,290.0
Truck106423,290.0
Truck106424,290.0
Truck106425,290.0
Truck106426,290.0
Truck106428,290.0
Truck106429,290.0
Truck106430,290.0
Truck106431,290.0
Truck106421,319.0
Truck106433,290.0
Truck106411,355.0
Truck106427,315.0
Truck106436,290.0
Truck106437,290.0
Truck106418,340.0
Truck106419,340.0
Truck106439,290.0
Truck106440,290.0
Truck106442,290.0
Truck106443,290.0
Truck106560,290.0
Truck106562,290.0
Truck106563,290.0
Truck106565,290.0
Truck106561,306.0
Truck106569,290.0
Truck106571,290.0
Truck106564,306.0
Truck106574,290.0
Truck106575,290.0
Truck106576,290.0
Truck106577,290.0
Truck106578,290.0
Truck106579,290.0
Truck106580,290.0
Truck106581,290.0
Truck106582,290.0
Truck106567,335.0
Truck106585,290.0
Truck106587,290.0
Truck106588,290.0
Truck106589,290.0
Truck106583,307.0
Truck106590,290.0
Truck106591,290.0
Truck106566,352.0
Truck106592,290.0
Truck106593,290.0
Truck106594,290.0
Truck106595,290.0
Truck106597,290.0
Truck106572,353.0
Truck106584,325.0
Truck106599,290.0
Truck106601,290.0
Truck106573,362.0
Truck106570,368.0
Truck106602,290.0
Truck106603,290.0
Truck106568,376.0
Truck106604,290.0
Truck106605,290.0
Truck106607,290.0
Truck106598,320.0
Truck106610,290.0
Truck106611,290.0
Truck106612,290.0
Truck106586,356.0
Truck106614,290.0
Truck106615,290.0
Truck106596,339.0
Truck106616,290.0
Truck106617,290.0
Truck106618,290.0
Truck106620,290.0
Truck106613,315.0
Truck106623,290.0
Truck106624,290.0
Truck106608,331.0
Truck106600,352.0
Truck106626,290.0
Truck106627,290.0
Truck106619,311.0
Truck106606,345.0
Truck106628,290.0
Truck106631,290.0
Truck106609,349.0
Truck106632,290.0
Truck106633,290.0
Truck106635,290.0
Truck106637,290.0
Truck106638,290.0
Truck106639,290.0
Truck106640,290.0
Truck106625,332.0
Truck106643,290.0
Truck106644,290.0
Truck106645,290.0
Truck106646,290.0
Truck106648,290.0
Truck106634,329.0
Truck106651,290.0
Truck106622,364.0
Truck106629,349.0
Truck106642,315.0
Truck106652,290.0
Truck106654,290.0
Truck106655,290.0
Truck106621,378.0
Truck106656,290.0
Truck106657,290.0
Truck106658,290.0
Truck106659,290.0
Truck106660,290.0
Truck106661,290.0
Truck106653,315.0
Truck106663,290.0
Truck106641,346.0
Truck106649,330.0
Truck106650,325.0
Truck106665,290.0
Truck106666,290.0
Truck106667,290.0
Truck106630,384.0
Truck106668,290.0
Truck106669,290.0
Truck106636,372.0
Truck106670,290.0
Truck106671,290.0
Truck106672,290.0
Truck106673,290.0
Truck106674,290.0
Truck106675,290.0
Truck106647,362.0
Truck106676,290.0
Truck106677,290.0
Truck106678,290.0
Truck106680,290.0
Truck106681,290.0
Truck106662,339.0
Truck106682,290.0
Truck106685,290.0
Truck106686,290.0
Truck106687,290.0
Truck106688,290.0
Truck106689,290.0
Truck106690,290.0
Truck106691,290.0
Truck106692,290.0
Truck106693,290.0
Truck106679,329.0
Truck106695,290.0
Truck106684,320.0
Truck106698,290.0
Truck106699,290.0
Truck106694,305.0
Truck106700,290.0
Truck106683,339.0
Truck106702,290.0
Truck106697,306.0
Truck106704,290.0
Truck106664,395.0
Truck106706,290.0
Truck106707,290.0
Truck106708,290.0
Truck106709,290.0
Truck106710,290.0
Truck106711,290.0
Truck106696,328.0
Truck106712,290.0
Truck106713,290.0
Truck106715,290.0
Truck106703,321.0
Truck106716,290.0
Truck106717,290.0
Truck106719,290.0
Truck106721,290.0
Truck106722,290.0
Truck106723,290.0
Truck106705,336.0
Truck106724,290.0
Truck106725,290.0
Truck106726,290.0
Truck106727,290.0
Truck106720,306.0
Truck106729,290.0
Truck106701,364.0
Truck106730,290.0
Truck106731,290.0
Truck106732,290.0
Truck106718,329.0
Truck106735,290.0
Truck106736,290.0
Truck106737,290.0
Truck106728,314.0
Truck106738,290.0
Truck106739,290.0
Truck106741,290.0
Truck106714,356.0
Truck106742,290.0
Truck106743,290.0
Truck106734,319.0
Truck106746,290.0
Truck106747,290.0
Truck106750,290.0
Truck106752,290.0
Truck106753,290.0
Truck106740,321.0
Truck106754,290.0
Truck106755,290.0
Truck106756,290.0
Truck106757,290.0
Truck106758,290.0
Truck106759,290.0
Truck106760,290.0
Truck106761,290.0
Truck106763,290.0
Truck106744,338.0
Truck106764,290.0
Truck106765,290.0
Truck106766,290.0
Truck106733,377.0
Truck106769,290.0
Truck106749,345.0
Truck106770,290.0
Truck106771,290.0
Truck106773,290.0
Truck106774,290.0
Truck106775,290.0
Truck106776,290.0
Truck106777,290.0
Truck106745,373.0
Truck106767,320.0
Truck106778,290.0
Truck106779,290.0
Truck106748,370.0
Truck106762,335.0
Truck106780,290.0
Truck106781,290.0
Truck106751,366.0
Truck106768,321.0
Truck106782,290.0
Truck106783,290.0
Truck106772,318.0
Truck106784,290.0
Truck106785,290.0
Truck106787,290.0
Truck106790,290.0
Truck106792,290.0
Truck106794,290.0
Truck106795,290.0
Truck106796,290.0
Truck106789,315.0
Truck106798,290.0
Truck106799,290.0
Truck106800,290.0
Truck106801,290.0
Truck106791,320.0
Truck106802,290.0
Truck106804,290.0
Truck106805,290.0
Truck106806,290.0
Truck106786,343.0
Truck106788,340.0
Truck106808,290.0
Truck106810,290.0
Truck106811,290.0
Truck106803,311.0
Truck106812,290.0
Truck106816,290.0
Truck106817,290.0
Truck106818,290.0
Truck106820,290.0
Truck106821,290.0
Truck106793,361.0
Truck106822,290.0
Truck106823,290.0
Truck106807,332.0
Truck106825,290.0
Truck106819,309.0
Truck106826,290.0
Truck106829,290.0
Truck106830,290.0
Truck106831,290.0
Truck106815,332.0
Truck106797,379.0
Truck106833,290.0
Truck106834,290.0
Truck106835,290.0
Truck106837,290.0
Truck106839,290.0
Truck106828,317.0
Truck106840,290.0
Truck106841,290.0
Truck106842,290.0
Truck106809,380.0
Truck106844,290.0
Truck106845,290.0
Truck106813,371.0
Truck106814,369.0
Truck106836,315.0
Truck106838,310.0
Truck106848,290.0
Truck106849,290.0
Truck106827,347.0
Truck106843,308.0
Truck106832,335.0
Truck106850,290.0
Truck106852,290.0
Truck106855,290.0
Truck106857,290.0
Truck106853,305.0
Truck106858,290.0
Truck106859,290.0
Truck106861,290.0
Truck106824,382.0
Truck106862,290.0
Truck106863,290.0
Truck106864,290.0
Truck106846,340.0
Truck106867,290.0
Truck106860,307.0
Truck106868,290.0
Truck106869,290.0
Truck106870,290.0
Truck106847,352.0
Truck106854,333.0
Truck106873,290.0
Truck106875,290.0
Truck106876,290.0
Truck106877,290.0
Truck106865,325.0
Truck106878,290.0
Truck106871,313.0
Truck106851,364.0
Truck106880,290.0
Truck106882,290.0
Truck106883,290.0
Truck106866,334.0
Truck106884,290.0
Truck106885,290.0
Truck106856,369.0
Truck106888,290.0
Truck106889,290.0
Truck106890,290.0
Truck106891,290.0
Truck106872,339.0
Truck106892,290.0
Truck106893,290.0
Truck106895,290.0
Truck106897,290.0
Truck106879,338.0
Truck106899,290.0
Truck106881,337.0
Truck106874,353.0
Truck106900,290.0
Truck106901,290.0
Truck106896,305.0
Truck106902,290.0
Truck106903,290.0
Truck106904,290.0
Truck106887,338.0
Truck106906,290.0
Truck106907,290.0
Truck106898,313.0
Truck106908,290.0
Truck106909,290.0
Truck106886,348.0
Truck106910,290.0
Truck106911,290.0
Truck106894,334.0
Truck106905,315.0
Truck106914,290.0
Truck106915,290.0
Truck106917,290.0
Truck106918,290.0
Truck106919,290.0
Truck106920,290.0
Truck106921,290.0
Truck106922,290.0
Truck106924,290.0
Truck106926,290.0
Truck106928,290.0
Truck106929,290.0
Truck106923,307.0
Truck106930,290.0
Truck106932,290.0
Truck106933,290.0
Truck106927,306.0
Truck106934,290.0
Truck106936,290.0
Truck106937,290.0
Truck106913,355.0
Truck106938,290.0
Truck106912,359.0
Truck106925,330.0
Truck106940,290.0
Truck106941,290.0
Truck106931,319.0
Truck106943,290.0
Truck106916,356.0
Truck106944,290.0
Truck106945,290.0
Truck106947,290.0
Truck106948,290.0
Truck106949,290.0
Truck106935,329.0
Truck106950,290.0
Truck106951,290.0
Truck106952,290.0
Truck106953,290.0
Truck106954,290.0
Truck106955,290.0
Truck106939,334.0
Truck106956,290.0
Truck106957,290.0
Truck106958,290.0
Truck106946,323.0
Truck106942,334.0
Truck106961,290.0
Truck106964,290.0
Truck106965,290.0
Truck106966,290.0
Truck106967,290.0
Truck106968,290.0
Truck106959,318.0
Truck106970,290.0
Truck106971,290.0
Truck106972,290.0
Truck106974,290.0
Truck106960,330.0
Truck106976,290.0
Truck106977,290.0
Truck106979,290.0
Truck106962,331.0
Truck106963,333.0
Truck106980,290.0
Truck106973,313.0
Truck106982,290.0
Truck106983,290.0
Truck106984,290.0
Truck106985,290.0
Truck106986,290.0
Truck106988,290.0
Truck106990,290.0
Truck106992,290.0
Truck106993,290.0
Truck106996,290.0
Truck106997,290.0
Truck106978,339.0
Truck106969,365.0
Truck106998,290.0
Truck106999,290.0
Truck107000,290.0
Truck107001,290.0
Truck106975,359.0
Truck106981,344.0
Truck107003,290.0
Truck106991,325.0
Truck107004,290.0
Truck106989,332.0
Truck106987,339.0
Truck107006,290.0
Truck107007,290.0
Truck107010,290.0
Truck107011,290.0
Truck107014,290.0
Truck107016,290.0
Truck107017,290.0
Truck106995,350.0
Truck107002,330.0
Truck107018,290.0
Truck107019,290.0
Truck107020,290.0
Truck107021,290.0
Truck107023,290.0
Truck106994,361.0
Truck107009,330.0
Truck107024,290.0
Truck107026,290.0
Truck107027,290.0
Truck107028,290.0
Truck107008,343.0
Truck107030,290.0
Truck107031,290.0
Truck107005,356.0
Truck107032,290.0
Truck107033,290.0
Truck107034,290.0
Truck107035,290.0
Truck107012,346.0
Truck107036,290.0
Truck107037,290.0
Truck107038,290.0
Truck107039,290.0
Truck107040,290.0
Truck107015,360.0
Truck107025,335.0
Truck107042,290.0
Truck107043,290.0
Truck107044,290.0
Truck107045,290.0
Truck107029,334.0
Truck107047,290.0
Truck107022,355.0
Truck107048,290.0
Truck107049,290.0
Truck107050,290.0
Truck107051,290.0
Truck107041,319.0
Truck107052,290.0
Truck107054,290.0
Truck107056,290.0
Truck107057,290.0
Truck107059,290.0
Truck107013,407.0
Truck107060,290.0
Truck107061,290.0
Truck107062,290.0
Truck107063,290.0
Truck107053,316.0
Truck107046,332.0
Truck107069,290.0
Truck107071,290.0
Truck107058,325.0
Truck107072,290.0
Truck107073,290.0
Truck107074,290.0
Truck107065,316.0
Truck107067,311.0
Truck107055,345.0
Truck107076,290.0
Truck107077,290.0
Truck107079,290.0
Truck107080,290.0
Truck107082,290.0
Truck107083,290.0
Truck107064,339.0
Truck107085,290.0
Truck107075,319.0
Truck107086,290.0
Truck107087,290.0
Truck107088,290.0
Truck107089,290.0
Truck107066,346.0
Truck107068,343.0
Truck107090,290.0
Truck107091,290.0
Truck107078,321.0
Truck107092,290.0
Truck107070,347.0
Truck107094,290.0
Truck107095,290.0
Truck107096,290.0
Truck107097,290.0
Truck107098,290.0
Truck107099,290.0
Truck107101,290.0
Truck107104,290.0
Truck107105,290.0
Truck107084,341.0
Truck107093,325.0
Truck107106,290.0
Truck107107,290.0
Truck107102,305.0
Truck107108,290.0
Truck107109,290.0
Truck107111,290.0
Truck107112,290.0
Truck107113,290.0
Truck107114,290.0
Truck107115,290.0
Truck107116,290.0
Truck107117,290.0
Truck107118,290.0
Truck107081,388.0
Truck107121,290.0
Truck107103,337.0
Truck107122,290.0
Truck107123,290.0
Truck107100,346.0
Truck107124,290.0
Truck107125,290.0
Truck107120,305.0
Truck107126,290.0
Truck107127,290.0
Truck107128,290.0
Truck107129,290.0
Truck107110,339.0
Truck107130,290.0
Truck107132,290.0
Truck107134,290.0
Truck107136,290.0
Truck107137,290.0
Truck107138,290.0
Truck107139,290.0
Truck107119,345.0
Truck107143,290.0
Truck107135,311.0
Truck107145,290.0
Truck107146,290.0
Truck107147,290.0
Truck107148,290.0
Truck107149,290.0
Truck107151,290.0
Truck107152,290.0
Truck107153,290.0
Truck107131,348.0
Truck107154,290.0
Truck107156,290.0
Truck107142,327.0
Truck107159,290.0
Truck107144,327.0
Truck107160,290.0
Truck107161,290.0
Truck107140,344.0
Truck107164,290.0
Truck107165,290.0
Truck107166,290.0
Truck107167,290.0
Truck107163,305.0
Truck107168,290.0
Truck107169,290.0
Truck107170,290.0
Truck107171,290.0
Truck107172,290.0
Truck107173,290.0
Truck107150,349.0
Truck107162,320.0
Truck107174,290.0
Truck107133,398.0
Truck107155,345.0
Truck107176,290.0
Truck107177,290.0
Truck107157,342.0
Truck107178,290.0
Truck107158,341.0
Truck107180,290.0
Truck107181,290.0
Truck107182,290.0
Truck107183,290.0
Truck107184,290.0
Truck107185,290.0
Truck107175,317.0
Truck107187,290.0
Truck107189,290.0
Truck107191,290.0
Truck107192,290.0
Truck107193,290.0
Truck107186,309.0
Truck107194,290.0
Truck107195,290.0
Truck107179,336.0
Truck107198,290.0
Truck107200,290.0
Truck107201,290.0
Truck107141,443.0
Truck107203,290.0
Truck107210,290.0
Truck107212,290.0
Truck107213,290.0
Truck107215,290.0
Truck107188,357.0
Truck107199,332.0
Truck107196,340.0
Truck107216,290.0
Truck107217,290.0
Truck107204,322.0
Truck107211,307.0
Truck107218,290.0
Truck107219,290.0
Truck107220,290.0
Truck107221,290.0
Truck107190,366.0
Truck107222,290.0
Truck107223,290.0
Truck107205,339.0
Truck107225,290.0
Truck107197,362.0
Truck107226,290.0
Truck107227,290.0
Truck107207,341.0
Truck107209,336.0
Truck107228,290.0
Truck107229,290.0
Truck107202,359.0
Truck107230,290.0
Truck107231,290.0
Truck107206,354.0
Truck107232,290.0
Truck107234,290.0
Truck107235,290.0
Truck107236,290.0
Truck107239,290.0
Truck107208,369.0
Truck107214,358.0
Truck107242,290.0
Truck107243,290.0
Truck107244,290.0
Truck107245,290.0
Truck107247,290.0
Truck107248,290.0
Truck107249,290.0
Truck107250,290.0
Truck107251,290.0
Truck107252,290.0
Truck107253,290.0
Truck107254,290.0
Truck107233,346.0
Truck107256,290.0
Truck107257,290.0
Truck107224,371.0
Truck107246,316.0
Truck107258,290.0
Truck107259,290.0
Truck107260,290.0
Truck107240,344.0
Truck107262,290.0
Truck107264,290.0
Truck107265,290.0
Truck107237,362.0
Truck107238,358.0
Truck107267,290.0
Truck107269,290.0
Truck107241,370.0
Truck107272,290.0
Truck107273,290.0
Truck107274,290.0
Truck107276,290.0
Truck107277,290.0
Truck107255,349.0
Truck107278,290.0
Truck107279,290.0
Truck107280,290.0
Truck107281,290.0
Truck107282,290.0
Truck107283,290.0
Truck107263,341.0
Truck107285,290.0
Truck107286,290.0
Truck107287,290.0
Truck107288,290.0
Truck107289,290.0
Truck107270,339.0
Truck107290,290.0
Truck107291,290.0
Truck107292,290.0
Truck107293,290.0
Truck107266,360.0
Truck107268,355.0
Truck107295,290.0
Truck107261,379.0
Truck107271,355.0
Truck107297,290.0
Truck107298,290.0
Truck107299,290.0
Truck107300,290.0
Truck107275,359.0
Truck107302,290.0
Truck107303,290.0
Truck107304,290.0
Truck107305,290.0
Truck107296,315.0
Truck107306,290.0
Truck107307,290.0
Truck107284,347.0
Truck107309,290.0
Truck107311,290.0
Truck107294,335.0
Truck107312,290.0
Truck107313,290.0
Truck107314,290.0
Truck107315,290.0
Truck107316,290.0
Truck107317,290.0
Truck107301,334.0
Truck107318,290.0
Truck107319,290.0
Truck107320,290.0
Truck107321,290.0
Truck107323,290.0
Truck107324,290.0
Truck107325,290.0
Truck107327,290.0
Truck107328,290.0
Truck107329,290.0
Truck107331,290.0
Truck107308,347.0
Truck107332,290.0
Truck107333,290.0
Truck107310,348.0
Truck107336,290.0
Truck107337,290.0
Truck107338,290.0
Truck107339,290.0
Truck107340,290.0
Truck107341,290.0
Truck107342,290.0
Truck107343,290.0
Truck107347,290.0
Truck107348,290.0
Truck107349,290.0
Truck107326,349.0
Truck107350,290.0
Truck107351,290.0
Truck107335,331.0
Truck107334,332.0
Truck107353,290.0
Truck107354,290.0
Truck107355,290.0
Truck107344,317.0
Truck107356,290.0
Truck107357,290.0
Truck107358,290.0
Truck107359,290.0
Truck107330,361.0
Truck107362,290.0
Truck107364,290.0
Truck107345,343.0
Truck107366,290.0
Truck107367,290.0
Truck107369,290.0
Truck107370,290.0
Truck107371,290.0
Truck107363,313.0
Truck107372,290.0
Truck107374,290.0
Truck107375,290.0
Truck107322,424.0
Truck107377,290.0
Truck107361,333.0
Truck107365,323.0
Truck107378,290.0
Truck107379,290.0
Truck107360,338.0
Truck107346,374.0
Truck107382,290.0
Truck107383,290.0
Truck107384,290.0
Truck107385,290.0
Truck107368,331.0
Truck107352,372.0
Truck107386,290.0
Truck107387,290.0
Truck107389,290.0
Truck107390,290.0
Truck107391,290.0
Truck107373,337.0
Truck107392,290.0
Truck107393,290.0
Truck107376,334.0
Truck107394,290.0
Truck107395,290.0
Truck107396,290.0
Truck107398,290.0
Truck107399,290.0
Truck107401,290.0
Truck107403,290.0
Truck107388,326.0
Truck107381,349.0
Truck107404,290.0
Truck107405,290.0
Truck107406,290.0
Truck107407,290.0
Truck107409,290.0
Truck107380,365.0
Truck107410,290.0
Truck107411,290.0
Truck107412,290.0
Truck107414,290.0
Truck107415,290.0
Truck107416,290.0
Truck107417,290.0
Truck107418,290.0
Truck107419,290.0
Truck107402,335.0
Truck107420,290.0
Truck107422,290.0
Truck107423,290.0
Truck107400,349.0
Truck107424,290.0
Truck107397,364.0
Truck107426,290.0
Truck107429,290.0
Truck107430,290.0
Truck107431,290.0
Truck107433,290.0
Truck107435,290.0
Truck107436,290.0
Truck107437,290.0
Truck107425,323.0
Truck107439,290.0
Truck107413,358.0
Truck107421,339.0
Truck107441,290.0
Truck107434,310.0
Truck107442,290.0
Truck107443,290.0
Truck107428,328.0
Truck107446,290.0
Truck107447,290.0
Truck107449,290.0
Truck107438,319.0
Truck107450,290.0
Truck107452,290.0
Truck107453,290.0
Truck107454,290.0
Truck107455,290.0
Truck107427,361.0
Truck107408,409.0
Truck107456,290.0
Truck107432,352.0
Truck107458,290.0
Truck107459,290.0
Truck107460,290.0
Truck107461,290.0
Truck107462,290.0
Truck107463,290.0
Truck107464,290.0
Truck107465,290.0
Truck107466,290.0
Truck107448,338.0
Truck107444,349.0
Truck107468,290.0
Truck107469,290.0
Truck107470,290.0
Truck107472,290.0
Truck107473,290.0
Truck107440,372.0
Truck107474,290.0
Truck107475,290.0
Truck107477,290.0
Truck107478,290.0
Truck107479,290.0
Truck107481,290.0
Truck107482,290.0
Truck107483,290.0
Truck107486,290.0
Truck107487,290.0
Truck107488,290.0
Truck107489,290.0
Truck107445,404.0
Truck107490,290.0
Truck107492,290.0
Truck107493,290.0
Truck107476,332.0
Truck107494,290.0
Truck107495,290.0
Truck107480,326.0
Truck107471,353.0
Truck107451,405.0
Truck107496,290.0
Truck107497,290.0
Truck107457,393.0
Truck107467,370.0
Truck107498,290.0
Truck107484,332.0
Truck107502,290.0
Truck107505,290.0
Truck107507,290.0
Truck107485,346.0
Truck107500,310.0
Truck107508,290.0
Truck107509,290.0
Truck107510,290.0
Truck107511,290.0
Truck107491,343.0
Truck107512,290.0
Truck107514,290.0
Truck107516,290.0
Truck107517,290.0
Truck107518,290.0
Truck107519,290.0
Truck107503,331.0
Truck107520,290.0
Truck107521,290.0
Truck107504,335.0
Truck107522,290.0
Truck107523,290.0
Truck107524,290.0
Truck107525,290.0
Truck107501,351.0
Truck107506,337.0
Truck107499,358.0
Truck107526,290.0
Truck107530,290.0
Truck107531,290.0
Truck107532,290.0
Truck107533,290.0
Truck107534,290.0
Truck107535,290.0
Truck107537,290.0
Truck107540,290.0
Truck107541,290.0
Truck107528,324.0
Truck107542,290.0
Truck107543,290.0
Truck107513,367.0
Truck107545,290.0
Truck107546,290.0
Truck107547,290.0
Truck107536,320.0
Truck107548,290.0
Truck107515,379.0
Truck107550,290.0
Truck107553,290.0
Truck107554,290.0
Truck107529,358.0
Truck107556,290.0
Truck107557,290.0
Truck107558,290.0
Truck107559,290.0
Truck107538,342.0
Truck107561,290.0
Truck107544,336.0
Truck107564,290.0
Truck107565,290.0
Truck107566,290.0
Truck107567,290.0
Truck107555,323.0
Truck107552,329.0
Truck107568,290.0
Truck107569,290.0
Truck107527,400.0
Truck107563,310.0
Truck107571,290.0
Truck107572,290.0
Truck107539,378.0
Truck107575,290.0
Truck107549,356.0
Truck107576,290.0
Truck107577,290.0
Truck107578,290.0
Truck107579,290.0
Truck107560,339.0
Truck107580,290.0
Truck107570,320.0
Truck107582,290.0
Truck107583,290.0
Truck107562,342.0
Truck107584,290.0
Truck107585,290.0
Truck107586,290.0
Truck107587,290.0
Truck107589,290.0
Truck107573,336.0
Truck107592,290.0
Truck107593,290.0
Truck107594,290.0
Truck107591,305.0
Truck107596,290.0
Truck107597,290.0
Truck107598,290.0
Truck107588,318.0
Truck107590,315.0
Truck107600,290.0
Truck107601,290.0
Truck107602,290.0
Truck107603,290.0
Truck107581,346.0
Truck107551,422.0
Truck107604,290.0
Truck107595,323.0
Truck107608,290.0
Truck107599,320.0
Truck107610,290.0
Truck107611,290.0
Truck107612,290.0
Truck107613,290.0
Truck107614,290.0
Truck107609,309.0
Truck107616,290.0
Truck107617,290.0
Truck107574,399.0
Truck107618,290.0
Truck107619,290.0
Truck107620,290.0
Truck107621,290.0
Truck107605,333.0
Truck107622,290.0
Truck107623,290.0
Truck107625,290.0
Truck107626,290.0
Truck107628,290.0
Truck107629,290.0
Truck107607,346.0
Truck107630,290.0
Truck107606,358.0
Truck107634,290.0
Truck107636,290.0
Truck107637,290.0
Truck107638,290.0
Truck107624,327.0
Truck107641,290.0
Truck107633,312.0
Truck107643,290.0
Truck107645,290.0
Truck107646,290.0
Truck107647,290.0
Truck107642,305.0
Truck107648,290.0
Truck107649,290.0
Truck107615,377.0
Truck107640,312.0
Truck107627,348.0
Truck107651,290.0
Truck107631,345.0
Truck107652,290.0
Truck107653,290.0
Truck107639,326.0
Truck107644,311.0
Truck107632,345.0
Truck107654,290.0
Truck107660,290.0
Truck107661,290.0
Truck107650,318.0
Truck107662,290.0
Truck107663,290.0
Truck107664,290.0
Truck107666,290.0
Truck107667,290.0
Truck107635,374.0
Truck107657,319.0
Truck107668,290.0
Truck107669,290.0
Truck107659,317.0
Truck107658,319.0
Truck107670,290.0
Truck107671,290.0
Truck107665,307.0
Truck107672,290.0
Truck107673,290.0
Truck107656,333.0
Truck107674,290.0
Truck107676,290.0
Truck107679,290.0
Truck107680,290.0
Truck107681,290.0
Truck107682,290.0
Truck107683,290.0
Truck107684,290.0
Truck107686,290.0
Truck107687,290.0
Truck107688,290.0
Truck107690,290.0
Truck107691,290.0
Truck107677,327.0
Truck107692,290.0
Truck107693,290.0
Truck107694,290.0
Truck107695,290.0
Truck107675,344.0
Truck107696,290.0
Truck107697,290.0
Truck107678,340.0
Truck107698,290.0
Truck107689,320.0
Truck107704,290.0
Truck107706,290.0
Truck107685,349.0
Truck107701,310.0
Truck107703,305.0
Truck107708,290.0
Truck107710,290.0
Truck107711,290.0
Truck107713,290.0
Truck107655,440.0
Truck107714,290.0
Truck107715,290.0
Truck107709,314.0
Truck107718,290.0
Truck107719,290.0
Truck107720,290.0
Truck107699,347.0
Truck107722,290.0
Truck107723,290.0
Truck107700,348.0
Truck107724,290.0
Truck107725,290.0
Truck107707,339.0
Truck107726,290.0
Truck107702,351.0
Truck107721,309.0
Truck107728,290.0
Truck107730,290.0
Truck107731,290.0
Truck107732,290.0
Truck107733,290.0
Truck107712,341.0
Truck107736,290.0
Truck107737,290.0
Truck107738,290.0
Truck107739,290.0
Truck107740,290.0
Truck107741,290.0
Truck107742,290.0
Truck107743,290.0
Truck107745,290.0
Truck107727,336.0
Truck107746,290.0
Truck107747,290.0
Truck107716,369.0
Truck107749,290.0
Truck107751,290.0
Truck107717,376.0
Truck107752,290.0
Truck107753,290.0
Truck107734,339.0
Truck107754,290.0
Truck107755,290.0
Truck107757,290.0
Truck107705,421.0
Truck107759,290.0
Truck107761,290.0
Truck107763,290.0
Truck107729,376.0
Truck107735,364.0
Truck107765,290.0
Truck107750,330.0
Truck107766,290.0
Truck107767,290.0
Truck107769,290.0
Truck107744,353.0
Truck107770,290.0
Truck107771,290.0
Truck107764,307.0
Truck107760,319.0
Truck107772,290.0
Truck107773,290.0
Truck107748,355.0
Truck107774,290.0
Truck107775,290.0
Truck107768,307.0
Truck107776,290.0
Truck107777,290.0
Truck107756,342.0
Truck107778,290.0
Truck107779,290.0
Truck107780,290.0
Truck107781,290.0
Truck107758,350.0
Truck107782,290.0
Truck107783,290.0
Truck107785,290.0
Truck107786,290.0
Truck107787,290.0
Truck107762,354.0
Truck107788,290.0
Truck107789,290.0
Truck107791,290.0
Truck107792,290.0
Truck107793,290.0
Truck107797,290.0
Truck107798,290.0
Truck107799,290.0
Truck107800,290.0
Truck107802,290.0
Truck107803,290.0
Truck107784,338.0
Truck107804,290.0
Truck107805,290.0
Truck107806,290.0
Truck107808,290.0
Truck107809,290.0
Truck107810,290.0
Truck107811,290.0
Truck107790,342.0
Truck107801,319.0
Truck107813,290.0
Truck107814,290.0
Truck107816,290.0
Truck107794,349.0
Truck107818,290.0
Truck107819,290.0
Truck107796,347.0
Truck107820,290.0
Truck107821,290.0
Truck107823,290.0
Truck107825,290.0
Truck107815,320.0
Truck107826,290.0
Truck107827,290.0
Truck107812,329.0
Truck107828,290.0
Truck107822,306.0
Truck107830,290.0
Truck107832,290.0
Truck107833,290.0
Truck107834,290.0
Truck107835,290.0
Truck107807,361.0
Truck107837,290.0
Truck107838,290.0
Truck107839,290.0
Truck107817,348.0
Truck107841,290.0
Truck107831,319.0
Truck107842,290.0
Truck107843,290.0
Truck107845,290.0
Truck107824,342.0
Truck107846,290.0
Truck107847,290.0
Truck107848,290.0
Truck107849,290.0
Truck107836,322.0
Truck107850,290.0
Truck107851,290.0
Truck107795,432.0
Truck107852,290.0
Truck107854,290.0
Truck107855,290.0
Truck107829,359.0
Truck107856,290.0
Truck107840,333.0
Truck107858,290.0
Truck107859,290.0
Truck107860,290.0
Truck107861,290.0
Truck107863,290.0
Truck107844,340.0
Truck107864,290.0
Truck107865,290.0
Truck107853,323.0
Truck107866,290.0
Truck107867,290.0
Truck107868,290.0
Truck107869,290.0
Truck107857,324.0
Truck107872,290.0
Truck107874,290.0
Truck107875,290.0
Truck107876,290.0
Truck107877,290.0
Truck107878,290.0
Truck107879,290.0
Truck107881,290.0
Truck107882,290.0
Truck107883,290.0
Truck107862,343.0
Truck107870,325.0
Truck107885,290.0
Truck107887,290.0
Truck107888,290.0
Truck107889,290.0
Truck107891,290.0
Truck107892,290.0
Truck107893,290.0
Truck107880,328.0
Truck107896,290.0
Truck107897,290.0
Truck107898,290.0
Truck107899,290.0
Truck107886,324.0
Truck107900,290.0
Truck107901,290.0
Truck107902,290.0
Truck107904,290.0
Truck107905,290.0
Truck107871,379.0
Truck107906,290.0
Truck107907,290.0
Truck107895,322.0
Truck107908,290.0
Truck107909,290.0
Truck107911,290.0
Truck107890,342.0
Truck107873,388.0
Truck107912,290.0
Truck107913,290.0
Truck107903,318.0
Truck107914,290.0
Truck107915,290.0
Truck107916,290.0
Truck107917,290.0
Truck107918,290.0
Truck107919,290.0
Truck107894,352.0
Truck107884,378.0
Truck107910,313.0
Truck107920,290.0
Truck107921,290.0
Truck107924,290.0
Truck107925,290.0
Truck107927,290.0
Truck107928,290.0
Truck107929,290.0
Truck107931,290.0
Truck107923,314.0
Truck107932,290.0
Truck107933,290.0
Truck107934,290.0
Truck107936,290.0
Truck107937,290.0
Truck107938,290.0
Truck107922,335.0
Truck107940,290.0
Truck107926,327.0
Truck107943,290.0
Truck107945,290.0
Truck107941,305.0
Truck107946,290.0
Truck107947,290.0
Truck107949,290.0
Truck107951,290.0
Truck107952,290.0
Truck107953,290.0
Truck107954,290.0
Truck107955,290.0
Truck107942,322.0
Truck107956,290.0
Truck107957,290.0
Truck107939,339.0
Truck107959,290.0
Truck107960,290.0
Truck107961,290.0
Truck107944,331.0
Truck107948,322.0
Truck107962,290.0
Truck107963,290.0
Truck107930,371.0
Truck107950,324.0
Truck107964,290.0
Truck107965,290.0
Truck107935,367.0
Truck107958,307.0
Truck107968,290.0
Truck107971,290.0
Truck107972,290.0
Truck107973,290.0
Truck107967,307.0
Truck107966,310.0
Truck107974,290.0
Truck107977,290.0
Truck107978,290.0
Truck107979,290.0
Truck107980,290.0
Truck107981,290.0
Truck107982,290.0
Truck107983,290.0
Truck107985,290.0
Truck107986,290.0
Truck107989,290.0
Truck107991,290.0
Truck107975,331.0
Truck107992,290.0
Truck107993,290.0
Truck107987,306.0
Truck107969,355.0
Truck107995,290.0
Truck107996,290.0
Truck107997,290.0
Truck107998,290.0
Truck107999,290.0
Truck107988,316.0
Truck107970,362.0
Truck108000,290.0
Truck108003,290.0
Truck107994,311.0
Truck108004,290.0
Truck108006,290.0
Truck108008,290.0
Truck108010,290.0
Truck108011,290.0
Truck107976,376.0
Truck108002,311.0
Truck108012,290.0
Truck108013,290.0
Truck108014,290.0
Truck108015,290.0
Truck107990,351.0
Truck107984,367.0
Truck108016,290.0
Truck108017,290.0
Truck108009,316.0
Truck108020,290.0
Truck108021,290.0
Truck108022,290.0
Truck108023,290.0
Truck108024,290.0
Truck108026,290.0
Truck108028,290.0
Truck108029,290.0
Truck108007,347.0
Truck108030,290.0
Truck108031,290.0
Truck108032,290.0
Truck108027,306.0
Truck108035,290.0
Truck108025,317.0
Truck108019,334.0
Truck108036,290.0
Truck108037,290.0
Truck108018,337.0
Truck108005,373.0
Truck108038,290.0
Truck108039,290.0
Truck108041,290.0
Truck108001,395.0
Truck108043,290.0
Truck108044,290.0
Truck108047,290.0
Truck108034,325.0
Truck108049,290.0
Truck108050,290.0
Truck108051,290.0
Truck108033,338.0
Truck108052,290.0
Truck108053,290.0
Truck108054,290.0
Truck108055,290.0
Truck108045,316.0
Truck108056,290.0
Truck108059,290.0
Truck108060,290.0
Truck108061,290.0
Truck108042,338.0
Truck108062,290.0
Truck108063,290.0
Truck108064,290.0
Truck108065,290.0
Truck108046,337.0
Truck108067,290.0
Truck108068,290.0
Truck108069,290.0
Truck108070,290.0
Truck108071,290.0
Truck108048,348.0
Truck108072,290.0
Truck108073,290.0
Truck108074,290.0
Truck108075,290.0
Truck108076,290.0
Truck108077,290.0
Truck108066,317.0
Truck108079,290.0
Truck108040,387.0
Truck108057,349.0
Truck108080,290.0
Truck108081,290.0
Truck108083,290.0
Truck108085,290.0
Truck108086,290.0
Truck108087,290.0
Truck108078,314.0
Truck108089,290.0
Truck108091,290.0
Truck108092,290.0
Truck108093,290.0
Truck108094,290.0
Truck108058,385.0
Truck108096,290.0
Truck108097,290.0
Truck108090,307.0
Truck108098,290.0
Truck108099,290.0
Truck108084,328.0
Truck108082,335.0
Truck108100,290.0
Truck108101,290.0
Truck108095,309.0
Truck108102,290.0
Truck108103,290.0
Truck108104,290.0
Truck108105,290.0
Truck108107,290.0
Truck108108,290.0
Truck108109,290.0
Truck108110,290.0
Truck108112,290.0
Truck108113,290.0
Truck108114,290.0
Truck108115,290.0
Truck108116,290.0
Truck108117,290.0
Truck108118,290.0
Truck108106,321.0
Truck108120,290.0
Truck108088,373.0
Truck108122,290.0
Truck108123,290.0
Truck108124,290.0
Truck108127,290.0
Truck108119,313.0
Truck108128,290.0
Truck108131,290.0
Truck108111,345.0
Truck108132,290.0
Truck108133,290.0
Truck108134,290.0
Truck108135,290.0
Truck108136,290.0
Truck108137,290.0
Truck108139,290.0
Truck108140,290.0
Truck108141,290.0
Truck108125,331.0
Truck108130,316.0
Truck108142,290.0
Truck108143,290.0
Truck108126,335.0
Truck108144,290.0
Truck108145,290.0
Truck108146,290.0
Truck108147,290.0
Truck108148,290.0
Truck108149,290.0
Truck108129,342.0
Truck108150,290.0
Truck108152,290.0
Truck108153,290.0
Truck108138,330.0
Truck108154,290.0
Truck108155,290.0
Truck108121,377.0
Truck108156,290.0
Truck108158,290.0
Truck108159,290.0
Truck108160,290.0
Truck108161,290.0
Truck108162,290.0
Truck108163,290.0
Truck108164,290.0
Truck108165,290.0
Truck108167,290.0
Truck108151,334.0
Truck108170,290.0
Truck108171,290.0
Truck108172,290.0
Truck108173,290.0
Truck108175,290.0
Truck108179,290.0
Truck108180,290.0
Truck108181,290.0
Truck108166,328.0
Truck108182,290.0
Truck108183,290.0
Truck108176,309.0
Truck108184,290.0
Truck108174,317.0
Truck108177,313.0
Truck108186,290.0
Truck108187,290.0
Truck108188,290.0
Truck108189,290.0
Truck108157,374.0
Truck108190,290.0
Truck108191,290.0
Truck108169,348.0
Truck108192,290.0
Truck108193,290.0
Truck108194,290.0
Truck108185,317.0
Truck108196,290.0
Truck108197,290.0
Truck108199,290.0
Truck108168,367.0
Truck108200,290.0
Truck108201,290.0
Truck108203,290.0
Truck108204,290.0
Truck108205,290.0
Truck108208,290.0
Truck108211,290.0
Truck108202,314.0
Truck108214,290.0
Truck108216,290.0
Truck108217,290.0
Truck108198,338.0
Truck108218,290.0
Truck108219,290.0
Truck108222,290.0
Truck108224,290.0
Truck108225,290.0
Truck108226,290.0
Truck108227,290.0
Truck108206,342.0
Truck108195,373.0
Truck108210,334.0
Truck108178,415.0
Truck108229,290.0
Truck108212,335.0
Truck108230,290.0
Truck108209,346.0
Truck108215,335.0
Truck108232,290.0
Truck108233,290.0
Truck108234,290.0
Truck108235,290.0
Truck108223,324.0
Truck108236,290.0
Truck108237,290.0
Truck108228,312.0
Truck108238,290.0
Truck108239,290.0
Truck108207,372.0
Truck108240,290.0
Truck108241,290.0
Truck108221,341.0
Truck108242,290.0
Truck108213,366.0
Truck108244,290.0
Truck108245,290.0
Truck108246,290.0
Truck108247,290.0
Truck108248,290.0
Truck108249,290.0
Truck108250,290.0
Truck108251,290.0
Truck108253,290.0
Truck108220,371.0
Truck108258,290.0
Truck108260,290.0
Truck108261,290.0
Truck108252,311.0
Truck108231,368.0
Truck108262,290.0
Truck108263,290.0
Truck108255,311.0
Truck108264,290.0
Truck108265,290.0
Truck108256,314.0
Truck108268,290.0
Truck108243,358.0
Truck108270,290.0
Truck108271,290.0
Truck108273,290.0
Truck108254,339.0
Truck108274,290.0
Truck108275,290.0
Truck108276,290.0
Truck108277,290.0
Truck108267,316.0
Truck108266,320.0
Truck108278,290.0
Truck108279,290.0
Truck108280,290.0
Truck108283,290.0
Truck108284,290.0
Truck108285,290.0
Truck108286,290.0
Truck108287,290.0
Truck108257,366.0
Truck108289,290.0
Truck108290,290.0
Truck108272,339.0
Truck108293,290.0
Truck108294,290.0
Truck108282,325.0
Truck108296,290.0
Truck108299,290.0
Truck108259,391.0
Truck108300,290.0
Truck108301,290.0
Truck108281,344.0
Truck108302,290.0
Truck108269,379.0
Truck108304,290.0
Truck108306,290.0
Truck108307,290.0
Truck108295,322.0
Truck108308,290.0
Truck108291,336.0
Truck108310,290.0
Truck108311,290.0
Truck108313,290.0
Truck108292,344.0
Truck108314,290.0
Truck108315,290.0
Truck108316,290.0
Truck108317,290.0
Truck108319,290.0
Truck108288,366.0
Truck108320,290.0
Truck108322,290.0
Truck108303,341.0
Truck108324,290.0
Truck108325,290.0
Truck108326,290.0
Truck108327,290.0
Truck108305,347.0
Truck108328,290.0
Truck108329,290.0
Truck108309,341.0
Truck108330,290.0
Truck108333,290.0
Truck108298,378.0
Truck108334,290.0
Truck108312,347.0
Truck108321,327.0
Truck108297,388.0
Truck108336,290.0
Truck108337,290.0
Truck108323,330.0
Truck108339,290.0
Truck108340,290.0
Truck108342,290.0
Truck108343,290.0
Truck108332,318.0
Truck108344,290.0
Truck108345,290.0
Truck108346,290.0
Truck108347,290.0
Truck108318,364.0
Truck108349,290.0
Truck108331,337.0
Truck108350,290.0
Truck108351,290.0
Truck108352,290.0
Truck108353,290.0
Truck108354,290.0
Truck108355,290.0
Truck108335,342.0
Truck108341,329.0
Truck108356,290.0
Truck108357,290.0
Truck108338,339.0
Truck108358,290.0
Truck108360,290.0
Truck108362,290.0
Truck108363,290.0
Truck108364,290.0
Truck108366,290.0
Truck108368,290.0
Truck108369,290.0
Truck108372,290.0
Truck108373,290.0
Truck108374,290.0
Truck108375,290.0
Truck108348,360.0
Truck108376,290.0
Truck108377,290.0
Truck108367,317.0
Truck108361,335.0
Truck108379,290.0
Truck108359,343.0
Truck108371,313.0
Truck108365,329.0
Truck108380,290.0
Truck108381,290.0
Truck108383,290.0
Truck108385,290.0
Truck108386,290.0
Truck108387,290.0
Truck108388,290.0
Truck108389,290.0
Truck108382,309.0
Truck108390,290.0
Truck108393,290.0
Truck108394,290.0
Truck108370,355.0
Truck108396,290.0
Truck108397,290.0
Truck108398,290.0
Truck108399,290.0
Truck108400,290.0
Truck108402,290.0
Truck108403,290.0
Truck108404,290.0
Truck108405,290.0
Truck108392,322.0
Truck108406,290.0
Truck108407,290.0
Truck108395,325.0
Truck108408,290.0
Truck108384,355.0
Truck108391,340.0
Truck108411,290.0
Truck108412,290.0
Truck108413,290.0
Truck108414,290.0
Truck108416,290.0
Truck108417,290.0
Truck108401,331.0
Truck108410,308.0
Truck108418,290.0
Truck108420,290.0
Truck108422,290.0
Truck108423,290.0
Truck108378,404.0
Truck108424,290.0
Truck108425,290.0
Truck108427,290.0
Truck108428,290.0
Truck108409,342.0
Truck108430,290.0
Truck108431,290.0
Truck108421,319.0
Truck108433,290.0
Truck108415,336.0
Truck108434,290.0
Truck108435,290.0
Truck108436,290.0
Truck108438,290.0
Truck108439,290.0
Truck108440,290.0
Truck108442,290.0
Truck108443,290.0
Truck108429,329.0
Truck108444,290.0
Truck108446,290.0
Truck108447,290.0
Truck108449,290.0
Truck108450,290.0
Truck108432,336.0
Truck108452,290.0
Truck108453,290.0
Truck108419,379.0
Truck108454,290.0
Truck108455,290.0
Truck108457,290.0
Truck108451,309.0
Truck108458,290.0
Truck108459,290.0
Truck108461,290.0
Truck108441,343.0
Truck108462,290.0
Truck108463,290.0
Truck108464,290.0
Truck108465,290.0
Truck108426,390.0
Truck108467,290.0
Truck108468,290.0
Truck108469,290.0
Truck108437,372.0
Truck108445,355.0
Truck108470,290.0
Truck108471,290.0
Truck108448,352.0
Truck108456,333.0
Truck108474,290.0
Truck108475,290.0
Truck108476,290.0
Truck108477,290.0
Truck108466,320.0
Truck108478,290.0
Truck108479,290.0
Truck108480,290.0
Truck108481,290.0
Truck108482,290.0
Truck108483,290.0
Truck108484,290.0
Truck108460,352.0
Truck108486,290.0
Truck108487,290.0
Truck108491,290.0
Truck108493,290.0
Truck108485,312.0
Truck108494,290.0
Truck108495,290.0
Truck108472,347.0
Truck108496,290.0
Truck108497,290.0
Truck108489,315.0
Truck108498,290.0
Truck108499,290.0
Truck108501,290.0
Truck108502,290.0
Truck108473,375.0
Truck108506,290.0
Truck108507,290.0
Truck108488,338.0
Truck108509,290.0
Truck108510,290.0
Truck108511,290.0
Truck108512,290.0
Truck108513,290.0
Truck108515,290.0
Truck108490,353.0
Truck108516,290.0
Truck108517,290.0
Truck108504,322.0
Truck108503,328.0
Truck108519,290.0
Truck108508,316.0
Truck108500,339.0
Truck108522,290.0
Truck108524,290.0
Truck108525,290.0
Truck108505,342.0
Truck108526,290.0
Truck108527,290.0
Truck108492,378.0
Truck108528,290.0
Truck108529,290.0
Truck108530,290.0
Truck108531,290.0
Truck108521,319.0
Truck108534,290.0
Truck108535,290.0
Truck108536,290.0
Truck108537,290.0
Truck108514,346.0
Truck108523,329.0
Truck108538,290.0
Truck108539,290.0
Truck108518,341.0
Truck108540,290.0
Truck108541,290.0
Truck108533,311.0
Truck108542,290.0
Truck108544,290.0
Truck108545,290.0
Truck108546,290.0
Truck108547,290.0
Truck108548,290.0
Truck108549,290.0
Truck108532,340.0
Truck108552,290.0
Truck108553,290.0
Truck108520,373.0
Truck108554,290.0
Truck108555,290.0
Truck108556,290.0
Truck108557,290.0
Truck108558,290.0
Truck108559,290.0
Truck108561,290.0
Truck108562,290.0
Truck108563,290.0
Truck108543,345.0
Truck108564,290.0
Truck108566,290.0
Truck108567,290.0
Truck108569,290.0
Truck108571,290.0
Truck108560,317.0
Truck108572,290.0
Truck108573,290.0
Truck108550,347.0
Truck108551,349.0
Truck108574,290.0
Truck108575,290.0
Truck108576,290.0
Truck108577,290.0
Truck108578,290.0
Truck108579,290.0
Truck108581,290.0
Truck108582,290.0
Truck108584,290.0
Truck108585,290.0
Truck108586,290.0
Truck108587,290.0
Truck108565,349.0
Truck108568,339.0
Truck108589,290.0
Truck108590,290.0
Truck108591,290.0
Truck108570,342.0
Truck108592,290.0
Truck108593,290.0
Truck108595,290.0
Truck108597,290.0
Truck108600,290.0
Truck108601,290.0
Truck108602,290.0
Truck108605,290.0
Truck108599,306.0
Truck108606,290.0
Truck108607,290.0
Truck108580,356.0
Truck108608,290.0
Truck108610,290.0
Truck108603,311.0
Truck108612,290.0
Truck108613,290.0
Truck108588,351.0
Truck108616,290.0
Truck108617,290.0
Truck108594,348.0
Truck108618,290.0
Truck108619,290.0
Truck108620,290.0
Truck108622,290.0
Truck108623,290.0
Truck108624,290.0
Truck108625,290.0
Truck108626,290.0
Truck108627,290.0
Truck108614,324.0
Truck108628,290.0
Truck108629,290.0
Truck108611,336.0
Truck108583,410.0
Truck108630,290.0
Truck108631,290.0
Truck108609,346.0
Truck108632,290.0
Truck108596,383.0
Truck108634,290.0
Truck108604,370.0
Truck108636,290.0
Truck108598,390.0
Truck108638,290.0
Truck108639,290.0
Truck108640,290.0
Truck108621,344.0
Truck108642,290.0
Truck108644,290.0
Truck108615,368.0
Truck108635,318.0
Truck108646,290.0
Truck108647,290.0
Truck108648,290.0
Truck108649,290.0
Truck108650,290.0
Truck108651,290.0
Truck108652,290.0
Truck108653,290.0
Truck108645,313.0
Truck108655,290.0
Truck108656,290.0
Truck108657,290.0
Truck108643,330.0
Truck108658,290.0
Truck108659,290.0
Truck108633,360.0
Truck108660,290.0
Truck108661,290.0
Truck108662,290.0
Truck108665,290.0
Truck108666,290.0
Truck108667,290.0
Truck108670,290.0
Truck108671,290.0
Truck108637,378.0
Truck108672,290.0
Truck108674,290.0
Truck108675,290.0
Truck108676,290.0
Truck108654,349.0
Truck108678,290.0
Truck108680,290.0
Truck108681,290.0
Truck108669,323.0
Truck108663,339.0
Truck108682,290.0
Truck108683,290.0
Truck108664,337.0
Truck108684,290.0
Truck108685,290.0
Truck108686,290.0
Truck108687,290.0
Truck108689,290.0
Truck108673,334.0
Truck108690,290.0
Truck108691,290.0
Truck108641,416.0
Truck108668,349.0
Truck108692,290.0
Truck108693,290.0
Truck108679,330.0
Truck108694,290.0
Truck108695,290.0
Truck108677,336.0
Truck108688,307.0
Truck108697,290.0
Truck108698,290.0
Truck108699,290.0
Truck108700,290.0
Truck108701,290.0
Truck108702,290.0
Truck108703,290.0
Truck108696,306.0
Truck108704,290.0
Truck108705,290.0
Truck108706,290.0
Truck108707,290.0
Truck108708,290.0
Truck108709,290.0
Truck108710,290.0
Truck108711,290.0
Truck108712,290.0
Truck108713,290.0
Truck108714,290.0
Truck108715,290.0
Truck108716,290.0
Truck108717,290.0
Truck108718,290.0
Truck108719,290.0
Truck108720,290.0
Truck108721,290.0
Truck108722,290.0
Truck108723,290.0
Truck108724,290.0
Truck108725,290.0
Truck108728,290.0
Truck108729,290.0
Truck108730,290.0
Truck108731,290.0
Truck108732,290.0
Truck108733,290.0
Truck108735,290.0
Truck108737,290.0
Truck108726,317.0
Truck108738,290.0
Truck108739,290.0
Truck108740,290.0
Truck108727,329.0
Truck108742,290.0
Truck108745,290.0
Truck108747,290.0
Truck108749,290.0
Truck108751,290.0
Truck108744,307.0
Truck108752,290.0
Truck108753,290.0
Truck108754,290.0
Truck108755,290.0
Truck108748,306.0
Truck108734,346.0
Truck108743,330.0
Truck108758,290.0
Truck108759,290.0
Truck108762,290.0
Truck108763,290.0
Truck108736,359.0
Truck108764,290.0
Truck108765,290.0
Truck108741,352.0
Truck108767,290.0
Truck108768,290.0
Truck108769,290.0
Truck108746,346.0
Truck108770,290.0
Truck108772,290.0
Truck108750,347.0
Truck108774,290.0
Truck108775,290.0
Truck108771,305.0
Truck108776,290.0
Truck108777,290.0
Truck108761,331.0
Truck108778,290.0
Truck108779,290.0
Truck108757,349.0
Truck108780,290.0
Truck108781,290.0
Truck108782,290.0
Truck108783,290.0
Truck108766,334.0
Truck108784,290.0
Truck108785,290.0
Truck108786,290.0
Truck108788,290.0
Truck108791,290.0
Truck108760,369.0
Truck108792,290.0
Truck108793,290.0
Truck108756,381.0
Truck108794,290.0
Truck108795,290.0
Truck108796,290.0
Truck108797,290.0
Truck108773,354.0
Truck108787,319.0
Truck108799,290.0
Truck108802,290.0
Truck108803,290.0
Truck108804,290.0
Truck108805,290.0
Truck108806,290.0
Truck108809,290.0
Truck108790,339.0
Truck108810,290.0
Truck108811,290.0
Truck108800,319.0
Truck108812,290.0
Truck108813,290.0
Truck108814,290.0
Truck108815,290.0
Truck108817,290.0
Truck108818,290.0
Truck108819,290.0
Truck108820,290.0
Truck108821,290.0
Truck108789,373.0
Truck108822,290.0
Truck108823,290.0
Truck108824,290.0
Truck108825,290.0
Truck108826,290.0
Truck108827,290.0
Truck108798,368.0
Truck108831,290.0
Truck108816,326.0
Truck108801,368.0
Truck108832,290.0
Truck108833,290.0
Truck108808,351.0
Truck108834,290.0
Truck108829,309.0
Truck108837,290.0
Truck108838,290.0
Truck108839,290.0
Truck108807,374.0
Truck108840,290.0
Truck108841,290.0
Truck108842,290.0
Truck108843,290.0
Truck108846,290.0
Truck108847,290.0
Truck108849,290.0
Truck108828,341.0
Truck108835,329.0
Truck108850,290.0
Truck108851,290.0
Truck108830,342.0
Truck108852,290.0
Truck108853,290.0
Truck108845,314.0
Truck108854,290.0
Truck108855,290.0
Truck108856,290.0
Truck108857,290.0
Truck108858,290.0
Truck108859,290.0
Truck108848,319.0
Truck108861,290.0
Truck108862,290.0
Truck108863,290.0
Truck108865,290.0
Truck108866,290.0
Truck108867,290.0
Truck108868,290.0
Truck108870,290.0
Truck108871,290.0
Truck108873,290.0
Truck108844,361.0
Truck108874,290.0
Truck108875,290.0
Truck108836,387.0
Truck108860,328.0
Truck108876,290.0
Truck108878,290.0
Truck108879,290.0
Truck108880,290.0
Truck108864,331.0
Truck108869,323.0
Truck108882,290.0
Truck108884,290.0
Truck108885,290.0
Truck108886,290.0
Truck108888,290.0
Truck108889,290.0
Truck108877,323.0
Truck108890,290.0
Truck108891,290.0
Truck108892,290.0
Truck108872,341.0
Truck108881,321.0
Truck108895,290.0
Truck108896,290.0
Truck108898,290.0
Truck108900,290.0
Truck108903,290.0
Truck108904,290.0
Truck108905,290.0
Truck108887,339.0
Truck108883,350.0
Truck108906,290.0
Truck108908,290.0
Truck108909,290.0
Truck108897,322.0
Truck108911,290.0
Truck108894,335.0
Truck108913,290.0
Truck108914,290.0
Truck108915,290.0
Truck108893,348.0
Truck108916,290.0
Truck108917,290.0
Truck108918,290.0
Truck108919,290.0
Truck108901,343.0
Truck108922,290.0
Truck108923,290.0
Truck108924,290.0
Truck108925,290.0
Truck108912,323.0
Truck108926,290.0
Truck108927,290.0
Truck108928,290.0
Truck108907,349.0
Truck108930,290.0
Truck108931,290.0
Truck108902,364.0
Truck108934,290.0
Truck108935,290.0
Truck108929,307.0
Truck108936,290.0
Truck108937,290.0
Truck108938,290.0
Truck108932,307.0
Truck108921,338.0
Truck108940,290.0
Truck108899,396.0
Truck108910,373.0
Truck108944,290.0
Truck108945,290.0
Truck108947,290.0
Truck108933,327.0
Truck108948,290.0
Truck108949,290.0
Truck108951,290.0
Truck108943,314.0
Truck108952,290.0
Truck108953,290.0
Truck108954,290.0
Truck108955,290.0
Truck108946,313.0
Truck108956,290.0
Truck108942,330.0
Truck108958,290.0
Truck108959,290.0
Truck108960,290.0
Truck108961,290.0
Truck108962,290.0
Truck108963,290.0
Truck108957,314.0
Truck108939,360.0
Truck108966,290.0
Truck108968,290.0
Truck108970,290.0
Truck108972,290.0
Truck108973,290.0
Truck108920,422.0
Truck108974,290.0
Truck108975,290.0
Truck108976,290.0
Truck108978,290.0
Truck108979,290.0
Truck108980,290.0
Truck108981,290.0
Truck108950,370.0
Truck108983,290.0
Truck108971,321.0
Truck108984,290.0
Truck108985,290.0
Truck108977,313.0
Truck108987,290.0
Truck108967,345.0
Truck108988,290.0
Truck108990,290.0
Truck108991,290.0
Truck108941,418.0
Truck108965,360.0
Truck108992,290.0
Truck108993,290.0
Truck108994,290.0
Truck108996,290.0
Truck108964,371.0
Truck108986,318.0
Truck108998,290.0
Truck109001,290.0
Truck108995,307.0
Truck108989,325.0
Truck109002,290.0
Truck109003,290.0
Truck109005,290.0
Truck109006,290.0
Truck109008,290.0
Truck109009,290.0
Truck109010,290.0
Truck108982,362.0
Truck109012,290.0
Truck109013,290.0
Truck109014,290.0
Truck109016,290.0
Truck109017,290.0
Truck108969,415.0
Truck109019,290.0
Truck108997,348.0
Truck109020,290.0
Truck109021,290.0
Truck108999,347.0
Truck109022,290.0
Truck109023,290.0
Truck109027,290.0
Truck109029,290.0
Truck109030,290.0
Truck109031,290.0
Truck109032,290.0
Truck109033,290.0
Truck109015,337.0
Truck109035,290.0
Truck109000,377.0
Truck109004,370.0
Truck109037,290.0
Truck109007,367.0
Truck109018,338.0
Truck109039,290.0
Truck109041,290.0
Truck109011,370.0
Truck109042,290.0
Truck109043,290.0
Truck109034,313.0
Truck109044,290.0
Truck109046,290.0
Truck109048,290.0
Truck109049,290.0
Truck109050,290.0
Truck109053,290.0
Truck109024,361.0
Truck109040,323.0
Truck109025,364.0
Truck109045,315.0
Truck109055,290.0
Truck109036,338.0
Truck109056,290.0
Truck109058,290.0
Truck109059,290.0
Truck109061,290.0
Truck109062,290.0
Truck109047,334.0
Truck109051,325.0
Truck109064,290.0
Truck109065,290.0
Truck109066,290.0
Truck109067,290.0
Truck109038,365.0
Truck109068,290.0
Truck109069,290.0
Truck109070,290.0
Truck109071,290.0
Truck109028,396.0
Truck109052,336.0
Truck109074,290.0
Truck109075,290.0
Truck109054,342.0
Truck109026,414.0
Truck109077,290.0
Truck109078,290.0
Truck109063,332.0
Truck109057,349.0
Truck109080,290.0
Truck109073,311.0
Truck109082,290.0
Truck109060,348.0
Truck109084,290.0
Truck109085,290.0
Truck109086,290.0
Truck109087,290.0
Truck109088,290.0
Truck109089,290.0
Truck109090,290.0
Truck109091,290.0
Truck109092,290.0
Truck109093,290.0
Truck109094,290.0
Truck109095,290.0
Truck109081,328.0
Truck109096,290.0
Truck109097,290.0
Truck109076,341.0
Truck109083,327.0
Truck109079,338.0
Truck109098,290.0
Truck109099,290.0
Truck109100,290.0
Truck109101,290.0
Truck109102,290.0
Truck109104,290.0
Truck109105,290.0
Truck109106,290.0
Truck109107,290.0
Truck109108,290.0
Truck109109,290.0
Truck109110,290.0
Truck109111,290.0
Truck109113,290.0
Truck109114,290.0
Truck109072,398.0
Truck109116,290.0
Truck109117,290.0
Truck109118,290.0
Truck109119,290.0
Truck109121,290.0
Truck109103,339.0
Truck109122,290.0
Truck109123,290.0
Truck109124,290.0
Truck109126,290.0
Truck109127,290.0
Truck109128,290.0
Truck109129,290.0
Truck109130,290.0
Truck109131,290.0
Truck109133,290.0
Truck109112,343.0
Truck109134,290.0
Truck109135,290.0
Truck109120,326.0
Truck109136,290.0
Truck109115,347.0
Truck109125,325.0
Truck109139,290.0
Truck109132,308.0
Truck109142,290.0
Truck109143,290.0
Truck109144,290.0
Truck109145,290.0
Truck109146,290.0
Truck109147,290.0
Truck109148,290.0
Truck109151,290.0
Truck109152,290.0
Truck109153,290.0
Truck109137,333.0
Truck109154,290.0
Truck109155,290.0
Truck109156,290.0
Truck109157,290.0
Truck109158,290.0
Truck109159,290.0
Truck109140,337.0
Truck109150,312.0
Truck109138,345.0
Truck109163,290.0
Truck109164,290.0
Truck109165,290.0
Truck109141,351.0
Truck109166,290.0
Truck109167,290.0
Truck109149,336.0
Truck109160,309.0
Truck109168,290.0
Truck109170,290.0
Truck109171,290.0
Truck109173,290.0
Truck109174,290.0
Truck109175,290.0
Truck109161,326.0
Truck109178,290.0
Truck109179,290.0
Truck109180,290.0
Truck109181,290.0
Truck109182,290.0
Truck109183,290.0
Truck109169,330.0
Truck109184,290.0
Truck109186,290.0
Truck109188,290.0
Truck109162,358.0
Truck109172,335.0
Truck109191,290.0
Truck109194,290.0
Truck109196,290.0
Truck109197,290.0
Truck109187,319.0
Truck109198,290.0
Truck109199,290.0
Truck109177,348.0
Truck109201,290.0
Truck109176,352.0
Truck109202,290.0
Truck109203,290.0
Truck109204,290.0
Truck109205,290.0
Truck109206,290.0
Truck109207,290.0
Truck109185,348.0
Truck109209,290.0
Truck109190,336.0
Truck109189,344.0
Truck109193,335.0
Truck109210,290.0
Truck109211,290.0
Truck109214,290.0
Truck109215,290.0
Truck109216,290.0
Truck109217,290.0
Truck109200,331.0
Truck109218,290.0
Truck109219,290.0
Truck109220,290.0
Truck109221,290.0
Truck109208,321.0
Truck109223,290.0
Truck109224,290.0
Truck109225,290.0
Truck109192,375.0
Truck109195,370.0
Truck109227,290.0
Truck109228,290.0
Truck109229,290.0
Truck109231,290.0
Truck109232,290.0
Truck109212,346.0
Truck109236,290.0
Truck109213,352.0
Truck109226,320.0
Truck109239,290.0
Truck109222,333.0
Truck109240,290.0
Truck109241,290.0
Truck109242,290.0
Truck109243,290.0
Truck109244,290.0
Truck109245,290.0
Truck109246,290.0
Truck109247,290.0
Truck109248,290.0
Truck109238,317.0
Truck109230,340.0
Truck109250,290.0
Truck109251,290.0
Truck109253,290.0
Truck109233,341.0
Truck109254,290.0
Truck109255,290.0
Truck109235,343.0
Truck109256,290.0
Truck109257,290.0
Truck109258,290.0
Truck109237,347.0
Truck109261,290.0
Truck109262,290.0
Truck109263,290.0
Truck109264,290.0
Truck109265,290.0
Truck109266,290.0
Truck109267,290.0
Truck109252,326.0
Truck109234,375.0
Truck109268,290.0
Truck109270,290.0
Truck109272,290.0
Truck109273,290.0
Truck109249,351.0
Truck109274,290.0
Truck109276,290.0
Truck109278,290.0
Truck109279,290.0
Truck109259,343.0
Truck109282,290.0
Truck109260,349.0
Truck109275,315.0
Truck109284,290.0
Truck109286,290.0
Truck109287,290.0
Truck109288,290.0
Truck109289,290.0
Truck109271,336.0
Truck109290,290.0
Truck109291,290.0
Truck109293,290.0
Truck109285,313.0
Truck109294,290.0
Truck109269,360.0
Truck109297,290.0
Truck109298,290.0
Truck109301,290.0
Truck109302,290.0
Truck109303,290.0
Truck109304,290.0
Truck109305,290.0
Truck109306,290.0
Truck109307,290.0
Truck109280,356.0
Truck109308,290.0
Truck109309,290.0
Truck109281,362.0
Truck109283,359.0
Truck109310,290.0
Truck109292,340.0
Truck109313,290.0
Truck109295,336.0
Truck109314,290.0
Truck109315,290.0
Truck109316,290.0
Truck109318,290.0
Truck109319,290.0
Truck109299,341.0
Truck109300,344.0
Truck109312,314.0
Truck109322,290.0
Truck109323,290.0
Truck109441,290.0
Truck109442,290.0
Truck109443,290.0
Truck109444,290.0
Truck109446,290.0
Truck109448,290.0
Truck109450,290.0
Truck109451,290.0
Truck109452,290.0
Truck109453,290.0
Truck109454,290.0
Truck109455,290.0
Truck109456,290.0
Truck109458,290.0
Truck109460,290.0
Truck109461,290.0
Truck109440,342.0
Truck109445,332.0
Truck109462,290.0
Truck109465,290.0
Truck109467,290.0
Truck109457,318.0
Truck109447,345.0
Truck109468,290.0
Truck109469,290.0
Truck109471,290.0
Truck109472,290.0
Truck109473,290.0
Truck109459,330.0
Truck109474,290.0
Truck109475,290.0
Truck109464,316.0
Truck109466,314.0
Truck109476,290.0
Truck109477,290.0
Truck109478,290.0
Truck109463,333.0
Truck109480,290.0
Truck109481,290.0
Truck109482,290.0
Truck109483,290.0
Truck109484,290.0
Truck109485,290.0
Truck109470,330.0
Truck109487,290.0
Truck109489,290.0
Truck109490,290.0
Truck109491,290.0
Truck109479,323.0
Truck109492,290.0
Truck109493,290.0
Truck109494,290.0
Truck109495,290.0
Truck109497,290.0
Truck109499,290.0
Truck109501,290.0
Truck109449,425.0
Truck109502,290.0
Truck109503,290.0
Truck109504,290.0
Truck109505,290.0
Truck109506,290.0
Truck109509,290.0
Truck109488,343.0
Truck109510,290.0
Truck109511,290.0
Truck109512,290.0
Truck109513,290.0
Truck109498,326.0
Truck109500,324.0
Truck109515,290.0
Truck109516,290.0
Truck109518,290.0
Truck109519,290.0
Truck109520,290.0
Truck109521,290.0
Truck109496,355.0
Truck109522,290.0
Truck109523,290.0
Truck109486,382.0
Truck109524,290.0
Truck109525,290.0
Truck109526,290.0
Truck109527,290.0
Truck109517,318.0
Truck109528,290.0
Truck109529,290.0
Truck109532,290.0
Truck109533,290.0
Truck109514,343.0
Truck109536,290.0
Truck109537,290.0
Truck109530,309.0
Truck109541,290.0
Truck109542,290.0
Truck109508,378.0
Truck109545,290.0
Truck109547,290.0
Truck109540,310.0
Truck109548,290.0
Truck109550,290.0
Truck109551,290.0
Truck109507,402.0
Truck109552,290.0
Truck109535,336.0
Truck109554,290.0
Truck109555,290.0
Truck109534,341.0
Truck109538,334.0
Truck109544,320.0
Truck109556,290.0
Truck109558,290.0
Truck109559,290.0
Truck109553,307.0
Truck109560,290.0
Truck109531,366.0
Truck109539,348.0
Truck109562,290.0
Truck109557,307.0
Truck109565,290.0
Truck109566,290.0
Truck109567,290.0
Truck109543,352.0
Truck109549,338.0
Truck109569,290.0
Truck109563,309.0
Truck109570,290.0
Truck109572,290.0
Truck109546,358.0
Truck109574,290.0
Truck109575,290.0
Truck109576,290.0
Truck109577,290.0
Truck109561,333.0
Truck109578,290.0
Truck109579,290.0
Truck109580,290.0
Truck109581,290.0
Truck109582,290.0
Truck109585,290.0
Truck109586,290.0
Truck109587,290.0
Truck109588,290.0
Truck109589,290.0
Truck109568,342.0
Truck109590,290.0
Truck109592,290.0
Truck109593,290.0
Truck109594,290.0
Truck109596,290.0
Truck109573,351.0
Truck109598,290.0
Truck109599,290.0
Truck109564,376.0
Truck109571,365.0
Truck109600,290.0
Truck109601,290.0
Truck109603,290.0
Truck109605,290.0
Truck109584,344.0
Truck109591,330.0
Truck109606,290.0
Truck109607,290.0
Truck109608,290.0
Truck109609,290.0
Truck109610,290.0
Truck109595,333.0
Truck109612,290.0
Truck109613,290.0
Truck109604,314.0
Truck109615,290.0
Truck109616,290.0
Truck109617,290.0
Truck109597,345.0
Truck109619,290.0
Truck109621,290.0
Truck109622,290.0
Truck109623,290.0
Truck109614,315.0
Truck109624,290.0
Truck109583,400.0
Truck109627,290.0
Truck109628,290.0
Truck109629,290.0
Truck109620,315.0
Truck109630,290.0
Truck109631,290.0
Truck109602,364.0
Truck109632,290.0
Truck109611,346.0
Truck109634,290.0
Truck109635,290.0
Truck109636,290.0
Truck109625,325.0
Truck109638,290.0
Truck109639,290.0
Truck109618,346.0
Truck109642,290.0
Truck109644,290.0
Truck109645,290.0
Truck109637,315.0
Truck109647,290.0
Truck109641,308.0
Truck109649,290.0
Truck109651,290.0
Truck109633,337.0
Truck109652,290.0
Truck109653,290.0
Truck109640,325.0
Truck109654,290.0
Truck109655,290.0
Truck109656,290.0
Truck109646,320.0
Truck109660,290.0
Truck109661,290.0
Truck109662,290.0
Truck109663,290.0
Truck109626,383.0
Truck109665,290.0
Truck109666,290.0
Truck109667,290.0
Truck109668,290.0
Truck109670,290.0
Truck109648,347.0
Truck109650,345.0
Truck109672,290.0
Truck109673,290.0
Truck109675,290.0
Truck109658,334.0
Truck109657,340.0
Truck109677,290.0
Truck109678,290.0
Truck109679,290.0
Truck109680,290.0
Truck109681,290.0
Truck109664,331.0
Truck109683,290.0
Truck109684,290.0
Truck109685,290.0
Truck109659,358.0
Truck109687,290.0
Truck109671,335.0
Truck109643,410.0
Truck109690,290.0
Truck109691,290.0
Truck109692,290.0
Truck109693,290.0
Truck109688,307.0
Truck109697,290.0
Truck109698,290.0
Truck109699,290.0
Truck109676,348.0
Truck109686,324.0
Truck109701,290.0
Truck109702,290.0
Truck109703,290.0
Truck109705,290.0
Truck109682,347.0
Truck109696,312.0
Truck109695,318.0
Truck109674,370.0
Truck109706,290.0
Truck109708,290.0
Truck109709,290.0
Truck109710,290.0
Truck109711,290.0
Truck109669,398.0
Truck109712,290.0
Truck109713,290.0
Truck109714,290.0
Truck109715,290.0
Truck109707,315.0
Truck109716,290.0
Truck109717,290.0
Truck109719,290.0
Truck109721,290.0
Truck109689,375.0
Truck109722,290.0
Truck109723,290.0
Truck109700,347.0
Truck109724,290.0
Truck109725,290.0
Truck109694,366.0
Truck109726,290.0
Truck109727,290.0
Truck109720,306.0
Truck109729,290.0
Truck109731,290.0
Truck109733,290.0
Truck109735,290.0
Truck109736,290.0
Truck109737,290.0
Truck109718,340.0
Truck109738,290.0
Truck109739,290.0
Truck109704,378.0
Truck109742,290.0
Truck109743,290.0
Truck109734,318.0
Truck109746,290.0
Truck109728,337.0
Truck109748,290.0
Truck109730,341.0
Truck109753,290.0
Truck109732,344.0
Truck109754,290.0
Truck109755,290.0
Truck109757,290.0
Truck109758,290.0
Truck109759,290.0
Truck109745,326.0
Truck109740,340.0
Truck109747,325.0
Truck109760,290.0
Truck109761,290.0
Truck109762,290.0
Truck109763,290.0
Truck109752,317.0
Truck109741,349.0
Truck109764,290.0
Truck109765,290.0
Truck109767,290.0
Truck109768,290.0
Truck109769,290.0
Truck109771,290.0
Truck109772,290.0
Truck109773,290.0
Truck109774,290.0
Truck109775,290.0
Truck109756,337.0
Truck109749,358.0
Truck109776,290.0
Truck109777,290.0
Truck109778,290.0
Truck109750,361.0
Truck109780,290.0
Truck109751,368.0
Truck109783,290.0
Truck109766,333.0
Truck109785,290.0
Truck109786,290.0
Truck109787,290.0
Truck109788,290.0
Truck109781,311.0
Truck109770,337.0
Truck109790,290.0
Truck109792,290.0
Truck109793,290.0
Truck109794,290.0
Truck109795,290.0
Truck109744,418.0
Truck109782,325.0
Truck109789,310.0
Truck109797,290.0
Truck109800,290.0
Truck109801,290.0
Truck109779,349.0
Truck109802,290.0
Truck109803,290.0
Truck109804,290.0
Truck109805,290.0
Truck109806,290.0
Truck109791,333.0
Truck109808,290.0
Truck109796,323.0
Truck109810,290.0
Truck109811,290.0
Truck109812,290.0
Truck109813,290.0
Truck109814,290.0
Truck109799,335.0
Truck109819,290.0
Truck109820,290.0
Truck109798,347.0
Truck109823,290.0
Truck109816,308.0
Truck109824,290.0
Truck109825,290.0
Truck109827,290.0
Truck109817,319.0
Truck109831,290.0
Truck109832,290.0
Truck109833,290.0
Truck109807,356.0
Truck109834,290.0
Truck109835,290.0
Truck109815,344.0
Truck109830,305.0
Truck109836,290.0
Truck109837,290.0
Truck109838,290.0
Truck109839,290.0
Truck109826,321.0
Truck109818,343.0
Truck109841,290.0
Truck109821,344.0
Truck109842,290.0
Truck109809,378.0
Truck109845,290.0
Truck109822,349.0
Truck109846,290.0
Truck109847,290.0
Truck109828,336.0
Truck109849,290.0
Truck109784,455.0
Truck109850,290.0
Truck109851,290.0
Truck109829,348.0
Truck109853,290.0
Truck109855,290.0
Truck109856,290.0
Truck109857,290.0
Truck109843,326.0
Truck109860,290.0
Truck109861,290.0
Truck109840,345.0
Truck109863,290.0
Truck109844,340.0
Truck109864,290.0
Truck109865,290.0
Truck109859,310.0
Truck109867,290.0
Truck109868,290.0
Truck109869,290.0
Truck109870,290.0
Truck109871,290.0
Truck109848,347.0
Truck109852,338.0
Truck109872,290.0
Truck109873,290.0
Truck109874,290.0
Truck109875,290.0
Truck109876,290.0
Truck109877,290.0
Truck109858,337.0
Truck109878,290.0
Truck109879,290.0
Truck109880,290.0
Truck109881,290.0
Truck109862,336.0
Truck109882,290.0
Truck109883,290.0
Truck109884,290.0
Truck109885,290.0
Truck109866,340.0
Truck109886,290.0
Truck109888,290.0
Truck109889,290.0
Truck109890,290.0
Truck109891,290.0
Truck109892,290.0
Truck109893,290.0
Truck109894,290.0
Truck109895,290.0
Truck109896,290.0
Truck109899,290.0
Truck109901,290.0
Truck109902,290.0
Truck109897,315.0
Truck109907,290.0
Truck109900,309.0
Truck109909,290.0
Truck109854,429.0
Truck109910,290.0
Truck109911,290.0
Truck109904,306.0
Truck109912,290.0
Truck109913,290.0
Truck109915,290.0
Truck109916,290.0
Truck109917,290.0
Truck109887,367.0
Truck109906,318.0
Truck109918,290.0
Truck109920,290.0
Truck109921,290.0
Truck109922,290.0
Truck109923,290.0
Truck109905,339.0
Truck109925,290.0
Truck109908,332.0
Truck109927,290.0
Truck109929,290.0
Truck109919,324.0
Truck109932,290.0
Truck109933,290.0
Truck109924,312.0
Truck109935,290.0
Truck109903,379.0
Truck109938,290.0
Truck109939,290.0
Truck109940,290.0
Truck109941,290.0
Truck109942,290.0
Truck109943,290.0
Truck109937,307.0
Truck109931,325.0
Truck109914,369.0
Truck109946,290.0
Truck109947,290.0
Truck109898,413.0
Truck109934,324.0
Truck109949,290.0
Truck109930,339.0
Truck109950,290.0
Truck109951,290.0
Truck109952,290.0
Truck109953,290.0
Truck109954,290.0
Truck109955,290.0
Truck109936,340.0
Truck109957,290.0
Truck109958,290.0
Truck109960,290.0
Truck109961,290.0
Truck109945,331.0
Truck109926,377.0
Truck109928,372.0
Truck109967,290.0
Truck109948,338.0
Truck109970,290.0
Truck109973,290.0
Truck109975,290.0
Truck109956,338.0
Truck109963,327.0
Truck109964,322.0
Truck109978,290.0
Truck109979,290.0
Truck109944,379.0
Truck109980,290.0
Truck109981,290.0
Truck109982,290.0
Truck109977,309.0
Truck109985,290.0
Truck109971,330.0
Truck109987,290.0
Truck109969,340.0
Truck109989,290.0
Truck109990,290.0
Truck109991,290.0
Truck109992,290.0
Truck109993,290.0
Truck109965,363.0
Truck109983,319.0
Truck109974,340.0
Truck109994,290.0
Truck109995,290.0
Truck109968,358.0
Truck109962,375.0
Truck109996,290.0
Truck109997,290.0
Truck109998,290.0
Truck109959,391.0
Truck109976,347.0
Truck109966,375.0
Truck110001,290.0
Truck110003,290.0
Truck110004,290.0
Truck110005,290.0
Truck109972,371.0
Truck109999,308.0
Truck110006,290.0
Truck109984,346.0
Truck109988,336.0
Truck110008,290.0
Truck110009,290.0
Truck109986,348.0
Truck110010,290.0
Truck110011,290.0
Truck110012,290.0
Truck110013,290.0
Truck110014,290.0
Truck110015,290.0
Truck110016,290.0
Truck110017,290.0
Truck110018,290.0
Truck110019,290.0
Truck110000,340.0
Truck110020,290.0
Truck110021,290.0
Truck110022,290.0
Truck110023,290.0
Truck110024,290.0
Truck110025,290.0
Truck110026,290.0
Truck110027,290.0
Truck110028,290.0
Truck110029,290.0
Truck110002,360.0
Truck110031,290.0
Truck110032,290.0
Truck110033,290.0
Truck110034,290.0
Truck110035,290.0
Truck110037,290.0
Truck110038,290.0
Truck110040,290.0
Truck110041,290.0
Truck110042,290.0
Truck110045,290.0
Truck110046,290.0
Truck110030,331.0
Truck110048,290.0
Truck110050,290.0
Truck110051,290.0
Truck110007,404.0
Truck110052,290.0
Truck110053,290.0
Truck110039,326.0
Truck110043,319.0
Truck110054,290.0
Truck110055,290.0
Truck110044,316.0
Truck110056,290.0
Truck110057,290.0
Truck110058,290.0
Truck110062,290.0
Truck110063,290.0
Truck110047,335.0
Truck110064,290.0
Truck110065,290.0
Truck110036,366.0
Truck110068,290.0
Truck110070,290.0
Truck110060,317.0
Truck110072,290.0
Truck110074,290.0
Truck110075,290.0
Truck110076,290.0
Truck110077,290.0
Truck110059,338.0
Truck110066,320.0
Truck110078,290.0
Truck110079,290.0
Truck110080,290.0
Truck110081,290.0
Truck110083,290.0
Truck110049,379.0
Truck110061,349.0
Truck110067,335.0
Truck110084,290.0
Truck110086,290.0
Truck110087,290.0
Truck110088,290.0
Truck110073,335.0
Truck110090,290.0
Truck110091,290.0
Truck110069,348.0
Truck110092,290.0
Truck110093,290.0
Truck110085,311.0
Truck110094,290.0
Truck110095,290.0
Truck110071,351.0
Truck110089,308.0
Truck110096,290.0
Truck110097,290.0
Truck110098,290.0
Truck110100,290.0
Truck110101,290.0
Truck110102,290.0
Truck110103,290.0
Truck110104,290.0
Truck110106,290.0
Truck110107,290.0
Truck110108,290.0
Truck110109,290.0
Truck110110,290.0
Truck110111,290.0
Truck110112,290.0
Truck110114,290.0
Truck110115,290.0
Truck110082,371.0
Truck110099,333.0
Truck110116,290.0
Truck110117,290.0
Truck110118,290.0
Truck110120,290.0
Truck110122,290.0
Truck110123,290.0
Truck110105,340.0
Truck110124,290.0
Truck110126,290.0
Truck110119,311.0
Truck110128,290.0
Truck110113,331.0
Truck110130,290.0
Truck110132,290.0
Truck110134,290.0
Truck110135,290.0
Truck110129,309.0
Truck110136,290.0
Truck110139,290.0
Truck110125,327.0
Truck110140,290.0
Truck110141,290.0
Truck110142,290.0
Truck110143,290.0
Truck110145,290.0
Truck110121,355.0
Truck110146,290.0
Truck110147,290.0
Truck110148,290.0
Truck110149,290.0
Truck110150,290.0
Truck110151,290.0
Truck110131,344.0
Truck110153,290.0
Truck110154,290.0
Truck110133,348.0
Truck110137,344.0
Truck110158,290.0
Truck110159,290.0
Truck110127,372.0
Truck110160,290.0
Truck110161,290.0
Truck110162,290.0
Truck110163,290.0
Truck110144,339.0
Truck110164,290.0
Truck110165,290.0
Truck110166,290.0
Truck110168,290.0
Truck110156,324.0
Truck110157,325.0
Truck110171,290.0
Truck110152,338.0
Truck110138,374.0
Truck110173,290.0
Truck110174,290.0
Truck110175,290.0
Truck110176,290.0
Truck110177,290.0
Truck110167,320.0
Truck110178,290.0
Truck110179,290.0
Truck110172,307.0
Truck110180,290.0
Truck110181,290.0
Truck110169,325.0
Truck110184,290.0
Truck110186,290.0
Truck110187,290.0
Truck110155,376.0
Truck110182,308.0
Truck110191,290.0
Truck110192,290.0
Truck110193,290.0
Truck110194,290.0
Truck110195,290.0
Truck110198,290.0
Truck110200,290.0
Truck110201,290.0
Truck110202,290.0
Truck110203,290.0
Truck110170,372.0
Truck110183,344.0
Truck110204,290.0
Truck110205,290.0
Truck110189,332.0
Truck110190,327.0
Truck110206,290.0
Truck110188,337.0
Truck110208,290.0
Truck110209,290.0
Truck110210,290.0
Truck110212,290.0
Truck110213,290.0
Truck110197,333.0
Truck110207,310.0
Truck110214,290.0
Truck110215,290.0
Truck110217,290.0
Truck110185,375.0
Truck110218,290.0
Truck110219,290.0
Truck110220,290.0
Truck110221,290.0
Truck110222,290.0
Truck110223,290.0
Truck110224,290.0
Truck110225,290.0
Truck110226,290.0
Truck110227,290.0
Truck110228,290.0
Truck110229,290.0
Truck110211,338.0
Truck110230,290.0
Truck110231,290.0
Truck110232,290.0
Truck110233,290.0
Truck110235,290.0
Truck110196,387.0
Truck110216,340.0
Truck110236,290.0
Truck110237,290.0
Truck110238,290.0
Truck110239,290.0
Truck110240,290.0
Truck110241,290.0
Truck110234,308.0
Truck110242,290.0
Truck110243,290.0
Truck110244,290.0
Truck110245,290.0
Truck110199,409.0
Truck110246,290.0
Truck110247,290.0
Truck110248,290.0
Truck110249,290.0
Truck110251,290.0
Truck110252,290.0
Truck110253,290.0
Truck110255,290.0
Truck110257,290.0
Truck110258,290.0
Truck110259,290.0
Truck110260,290.0
Truck110261,290.0
Truck110262,290.0
Truck110265,290.0
Truck110266,290.0
Truck110267,290.0
Truck110269,290.0
Truck110254,326.0
Truck110263,308.0
Truck110270,290.0
Truck110271,290.0
Truck110250,344.0
Truck110272,290.0
Truck110273,290.0
Truck110256,334.0
Truck110274,290.0
Truck110264,317.0
Truck110276,290.0
Truck110277,290.0
Truck110278,290.0
Truck110279,290.0
Truck110275,313.0
Truck110284,290.0
Truck110285,290.0
Truck110286,290.0
Truck110289,290.0
Truck110290,290.0
Truck110268,347.0
Truck110280,318.0
Truck110292,290.0
Truck110293,290.0
Truck110295,290.0
Truck110288,310.0
Truck110296,290.0
Truck110297,290.0
Truck110291,314.0
Truck110300,290.0
Truck110281,344.0
Truck110303,290.0
Truck110282,341.0
Truck110287,334.0
Truck110305,290.0
Truck110299,307.0
Truck110306,290.0
Truck110307,290.0
Truck110309,290.0
Truck110294,327.0
Truck110310,290.0
Truck110311,290.0
Truck110283,362.0
Truck110312,290.0
Truck110313,290.0
Truck110302,318.0
Truck110314,290.0
Truck110315,290.0
Truck110317,290.0
Truck110301,333.0
Truck110318,290.0
Truck110319,290.0
Truck110320,290.0
Truck110298,347.0
Truck110322,290.0
Truck110323,290.0
Truck110316,310.0
Truck110326,290.0
Truck110327,290.0
Truck110304,349.0
Truck110329,290.0
Truck110330,290.0
Truck110331,290.0
Truck110332,290.0
Truck110336,290.0
Truck110337,290.0
Truck110338,290.0
Truck110339,290.0
Truck110340,290.0
Truck110341,290.0
Truck110308,371.0
Truck110334,309.0
Truck110342,290.0
Truck110343,290.0
Truck110324,338.0
Truck110344,290.0
Truck110345,290.0
Truck110348,290.0
Truck110349,290.0
Truck110350,290.0
Truck110351,290.0
Truck110321,366.0
Truck110353,290.0
Truck110354,290.0
Truck110355,290.0
Truck110325,366.0
Truck110333,346.0
Truck110328,359.0
Truck110356,290.0
Truck110357,290.0
Truck110358,290.0
Truck110359,290.0
Truck110360,290.0
Truck110361,290.0
Truck110352,315.0
Truck110363,290.0
Truck110364,290.0
Truck110365,290.0
Truck110347,336.0
Truck110346,340.0
Truck110368,290.0
Truck110369,290.0
Truck110335,376.0
Truck110370,290.0
Truck110371,290.0
Truck110372,290.0
Truck110367,307.0
Truck110374,290.0
Truck110375,290.0
Truck110376,290.0
Truck110377,290.0
Truck110378,290.0
Truck110379,290.0
Truck110362,333.0
Truck110380,290.0
Truck110381,290.0
Truck110382,290.0
Truck110383,290.0
Truck110385,290.0
Truck110389,290.0
Truck110390,290.0
Truck110391,290.0
Truck110373,337.0
Truck110393,290.0
Truck110394,290.0
Truck110395,290.0
Truck110388,306.0
Truck110397,290.0
Truck110386,316.0
Truck110399,290.0
Truck110392,309.0
Truck110401,290.0
Truck110384,334.0
Truck110402,290.0
Truck110405,290.0
Truck110406,290.0
Truck110396,320.0
Truck110409,290.0
Truck110411,290.0
Truck110404,311.0
Truck110366,407.0
Truck110416,290.0
Truck110417,290.0
Truck110398,337.0
Truck110410,311.0
Truck110420,290.0
Truck110421,290.0
Truck110407,327.0
Truck110387,378.0
Truck110400,343.0
Truck110422,290.0
Truck110423,290.0
Truck110403,344.0
Truck110424,290.0
Truck110425,290.0
Truck110419,307.0
Truck110426,290.0
Truck110427,290.0
Truck110408,339.0
Truck110429,290.0
Truck110430,290.0
Truck110431,290.0
Truck110413,338.0
Truck110432,290.0
Truck110433,290.0
Truck110415,339.0
Truck110414,340.0
Truck110434,290.0
Truck110435,290.0
Truck110418,332.0
Truck110436,290.0
Truck110438,290.0
Truck110439,290.0
Truck110442,290.0
Truck110444,290.0
Truck110445,290.0
Truck110437,314.0
Truck110446,290.0
Truck110447,290.0
Truck110448,290.0
Truck110450,290.0
Truck110412,389.0
Truck110452,290.0
Truck110453,290.0
Truck110428,354.0
Truck110454,290.0
Truck110441,327.0
Truck110456,290.0
Truck110457,290.0
Truck110458,290.0
Truck110440,344.0
Truck110462,290.0
Truck110463,290.0
Truck110443,345.0
Truck110464,290.0
Truck110466,290.0
Truck110449,337.0
Truck110468,290.0
Truck110469,290.0
Truck110460,314.0
Truck110470,290.0
Truck110473,290.0
Truck110455,339.0
Truck110474,290.0
Truck110475,290.0
Truck110461,327.0
Truck110451,354.0
Truck110459,339.0
Truck110478,290.0
Truck110479,290.0
Truck110465,330.0
Truck110480,290.0
Truck110476,306.0
Truck110484,290.0
Truck110472,322.0
Truck110467,340.0
Truck110486,290.0
Truck110488,290.0
Truck110489,290.0
Truck110482,308.0
Truck110483,309.0
Truck110490,290.0
Truck110491,290.0
Truck110492,290.0
Truck110493,290.0
Truck110487,306.0
Truck110494,290.0
Truck110495,290.0
Truck110496,290.0
Truck110497,290.0
Truck110471,356.0
Truck110498,290.0
Truck110477,347.0
Truck110501,290.0
Truck110503,290.0
Truck110504,290.0
Truck110505,290.0
Truck110506,290.0
Truck110507,290.0
Truck110485,349.0
Truck110508,290.0
Truck110499,316.0
Truck110511,290.0
Truck110481,370.0
Truck110512,290.0
Truck110513,290.0
Truck110514,290.0
Truck110516,290.0
Truck110517,290.0
Truck110519,290.0
Truck110521,290.0
Truck110522,290.0
Truck110523,290.0
Truck110524,290.0
Truck110527,290.0
Truck110510,335.0
Truck110528,290.0
Truck110500,361.0
Truck110515,327.0
Truck110502,360.0
Truck110532,290.0
Truck110533,290.0
Truck110534,290.0
Truck110535,290.0
Truck110536,290.0
Truck110537,290.0
Truck110525,324.0
Truck110539,290.0
Truck110518,342.0
Truck110520,338.0
Truck110540,290.0
Truck110509,373.0
Truck110542,290.0
Truck110543,290.0
Truck110529,326.0
Truck110545,290.0
Truck110546,290.0
Truck110548,290.0
Truck110526,346.0
Truck110550,290.0
Truck110551,290.0
Truck110541,319.0
Truck110538,325.0
Truck110552,290.0
Truck110553,290.0
Truck110531,347.0
Truck110554,290.0
Truck110555,290.0
Truck110558,290.0
Truck110559,290.0
Truck110560,290.0
Truck110561,290.0
Truck110530,367.0
Truck110562,290.0
Truck110557,309.0
Truck110564,290.0
Truck110565,290.0
Truck110566,290.0
Truck110567,290.0
Truck110544,347.0
Truck110568,290.0
Truck110569,290.0
Truck110563,306.0
Truck110570,290.0
Truck110572,290.0
Truck110573,290.0
Truck110574,290.0
Truck110575,290.0
Truck110549,358.0
Truck110571,305.0
Truck110576,290.0
Truck110577,290.0
Truck110556,341.0
Truck110578,290.0
Truck110579,290.0
Truck110580,290.0
Truck110581,290.0
Truck110583,290.0
Truck110585,290.0
Truck110547,389.0
Truck110588,290.0
Truck110582,312.0
Truck110592,290.0
Truck110593,290.0
Truck110586,309.0
Truck110594,290.0
Truck110595,290.0
Truck110596,290.0
Truck110597,290.0
Truck110598,290.0
Truck110599,290.0
Truck110600,290.0
Truck110601,290.0
Truck110602,290.0
Truck110603,290.0
Truck110591,325.0
Truck110604,290.0
Truck110605,290.0
Truck110584,345.0
Truck110606,290.0
Truck110607,290.0
Truck110610,290.0
Truck110590,344.0
Truck110612,290.0
Truck110613,290.0
Truck110614,290.0
Truck110615,290.0
Truck110616,290.0
Truck110617,290.0
Truck110608,315.0
Truck110618,290.0
Truck110619,290.0
Truck110620,290.0
Truck110587,377.0
Truck110622,290.0
Truck110623,290.0
Truck110589,377.0
Truck110625,290.0
Truck110626,290.0
Truck110627,290.0
Truck110611,334.0
Truck110628,290.0
Truck110630,290.0
Truck110631,290.0
Truck110635,290.0
Truck110636,290.0
Truck110637,290.0
Truck110629,311.0
Truck110638,290.0
Truck110639,290.0
Truck110609,367.0
Truck110632,309.0
Truck110640,290.0
Truck110621,345.0
Truck110642,290.0
Truck110643,290.0
Truck110645,290.0
Truck110646,290.0
Truck110647,290.0
Truck110648,290.0
Truck110651,290.0
Truck110624,360.0
Truck110652,290.0
Truck110653,290.0
Truck110634,338.0
Truck110654,290.0
Truck110633,349.0
Truck110656,290.0
Truck110657,290.0
Truck110658,290.0
Truck110659,290.0
Truck110660,290.0
Truck110661,290.0
Truck110662,290.0
Truck110663,290.0
Truck110664,290.0
Truck110665,290.0
Truck110644,344.0
Truck110666,290.0
Truck110667,290.0
Truck110668,290.0
Truck110669,290.0
Truck110670,290.0
Truck110671,290.0
Truck110641,369.0
Truck110673,290.0
Truck110650,347.0
Truck110674,290.0
Truck110675,290.0
Truck110655,344.0
Truck110677,290.0
Truck110649,361.0
Truck110678,290.0
Truck110679,290.0
Truck110680,290.0
Truck110681,290.0
Truck110683,290.0
Truck110684,290.0
Truck110685,290.0
Truck110686,290.0
Truck110689,290.0
Truck110676,324.0
Truck110691,290.0
Truck110692,290.0
Truck110693,290.0
Truck110687,307.0
Truck110672,344.0
Truck110694,290.0
Truck110695,290.0
Truck110698,290.0
Truck110700,290.0
Truck110682,338.0
Truck110702,290.0
Truck110703,290.0
Truck110704,290.0
Truck110705,290.0
Truck110690,330.0
Truck110697,315.0
Truck110706,290.0
Truck110707,290.0
Truck110709,290.0
Truck110699,317.0
Truck110710,290.0
Truck110711,290.0
Truck110688,349.0
Truck110712,290.0
Truck110714,290.0
Truck110715,290.0
Truck110696,339.0
Truck110716,290.0
Truck110717,290.0
Truck110718,290.0
Truck110719,290.0
Truck110720,290.0
Truck110721,290.0
Truck110722,290.0
Truck110701,346.0
Truck110725,290.0
Truck110728,290.0
Truck110730,290.0
Truck110731,290.0
Truck110732,290.0
Truck110733,290.0
Truck110734,290.0
Truck110708,357.0
Truck110713,347.0
Truck110723,323.0
Truck110737,290.0
Truck110738,290.0
Truck110740,290.0
Truck110741,290.0
Truck110727,328.0
Truck110726,329.0
Truck110745,290.0
Truck110746,290.0
Truck110747,290.0
Truck110724,349.0
Truck110748,290.0
Truck110736,324.0
Truck110750,290.0
Truck110751,290.0
Truck110752,290.0
Truck110735,336.0
Truck110754,290.0
Truck110755,290.0
Truck110729,356.0
Truck110756,290.0
Truck110757,290.0
Truck110759,290.0
Truck110744,330.0
Truck110760,290.0
Truck110761,290.0
Truck110762,290.0
Truck110763,290.0
Truck110764,290.0
Truck110765,290.0
Truck110739,358.0
Truck110742,354.0
Truck110768,290.0
Truck110769,290.0
Truck110743,358.0
Truck110770,290.0
Truck110771,290.0
Truck110758,325.0
Truck110773,290.0
Truck110766,306.0
Truck110774,290.0
Truck110775,290.0
Truck110776,290.0
Truck110777,290.0
Truck110753,352.0
Truck110778,290.0
Truck110779,290.0
Truck110749,366.0
Truck110781,290.0
Truck110782,290.0
Truck110783,290.0
Truck110767,333.0
Truck110784,290.0
Truck110785,290.0
Truck110786,290.0
Truck110787,290.0
Truck110788,290.0
Truck110789,290.0
Truck110790,290.0
Truck110791,290.0
Truck110792,290.0
Truck110793,290.0
Truck110794,290.0
Truck110772,349.0
Truck110796,290.0
Truck110797,290.0
Truck110798,290.0
Truck110800,290.0
Truck110801,290.0
Truck110780,343.0
Truck110802,290.0
Truck110804,290.0
Truck110805,290.0
Truck110806,290.0
Truck110807,290.0
Truck110808,290.0
Truck110809,290.0
Truck110811,290.0
Truck110812,290.0
Truck110815,290.0
Truck110817,290.0
Truck110795,348.0
Truck110813,305.0
Truck110818,290.0
Truck110819,290.0
Truck110820,290.0
Truck110821,290.0
Truck110823,290.0
Truck110825,290.0
Truck110814,318.0
Truck110826,290.0
Truck110827,290.0
Truck110828,290.0
Truck110829,290.0
Truck110799,370.0
Truck110830,290.0
Truck110831,290.0
Truck110832,290.0
Truck110833,290.0
Truck110816,331.0
Truck110834,290.0
Truck110835,290.0
Truck110803,375.0
Truck110836,290.0
Truck110838,290.0
Truck110839,290.0
Truck110840,290.0
Truck110841,290.0
Truck110842,290.0
Truck110837,309.0
Truck110824,340.0
Truck110844,290.0
Truck110845,290.0
Truck110846,290.0
Truck110848,290.0
Truck110849,290.0
Truck110853,290.0
Truck110810,400.0
Truck110855,290.0
Truck110847,314.0
Truck110856,290.0
Truck110857,290.0
Truck110822,377.0
Truck110858,290.0
Truck110859,290.0
Truck110860,290.0
Truck110851,317.0
Truck110852,312.0
Truck110862,290.0
Truck110863,290.0
Truck110864,290.0
Truck110865,290.0
Truck110866,290.0
Truck110854,324.0
Truck110868,290.0
Truck110869,290.0
Truck110873,290.0
Truck110874,290.0
Truck110875,290.0
Truck110843,372.0
Truck110876,290.0
Truck110850,356.0
Truck110867,320.0
Truck110878,290.0
Truck110879,290.0
Truck110872,310.0
Truck110880,290.0
Truck110882,290.0
Truck110883,290.0
Truck110884,290.0
Truck110885,290.0
Truck110887,290.0
Truck110888,290.0
Truck110889,290.0
Truck110890,290.0
Truck110861,368.0
Truck110892,290.0
Truck110893,290.0
Truck110870,346.0
Truck110895,290.0
Truck110897,290.0
Truck110886,320.0
Truck110899,290.0
Truck110877,355.0
Truck110902,290.0
Truck110904,290.0
Truck110905,290.0
Truck110906,290.0
Truck110907,290.0
Truck110903,305.0
Truck110908,290.0
Truck110910,290.0
Truck110911,290.0
Truck110912,290.0
Truck110913,290.0
Truck110896,335.0
Truck110914,290.0
Truck110915,290.0
Truck110894,341.0
Truck110916,290.0
Truck110917,290.0
Truck110919,290.0
Truck110881,386.0
Truck110891,362.0
Truck110920,290.0
Truck110921,290.0
Truck110898,350.0
Truck110922,290.0
Truck110923,290.0
Truck110901,350.0
Truck110924,290.0
Truck110925,290.0
Truck110926,290.0
Truck110927,290.0
Truck110871,433.0
Truck110918,315.0
Truck110928,290.0
Truck110929,290.0
Truck110931,290.0
Truck110933,290.0
Truck110934,290.0
Truck110935,290.0
Truck110909,357.0
Truck110900,378.0
Truck110930,305.0
Truck110937,290.0
Truck110938,290.0
Truck110939,290.0
Truck110941,290.0
Truck110942,290.0
Truck110943,290.0
Truck110944,290.0
Truck110945,290.0
Truck110947,290.0
Truck110949,290.0
Truck110950,290.0
Truck110932,338.0
Truck110952,290.0
Truck110953,290.0
Truck110954,290.0
Truck110955,290.0
Truck110956,290.0
Truck110957,290.0
Truck110951,309.0
Truck110958,290.0
Truck110959,290.0
Truck110960,290.0
Truck110961,290.0
Truck110936,355.0
Truck110963,290.0
Truck110964,290.0
Truck110948,333.0
Truck110966,290.0
Truck110968,290.0
Truck110970,290.0
Truck110940,367.0
Truck110972,290.0
Truck110973,290.0
Truck110974,290.0
Truck110975,290.0
Truck110976,290.0
Truck110977,290.0
Truck110978,290.0
Truck110979,290.0
Truck110980,290.0
Truck110981,290.0
Truck110965,331.0
Truck110983,290.0
Truck110971,322.0
Truck110985,290.0
Truck110987,290.0
Truck110989,290.0
Truck110946,397.0
Truck110990,290.0
Truck110969,346.0
Truck110992,290.0
Truck110993,290.0
Truck110994,290.0
Truck110995,290.0
Truck110982,322.0
Truck110988,307.0
Truck110962,375.0
Truck110996,290.0
Truck110997,290.0
Truck110967,372.0
Truck111000,290.0
Truck111001,290.0
Truck111003,290.0
Truck111004,290.0
Truck111005,290.0
Truck110998,310.0
Truck111006,290.0
Truck111007,290.0
Truck111009,290.0
Truck110984,354.0
Truck110986,350.0
Truck111010,290.0
Truck110991,345.0
Truck111012,290.0
Truck111002,320.0
Truck111014,290.0
Truck111015,290.0
Truck110999,333.0
Truck111017,290.0
Truck111019,290.0
Truck111020,290.0
Truck111021,290.0
Truck111008,321.0
Truck111022,290.0
Truck111023,290.0
Truck111024,290.0
Truck111025,290.0
Truck111028,290.0
Truck111018,319.0
Truck111031,290.0
Truck111032,290.0
Truck111033,290.0
Truck111034,290.0
Truck111035,290.0
Truck111029,306.0
Truck111036,290.0
Truck111037,290.0
Truck111016,342.0
Truck111026,317.0
Truck111011,360.0
Truck111038,290.0
Truck111039,290.0
Truck111040,290.0
Truck111041,290.0
Truck111027,328.0
Truck111042,290.0
Truck111043,290.0
Truck111030,324.0
Truck111045,290.0
Truck111046,290.0
Truck111047,290.0
Truck111013,376.0
Truck111048,290.0
Truck111049,290.0
Truck111050,290.0
Truck111051,290.0
Truck111053,290.0
Truck111054,290.0
Truck111055,290.0
Truck111056,290.0
Truck111057,290.0
Truck111058,290.0
Truck111060,290.0
Truck111061,290.0
Truck111062,290.0
Truck111063,290.0
Truck111064,290.0
Truck111066,290.0
Truck111067,290.0
Truck111069,290.0
Truck111052,332.0
Truck111059,318.0
Truck111070,290.0
Truck111071,290.0
Truck111072,290.0
Truck111073,290.0
Truck111074,290.0
Truck111075,290.0
Truck111076,290.0
Truck111077,290.0
Truck111078,290.0
Truck111079,290.0
Truck111044,379.0
Truck111080,290.0
Truck111081,290.0
Truck111082,290.0
Truck111083,290.0
Truck111084,290.0
Truck111085,290.0
Truck111089,290.0
Truck111090,290.0
Truck111091,290.0
Truck111092,290.0
Truck111093,290.0
Truck111095,290.0
Truck111096,290.0
Truck111097,290.0
Truck111098,290.0
Truck111099,290.0
Truck111101,290.0
Truck111068,371.0
Truck111102,290.0
Truck111103,290.0
Truck111086,336.0
Truck111106,290.0
Truck111107,290.0
Truck111065,396.0
Truck111108,290.0
Truck111109,290.0
Truck111087,347.0
Truck111100,312.0
Truck111110,290.0
Truck111111,290.0
Truck111112,290.0
Truck111114,290.0
Truck111117,290.0
Truck111088,361.0
Truck111118,290.0
Truck111119,290.0
Truck111120,290.0
Truck111121,290.0
Truck111113,314.0
Truck111122,290.0
Truck111094,361.0
Truck111124,290.0
Truck111125,290.0
Truck111104,343.0
Truck111126,290.0
Truck111127,290.0
Truck111129,290.0
Truck111130,290.0
Truck111131,290.0
Truck111134,290.0
Truck111135,290.0
Truck111137,290.0
Truck111116,342.0
Truck111138,290.0
Truck111140,290.0
Truck111141,290.0
Truck111143,290.0
Truck111144,290.0
Truck111145,290.0
Truck111133,323.0
Truck111115,369.0
Truck111146,290.0
Truck111147,290.0
Truck111139,313.0
Truck111148,290.0
Truck111136,323.0
Truck111123,361.0
Truck111152,290.0
Truck111105,413.0
Truck111154,290.0
Truck111155,290.0
Truck111161,290.0
Truck111149,321.0
Truck111142,341.0
Truck111150,325.0
Truck111165,290.0
Truck111132,375.0
Truck111166,290.0
Truck111167,290.0
Truck111168,290.0
Truck111169,290.0
Truck111128,392.0
Truck111158,323.0
Truck111164,308.0
Truck111173,290.0
Truck111174,290.0
Truck111175,290.0
Truck111157,338.0
Truck111176,290.0
Truck111177,290.0
Truck111151,356.0
Truck111159,339.0
Truck111179,290.0
Truck111162,332.0
Truck111153,360.0
Truck111181,290.0
Truck111156,352.0
Truck111160,343.0
Truck111163,340.0
Truck111182,290.0
Truck111183,290.0
Truck111184,290.0
Truck111186,290.0
Truck111187,290.0
Truck111172,330.0
Truck111188,290.0
Truck111189,290.0
Truck111170,338.0
Truck111190,290.0
Truck111191,290.0
Truck111178,322.0
Truck111193,290.0
Truck111194,290.0
Truck111195,290.0
Truck111196,290.0
Truck111197,290.0
Truck111185,324.0
Truck111199,290.0
Truck111180,340.0
Truck111202,290.0
Truck111203,290.0
Truck111204,290.0
Truck111206,290.0
Truck111207,290.0
Truck111208,290.0
Truck111209,290.0
Truck111210,290.0
Truck111211,290.0
Truck111213,290.0
Truck111192,347.0
Truck111200,329.0
Truck111216,290.0
Truck111217,290.0
Truck111218,290.0
Truck111219,290.0
Truck111201,336.0
Truck111198,342.0
Truck111212,308.0
Truck111220,290.0
Truck111221,290.0
Truck111171,416.0
Truck111222,290.0
Truck111223,290.0
Truck111224,290.0
Truck111227,290.0
Truck111228,290.0
Truck111229,290.0
Truck111230,290.0
Truck111231,290.0
Truck111232,290.0
Truck111214,336.0
Truck111234,290.0
Truck111236,290.0
Truck111238,290.0
Truck111240,290.0
Truck111205,385.0
Truck111243,290.0
Truck111246,290.0
Truck111247,290.0
Truck111225,347.0
Truck111248,290.0
Truck111249,290.0
Truck111215,376.0
Truck111251,290.0
Truck111253,290.0
Truck111242,316.0
Truck111226,357.0
Truck111241,322.0
Truck111235,340.0
Truck111254,290.0
Truck111256,290.0
Truck111257,290.0
Truck111259,290.0
Truck111237,347.0
Truck111260,290.0
Truck111261,290.0
Truck111263,290.0
Truck111265,290.0
Truck111245,342.0
Truck111266,290.0
Truck111267,290.0
Truck111258,314.0
Truck111268,290.0
Truck111269,290.0
Truck111262,309.0
Truck111270,290.0
Truck111271,290.0
Truck111233,390.0
Truck111272,290.0
Truck111273,290.0
Truck111255,340.0
Truck111274,290.0
Truck111275,290.0
Truck111264,316.0
Truck111276,290.0
Truck111277,290.0
Truck111244,371.0
Truck111278,290.0
Truck111279,290.0
Truck111280,290.0
Truck111239,398.0
Truck111250,369.0
Truck111282,290.0
Truck111285,290.0
Truck111286,290.0
Truck111287,290.0
Truck111252,379.0
Truck111288,290.0
Truck111289,290.0
Truck111290,290.0
Truck111291,290.0
Truck111292,290.0
Truck111293,290.0
Truck111295,290.0
Truck111296,290.0
Truck111284,323.0
Truck111298,290.0
Truck111302,290.0
Truck111303,290.0
Truck111283,343.0
Truck111307,290.0
Truck111299,311.0
Truck111309,290.0
Truck111310,290.0
Truck111311,290.0
Truck111312,290.0
Truck111313,290.0
Truck111314,290.0
Truck111315,290.0
Truck111304,319.0
Truck111316,290.0
Truck111317,290.0
Truck111297,344.0
Truck111300,335.0
Truck111308,315.0
Truck111318,290.0
Truck111320,290.0
Truck111281,393.0
Truck111301,343.0
Truck111323,290.0
Truck111306,335.0
Truck111326,290.0
Truck111327,290.0
Truck111294,371.0
Truck111328,290.0
Truck111331,290.0
Truck111333,290.0
Truck111335,290.0
Truck111319,332.0
Truck111337,290.0
Truck111338,290.0
Truck111339,290.0
Truck111321,336.0
Truck111324,326.0
Truck111325,329.0
Truck111340,290.0
Truck111341,290.0
Truck111322,339.0
Truck111343,290.0
Truck111305,389.0
Truck111344,290.0
Truck111345,290.0
Truck111347,290.0
Truck111332,326.0
Truck111348,290.0
Truck111336,321.0
Truck111330,337.0
Truck111329,343.0
Truck111350,290.0
Truck111351,290.0
Truck111352,290.0
Truck111354,290.0
Truck111355,290.0
Truck111349,308.0
Truck111356,290.0
Truck111357,290.0
Truck111334,347.0
Truck111358,290.0
Truck111359,290.0
Truck111360,290.0
Truck111361,290.0
Truck111362,290.0
Truck111364,290.0
Truck111365,290.0
Truck111342,346.0
Truck111346,339.0
Truck111366,290.0
Truck111367,290.0
Truck111368,290.0
Truck111353,333.0
Truck111370,290.0
Truck111371,290.0
Truck111372,290.0
Truck111373,290.0
Truck111374,290.0
Truck111363,323.0
Truck111377,290.0
Truck111378,290.0
Truck111369,319.0
Truck111380,290.0
Truck111381,290.0
Truck111382,290.0
Truck111383,290.0
Truck111385,290.0
Truck111375,316.0
Truck111376,312.0
Truck111386,290.0
Truck111388,290.0
Truck111390,290.0
Truck111392,290.0
Truck111393,290.0
Truck111394,290.0
Truck111395,290.0
Truck111396,290.0
Truck111397,290.0
Truck111391,310.0
Truck111398,290.0
Truck111399,290.0
Truck111379,345.0
Truck111400,290.0
Truck111401,290.0
Truck111404,290.0
Truck111387,339.0
Truck111406,290.0
Truck111407,290.0
Truck111408,290.0
Truck111384,354.0
Truck111389,344.0
Truck111410,290.0
Truck111413,290.0
Truck111415,290.0
Truck111419,290.0
Truck111403,333.0
Truck111421,290.0
Truck111423,290.0
Truck111412,317.0
Truck111402,345.0
Truck111424,290.0
Truck111426,290.0
Truck111427,290.0
Truck111411,333.0
Truck111428,290.0
Truck111422,308.0
Truck111409,344.0
Truck111430,290.0
Truck111431,290.0
Truck111432,290.0
Truck111434,290.0
Truck111435,290.0
Truck111416,339.0
Truck111436,290.0
Truck111437,290.0
Truck111429,311.0
Truck111417,344.0
Truck111439,290.0
Truck111440,290.0
Truck111441,290.0
Truck111420,341.0
Truck111442,290.0
Truck111443,290.0
Truck111418,352.0
Truck111444,290.0
Truck111425,342.0
Truck111446,290.0
Truck111447,290.0
Truck111414,374.0
Truck111405,400.0
Truck111448,290.0
Truck111449,290.0
Truck111450,290.0
Truck111451,290.0
Truck111452,290.0
Truck111453,290.0
Truck111445,313.0
Truck111455,290.0
Truck111456,290.0
Truck111438,336.0
Truck111458,290.0
Truck111459,290.0
Truck111460,290.0
Truck111461,290.0
Truck111462,290.0
Truck111454,311.0
Truck111433,372.0
Truck111466,290.0
Truck111467,290.0
Truck111457,319.0
Truck111468,290.0
Truck111469,290.0
Truck111470,290.0
Truck111471,290.0
Truck111472,290.0
Truck111473,290.0
Truck111475,290.0
Truck111476,290.0
Truck111477,290.0
Truck111463,328.0
Truck111478,290.0
Truck111479,290.0
Truck111480,290.0
Truck111481,290.0
Truck111464,333.0
Truck111482,290.0
Truck111483,290.0
Truck111484,290.0
Truck111485,290.0
Truck111486,290.0
Truck111487,290.0
Truck111488,290.0
Truck111489,290.0
Truck111490,290.0
Truck111491,290.0
Truck111492,290.0
Truck111493,290.0
Truck111494,290.0
Truck111474,344.0
Truck111496,290.0
Truck111497,290.0
Truck111498,290.0
Truck111499,290.0
Truck111500,290.0
Truck111501,290.0
Truck111465,385.0
Truck111502,290.0
Truck111504,290.0
Truck111505,290.0
Truck111506,290.0
Truck111507,290.0
Truck111508,290.0
Truck111510,290.0
Truck111511,290.0
Truck111512,290.0
Truck111513,290.0
Truck111495,339.0
Truck111515,290.0
Truck111516,290.0
Truck111509,314.0
Truck111518,290.0
Truck111522,290.0
Truck111524,290.0
Truck111525,290.0
Truck111527,290.0
Truck111519,311.0
Truck111520,310.0
Truck111528,290.0
Truck111530,290.0
Truck111531,290.0
Truck111523,311.0
Truck111514,332.0
Truck111503,363.0
Truck111517,328.0
Truck111532,290.0
Truck111533,290.0
Truck111534,290.0
Truck111535,290.0
Truck111536,290.0
Truck111537,290.0
Truck111521,335.0
Truck111539,290.0
Truck111542,290.0
Truck111544,290.0
Truck111545,290.0
Truck111529,335.0
Truck111546,290.0
Truck111547,290.0
Truck111526,343.0
Truck111548,290.0
Truck111549,290.0
Truck111543,310.0
Truck111550,290.0
Truck111551,290.0
Truck111552,290.0
Truck111553,290.0
Truck111554,290.0
Truck111555,290.0
Truck111556,290.0
Truck111557,290.0
Truck111540,332.0
Truck111559,290.0
Truck111560,290.0
Truck111561,290.0
Truck111562,290.0
Truck111563,290.0
Truck111541,347.0
Truck111565,290.0
Truck111566,290.0
Truck111567,290.0
Truck111568,290.0
Truck111569,290.0
Truck111572,290.0
Truck111573,290.0
Truck111558,326.0
Truck111574,290.0
Truck111575,290.0
Truck111576,290.0
Truck111577,290.0
Truck111578,290.0
Truck111580,290.0
Truck111570,323.0
Truck111585,290.0
Truck111587,290.0
Truck111564,347.0
Truck111588,290.0
Truck111538,416.0
Truck111583,307.0
Truck111571,340.0
Truck111590,290.0
Truck111591,290.0
Truck111592,290.0
Truck111593,290.0
Truck111594,290.0
Truck111595,290.0
Truck111579,339.0
Truck111598,290.0
Truck111599,290.0
Truck111581,337.0
Truck111582,332.0
Truck111584,328.0
Truck111602,290.0
Truck111603,290.0
Truck111604,290.0
Truck111606,290.0
Truck111607,290.0
Truck111596,318.0
Truck111608,290.0
Truck111586,350.0
Truck111610,290.0
Truck111612,290.0
Truck111613,290.0
Truck111589,355.0
Truck111615,290.0
Truck111617,290.0
Truck111597,345.0
Truck111618,290.0
Truck111619,290.0
Truck111620,290.0
Truck111621,290.0
Truck111601,345.0
Truck111600,347.0
Truck111624,290.0
Truck111609,332.0
Truck111626,290.0
Truck111605,347.0
Truck111628,290.0
Truck111629,290.0
Truck111630,290.0
Truck111631,290.0
Truck111611,341.0
Truck111623,312.0
Truck111632,290.0
Truck111633,290.0
Truck111635,290.0
Truck111637,290.0
Truck111638,290.0
Truck111640,290.0
Truck111642,290.0
Truck111643,290.0
Truck111614,363.0
Truck111644,290.0
Truck111645,290.0
Truck111646,290.0
Truck111616,368.0
Truck111641,309.0
Truck111649,290.0
Truck111622,364.0
Truck111636,329.0
Truck111652,290.0
Truck111653,290.0
Truck111654,290.0
Truck111655,290.0
Truck111625,368.0
Truck111656,290.0
Truck111657,290.0
Truck111659,290.0
Truck111661,290.0
Truck111662,290.0
Truck111650,324.0
Truck111651,324.0
Truck111647,335.0
Truck111664,290.0
Truck111666,290.0
Truck111668,290.0
Truck111669,290.0
Truck111634,376.0
Truck111670,290.0
Truck111648,349.0
Truck111627,405.0
Truck111672,290.0
Truck111673,290.0
Truck111674,290.0
Truck111675,290.0
Truck111676,290.0
Truck111677,290.0
Truck111678,290.0
Truck111679,290.0
Truck111665,329.0
Truck111680,290.0
Truck111681,290.0
Truck111682,290.0
Truck111684,290.0
Truck111685,290.0
Truck111639,406.0
Truck111663,347.0
Truck111658,364.0
Truck111688,290.0
Truck111689,290.0
Truck111690,290.0
Truck111692,290.0
Truck111693,290.0
Truck111694,290.0
Truck111695,290.0
Truck111671,354.0
Truck111696,290.0
Truck111698,290.0
Truck111683,333.0
Truck111701,290.0
Truck111667,377.0
Truck111702,290.0
Truck111703,290.0
Truck111704,290.0
Truck111705,290.0
Truck111660,401.0
Truck111686,340.0
Truck111699,310.0
Truck111706,290.0
Truck111707,290.0
Truck111687,342.0
Truck111708,290.0
Truck111709,290.0
Truck111691,343.0
Truck111712,290.0
Truck111713,290.0
Truck111714,290.0
Truck111715,290.0
Truck111697,339.0
Truck111710,305.0
Truck111717,290.0
Truck111719,290.0
Truck111700,339.0
Truck111722,290.0
Truck111723,290.0
Truck111711,324.0
Truck111724,290.0
Truck111725,290.0
Truck111726,290.0
Truck111727,290.0
Truck111728,290.0
Truck111729,290.0
Truck111732,290.0
Truck111733,290.0
Truck111718,326.0
Truck111730,305.0
Truck111736,290.0
Truck111737,290.0
Truck111716,343.0
Truck111738,290.0
Truck111739,290.0
Truck111720,336.0
Truck111740,290.0
Truck111741,290.0
Truck111731,316.0
Truck111742,290.0
Truck111743,290.0
Truck111735,315.0
Truck111744,290.0
Truck111721,355.0
Truck111751,290.0
Truck111752,290.0
Truck111753,290.0
Truck111754,290.0
Truck111756,290.0
Truck111757,290.0
Truck111745,324.0
Truck111759,290.0
Truck111760,290.0
Truck111761,290.0
Truck111749,321.0
Truck111763,290.0
Truck111734,369.0
Truck111766,290.0
Truck111767,290.0
Truck111768,290.0
Truck111769,290.0
Truck111747,346.0
Truck111746,348.0
Truck111770,290.0
Truck111771,290.0
Truck111750,346.0
Truck111775,290.0
Truck111758,335.0
Truck111776,290.0
Truck111778,290.0
Truck111762,333.0
Truck111781,290.0
Truck111764,332.0
Truck111748,374.0
Truck111765,337.0
Truck111777,308.0
Truck111784,290.0
Truck111785,290.0
Truck111786,290.0
Truck111787,290.0
Truck111755,375.0
Truck111788,290.0
Truck111789,290.0
Truck111791,290.0
Truck111792,290.0
Truck111793,290.0
Truck111794,290.0
Truck111795,290.0
Truck111773,346.0
Truck111797,290.0
Truck111783,330.0
Truck111800,290.0
Truck111801,290.0
Truck111772,361.0
Truck111779,348.0
Truck111782,339.0
Truck111790,319.0
Truck111802,290.0
Truck111780,346.0
Truck111774,364.0
Truck111805,290.0
Truck111808,290.0
Truck111809,290.0
Truck111796,321.0
Truck111811,290.0
Truck111803,313.0
Truck111812,290.0
Truck111814,290.0
Truck111815,290.0
Truck111798,334.0
Truck111799,335.0
Truck111817,290.0
Truck111807,325.0
Truck111820,290.0
Truck111821,290.0
Truck111825,290.0
Truck111818,309.0
Truck111828,290.0
Truck111831,290.0
Truck111832,290.0
Truck111833,290.0
Truck111826,306.0
Truck111806,360.0
Truck111834,290.0
Truck111835,290.0
Truck111837,290.0
Truck111838,290.0
Truck111839,290.0
Truck111813,356.0
Truck111841,290.0
Truck111816,351.0
Truck111830,317.0
Truck111819,349.0
Truck111842,290.0
Truck111843,290.0
Truck111822,341.0
Truck111844,290.0
Truck111845,290.0
Truck111804,395.0
Truck111846,290.0
Truck111847,290.0
Truck111848,290.0
Truck111824,354.0
Truck111827,349.0
Truck111850,290.0
Truck111851,290.0
Truck111823,361.0
Truck111829,355.0
Truck111854,290.0
Truck111855,290.0
Truck111856,290.0
Truck111857,290.0
Truck111810,410.0
Truck111840,343.0
Truck111852,314.0
Truck111862,290.0
Truck111863,290.0
Truck111864,290.0
Truck111865,290.0
Truck111866,290.0
Truck111867,290.0
Truck111836,370.0
Truck111868,290.0
Truck111869,290.0
Truck111871,290.0
Truck111872,290.0
Truck111873,290.0
Truck111849,353.0
Truck111874,290.0
Truck111875,290.0
Truck111858,332.0
Truck111877,290.0
Truck111878,290.0
Truck111879,290.0
Truck111880,290.0
Truck111881,290.0
Truck111860,343.0
Truck111882,290.0
Truck111859,353.0
Truck111853,369.0
Truck111885,290.0
Truck111888,290.0
Truck111891,290.0
Truck111892,290.0
Truck111893,290.0
Truck111861,374.0
Truck111870,349.0
Truck111894,290.0
Truck111895,290.0
Truck111896,290.0
Truck111898,290.0
Truck111900,290.0
Truck111901,290.0
Truck111890,316.0
Truck111902,290.0
Truck111903,290.0
Truck111884,337.0
Truck111897,307.0
Truck111905,290.0
Truck111887,336.0
Truck111906,290.0
Truck111907,290.0
Truck111889,337.0
Truck111908,290.0
Truck111909,290.0
Truck111910,290.0
Truck111911,290.0
Truck111876,376.0
Truck111883,364.0
Truck111912,290.0
Truck111914,290.0
Truck111916,290.0
Truck111917,290.0
Truck111918,290.0
Truck111920,290.0
Truck111886,379.0
Truck111922,290.0
Truck111923,290.0
Truck111924,290.0
Truck111925,290.0
Truck111926,290.0
Truck111927,290.0
Truck111899,362.0
Truck111928,290.0
Truck111919,316.0
Truck111930,290.0
Truck111931,290.0
Truck111932,290.0
Truck111933,290.0
Truck111934,290.0
Truck111937,290.0
Truck111938,290.0
Truck111939,290.0
Truck111913,357.0
Truck111929,324.0
Truck111943,290.0
Truck111944,290.0
Truck111945,290.0
Truck111947,290.0
Truck111904,398.0
Truck111948,290.0
Truck111949,290.0
Truck111942,307.0
Truck111951,290.0
Truck111941,318.0
Truck111921,369.0
Truck111952,290.0
Truck111953,290.0
Truck111915,390.0
Truck111954,290.0
Truck111936,337.0
Truck111957,290.0
Truck111935,350.0
Truck111958,290.0
Truck111959,290.0
Truck111960,290.0
Truck111961,290.0
Truck111962,290.0
Truck111940,346.0
Truck111964,290.0
Truck111965,290.0
Truck111966,290.0
Truck111967,290.0
Truck111969,290.0
Truck111970,290.0
Truck111971,290.0
Truck111955,335.0
Truck111972,290.0
Truck111973,290.0
Truck111974,290.0
Truck111950,353.0
Truck111968,310.0
Truck111976,290.0
Truck111977,290.0
Truck111979,290.0
Truck111946,375.0
Truck111981,290.0
Truck111983,290.0
Truck111978,305.0
Truck111984,290.0
Truck111985,290.0
Truck111986,290.0
Truck111987,290.0
Truck111988,290.0
Truck111990,290.0
Truck111991,290.0
Truck111963,363.0
Truck111956,380.0
Truck111980,320.0
Truck111992,290.0
Truck111993,290.0
Truck111975,336.0
Truck111995,290.0
Truck111996,290.0
Truck111997,290.0
Truck111998,290.0
Truck111999,290.0
Truck112000,290.0
Truck112001,290.0
Truck112002,290.0
Truck112004,290.0
Truck112005,290.0
Truck111982,350.0
Truck112006,290.0
Truck112007,290.0
Truck111994,322.0
Truck112008,290.0
Truck112009,290.0
Truck112010,290.0
Truck112011,290.0
Truck112003,311.0
Truck112012,290.0
Truck112013,290.0
Truck112014,290.0
Truck112015,290.0
Truck112017,290.0
Truck112018,290.0
Truck112019,290.0
Truck112021,290.0
Truck112023,290.0
Truck111989,376.0
Truck112024,290.0
Truck112020,305.0
Truck112026,290.0
Truck112027,290.0
Truck112016,318.0
Truck112028,290.0
Truck112029,290.0
Truck112030,290.0
Truck112031,290.0
Truck112032,290.0
Truck112022,318.0
Truck112034,290.0
Truck112035,290.0
Truck112037,290.0
Truck112038,290.0
Truck112039,290.0
Truck112040,290.0
Truck112043,290.0
Truck112025,337.0
Truck112044,290.0
Truck112045,290.0
Truck112049,290.0
Truck112041,311.0
Truck112033,335.0
Truck112052,290.0
Truck112053,290.0
Truck112054,290.0
Truck112055,290.0
Truck112057,290.0
Truck112046,316.0
Truck112060,290.0
Truck112061,290.0
Truck112062,290.0
Truck112063,290.0
Truck112064,290.0
Truck112050,328.0
Truck112066,290.0
Truck112067,290.0
Truck112048,337.0
Truck112068,290.0
Truck112069,290.0
Truck112056,322.0
Truck112036,373.0
Truck112070,290.0
Truck112071,290.0
Truck112051,342.0
Truck112065,307.0
Truck112072,290.0
Truck112073,290.0
Truck112047,360.0
Truck112074,290.0
Truck112058,332.0
Truck112076,290.0
Truck112078,290.0
Truck112079,290.0
Truck112042,381.0
Truck112080,290.0
Truck112081,290.0
Truck112084,290.0
Truck112085,290.0
Truck112086,290.0
Truck112087,290.0
Truck112082,309.0
Truck112090,290.0
Truck112091,290.0
Truck112092,290.0
Truck112093,290.0
Truck112094,290.0
Truck112095,290.0
Truck112096,290.0
Truck112097,290.0
Truck112099,290.0
Truck112100,290.0
Truck112101,290.0
Truck112083,336.0
Truck112059,397.0
Truck112075,357.0
Truck112102,290.0
Truck112103,290.0
Truck112104,290.0
Truck112105,290.0
Truck112106,290.0
Truck112107,290.0
Truck112088,340.0
Truck112109,290.0
Truck112110,290.0
Truck112077,376.0
Truck112112,290.0
Truck112113,290.0
Truck112114,290.0
Truck112089,358.0
Truck112116,290.0
Truck112117,290.0
Truck112118,290.0
Truck112120,290.0
Truck112121,290.0
Truck112122,290.0
Truck112123,290.0
Truck112098,355.0
Truck112125,290.0
Truck112126,290.0
Truck112127,290.0
Truck112128,290.0
Truck112129,290.0
Truck112130,290.0
Truck112131,290.0
Truck112132,290.0
Truck112134,290.0
Truck112135,290.0
Truck112115,342.0
Truck112136,290.0
Truck112138,290.0
Truck112139,290.0
Truck112108,367.0
Truck112140,290.0
Truck112141,290.0
Truck112111,368.0
Truck112119,348.0
Truck112133,314.0
Truck112143,290.0
Truck112124,337.0
Truck112146,290.0
Truck112147,290.0
Truck112137,319.0
Truck112149,290.0
Truck112150,290.0
Truck112151,290.0
Truck112145,314.0
Truck112154,290.0
Truck112155,290.0
Truck112156,290.0
Truck112159,290.0
Truck112148,317.0
Truck112153,307.0
Truck112142,335.0
Truck112160,290.0
Truck112163,290.0
Truck112164,290.0
Truck112165,290.0
Truck112166,290.0
Truck112167,290.0
Truck112144,349.0
Truck112152,330.0
Truck112168,290.0
Truck112171,290.0
Truck112161,317.0
Truck112158,325.0
Truck112172,290.0
Truck112174,290.0
Truck112176,290.0
Truck112177,290.0
Truck112157,341.0
Truck112178,290.0
Truck112182,290.0
Truck112183,290.0
Truck112184,290.0
Truck112185,290.0
Truck112162,346.0
Truck112186,290.0
Truck112187,290.0
Truck112169,338.0
Truck112188,290.0
Truck112190,290.0
Truck112191,290.0
Truck112192,290.0
Truck112173,341.0
Truck112195,290.0
Truck112179,334.0
Truck112196,290.0
Truck112197,290.0
Truck112170,357.0
Truck112198,290.0
Truck112199,290.0
Truck112189,316.0
Truck112175,353.0
Truck112200,290.0
Truck112201,290.0
Truck112202,290.0
Truck112193,316.0
Truck112321,290.0
Truck112324,290.0
Truck112326,290.0
Truck112327,290.0
Truck112329,290.0
Truck112330,290.0
Truck112331,290.0
Truck112332,290.0
Truck112334,290.0
Truck112335,290.0
Truck112322,321.0
Truck112337,290.0
Truck112325,322.0
Truck112338,290.0
Truck112339,290.0
Truck112340,290.0
Truck112341,290.0
Truck112342,290.0
Truck112343,290.0
Truck112333,320.0
Truck112345,290.0
Truck112346,290.0
Truck112347,290.0
Truck112348,290.0
Truck112349,290.0
Truck112351,290.0
Truck112328,349.0
Truck112352,290.0
Truck112353,290.0
Truck112323,366.0
Truck112344,313.0
Truck112356,290.0
Truck112357,290.0
Truck112358,290.0
Truck112359,290.0
Truck112336,346.0
Truck112360,290.0
Truck112361,290.0
Truck112362,290.0
Truck112320,403.0
Truck112369,290.0
Truck112350,336.0
Truck112355,330.0
Truck112370,290.0
Truck112374,290.0
Truck112375,290.0
Truck112376,290.0
Truck112377,290.0
Truck112354,354.0
Truck112380,290.0
Truck112381,290.0
Truck112363,338.0
Truck112382,290.0
Truck112383,290.0
Truck112367,333.0
Truck112385,290.0
Truck112368,331.0
Truck112378,307.0
Truck112373,325.0
Truck112386,290.0
Truck112387,290.0
Truck112366,344.0
Truck112388,290.0
Truck112389,290.0
Truck112371,336.0
Truck112390,290.0
Truck112391,290.0
Truck112392,290.0
Truck112393,290.0
Truck112394,290.0
Truck112372,347.0
Truck112396,290.0
Truck112398,290.0
Truck112364,377.0
Truck112365,379.0
Truck112400,290.0
Truck112401,290.0
Truck112379,348.0
Truck112402,290.0
Truck112403,290.0
Truck112404,290.0
Truck112399,315.0
Truck112408,290.0
Truck112409,290.0
Truck112411,290.0
Truck112384,357.0
Truck112412,290.0
Truck112413,290.0
Truck112414,290.0
Truck112415,290.0
Truck112406,314.0
Truck112416,290.0
Truck112407,317.0
Truck112418,290.0
Truck112420,290.0
Truck112421,290.0
Truck112410,319.0
Truck112422,290.0
Truck112417,308.0
Truck112424,290.0
Truck112425,290.0
Truck112395,366.0
Truck112426,290.0
Truck112428,290.0
Truck112429,290.0
Truck112430,290.0
Truck112431,290.0
Truck112432,290.0
Truck112433,290.0
Truck112435,290.0
Truck112405,367.0
Truck112437,290.0
Truck112419,336.0
Truck112438,290.0
Truck112439,290.0
Truck112440,290.0
Truck112441,290.0
Truck112423,336.0
Truck112397,403.0
Truck112443,290.0
Truck112444,290.0
Truck112445,290.0
Truck112446,290.0
Truck112447,290.0
Truck112448,290.0
Truck112449,290.0
Truck112452,290.0
Truck112454,290.0
Truck112455,290.0
Truck112457,290.0
Truck112434,346.0
Truck112458,290.0
Truck112459,290.0
Truck112427,371.0
Truck112460,290.0
Truck112461,290.0
Truck112463,290.0
Truck112436,356.0
Truck112464,290.0
Truck112465,290.0
Truck112466,290.0
Truck112467,290.0
Truck112469,290.0
Truck112470,290.0
Truck112471,290.0
Truck112450,344.0
Truck112451,345.0
Truck112473,290.0
Truck112442,369.0
Truck112462,320.0
Truck112475,290.0
Truck112476,290.0
Truck112477,290.0
Truck112478,290.0
Truck112479,290.0
Truck112468,317.0
Truck112456,349.0
Truck112480,290.0
Truck112481,290.0
Truck112453,364.0
Truck112482,290.0
Truck112483,290.0
Truck112485,290.0
Truck112487,290.0
Truck112474,324.0
Truck112488,290.0
Truck112489,290.0
Truck112472,332.0
Truck112490,290.0
Truck112486,314.0
Truck112496,290.0
Truck112497,290.0
Truck112498,290.0
Truck112491,315.0
Truck112500,290.0
Truck112503,290.0
Truck112484,339.0
Truck112495,315.0
Truck112504,290.0
Truck112505,290.0
Truck112506,290.0
Truck112507,290.0
Truck112508,290.0
Truck112509,290.0
Truck112510,290.0
Truck112511,290.0
Truck112512,290.0
Truck112513,290.0
Truck112514,290.0
Truck112492,349.0
Truck112517,290.0
Truck112494,347.0
Truck112502,328.0
Truck112518,290.0
Truck112519,290.0
Truck112520,290.0
Truck112522,290.0
Truck112523,290.0
Truck112524,290.0
Truck112525,290.0
Truck112493,374.0
Truck112499,359.0
Truck112526,290.0
Truck112528,290.0
Truck112529,290.0
Truck112521,311.0
Truck112530,290.0
Truck112531,290.0
Truck112501,366.0
Truck112532,290.0
Truck112533,290.0
Truck112515,340.0
Truck112534,290.0
Truck112516,339.0
Truck112536,290.0
Truck112527,324.0
Truck112544,290.0
Truck112535,319.0
Truck112539,310.0
Truck112550,290.0
Truck112551,290.0
Truck112537,327.0
Truck112543,315.0
Truck112552,290.0
Truck112553,290.0
Truck112542,316.0
Truck112554,290.0
Truck112555,290.0
Truck112556,290.0
Truck112538,338.0
Truck112548,314.0
Truck112558,290.0
Truck112559,290.0
Truck112545,328.0
Truck112560,290.0
Truck112561,290.0
Truck112562,290.0
Truck112565,290.0
Truck112547,337.0
Truck112567,290.0
Truck112563,305.0
Truck112568,290.0
Truck112569,290.0
Truck112546,347.0
Truck112572,290.0
Truck112573,290.0
Truck112574,290.0
Truck112575,290.0
Truck112549,358.0
Truck112576,290.0
Truck112577,290.0
Truck112566,318.0
Truck112578,290.0
Truck112580,290.0
Truck112581,290.0
Truck112541,392.0
Truck112564,332.0
Truck112582,290.0
Truck112585,290.0
Truck112586,290.0
Truck112587,290.0
Truck112570,335.0
Truck112588,290.0
Truck112589,290.0
Truck112557,373.0
Truck112590,290.0
Truck112591,290.0
Truck112592,290.0
Truck112593,290.0
Truck112594,290.0
Truck112540,428.0
Truck112596,290.0
Truck112598,290.0
Truck112599,290.0
Truck112601,290.0
Truck112602,290.0
Truck112603,290.0
Truck112604,290.0
Truck112605,290.0
Truck112583,346.0
Truck112571,379.0
Truck112607,290.0
Truck112584,347.0
Truck112608,290.0
Truck112609,290.0
Truck112612,290.0
Truck112600,321.0
Truck112614,290.0
Truck112615,290.0
Truck112595,345.0
Truck112606,315.0
Truck112616,290.0
Truck112617,290.0
Truck112597,341.0
Truck112610,306.0
Truck112611,308.0
Truck112618,290.0
Truck112619,290.0
Truck112620,290.0
Truck112621,290.0
Truck112622,290.0
Truck112623,290.0
Truck112613,320.0
Truck112625,290.0
Truck112626,290.0
Truck112627,290.0
Truck112628,290.0
Truck112629,290.0
Truck112630,290.0
Truck112631,290.0
Truck112632,290.0
Truck112633,290.0
Truck112634,290.0
Truck112635,290.0
Truck112579,435.0
Truck112636,290.0
Truck112637,290.0
Truck112638,290.0
Truck112639,290.0
Truck112641,290.0
Truck112642,290.0
Truck112645,290.0
Truck112646,290.0
Truck112647,290.0
Truck112624,348.0
Truck112648,290.0
Truck112650,290.0
Truck112652,290.0
Truck112653,290.0
Truck112644,315.0
Truck112654,290.0
Truck112655,290.0
Truck112656,290.0
Truck112657,290.0
Truck112651,309.0
Truck112659,290.0
Truck112660,290.0
Truck112661,290.0
Truck112640,342.0
Truck112643,339.0
Truck112663,290.0
Truck112664,290.0
Truck112666,290.0
Truck112667,290.0
Truck112668,290.0
Truck112670,290.0
Truck112671,290.0
Truck112662,311.0
Truck112672,290.0
Truck112673,290.0
Truck112649,358.0
Truck112677,290.0
Truck112678,290.0
Truck112658,341.0
Truck112680,290.0
Truck112682,290.0
Truck112683,290.0
Truck112684,290.0
Truck112685,290.0
Truck112674,320.0
Truck112687,290.0
Truck112688,290.0
Truck112689,290.0
Truck112669,343.0
Truck112690,290.0
Truck112691,290.0
Truck112692,290.0
Truck112693,290.0
Truck112695,290.0
Truck112696,290.0
Truck112699,290.0
Truck112676,346.0
Truck112679,344.0
Truck112700,290.0
Truck112703,290.0
Truck112704,290.0
Truck112705,290.0
Truck112665,394.0
Truck112675,369.0
Truck112706,290.0
Truck112681,356.0
Truck112697,319.0
Truck112694,330.0
Truck112710,290.0
Truck112711,290.0
Truck112702,314.0
Truck112713,290.0
Truck112714,290.0
Truck112715,290.0
Truck112717,290.0
Truck112686,368.0
Truck112712,305.0
Truck112718,290.0
Truck112719,290.0
Truck112720,290.0
Truck112721,290.0
Truck112701,343.0
Truck112722,290.0
Truck112724,290.0
Truck112725,290.0
Truck112708,332.0
Truck112709,332.0
Truck112726,290.0
Truck112727,290.0
Truck112698,363.0
Truck112723,305.0
Truck112729,290.0
Truck112730,290.0
Truck112731,290.0
Truck112732,290.0
Truck112707,358.0
Truck112735,290.0
Truck112728,307.0
Truck112736,290.0
Truck112737,290.0
Truck112738,290.0
Truck112739,290.0
Truck112740,290.0
Truck112741,290.0
Truck112743,290.0
Truck112746,290.0
Truck112747,290.0
Truck112748,290.0
Truck112749,290.0
Truck112734,328.0
Truck112742,310.0
Truck112750,290.0
Truck112751,290.0
Truck112752,290.0
Truck112753,290.0
Truck112754,290.0
Truck112757,290.0
Truck112716,394.0
Truck112758,290.0
Truck112762,290.0
Truck112745,338.0
Truck112764,290.0
Truck112765,290.0
Truck112767,290.0
Truck112733,377.0
Truck112760,310.0
Truck112769,290.0
Truck112770,290.0
Truck112771,290.0
Truck112755,335.0
Truck112772,290.0
Truck112774,290.0
Truck112775,290.0
Truck112744,366.0
Truck112756,340.0
Truck112777,290.0
Truck112778,290.0
Truck112781,290.0
Truck112766,328.0
Truck112783,290.0
Truck112784,290.0
Truck112785,290.0
Truck112761,351.0
Truck112773,323.0
Truck112786,290.0
Truck112787,290.0
Truck112779,313.0
Truck112759,365.0
Truck112788,290.0
Truck112789,290.0
Truck112790,290.0
Truck112792,290.0
Truck112793,290.0
Truck112794,290.0
Truck112795,290.0
Truck112782,321.0
Truck112763,372.0
Truck112768,358.0
Truck112776,339.0
Truck112796,290.0
Truck112797,290.0
Truck112800,290.0
Truck112801,290.0
Truck112803,290.0
Truck112804,290.0
Truck112805,290.0
Truck112806,290.0
Truck112807,290.0
Truck112808,290.0
Truck112809,290.0
Truck112802,308.0
Truck112791,339.0
Truck112811,290.0
Truck112780,369.0
Truck112812,290.0
Truck112798,327.0
Truck112814,290.0
Truck112815,290.0
Truck112816,290.0
Truck112817,290.0
Truck112819,290.0
Truck112820,290.0
Truck112823,290.0
Truck112824,290.0
Truck112799,357.0
Truck112828,290.0
Truck112829,290.0
Truck112810,340.0
Truck112831,290.0
Truck112833,290.0
Truck112813,341.0
Truck112834,290.0
Truck112835,290.0
Truck112836,290.0
Truck112827,319.0
Truck112838,290.0
Truck112839,290.0
Truck112840,290.0
Truck112841,290.0
Truck112821,343.0
Truck112822,339.0
Truck112842,290.0
Truck112843,290.0
Truck112844,290.0
Truck112846,290.0
Truck112837,316.0
Truck112826,344.0
Truck112848,290.0
Truck112849,290.0
Truck112830,340.0
Truck112850,290.0
Truck112851,290.0
Truck112818,371.0
Truck112832,336.0
Truck112852,290.0
Truck112853,290.0
Truck112854,290.0
Truck112857,290.0
Truck112858,290.0
Truck112859,290.0
Truck112825,379.0
Truck112860,290.0
Truck112861,290.0
Truck112862,290.0
Truck112863,290.0
Truck112864,290.0
Truck112865,290.0
Truck112866,290.0
Truck112867,290.0
Truck112845,348.0
Truck112856,320.0
Truck112868,290.0
Truck112869,290.0
Truck112847,346.0
Truck112870,290.0
Truck112871,290.0
Truck112872,290.0
Truck112873,290.0
Truck112876,290.0
Truck112877,290.0
Truck112878,290.0
Truck112879,290.0
Truck112880,290.0
Truck112881,290.0
Truck112882,290.0
Truck112855,363.0
Truck112884,290.0
Truck112885,290.0
Truck112886,290.0
Truck112887,290.0
Truck112888,290.0
Truck112889,290.0
Truck112891,290.0
Truck112883,312.0
Truck112875,334.0
Truck112892,290.0
Truck112893,290.0
Truck112895,290.0
Truck112896,290.0
Truck112897,290.0
Truck112898,290.0
Truck112899,290.0
Truck112874,352.0
Truck112901,290.0
Truck112903,290.0
Truck112904,290.0
Truck112905,290.0
Truck112906,290.0
Truck112907,290.0
Truck112890,331.0
Truck112900,307.0
Truck112909,290.0
Truck112911,290.0
Truck112912,290.0
Truck112913,290.0
Truck112894,339.0
Truck112916,290.0
Truck112910,306.0
Truck112918,290.0
Truck112920,290.0
Truck112921,290.0
Truck112923,290.0
Truck112902,344.0
Truck112915,314.0
Truck112924,290.0
Truck112925,290.0
Truck112926,290.0
Truck112927,290.0
Truck112928,290.0
Truck112908,342.0
Truck112930,290.0
Truck112931,290.0
Truck112932,290.0
Truck112934,290.0
Truck112935,290.0
Truck112914,343.0
Truck112936,290.0
Truck112937,290.0
Truck112919,336.0
Truck112939,290.0
Truck112922,334.0
Truck112940,290.0
Truck112941,290.0
Truck112942,290.0
Truck112943,290.0
Truck112944,290.0
Truck112945,290.0
Truck112946,290.0
Truck112947,290.0
Truck112948,290.0
Truck112949,290.0
Truck112917,374.0
Truck112950,290.0
Truck112951,290.0
Truck112952,290.0
Truck112953,290.0
Truck112938,326.0
Truck112933,345.0
Truck112954,290.0
Truck112955,290.0
Truck112956,290.0
Truck112957,290.0
Truck112958,290.0
Truck112959,290.0
Truck112929,367.0
Truck112964,290.0
Truck112965,290.0
Truck112967,290.0
Truck112968,290.0
Truck112969,290.0
Truck112970,290.0
Truck112971,290.0
Truck112972,290.0
Truck112973,290.0
Truck112963,316.0
Truck112974,290.0
Truck112975,290.0
Truck112960,326.0
Truck112976,290.0
Truck112977,290.0
Truck112962,331.0
Truck112980,290.0
Truck112966,326.0
Truck112982,290.0
Truck112983,290.0
Truck112961,348.0
Truck112984,290.0
Truck112986,290.0
Truck112987,290.0
Truck112991,290.0
Truck112994,290.0
Truck112996,290.0
Truck112997,290.0
Truck112989,314.0
Truck112998,290.0
Truck113000,290.0
Truck113001,290.0
Truck112979,347.0
Truck113004,290.0
Truck113005,290.0
Truck113006,290.0
Truck113007,290.0
Truck112985,347.0
Truck112995,325.0
Truck113009,290.0
Truck113003,307.0
Truck113010,290.0
Truck113011,290.0
Truck112981,367.0
Truck113012,290.0
Truck112999,327.0
Truck112978,379.0
Truck113014,290.0
Truck113016,290.0
Truck113017,290.0
Truck112992,351.0
Truck113018,290.0
Truck113019,290.0
Truck112990,361.0
Truck113022,290.0
Truck113023,290.0
Truck112988,379.0
Truck112993,370.0
Truck113025,290.0
Truck113026,290.0
Truck113021,310.0
Truck113029,290.0
Truck113020,311.0
Truck113002,360.0
Truck113030,290.0
Truck113031,290.0
Truck113032,290.0
Truck113008,353.0
Truck113034,290.0
Truck113036,290.0
Truck113037,290.0
Truck113038,290.0
Truck113039,290.0
Truck113024,330.0
Truck113041,290.0
Truck113033,313.0
Truck113042,290.0
Truck113043,290.0
Truck113044,290.0
Truck113045,290.0
Truck113027,336.0
Truck113028,335.0
Truck113046,290.0
Truck113013,376.0
Truck113049,290.0
Truck113051,290.0
Truck113053,290.0
Truck113054,290.0
Truck113055,290.0
Truck113056,290.0
Truck113057,290.0
Truck113015,399.0
Truck113060,290.0
Truck113047,328.0
Truck113063,290.0
Truck113035,364.0
Truck113065,290.0
Truck113067,290.0
Truck113068,290.0
Truck113070,290.0
Truck113071,290.0
Truck113058,323.0
Truck113062,313.0
Truck113040,370.0
Truck113072,290.0
Truck113073,290.0
Truck113059,327.0
Truck113074,290.0
Truck113075,290.0
Truck113077,290.0
Truck113078,290.0
Truck113079,290.0
Truck113081,290.0
Truck113050,368.0
Truck113082,290.0
Truck113083,290.0
Truck113052,366.0
Truck113048,377.0
Truck113069,327.0
Truck113084,290.0
Truck113085,290.0
Truck113080,305.0
Truck113086,290.0
Truck113064,348.0
Truck113088,290.0
Truck113089,290.0
Truck113090,290.0
Truck113061,366.0
Truck113093,290.0
Truck113094,290.0
Truck113095,290.0
Truck113066,365.0
Truck113096,290.0
Truck113087,318.0
Truck113099,290.0
Truck113101,290.0
Truck113102,290.0
Truck113103,290.0
Truck113105,290.0
Truck113107,290.0
Truck113076,366.0
Truck113108,290.0
Truck113109,290.0
Truck113091,338.0
Truck113111,290.0
Truck113106,305.0
Truck113112,290.0
Truck113113,290.0
Truck113100,321.0
Truck113115,290.0
Truck113097,337.0
Truck113116,290.0
Truck113117,290.0
Truck113118,290.0
Truck113119,290.0
Truck113104,327.0
Truck113110,312.0
Truck113120,290.0
Truck113121,290.0
Truck113098,348.0
Truck113123,290.0
Truck113125,290.0
Truck113092,372.0
Truck113126,290.0
Truck113127,290.0
Truck113128,290.0
Truck113129,290.0
Truck113132,290.0
Truck113133,290.0
Truck113114,340.0
Truck113135,290.0
Truck113136,290.0
Truck113131,306.0
Truck113138,290.0
Truck113139,290.0
Truck113142,290.0
Truck113143,290.0
Truck113124,336.0
Truck113145,290.0
Truck113130,327.0
Truck113146,290.0
Truck113147,290.0
Truck113148,290.0
Truck113149,290.0
Truck113141,315.0
Truck113151,290.0
Truck113153,290.0
Truck113137,334.0
Truck113155,290.0
Truck113122,374.0
Truck113156,290.0
Truck113158,290.0
Truck113159,290.0
Truck113160,290.0
Truck113161,290.0
Truck113162,290.0
Truck113163,290.0
Truck113144,338.0
Truck113165,290.0
Truck113134,366.0
Truck113140,355.0
Truck113166,290.0
Truck113167,290.0
Truck113168,290.0
Truck113169,290.0
Truck113170,290.0
Truck113171,290.0
Truck113172,290.0
Truck113173,290.0
Truck113154,339.0
Truck113174,290.0
Truck113178,290.0
Truck113152,359.0
Truck113181,290.0
Truck113164,332.0
Truck113182,290.0
Truck113183,290.0
Truck113186,290.0
Truck113188,290.0
Truck113189,290.0
Truck113190,290.0
Truck113157,380.0
Truck113192,290.0
Truck113193,290.0
Truck113194,290.0
Truck113197,290.0
Truck113198,290.0
Truck113199,290.0
Truck113176,346.0
Truck113150,415.0
Truck113200,290.0
Truck113201,290.0
Truck113202,290.0
Truck113203,290.0
Truck113184,337.0
Truck113179,354.0
Truck113206,290.0
Truck113207,290.0
Truck113175,371.0
Truck113208,290.0
Truck113209,290.0
Truck113180,362.0
Truck113210,290.0
Truck113211,290.0
Truck113185,360.0
Truck113212,290.0
Truck113213,290.0
Truck113177,382.0
Truck113204,312.0
Truck113215,290.0
Truck113196,336.0
Truck113187,362.0
Truck113216,290.0
Truck113217,290.0
Truck113195,347.0
Truck113218,290.0
Truck113219,290.0
Truck113220,290.0
Truck113222,290.0
Truck113223,290.0
Truck113214,313.0
Truck113224,290.0
Truck113191,377.0
Truck113205,344.0
Truck113226,290.0
Truck113227,290.0
Truck113228,290.0
Truck113229,290.0
Truck113232,290.0
Truck113233,290.0
Truck113234,290.0
Truck113235,290.0
Truck113236,290.0
Truck113237,290.0
Truck113238,290.0
Truck113239,290.0
Truck113242,290.0
Truck113243,290.0
Truck113245,290.0
Truck113225,344.0
Truck113246,290.0
Truck113241,308.0
Truck113248,290.0
Truck113249,290.0
Truck113250,290.0
Truck113251,290.0
Truck113252,290.0
Truck113253,290.0
Truck113221,371.0
Truck113230,347.0
Truck113231,349.0
Truck113254,290.0
Truck113247,313.0
Truck113256,290.0
Truck113257,290.0
Truck113258,290.0
Truck113259,290.0
Truck113244,328.0
Truck113260,290.0
Truck113261,290.0
Truck113263,290.0
Truck113264,290.0
Truck113267,290.0
Truck113272,290.0
Truck113274,290.0
Truck113262,324.0
Truck113255,345.0
Truck113278,290.0
Truck113279,290.0
Truck113266,322.0
Truck113281,290.0
Truck113265,333.0
Truck113270,318.0
Truck113282,290.0
Truck113283,290.0
Truck113285,290.0
Truck113240,401.0
Truck113269,333.0
Truck113286,290.0
Truck113287,290.0
Truck113271,331.0
Truck113288,290.0
Truck113289,290.0
Truck113277,322.0
Truck113290,290.0
Truck113291,290.0
Truck113292,290.0
Truck113293,290.0
Truck113268,353.0
Truck113295,290.0
Truck113273,349.0
Truck113275,345.0
Truck113296,290.0
Truck113297,290.0
Truck113299,290.0
Truck113300,290.0
Truck113302,290.0
Truck113303,290.0
Truck113280,347.0
Truck113304,290.0
Truck113305,290.0
Truck113306,290.0
Truck113309,290.0
Truck113310,290.0
Truck113311,290.0
Truck113313,290.0
Truck113314,290.0
Truck113315,290.0
Truck113284,366.0
Truck113316,290.0
Truck113317,290.0
Truck113319,290.0
Truck113320,290.0
Truck113321,290.0
Truck113298,347.0
Truck113322,290.0
Truck113323,290.0
Truck113294,363.0
Truck113308,328.0
Truck113324,290.0
Truck113325,290.0
Truck113301,354.0
Truck113307,341.0
Truck113328,290.0
Truck113329,290.0
Truck113330,290.0
Truck113331,290.0
Truck113276,429.0
Truck113332,290.0
Truck113334,290.0
Truck113312,346.0
Truck113336,290.0
Truck113337,290.0
Truck113338,290.0
Truck113327,321.0
Truck113340,290.0
Truck113341,290.0
Truck113342,290.0
Truck113343,290.0
Truck113326,340.0
Truck113346,290.0
Truck113347,290.0
Truck113318,363.0
Truck113348,290.0
Truck113349,290.0
Truck113333,333.0
Truck113339,321.0
Truck113353,290.0
Truck113344,313.0
Truck113354,290.0
Truck113356,290.0
Truck113357,290.0
Truck113358,290.0
Truck113359,290.0
Truck113350,312.0
Truck113361,290.0
Truck113335,357.0
Truck113362,290.0
Truck113363,290.0
Truck113355,312.0
Truck113368,290.0
Truck113369,290.0
Truck113370,290.0
Truck113371,290.0
Truck113372,290.0
Truck113373,290.0
Truck113352,344.0
Truck113364,314.0
Truck113374,290.0
Truck113375,290.0
Truck113360,326.0
Truck113345,367.0
Truck113365,318.0
Truck113377,290.0
Truck113378,290.0
Truck113379,290.0
Truck113380,290.0
Truck113381,290.0
Truck113351,368.0
Truck113382,290.0
Truck113384,290.0
Truck113385,290.0
Truck113366,340.0
Truck113367,340.0
Truck113387,290.0
Truck113388,290.0
Truck113390,290.0
Truck113391,290.0
Truck113394,290.0
Truck113395,290.0
Truck113383,323.0
Truck113396,290.0
Truck113398,290.0
Truck113399,290.0
Truck113400,290.0
Truck113401,290.0
Truck113402,290.0
Truck113405,290.0
Truck113393,325.0
Truck113406,290.0
Truck113392,329.0
Truck113386,348.0
Truck113410,290.0
Truck113412,290.0
Truck113413,290.0
Truck113414,290.0
Truck113415,290.0
Truck113416,290.0
Truck113417,290.0
Truck113419,290.0
Truck113403,335.0
Truck113420,290.0
Truck113389,373.0
Truck113422,290.0
Truck113423,290.0
Truck113424,290.0
Truck113425,290.0
Truck113426,290.0
Truck113427,290.0
Truck113428,290.0
Truck113429,290.0
Truck113408,343.0
Truck113431,290.0
Truck113376,426.0
Truck113397,376.0
Truck113409,348.0
Truck113432,290.0
Truck113411,350.0
Truck113434,290.0
Truck113435,290.0
Truck113407,361.0
Truck113421,326.0
Truck113438,290.0
Truck113439,290.0
Truck113440,290.0
Truck113442,290.0
Truck113443,290.0
Truck113404,386.0
Truck113444,290.0
Truck113418,358.0
Truck113447,290.0
Truck113449,290.0
Truck113451,290.0
Truck113452,290.0
Truck113430,347.0
Truck113437,335.0
Truck113454,290.0
Truck113455,290.0
Truck113441,327.0
Truck113446,315.0
Truck113456,290.0
Truck113457,290.0
Truck113458,290.0
Truck113459,290.0
Truck113445,328.0
Truck113460,290.0
Truck113461,290.0
Truck113462,290.0
Truck113433,367.0
Truck113465,290.0
Truck113436,365.0
Truck113468,290.0
Truck113469,290.0
Truck113470,290.0
Truck113471,290.0
Truck113472,290.0
Truck113473,290.0
Truck113453,341.0
Truck113464,311.0
Truck113466,307.0
Truck113475,290.0
Truck113467,314.0
Truck113476,290.0
Truck113477,290.0
Truck113478,290.0
Truck113448,367.0
Truck113480,290.0
Truck113481,290.0
Truck113483,290.0
Truck113485,290.0
Truck113486,290.0
Truck113488,290.0
Truck113489,290.0
Truck113490,290.0
Truck113491,290.0
Truck113463,365.0
Truck113492,290.0
Truck113493,290.0
Truck113495,290.0
Truck113496,290.0
Truck113497,290.0
Truck113479,338.0
Truck113474,349.0
Truck113498,290.0
Truck113499,290.0
Truck113450,414.0
Truck113501,290.0
Truck113503,290.0
Truck113504,290.0
Truck113505,290.0
Truck113507,290.0
Truck113484,347.0
Truck113500,308.0
Truck113508,290.0
Truck113487,347.0
Truck113512,290.0
Truck113513,290.0
Truck113494,340.0
Truck113514,290.0
Truck113515,290.0
Truck113516,290.0
Truck113517,290.0
Truck113482,379.0
Truck113518,290.0
Truck113519,290.0
Truck113520,290.0
Truck113521,290.0
Truck113511,318.0
Truck113522,290.0
Truck113523,290.0
Truck113524,290.0
Truck113506,339.0
Truck113526,290.0
Truck113527,290.0
Truck113528,290.0
Truck113530,290.0
Truck113532,290.0
Truck113533,290.0
Truck113502,369.0
Truck113509,355.0
Truck113535,290.0
Truck113510,352.0
Truck113536,290.0
Truck113537,290.0
Truck113525,324.0
Truck113538,290.0
Truck113539,290.0
Truck113542,290.0
Truck113543,290.0
Truck113544,290.0
Truck113545,290.0
Truck113546,290.0
Truck113548,290.0
Truck113549,290.0
Truck113540,314.0
Truck113550,290.0
Truck113551,290.0
Truck113552,290.0
Truck113553,290.0
Truck113554,290.0
Truck113555,290.0
Truck113547,311.0
Truck113557,290.0
Truck113560,290.0
Truck113534,357.0
Truck113563,290.0
Truck113541,347.0
Truck113565,290.0
Truck113558,308.0
Truck113567,290.0
Truck113556,319.0
Truck113568,290.0
Truck113569,290.0
Truck113561,312.0
Truck113562,307.0
Truck113531,388.0
Truck113570,290.0
Truck113573,290.0
Truck113574,290.0
Truck113575,290.0
Truck113559,335.0
Truck113576,290.0
Truck113577,290.0
Truck113529,412.0
Truck113571,307.0
Truck113578,290.0
Truck113579,290.0
Truck113580,290.0
Truck113581,290.0
Truck113564,338.0
Truck113584,290.0
Truck113585,290.0
Truck113586,290.0
Truck113587,290.0
Truck113588,290.0
Truck113589,290.0
Truck113590,290.0
Truck113591,290.0
Truck113592,290.0
Truck113593,290.0
Truck113594,290.0
Truck113595,290.0
Truck113572,346.0
Truck113596,290.0
Truck113597,290.0
Truck113599,290.0
Truck113600,290.0
Truck113566,377.0
Truck113602,290.0
Truck113582,342.0
Truck113604,290.0
Truck113606,290.0
Truck113607,290.0
Truck113601,306.0
Truck113598,312.0
Truck113608,290.0
Truck113583,356.0
Truck113610,290.0
Truck113611,290.0
Truck113603,311.0
Truck113612,290.0
Truck113613,290.0
Truck113615,290.0
Truck113616,290.0
Truck113617,290.0
Truck113619,290.0
Truck113620,290.0
Truck113621,290.0
Truck113622,290.0
Truck113605,336.0
Truck113624,290.0
Truck113626,290.0
Truck113627,290.0
Truck113628,290.0
Truck113629,290.0
Truck113630,290.0
Truck113632,290.0
Truck113633,290.0
Truck113634,290.0
Truck113635,290.0
Truck113618,332.0
Truck113623,322.0
Truck113636,290.0
Truck113637,290.0
Truck113609,361.0
Truck113638,290.0
Truck113639,290.0
Truck113614,351.0
Truck113640,290.0
Truck113641,290.0
Truck113625,334.0
Truck113642,290.0
Truck113643,290.0
Truck113644,290.0
Truck113645,290.0
Truck113646,290.0
Truck113650,290.0
Truck113651,290.0
Truck113652,290.0
Truck113654,290.0
Truck113655,290.0
Truck113656,290.0
Truck113647,317.0
Truck113658,290.0
Truck113659,290.0
Truck113661,290.0
Truck113663,290.0
Truck113665,290.0
Truck113657,312.0
Truck113666,290.0
Truck113668,290.0
Truck113662,309.0
Truck113670,290.0
Truck113671,290.0
Truck113631,394.0
Truck113649,349.0
Truck113673,290.0
Truck113660,323.0
Truck113653,344.0
Truck113674,290.0
Truck113675,290.0
Truck113664,320.0
Truck113676,290.0
Truck113677,290.0
Truck113648,364.0
Truck113667,319.0
Truck113678,290.0
Truck113679,290.0
Truck113681,290.0
Truck113672,317.0
Truck113684,290.0
Truck113685,290.0
Truck113687,290.0
Truck113688,290.0
Truck113690,290.0
Truck113691,290.0
Truck113686,306.0
Truck113694,290.0
Truck113695,290.0
Truck113696,290.0
Truck113697,290.0
Truck113669,361.0
Truck113698,290.0
Truck113700,290.0
Truck113702,290.0
Truck113703,290.0
Truck113680,347.0
Truck113689,330.0
Truck113705,290.0
Truck113683,348.0
Truck113707,290.0
Truck113711,290.0
Truck113712,290.0
Truck113701,324.0
Truck113692,345.0
Truck113714,290.0
Truck113715,290.0
Truck113682,376.0
Truck113708,313.0
Truck113693,354.0
Truck113718,290.0
Truck113720,290.0
Truck113699,347.0
Truck113723,290.0
Truck113704,339.0
Truck113724,290.0
Truck113725,290.0
Truck113710,327.0
Truck113726,290.0
Truck113727,290.0
Truck113728,290.0
Truck113729,290.0
Truck113730,290.0
Truck113731,290.0
Truck113709,347.0
Truck113732,290.0
Truck113733,290.0
Truck113713,344.0
Truck113734,290.0
Truck113735,290.0
Truck113736,290.0
Truck113737,290.0
Truck113716,342.0
Truck113721,333.0
Truck113738,290.0
Truck113739,290.0
Truck113740,290.0
Truck113722,338.0
Truck113742,290.0
Truck113743,290.0
Truck113744,290.0
Truck113749,290.0
Truck113750,290.0
Truck113751,290.0
Truck113717,379.0
Truck113706,405.0
Truck113752,290.0
Truck113754,290.0
Truck113755,290.0
Truck113756,290.0
Truck113757,290.0
Truck113747,318.0
Truck113748,313.0
Truck113758,290.0
Truck113759,290.0
Truck113761,290.0
Truck113762,290.0
Truck113763,290.0
Truck113764,290.0
Truck113765,290.0
Truck113745,341.0
Truck113766,290.0
Truck113767,290.0
Truck113753,328.0
Truck113769,290.0
Truck113770,290.0
Truck113771,290.0
Truck113772,290.0
Truck113773,290.0
Truck113719,430.0
Truck113760,325.0
Truck113774,290.0
Truck113775,290.0
Truck113741,377.0
Truck113776,290.0
Truck113778,290.0
Truck113780,290.0
Truck113781,290.0
Truck113783,290.0
Truck113746,382.0
Truck113768,329.0
Truck113784,290.0
Truck113785,290.0
Truck113786,290.0
Truck113787,290.0
Truck113788,290.0
Truck113789,290.0
Truck113790,290.0
Truck113791,290.0
Truck113792,290.0
Truck113793,290.0
Truck113782,320.0
Truck113794,290.0
Truck113795,290.0
Truck113797,290.0
Truck113800,290.0
Truck113801,290.0
Truck113802,290.0
Truck113803,290.0
Truck113805,290.0
Truck113806,290.0
Truck113807,290.0
Truck113808,290.0
Truck113809,290.0
Truck113810,290.0
Truck113811,290.0
Truck113812,290.0
Truck113815,290.0
Truck113816,290.0
Truck113817,290.0
Truck113818,290.0
Truck113798,342.0
Truck113804,330.0
Truck113820,290.0
Truck113821,290.0
Truck113777,402.0
Truck113822,290.0
Truck113823,290.0
Truck113779,401.0
Truck113825,290.0
Truck113826,290.0
Truck113827,290.0
Truck113828,290.0
Truck113829,290.0
Truck113830,290.0
Truck113831,290.0
Truck113796,378.0
Truck113814,334.0
Truck113832,290.0
Truck113834,290.0
Truck113835,290.0
Truck113836,290.0
Truck113837,290.0
Truck113824,324.0
Truck113838,290.0
Truck113839,290.0
Truck113840,290.0
Truck113842,290.0
Truck113833,320.0
Truck113844,290.0
Truck113845,290.0
Truck113846,290.0
Truck113847,290.0
Truck113849,290.0
Truck113799,416.0
Truck113850,290.0
Truck113851,290.0
Truck113813,388.0
Truck113852,290.0
Truck113853,290.0
Truck113854,290.0
Truck113855,290.0
Truck113856,290.0
Truck113857,290.0
Truck113858,290.0
Truck113860,290.0
Truck113841,344.0
Truck113843,340.0
Truck113862,290.0
Truck113865,290.0
Truck113848,334.0
Truck113866,290.0
Truck113868,290.0
Truck113869,290.0
Truck113819,419.0
Truck113870,290.0
Truck113871,290.0
Truck113872,290.0
Truck113863,317.0
Truck113874,290.0
Truck113875,290.0
Truck113876,290.0
Truck113877,290.0
Truck113878,290.0
Truck113879,290.0
Truck113859,341.0
Truck113873,306.0
Truck113861,340.0
Truck113880,290.0
Truck113867,329.0
Truck113882,290.0
Truck113883,290.0
Truck113864,337.0
Truck113885,290.0
Truck113886,290.0
Truck113887,290.0
Truck113888,290.0
Truck113889,290.0
Truck113890,290.0
Truck113891,290.0
Truck113892,290.0
Truck113893,290.0
Truck113881,324.0
Truck113894,290.0
Truck113897,290.0
Truck113898,290.0
Truck113899,290.0
Truck113900,290.0
Truck113901,290.0
Truck113903,290.0
Truck113904,290.0
Truck113905,290.0
Truck113908,290.0
Truck113909,290.0
Truck113911,290.0
Truck113913,290.0
Truck113895,336.0
Truck113914,290.0
Truck113915,290.0
Truck113916,290.0
Truck113896,341.0
Truck113918,290.0
Truck113919,290.0
Truck113912,308.0
Truck113922,290.0
Truck113923,290.0
Truck113884,386.0
Truck113902,345.0
Truck113926,290.0
Truck113927,290.0
Truck113910,334.0
Truck113928,290.0
Truck113929,290.0
Truck113906,347.0
Truck113930,290.0
Truck113931,290.0
Truck113921,318.0
Truck113933,290.0
Truck113934,290.0
Truck113936,290.0
Truck113937,290.0
Truck113907,368.0
Truck113939,290.0
Truck113920,338.0
Truck113940,290.0
Truck113941,290.0
Truck113942,290.0
Truck113943,290.0
Truck113917,360.0
Truck113944,290.0
Truck113945,290.0
Truck113925,344.0
Truck113948,290.0
Truck113949,290.0
Truck113938,316.0
Truck113935,329.0
Truck113950,290.0
Truck113951,290.0
Truck113953,290.0
Truck113947,308.0
Truck113954,290.0
Truck113955,290.0
Truck113932,346.0
Truck113956,290.0
Truck113957,290.0
Truck113924,372.0
Truck113946,319.0
Truck113958,290.0
Truck113952,307.0
Truck113960,290.0
Truck113962,290.0
Truck113963,290.0
Truck113964,290.0
Truck113967,290.0
Truck113959,314.0
Truck113968,290.0
Truck113969,290.0
Truck113971,290.0
Truck113973,290.0
Truck113975,290.0
Truck113961,330.0
Truck113976,290.0
Truck113977,290.0
Truck113978,290.0
Truck113979,290.0
Truck113980,290.0
Truck113970,323.0
Truck113984,290.0
Truck113985,290.0
Truck113987,290.0
Truck113966,343.0
Truck113988,290.0
Truck113989,290.0
Truck113990,290.0
Truck113991,290.0
Truck113992,290.0
Truck113993,290.0
Truck113965,365.0
Truck113996,290.0
Truck113997,290.0
Truck113982,326.0
Truck113998,290.0
Truck113999,290.0
Truck114000,290.0
Truck114001,290.0
Truck113974,356.0
Truck113983,337.0
Truck114003,290.0
Truck114004,290.0
Truck114005,290.0
Truck114006,290.0
Truck114007,290.0
Truck113986,343.0
Truck114008,290.0
Truck114010,290.0
Truck114011,290.0
Truck114012,290.0
Truck114013,290.0
Truck113994,336.0
Truck113995,338.0
Truck114014,290.0
Truck114009,306.0
Truck114016,290.0
Truck114017,290.0
Truck113972,401.0
Truck113981,382.0
Truck114019,290.0
Truck114002,335.0
Truck114021,290.0
Truck114023,290.0
Truck114024,290.0
Truck114025,290.0
Truck114026,290.0
Truck114027,290.0
Truck114028,290.0
Truck114030,290.0
Truck114031,290.0
Truck114032,290.0
Truck114033,290.0
Truck114034,290.0
Truck114036,290.0
Truck114037,290.0
Truck114018,336.0
Truck114015,347.0
Truck114038,290.0
Truck114039,290.0
Truck114040,290.0
Truck114041,290.0
Truck114020,345.0
Truck114042,290.0
Truck114043,290.0
Truck114044,290.0
Truck114045,290.0
Truck114046,290.0
Truck114047,290.0
Truck114048,290.0
Truck114049,290.0
Truck114022,356.0
Truck114050,290.0
Truck114051,290.0
Truck114052,290.0
Truck114053,290.0
Truck114054,290.0
Truck114055,290.0
Truck114056,290.0
Truck114057,290.0
Truck114058,290.0
Truck114060,290.0
Truck114061,290.0
Truck114062,290.0
Truck114063,290.0
Truck114029,377.0
Truck114067,290.0
Truck114035,371.0
Truck114069,290.0
Truck114059,320.0
Truck114070,290.0
Truck114071,290.0
Truck114072,290.0
Truck114073,290.0
Truck114074,290.0
Truck114075,290.0
Truck114078,290.0
Truck114079,290.0
Truck114066,321.0
Truck114080,290.0
Truck114081,290.0
Truck114083,290.0
Truck114077,308.0
Truck114084,290.0
Truck114086,290.0
Truck114087,290.0
Truck114065,349.0
Truck114088,290.0
Truck114089,290.0
Truck114064,354.0
Truck114090,290.0
Truck114091,290.0
Truck114068,349.0
Truck114092,290.0
Truck114093,290.0
Truck114096,290.0
Truck114097,290.0
Truck114076,343.0
Truck114098,290.0
Truck114099,290.0
Truck114100,290.0
Truck114101,290.0
Truck114102,290.0
Truck114105,290.0
Truck114106,290.0
Truck114107,290.0
Truck114094,323.0
Truck114108,290.0
Truck114109,290.0
Truck114110,290.0
Truck114111,290.0
Truck114113,290.0
Truck114085,361.0
Truck114115,290.0
Truck114104,317.0
Truck114118,290.0
Truck114119,290.0
Truck114095,351.0
Truck114082,383.0
Truck114120,290.0
Truck114123,290.0
Truck114124,290.0
Truck114125,290.0
Truck114127,290.0
Truck114103,352.0
Truck114128,290.0
Truck114129,290.0
Truck114130,290.0
Truck114131,290.0
Truck114133,290.0
Truck114121,323.0
Truck114135,290.0
Truck114136,290.0
Truck114117,344.0
Truck114139,290.0
Truck114116,348.0
Truck114141,290.0
Truck114112,364.0
Truck114142,290.0
Truck114122,347.0
Truck114147,290.0
Truck114126,341.0
Truck114148,290.0
Truck114149,290.0
Truck114150,290.0
Truck114151,290.0
Truck114132,338.0
Truck114152,290.0
Truck114143,317.0
Truck114154,290.0
Truck114155,290.0
Truck114138,331.0
Truck114156,290.0
Truck114157,290.0
Truck114153,305.0
Truck114158,290.0
Truck114137,346.0
Truck114114,404.0
Truck114145,330.0
Truck114163,290.0
Truck114144,340.0
Truck114164,290.0
Truck114165,290.0
Truck114134,369.0
Truck114166,290.0
Truck114169,290.0
Truck114170,290.0
Truck114171,290.0
Truck114172,290.0
Truck114173,290.0
Truck114174,290.0
Truck114175,290.0
Truck114140,377.0
Truck114167,314.0
Truck114176,290.0
Truck114177,290.0
Truck114168,311.0
Truck114159,339.0
Truck114178,290.0
Truck114179,290.0
Truck114181,290.0
Truck114182,290.0
Truck114183,290.0
Truck114162,342.0
Truck114185,290.0
Truck114161,351.0
Truck114186,290.0
Truck114187,290.0
Truck114188,290.0
Truck114189,290.0
Truck114180,312.0
Truck114191,290.0
Truck114192,290.0
Truck114193,290.0
Truck114194,290.0
Truck114146,413.0
Truck114196,290.0
Truck114197,290.0
Truck114160,389.0
Truck114201,290.0
Truck114202,290.0
Truck114203,290.0
Truck114206,290.0
Truck114207,290.0
Truck114208,290.0
Truck114209,290.0
Truck114199,317.0
Truck114210,290.0
Truck114211,290.0
Truck114212,290.0
Truck114215,290.0
Truck114195,343.0
Truck114216,290.0
Truck114205,321.0
Truck114184,373.0
Truck114218,290.0
Truck114219,290.0
Truck114204,329.0
Truck114198,345.0
Truck114221,290.0
Truck114190,368.0
Truck114200,343.0
Truck114222,290.0
Truck114223,290.0
Truck114224,290.0
Truck114225,290.0
Truck114213,321.0
Truck114226,290.0
Truck114228,290.0
Truck114229,290.0
Truck114230,290.0
Truck114231,290.0
Truck114232,290.0
Truck114217,334.0
Truck114234,290.0
Truck114235,290.0
Truck114227,311.0
Truck114236,290.0
Truck114238,290.0
Truck114240,290.0
Truck114220,341.0
Truck114242,290.0
Truck114243,290.0
Truck114244,290.0
Truck114246,290.0
Truck114214,373.0
Truck114249,290.0
Truck114250,290.0
Truck114251,290.0
Truck114233,336.0
Truck114237,326.0
Truck114253,290.0
Truck114241,322.0
Truck114254,290.0
Truck114256,290.0
Truck114257,290.0
Truck114258,290.0
Truck114259,290.0
Truck114261,290.0
Truck114245,335.0
Truck114255,313.0
Truck114247,334.0
Truck114265,290.0
Truck114266,290.0
Truck114267,290.0
Truck114260,308.0
Truck114248,340.0
Truck114268,290.0
Truck114269,290.0
Truck114239,368.0
Truck114252,334.0
Truck114270,290.0
Truck114271,290.0
Truck114272,290.0
Truck114273,290.0
Truck114274,290.0
Truck114275,290.0
Truck114276,290.0
Truck114277,290.0
Truck114279,290.0
Truck114280,290.0
Truck114281,290.0
Truck114282,290.0
Truck114283,290.0
Truck114284,290.0
Truck114287,290.0
Truck114264,348.0
Truck114289,290.0
Truck114290,290.0
Truck114291,290.0
Truck114292,290.0
Truck114293,290.0
Truck114295,290.0
Truck114263,373.0
Truck114296,290.0
Truck114297,290.0
Truck114288,313.0
Truck114298,290.0
Truck114299,290.0
Truck114301,290.0
Truck114278,347.0
Truck114302,290.0
Truck114303,290.0
Truck114262,394.0
Truck114304,290.0
Truck114305,290.0
Truck114307,290.0
Truck114285,347.0
Truck114308,290.0
Truck114310,290.0
Truck114311,290.0
Truck114312,290.0
Truck114313,290.0
Truck114286,360.0
Truck114314,290.0
Truck114315,290.0
Truck114309,310.0
Truck114316,290.0
Truck114317,290.0
Truck114320,290.0
Truck114321,290.0
Truck114300,341.0
Truck114322,290.0
Truck114325,290.0
Truck114318,307.0
Truck114326,290.0
Truck114327,290.0
Truck114328,290.0
Truck114294,376.0
Truck114330,290.0
Truck114331,290.0
Truck114332,290.0
Truck114335,290.0
Truck114306,361.0
Truck114336,290.0
Truck114337,290.0
Truck114319,337.0
Truck114338,290.0
Truck114339,290.0
Truck114333,307.0
Truck114340,290.0
Truck114341,290.0
Truck114323,339.0
Truck114342,290.0
Truck114343,290.0
Truck114344,290.0
Truck114346,290.0
Truck114349,290.0
Truck114350,290.0
Truck114351,290.0
Truck114329,347.0
Truck114324,359.0
Truck114353,290.0
Truck114354,290.0
Truck114355,290.0
Truck114334,341.0
Truck114356,290.0
Truck114357,290.0
Truck114358,290.0
Truck114359,290.0
Truck114361,290.0
Truck114362,290.0
Truck114363,290.0
Truck114364,290.0
Truck114365,290.0
Truck114348,333.0
Truck114366,290.0
Truck114367,290.0
Truck114345,348.0
Truck114347,343.0
Truck114370,290.0
Truck114371,290.0
Truck114352,337.0
Truck114372,290.0
Truck114360,330.0
Truck114377,290.0
Truck114369,312.0
Truck114378,290.0
Truck114379,290.0
Truck114373,306.0
Truck114380,290.0
Truck114381,290.0
Truck114382,290.0
Truck114383,290.0
Truck114384,290.0
Truck114385,290.0
Truck114368,332.0
Truck114386,290.0
Truck114374,323.0
Truck114388,290.0
Truck114390,290.0
Truck114392,290.0
Truck114393,290.0
Truck114394,290.0
Truck114395,290.0
Truck114375,341.0
Truck114398,290.0
Truck114399,290.0
Truck114401,290.0
Truck114402,290.0
Truck114387,333.0
Truck114405,290.0
Truck114406,290.0
Truck114407,290.0
Truck114409,290.0
Truck114376,371.0
Truck114411,290.0
Truck114389,347.0
Truck114412,290.0
Truck114413,290.0
Truck114414,290.0
Truck114415,290.0
Truck114397,338.0
Truck114416,290.0
Truck114417,290.0
Truck114419,290.0
Truck114391,362.0
Truck114396,347.0
Truck114408,319.0
Truck114421,290.0
Truck114400,344.0
Truck114422,290.0
Truck114423,290.0
Truck114424,290.0
Truck114425,290.0
Truck114403,350.0
Truck114426,290.0
Truck114428,290.0
Truck114429,290.0
Truck114430,290.0
Truck114431,290.0
Truck114410,342.0
Truck114432,290.0
Truck114433,290.0
Truck114435,290.0
Truck114404,366.0
Truck114436,290.0
Truck114437,290.0
Truck114438,290.0
Truck114439,290.0
Truck114440,290.0
Truck114441,290.0
Truck114418,347.0
Truck114442,290.0
Truck114443,290.0
Truck114444,290.0
Truck114445,290.0
Truck114446,290.0
Truck114420,357.0
Truck114427,343.0
Truck114449,290.0
Truck114450,290.0
Truck114451,290.0
Truck114452,290.0
Truck114456,290.0
Truck114457,290.0
Truck114459,290.0
Truck114460,290.0
Truck114461,290.0
Truck114434,359.0
Truck114463,290.0
Truck114464,290.0
Truck114465,290.0
Truck114448,334.0
Truck114466,290.0
Truck114468,290.0
Truck114469,290.0
Truck114470,290.0
Truck114471,290.0
Truck114462,315.0
Truck114472,290.0
Truck114473,290.0
Truck114453,341.0
Truck114455,342.0
Truck114476,290.0
Truck114477,290.0
Truck114478,290.0
Truck114467,325.0
Truck114480,290.0
Truck114481,290.0
Truck114482,290.0
Truck114483,290.0
Truck114454,361.0
Truck114484,290.0
Truck114458,359.0
Truck114486,290.0
Truck114487,290.0
Truck114488,290.0
Truck114489,290.0
Truck114491,290.0
Truck114447,405.0
Truck114492,290.0
Truck114475,339.0
Truck114494,290.0
Truck114495,290.0
Truck114496,290.0
Truck114497,290.0
Truck114498,290.0
Truck114479,342.0
Truck114500,290.0
Truck114502,290.0
Truck114503,290.0
Truck114504,290.0
Truck114505,290.0
Truck114506,290.0
Truck114508,290.0
Truck114509,290.0
Truck114499,317.0
Truck114474,379.0
Truck114485,354.0
Truck114511,290.0
Truck114490,341.0
Truck114493,340.0
Truck114512,290.0
Truck114513,290.0
Truck114515,290.0
Truck114501,327.0
Truck114507,314.0
Truck114516,290.0
Truck114518,290.0
Truck114519,290.0
Truck114520,290.0
Truck114522,290.0
Truck114523,290.0
Truck114525,290.0
Truck114526,290.0
Truck114527,290.0
Truck114517,319.0
Truck114529,290.0
Truck114510,336.0
Truck114530,290.0
Truck114531,290.0
Truck114532,290.0
Truck114533,290.0
Truck114534,290.0
Truck114536,290.0
Truck114538,290.0
Truck114514,354.0
Truck114540,290.0
Truck114541,290.0
Truck114521,344.0
Truck114542,290.0
Truck114544,290.0
Truck114546,290.0
Truck114547,290.0
Truck114524,349.0
Truck114549,290.0
Truck114537,325.0
Truck114551,290.0
Truck114552,290.0
Truck114554,290.0
Truck114535,346.0
Truck114543,327.0
Truck114558,290.0
Truck114559,290.0
Truck114539,343.0
Truck114562,290.0
Truck114563,290.0
Truck114564,290.0
Truck114545,341.0
Truck114528,385.0
Truck114561,305.0
Truck114566,290.0
Truck114567,290.0
Truck114568,290.0
Truck114569,290.0
Truck114553,332.0
Truck114570,290.0
Truck114571,290.0
Truck114548,347.0
Truck114572,290.0
Truck114573,290.0
Truck114574,290.0
Truck114575,290.0
Truck114576,290.0
Truck114577,290.0
Truck114555,347.0
Truck114579,290.0
Truck114550,363.0
Truck114557,352.0
Truck114560,343.0
Truck114582,290.0
Truck114583,290.0
Truck114565,336.0
Truck114584,290.0
Truck114586,290.0
Truck114587,290.0
Truck114580,307.0
Truck114588,290.0
Truck114589,290.0
Truck114590,290.0
Truck114591,290.0
Truck114585,310.0
Truck114592,290.0
Truck114594,290.0
Truck114596,290.0
Truck114597,290.0
Truck114556,393.0
Truck114598,290.0
Truck114599,290.0
Truck114600,290.0
Truck114602,290.0
Truck114593,318.0
Truck114581,349.0
Truck114604,290.0
Truck114605,290.0
Truck114595,319.0
Truck114606,290.0
Truck114607,290.0
Truck114610,290.0
Truck114611,290.0
Truck114578,373.0
Truck114615,290.0
Truck114616,290.0
Truck114617,290.0
Truck114619,290.0
Truck114614,305.0
Truck114621,290.0
Truck114609,322.0
Truck114622,290.0
Truck114612,316.0
Truck114624,290.0
Truck114626,290.0
Truck114628,290.0
Truck114629,290.0
Truck114601,364.0
Truck114608,344.0
Truck114630,290.0
Truck114632,290.0
Truck114633,290.0
Truck114603,369.0
Truck114625,321.0
Truck114613,353.0
Truck114623,330.0
Truck114638,290.0
Truck114639,290.0
Truck114620,338.0
Truck114641,290.0
Truck114643,290.0
Truck114644,290.0
Truck114645,290.0
Truck114618,356.0
Truck114646,290.0
Truck114648,290.0
Truck114649,290.0
Truck114634,326.0
Truck114627,349.0
Truck114650,290.0
Truck114651,290.0
Truck114652,290.0
Truck114653,290.0
Truck114640,323.0
Truck114654,290.0
Truck114655,290.0
Truck114637,337.0
Truck114656,290.0
Truck114657,290.0
Truck114635,346.0
Truck114636,341.0
Truck114658,290.0
Truck114659,290.0
Truck114661,290.0
Truck114631,368.0
Truck114662,290.0
Truck114663,290.0
Truck114664,290.0
Truck114665,290.0
Truck114666,290.0
Truck114667,290.0
Truck114668,290.0
Truck114669,290.0
Truck114670,290.0
Truck114671,290.0
Truck114672,290.0
Truck114673,290.0
Truck114647,357.0
Truck114674,290.0
Truck114675,290.0
Truck114676,290.0
Truck114677,290.0
Truck114679,290.0
Truck114680,290.0
Truck114681,290.0
Truck114660,345.0
Truck114682,290.0
Truck114683,290.0
Truck114685,290.0
Truck114686,290.0
Truck114687,290.0
Truck114642,405.0
Truck114688,290.0
Truck114689,290.0
Truck114690,290.0
Truck114692,290.0
Truck114693,290.0
Truck114694,290.0
Truck114695,290.0
Truck114697,290.0
Truck114698,290.0
Truck114699,290.0
Truck114700,290.0
Truck114702,290.0
Truck114704,290.0
Truck114705,290.0
Truck114706,290.0
Truck114707,290.0
Truck114708,290.0
Truck114709,290.0
Truck114711,290.0
Truck114691,343.0
Truck114703,315.0
Truck114713,290.0
Truck114714,290.0
Truck114715,290.0
Truck114701,330.0
Truck114710,305.0
Truck114716,290.0
Truck114717,290.0
Truck114696,341.0
Truck114678,398.0
Truck114722,290.0
Truck114723,290.0
Truck114724,290.0
Truck114725,290.0
Truck114684,395.0
Truck114726,290.0
Truck114727,290.0
Truck114712,327.0
Truck114728,290.0
Truck114729,290.0
Truck114720,314.0
Truck114730,290.0
Truck114731,290.0
Truck114733,290.0
Truck114735,290.0
Truck114736,290.0
Truck114738,290.0
Truck114739,290.0
Truck114721,336.0
Truck114719,345.0
Truck114740,290.0
Truck114741,290.0
Truck114743,290.0
Truck114744,290.0
Truck114745,290.0
Truck114737,316.0
Truck114732,329.0
Truck114749,290.0
Truck114718,367.0
Truck114751,290.0
Truck114752,290.0
Truck114753,290.0
Truck114734,340.0
Truck114754,290.0
Truck114755,290.0
Truck114756,290.0
Truck114757,290.0
Truck114758,290.0
Truck114759,290.0
Truck114760,290.0
Truck114761,290.0
Truck114742,338.0
Truck114748,323.0
Truck114762,290.0
Truck114763,290.0
Truck114764,290.0
Truck114765,290.0
Truck114747,340.0
Truck114766,290.0
Truck114767,290.0
Truck114769,290.0
Truck114770,290.0
Truck114771,290.0
Truck114772,290.0
Truck114773,290.0
Truck114775,290.0
Truck114777,290.0
Truck114778,290.0
Truck114779,290.0
Truck114780,290.0
Truck114746,376.0
Truck114750,367.0
Truck114782,290.0
Truck114783,290.0
Truck114784,290.0
Truck114785,290.0
Truck114768,335.0
Truck114788,290.0
Truck114789,290.0
Truck114790,290.0
Truck114791,290.0
Truck114776,326.0
Truck114792,290.0
Truck114793,290.0
Truck114795,290.0
Truck114796,290.0
Truck114797,290.0
Truck114781,334.0
Truck114787,319.0
Truck114798,290.0
Truck114799,290.0
Truck114801,290.0
Truck114802,290.0
Truck114804,290.0
Truck114805,290.0
Truck114774,370.0
Truck114806,290.0
Truck114807,290.0
Truck114808,290.0
Truck114809,290.0
Truck114810,290.0
Truck114811,290.0
Truck114813,290.0
Truck114800,325.0
Truck114815,290.0
Truck114816,290.0
Truck114818,290.0
Truck114786,374.0
Truck114820,290.0
Truck114821,290.0
Truck114823,290.0
Truck114803,344.0
Truck114824,290.0
Truck114825,290.0
Truck114819,306.0
Truck114826,290.0
Truck114827,290.0
Truck114828,290.0
Truck114829,290.0
Truck114814,327.0
Truck114794,379.0
Truck114830,290.0
Truck114831,290.0
Truck114817,326.0
Truck114832,290.0
Truck114833,290.0
Truck114834,290.0
Truck114835,290.0
Truck114836,290.0
Truck114837,290.0
Truck114812,353.0
Truck114822,330.0
Truck114838,290.0
Truck114839,290.0
Truck114840,290.0
Truck114841,290.0
Truck114842,290.0
Truck114843,290.0
Truck114844,290.0
Truck114846,290.0
Truck114849,290.0
Truck114845,305.0
Truck114850,290.0
Truck114851,290.0
Truck114852,290.0
Truck114855,290.0
Truck114856,290.0
Truck114857,290.0
Truck114859,290.0
Truck114853,306.0
Truck114847,323.0
Truck114860,290.0
Truck114861,290.0
Truck114862,290.0
Truck114863,290.0
Truck114864,290.0
Truck114866,290.0
Truck114867,290.0
Truck114858,312.0
Truck114868,290.0
Truck114869,290.0
Truck114870,290.0
Truck114871,290.0
Truck114848,349.0
Truck114872,290.0
Truck114873,290.0
Truck114874,290.0
Truck114875,290.0
Truck114876,290.0
Truck114877,290.0
Truck114878,290.0
Truck114880,290.0
Truck114882,290.0
Truck114883,290.0
Truck114854,361.0
Truck114884,290.0
Truck114885,290.0
Truck114886,290.0
Truck114887,290.0
Truck114890,290.0
Truck114891,290.0
Truck114894,290.0
Truck114895,290.0
Truck114889,306.0
Truck114896,290.0
Truck114897,290.0
Truck114888,312.0
Truck114898,290.0
Truck114899,290.0
Truck114879,343.0
Truck114900,290.0
Truck114901,290.0
Truck114881,342.0
Truck114902,290.0
Truck114903,290.0
Truck114865,389.0
Truck114904,290.0
Truck114905,290.0
Truck114906,290.0
Truck114893,330.0
Truck114908,290.0
Truck114909,290.0
Truck114910,290.0
Truck114913,290.0
Truck114914,290.0
Truck114916,290.0
Truck114918,290.0
Truck114919,290.0
Truck114912,306.0
Truck114920,290.0
Truck114921,290.0
Truck114922,290.0
Truck114892,366.0
Truck114924,290.0
Truck114925,290.0
Truck114926,290.0
Truck114927,290.0
Truck114929,290.0
Truck114930,290.0
Truck114931,290.0
Truck114911,342.0
Truck114932,290.0
Truck114933,290.0
Truck114934,290.0
Truck114935,290.0
Truck114915,341.0
Truck114936,290.0
Truck114923,328.0
Truck114938,290.0
Truck114939,290.0
Truck114940,290.0
Truck114941,290.0
Truck114907,377.0
Truck114942,290.0
Truck114943,290.0
Truck114944,290.0
Truck114945,290.0
Truck114946,290.0
Truck114947,290.0
Truck114949,290.0
Truck114950,290.0
Truck114951,290.0
Truck114937,328.0
Truck114917,379.0
Truck114952,290.0
Truck114953,290.0
Truck114956,290.0
Truck114957,290.0
Truck114958,290.0
Truck114928,366.0
Truck114960,290.0
Truck114961,290.0
Truck114963,290.0
Truck114964,290.0
Truck114966,290.0
Truck114967,290.0
Truck114969,290.0
Truck114970,290.0
Truck114972,290.0
Truck114973,290.0
Truck114948,353.0
Truck114974,290.0
Truck114976,290.0
Truck114977,290.0
Truck114955,346.0
Truck114978,290.0
Truck114979,290.0
Truck114965,329.0
Truck114980,290.0
Truck114981,290.0
Truck114982,290.0
Truck114954,362.0
Truck114985,290.0
Truck114959,359.0
Truck114986,290.0
Truck114987,290.0
Truck114975,329.0
Truck114990,290.0
Truck114991,290.0
Truck114992,290.0
Truck114993,290.0
Truck114994,290.0
Truck114995,290.0
Truck114962,375.0
Truck114997,290.0
Truck114999,290.0
Truck115000,290.0
Truck115001,290.0
Truck114983,336.0
Truck114971,369.0
Truck114989,325.0
Truck115002,290.0
Truck115003,290.0
Truck114984,337.0
Truck114968,378.0
Truck115004,290.0
Truck114988,335.0
Truck115006,290.0
Truck115007,290.0
Truck115008,290.0
Truck115009,290.0
Truck115010,290.0
Truck114998,324.0
Truck115012,290.0
Truck115013,290.0
Truck115014,290.0
Truck115015,290.0
Truck115016,290.0
Truck115011,311.0
Truck115020,290.0
Truck115021,290.0
Truck115022,290.0
Truck115023,290.0
Truck115005,336.0
Truck115024,290.0
Truck115025,290.0
Truck115017,315.0
Truck115026,290.0
Truck115027,290.0
Truck115018,311.0
Truck115030,290.0
Truck115031,290.0
Truck115032,290.0
Truck115019,327.0
Truck115035,290.0
Truck114996,389.0
Truck115036,290.0
Truck115037,290.0
Truck115039,290.0
Truck115041,290.0
Truck115033,313.0
Truck115043,290.0
Truck115045,290.0
Truck115046,290.0
Truck115048,290.0
Truck115049,290.0
Truck115028,341.0
Truck115050,290.0
Truck115052,290.0
Truck115053,290.0
Truck115034,337.0
Truck115038,327.0
Truck115054,290.0
Truck115055,290.0
Truck115047,311.0
Truck115056,290.0
Truck115057,290.0
Truck115058,290.0
Truck115059,290.0
Truck115060,290.0
Truck115044,336.0
Truck115065,290.0
Truck115066,290.0
Truck115067,290.0
Truck115042,354.0
Truck115068,290.0
Truck115069,290.0
Truck115063,306.0
Truck115070,290.0
Truck115071,290.0
Truck115040,366.0
Truck115072,290.0
Truck115073,290.0
Truck115074,290.0
Truck115075,290.0
Truck115077,290.0
Truck115051,358.0
Truck115029,414.0
Truck115079,290.0
Truck115061,340.0
Truck115081,290.0
Truck115062,338.0
Truck115082,290.0
Truck115083,290.0
average,303.91383935044223
