ID,travel_time
Truck115200,290.0
Truck115201,290.0
Truck115203,290.0
Truck115205,290.0
Truck115207,290.0
Truck115206,299.0
Truck115211,290.0
Truck115217,290.0
Truck115212,302.0
Truck115218,290.0
Truck115202,334.0
Truck115220,290.0
Truck115215,309.0
Truck115210,322.0
Truck115209,328.0
Truck115204,339.0
Truck115225,290.0
Truck115227,290.0
Truck115224,300.0
Truck115228,290.0
Truck115213,333.0
Truck115214,334.0
Truck115223,315.0
Truck115232,290.0
Truck115229,305.0
Truck115219,332.0
Truck115231,304.0
Truck115233,301.0
Truck115239,290.0
Truck115222,336.0
Truck115242,290.0
Truck115243,290.0
Truck115245,290.0
Truck115246,290.0
Truck115247,290.0
Truck115208,389.0
Truck115248,290.0
Truck115249,290.0
Truck115226,346.0
Truck115237,325.0
Truck115250,290.0
Truck115251,290.0
Truck115234,332.0
Truck115254,290.0
Truck115241,328.0
Truck115256,290.0
Truck115230,357.0
Truck115258,290.0
Truck115259,290.0
Truck115221,390.0
Truck115235,355.0
Truck115260,290.0
Truck115236,353.0
Truck115262,290.0
Truck115265,290.0
Truck115266,290.0
Truck115267,290.0
Truck115255,322.0
Truck115261,309.0
Truck115269,290.0
Truck115270,290.0
Truck115253,336.0
Truck115244,357.0
Truck115272,290.0
Truck115273,290.0
Truck115257,332.0
Truck115276,290.0
Truck115277,290.0
Truck115216,444.0
Truck115279,290.0
Truck115271,319.0
Truck115252,371.0
Truck115268,335.0
Truck115287,290.0
Truck115290,290.0
Truck115291,290.0
Truck115274,333.0
Truck115292,290.0
Truck115294,290.0
Truck115295,290.0
Truck115284,319.0
Truck115296,290.0
Truck115297,290.0
Truck115264,373.0
Truck115288,313.0
Truck115293,304.0
Truck115299,290.0
Truck115240,437.0
Truck115263,383.0
Truck115238,445.0
Truck115300,290.0
Truck115282,339.0
Truck115280,353.0
Truck115285,343.0
Truck115306,290.0
Truck115303,301.0
Truck115308,290.0
Truck115278,370.0
Truck115289,346.0
Truck115305,306.0
Truck115312,290.0
Truck115314,290.0
Truck115310,303.0
Truck115275,395.0
Truck115301,330.0
Truck115316,290.0
Truck115307,324.0
Truck115325,290.0
Truck115304,341.0
Truck115309,332.0
Truck115317,314.0
Truck115326,290.0
Truck115321,308.0
Truck115328,290.0
Truck115329,290.0
Truck115330,290.0
Truck115323,313.0
Truck115319,325.0
Truck115332,290.0
Truck115333,290.0
Truck115313,341.0
Truck115322,316.0
Truck115281,424.0
Truck115298,381.0
Truck115311,354.0
Truck115336,290.0
Truck115337,290.0
Truck115320,337.0
Truck115334,306.0
Truck115286,429.0
Truck115302,389.0
Truck115343,290.0
Truck115327,333.0
Truck115339,309.0
Truck115315,373.0
Truck115318,370.0
Truck115350,290.0
Truck115346,305.0
Truck115347,305.0
Truck115352,290.0
Truck115345,313.0
Truck115335,340.0
Truck115354,290.0
Truck115355,290.0
Truck115357,290.0
Truck115331,356.0
Truck115283,480.0
Truck115353,305.0
Truck115358,290.0
Truck115342,332.0
Truck115338,344.0
Truck115341,341.0
Truck115324,384.0
Truck115362,290.0
Truck115359,303.0
Truck115348,334.0
Truck115366,290.0
Truck115363,305.0
Truck115368,290.0
Truck115369,290.0
Truck115340,362.0
Truck115365,305.0
Truck115370,290.0
Truck115371,290.0
Truck115367,302.0
Truck115372,290.0
Truck115373,290.0
Truck115356,332.0
Truck115344,364.0
Truck115374,290.0
Truck115360,327.0
Truck115377,290.0
Truck115379,290.0
Truck115381,290.0
Truck115383,290.0
Truck115351,371.0
Truck115349,380.0
Truck115384,290.0
Truck115385,290.0
Truck115364,344.0
Truck115386,290.0
Truck115388,290.0
Truck115390,290.0
Truck115391,290.0
Truck115378,325.0
Truck115380,320.0
Truck115361,374.0
Truck115397,290.0
Truck115393,303.0
Truck115392,308.0
Truck115401,290.0
Truck115375,358.0
Truck115402,290.0
Truck115404,290.0
Truck115405,290.0
Truck115398,306.0
Truck115389,335.0
Truck115406,290.0
Truck115400,307.0
Truck115410,290.0
Truck115411,290.0
Truck115376,376.0
Truck115399,321.0
Truck115407,302.0
Truck115394,333.0
Truck115412,290.0
Truck115409,301.0
Truck115395,340.0
Truck115382,375.0
Truck115417,290.0
Truck115419,290.0
Truck115414,306.0
Truck115387,377.0
Truck115422,290.0
Truck115424,290.0
Truck115426,290.0
Truck115423,304.0
Truck115425,300.0
Truck115408,341.0
Truck115431,290.0
Truck115433,290.0
Truck115436,290.0
Truck115438,290.0
Truck115441,290.0
Truck115428,322.0
Truck115421,345.0
Truck115443,290.0
Truck115420,346.0
Truck115396,407.0
Truck115418,353.0
Truck115446,290.0
Truck115416,370.0
Truck115449,290.0
Truck115440,314.0
Truck115451,290.0
Truck115413,386.0
Truck115429,347.0
Truck115447,304.0
Truck115453,290.0
Truck115435,337.0
Truck115445,314.0
Truck115454,290.0
Truck115448,307.0
Truck115444,320.0
Truck115456,290.0
Truck115455,300.0
Truck115459,290.0
Truck115430,365.0
Truck115460,290.0
Truck115432,361.0
Truck115415,415.0
Truck115403,448.0
Truck115437,364.0
Truck115439,362.0
Truck115465,300.0
Truck115469,290.0
Truck115461,312.0
Truck115463,307.0
Truck115442,359.0
Truck115470,290.0
Truck115471,290.0
Truck115452,338.0
Truck115472,290.0
Truck115479,290.0
Truck115480,290.0
Truck115481,290.0
Truck115483,290.0
Truck115466,331.0
Truck115476,307.0
Truck115457,359.0
Truck115462,345.0
Truck115458,360.0
Truck115487,290.0
Truck115489,290.0
Truck115427,448.0
Truck115450,389.0
Truck115485,308.0
Truck115474,339.0
Truck115494,290.0
Truck115478,332.0
Truck115482,322.0
Truck115498,290.0
Truck115473,360.0
Truck115500,290.0
Truck115501,290.0
Truck115502,290.0
Truck115490,325.0
Truck115505,290.0
Truck115484,341.0
Truck115496,313.0
Truck115477,364.0
Truck115493,325.0
Truck115506,290.0
Truck115434,473.0
Truck115503,304.0
Truck115495,325.0
Truck115508,290.0
Truck115464,403.0
Truck115510,290.0
Truck115511,290.0
Truck115468,396.0
Truck115499,324.0
Truck115512,290.0
Truck115509,304.0
Truck115514,290.0
Truck115497,339.0
Truck115516,290.0
Truck115517,290.0
Truck115475,400.0
Truck115518,290.0
Truck115522,290.0
Truck115523,290.0
Truck115488,376.0
Truck115507,331.0
Truck115486,384.0
Truck115504,340.0
Truck115524,290.0
Truck115526,290.0
Truck115520,306.0
Truck115525,300.0
Truck115529,290.0
Truck115467,446.0
Truck115519,320.0
Truck115527,305.0
Truck115532,290.0
Truck115533,290.0
Truck115521,325.0
Truck115536,290.0
Truck115537,290.0
Truck115513,351.0
Truck115538,290.0
Truck115515,352.0
Truck115535,302.0
Truck115540,290.0
Truck115541,290.0
Truck115542,290.0
Truck115543,290.0
Truck115491,425.0
Truck115544,290.0
Truck115545,290.0
Truck115550,290.0
Truck115551,290.0
Truck115547,308.0
Truck115534,340.0
Truck115528,356.0
Truck115492,453.0
Truck115553,303.0
Truck115554,299.0
Truck115546,320.0
Truck115530,362.0
Truck115539,342.0
Truck115560,290.0
Truck115557,304.0
Truck115562,290.0
Truck115531,375.0
Truck115549,330.0
Truck115564,290.0
Truck115559,311.0
Truck115563,306.0
Truck115570,290.0
Truck115573,290.0
Truck115552,341.0
Truck115575,290.0
Truck115558,332.0
Truck115548,360.0
Truck115569,312.0
Truck115579,290.0
Truck115567,321.0
Truck115581,290.0
Truck115583,290.0
Truck115555,362.0
Truck115561,347.0
Truck115565,339.0
Truck115576,309.0
Truck115556,360.0
Truck115584,290.0
Truck115590,290.0
Truck115574,332.0
Truck115578,322.0
Truck115592,290.0
Truck115568,353.0
Truck115582,323.0
Truck115591,307.0
Truck115593,304.0
Truck115571,362.0
Truck115586,323.0
Truck115600,290.0
Truck115601,290.0
Truck115603,290.0
Truck115572,367.0
Truck115597,307.0
Truck115594,315.0
Truck115598,307.0
Truck115606,290.0
Truck115585,347.0
Truck115577,368.0
Truck115610,290.0
Truck115611,290.0
Truck115566,402.0
Truck115596,329.0
Truck115612,290.0
Truck115589,355.0
Truck115604,317.0
Truck115609,309.0
Truck115599,335.0
Truck115616,290.0
Truck115617,290.0
Truck115595,349.0
Truck115618,290.0
Truck115614,305.0
Truck115621,290.0
Truck115622,290.0
Truck115624,290.0
Truck115625,290.0
Truck115615,316.0
Truck115580,403.0
Truck115633,290.0
Truck115619,326.0
Truck115605,365.0
Truck115602,374.0
Truck115636,290.0
Truck115628,311.0
Truck115631,306.0
Truck115587,418.0
Truck115620,340.0
Truck115642,290.0
Truck115637,306.0
Truck115629,329.0
Truck115639,305.0
Truck115632,327.0
Truck115641,307.0
Truck115649,290.0
Truck115627,346.0
Truck115613,382.0
Truck115650,290.0
Truck115635,332.0
Truck115607,405.0
Truck115651,300.0
Truck115655,290.0
Truck115643,324.0
Truck115623,375.0
Truck115644,320.0
Truck115656,290.0
Truck115657,290.0
Truck115658,290.0
Truck115659,290.0
Truck115630,361.0
Truck115652,308.0
Truck115588,477.0
Truck115664,290.0
Truck115648,335.0
Truck115666,290.0
Truck115634,378.0
Truck115663,308.0
Truck115626,399.0
Truck115654,329.0
Truck115671,290.0
Truck115653,339.0
Truck115668,300.0
Truck115638,384.0
Truck115660,329.0
Truck115677,290.0
Truck115678,290.0
Truck115675,302.0
Truck115680,290.0
Truck115669,322.0
Truck115676,304.0
Truck115682,290.0
Truck115662,341.0
Truck115645,388.0
Truck115684,290.0
Truck115640,401.0
Truck115687,290.0
Truck115667,342.0
Truck115689,290.0
Truck115691,290.0
Truck115686,305.0
Truck115685,312.0
Truck115608,505.0
Truck115673,346.0
Truck115696,290.0
Truck115647,419.0
Truck115698,290.0
Truck115699,290.0
Truck115700,290.0
Truck115674,356.0
Truck115695,309.0
Truck115697,306.0
Truck115665,387.0
Truck115672,367.0
Truck115705,290.0
Truck115681,351.0
Truck115692,321.0
Truck115694,316.0
Truck115679,359.0
Truck115706,290.0
Truck115708,290.0
Truck115670,394.0
Truck115712,290.0
Truck115704,311.0
Truck115714,290.0
Truck115715,290.0
Truck115713,305.0
Truck115702,334.0
Truck115721,290.0
Truck115717,304.0
Truck115711,324.0
Truck115725,290.0
Truck115683,398.0
Truck115709,334.0
Truck115718,309.0
Truck115722,300.0
Truck115728,290.0
Truck115729,290.0
Truck115716,324.0
Truck115732,290.0
Truck115703,368.0
Truck115723,325.0
Truck115737,290.0
Truck115739,290.0
Truck115646,522.0
Truck115731,312.0
Truck115726,325.0
Truck115727,327.0
Truck115719,348.0
Truck115742,290.0
Truck115743,290.0
Truck115736,307.0
Truck115738,305.0
Truck115745,290.0
Truck115746,290.0
Truck115720,360.0
Truck115690,437.0
Truck115661,514.0
Truck115724,357.0
Truck115752,290.0
Truck115754,290.0
Truck115733,346.0
Truck115757,290.0
Truck115753,301.0
Truck115740,332.0
Truck115730,358.0
Truck115750,308.0
Truck115758,290.0
Truck115693,457.0
Truck115707,424.0
Truck115760,290.0
Truck115761,290.0
Truck115751,319.0
Truck115755,311.0
Truck115688,477.0
Truck115764,290.0
Truck115765,290.0
Truck115710,427.0
Truck115734,370.0
Truck115741,355.0
Truck115744,356.0
Truck115772,290.0
Truck115735,388.0
Truck115756,336.0
Truck115748,360.0
Truck115776,290.0
Truck115777,290.0
Truck115771,307.0
Truck115773,306.0
Truck115762,332.0
Truck115747,373.0
Truck115780,290.0
Truck115781,290.0
Truck115782,290.0
Truck115783,290.0
Truck115784,290.0
Truck115785,290.0
Truck115770,329.0
Truck115787,290.0
Truck115769,340.0
Truck115788,290.0
Truck115789,290.0
Truck115701,513.0
Truck115749,393.0
Truck115790,290.0
Truck115775,339.0
Truck115766,361.0
Truck115786,313.0
Truck115792,301.0
Truck115799,290.0
Truck115763,382.0
Truck115767,372.0
Truck115793,309.0
Truck115797,303.0
Truck115768,377.0
Truck115774,369.0
Truck115806,290.0
Truck115807,290.0
Truck115808,290.0
Truck115809,290.0
Truck115810,290.0
Truck115759,423.0
Truck115778,375.0
Truck115813,290.0
Truck115814,290.0
Truck115812,299.0
Truck115795,345.0
Truck115818,290.0
Truck115819,290.0
Truck115820,290.0
Truck115817,304.0
Truck115798,350.0
Truck115822,290.0
Truck115794,363.0
Truck115800,348.0
Truck115804,338.0
Truck115816,308.0
Truck115826,290.0
Truck115811,338.0
Truck115830,290.0
Truck115831,290.0
Truck115805,356.0
Truck115829,303.0
Truck115801,375.0
Truck115834,290.0
Truck115802,372.0
Truck115837,290.0
Truck115839,290.0
Truck115821,339.0
Truck115836,300.0
Truck115832,312.0
Truck115835,314.0
Truck115840,301.0
Truck115842,300.0
Truck115846,290.0
Truck115841,306.0
Truck115779,462.0
Truck115796,420.0
Truck115815,377.0
Truck115843,308.0
Truck115850,290.0
Truck115803,412.0
Truck115852,290.0
Truck115791,447.0
Truck115828,357.0
Truck115856,290.0
Truck115853,302.0
Truck115824,373.0
Truck115845,327.0
Truck115861,290.0
Truck115833,362.0
Truck115864,290.0
Truck115865,290.0
Truck115838,359.0
Truck115863,300.0
Truck115867,290.0
Truck115859,311.0
Truck115823,404.0
Truck115847,344.0
Truck115860,310.0
Truck115870,290.0
Truck115825,406.0
Truck115827,405.0
Truck115855,336.0
Truck115869,304.0
Truck115875,290.0
Truck115844,366.0
Truck115857,337.0
Truck115877,290.0
Truck115878,290.0
Truck115879,290.0
Truck115858,341.0
Truck115880,290.0
Truck115881,290.0
Truck115874,308.0
Truck115883,290.0
Truck115871,322.0
Truck115876,309.0
Truck115884,290.0
Truck115862,346.0
Truck115873,328.0
Truck115889,290.0
Truck115868,341.0
Truck115890,290.0
Truck115872,339.0
Truck115892,290.0
Truck115888,302.0
Truck115886,308.0
Truck115895,290.0
Truck115849,409.0
Truck115898,290.0
Truck115854,402.0
Truck115896,304.0
Truck115885,335.0
Truck115904,290.0
Truck115905,290.0
Truck115866,386.0
Truck115894,317.0
Truck115901,303.0
Truck115907,290.0
Truck115908,290.0
Truck115899,317.0
Truck115851,441.0
Truck115906,307.0
Truck115902,319.0
Truck115914,290.0
Truck115915,290.0
Truck115893,348.0
Truck115848,460.0
Truck115916,290.0
Truck115917,290.0
Truck115911,306.0
Truck115919,290.0
Truck115887,372.0
Truck115912,308.0
Truck115921,290.0
Truck115903,341.0
Truck115925,290.0
Truck115909,334.0
Truck115926,290.0
Truck115897,368.0
Truck115924,299.0
Truck115928,290.0
Truck115929,290.0
Truck115922,306.0
Truck115910,337.0
Truck115931,290.0
Truck115930,301.0
Truck115936,290.0
Truck115937,290.0
Truck115938,290.0
Truck115939,290.0
Truck115934,301.0
Truck115940,290.0
Truck115882,449.0
Truck115933,330.0
Truck115944,301.0
Truck115932,335.0
Truck115945,312.0
Truck115935,338.0
Truck115943,319.0
Truck115954,290.0
Truck115955,290.0
Truck115927,362.0
Truck115941,329.0
Truck115953,304.0
Truck115958,290.0
Truck115952,307.0
Truck115946,325.0
Truck115960,290.0
Truck115891,466.0
Truck115957,305.0
Truck115964,290.0
Truck115948,335.0
Truck115967,290.0
Truck115923,403.0
Truck115942,354.0
Truck115968,290.0
Truck115920,415.0
Truck115971,290.0
Truck115947,352.0
Truck115918,424.0
Truck115973,290.0
Truck115975,290.0
Truck115949,356.0
Truck115976,290.0
Truck115970,306.0
Truck115963,329.0
Truck115978,290.0
Truck115961,337.0
Truck115950,369.0
Truck115913,465.0
Truck115959,354.0
Truck115977,309.0
Truck115956,360.0
Truck115985,290.0
Truck115965,341.0
Truck115987,290.0
Truck115980,308.0
Truck115962,355.0
Truck115983,305.0
Truck115989,290.0
Truck115991,290.0
Truck115992,290.0
Truck115993,290.0
Truck115974,339.0
Truck115982,319.0
Truck115995,290.0
Truck115984,318.0
Truck115996,290.0
Truck115997,290.0
Truck115979,337.0
Truck115951,409.0
Truck115998,290.0
Truck115999,290.0
Truck116003,290.0
Truck116004,290.0
Truck116005,290.0
Truck115994,320.0
Truck116006,290.0
Truck116001,307.0
Truck115900,560.0
Truck115988,340.0
Truck116008,290.0
Truck116011,290.0
Truck115981,368.0
Truck116007,305.0
Truck116013,290.0
Truck115990,346.0
Truck116015,290.0
Truck116017,290.0
Truck116019,290.0
Truck115972,408.0
Truck116021,290.0
Truck115986,378.0
Truck116009,323.0
Truck115966,429.0
Truck116022,290.0
Truck116023,290.0
Truck116002,342.0
Truck116025,290.0
Truck116024,300.0
Truck116028,290.0
Truck116029,290.0
Truck116031,290.0
Truck116012,337.0
Truck116020,318.0
Truck116032,290.0
Truck116014,340.0
Truck116034,290.0
Truck116035,290.0
Truck116016,338.0
Truck116036,290.0
Truck116037,290.0
Truck116033,303.0
Truck116038,290.0
Truck116041,290.0
Truck115969,471.0
Truck116042,290.0
Truck116010,375.0
Truck116046,290.0
Truck116047,290.0
Truck116000,411.0
Truck116050,290.0
Truck116045,309.0
Truck116026,355.0
Truck116048,303.0
Truck116039,335.0
Truck116056,290.0
Truck116030,357.0
Truck116058,290.0
Truck116059,290.0
Truck116053,308.0
Truck116061,290.0
Truck116049,321.0
Truck116027,379.0
Truck116057,305.0
Truck116062,290.0
Truck116064,290.0
Truck116069,290.0
Truck116051,336.0
Truck116063,311.0
Truck116066,302.0
Truck116055,336.0
Truck116074,290.0
Truck116075,290.0
Truck116040,378.0
Truck116052,350.0
Truck116077,290.0
Truck116071,308.0
Truck116065,324.0
Truck116078,290.0
Truck116079,290.0
Truck116067,323.0
Truck116018,445.0
Truck116044,380.0
Truck116072,318.0
Truck116087,290.0
Truck116054,372.0
Truck116073,329.0
Truck116060,363.0
Truck116084,303.0
Truck116090,290.0
Truck116091,290.0
Truck116092,290.0
Truck116093,290.0
Truck116081,325.0
Truck116076,339.0
Truck116096,290.0
Truck116098,290.0
Truck116101,290.0
Truck116089,324.0
Truck116095,309.0
Truck116088,325.0
Truck116097,305.0
Truck116102,290.0
Truck116104,290.0
Truck116099,306.0
Truck116068,384.0
Truck116106,290.0
Truck116107,290.0
Truck116085,348.0
Truck116108,290.0
Truck116083,356.0
Truck116086,347.0
Truck116103,309.0
Truck116110,290.0
Truck116111,290.0
Truck116115,290.0
Truck116100,332.0
Truck116114,299.0
Truck116118,290.0
Truck116043,485.0
Truck116120,290.0
Truck116121,290.0
Truck116082,387.0
Truck116113,317.0
Truck116129,290.0
Truck116124,306.0
Truck116109,347.0
Truck116105,361.0
Truck116126,311.0
Truck116119,332.0
Truck116123,325.0
Truck116138,290.0
Truck116139,290.0
Truck116116,350.0
Truck116141,290.0
Truck116142,290.0
Truck116136,307.0
Truck116125,339.0
Truck116145,290.0
Truck116146,290.0
Truck116127,342.0
Truck116137,319.0
Truck116149,290.0
Truck116128,341.0
Truck116143,306.0
Truck116130,340.0
Truck116151,290.0
Truck116140,318.0
Truck116094,434.0
Truck116153,290.0
Truck116070,497.0
Truck116144,313.0
Truck116155,290.0
Truck116156,290.0
Truck116148,315.0
Truck116152,305.0
Truck116159,290.0
Truck116135,353.0
Truck116117,400.0
Truck116160,290.0
Truck116161,290.0
Truck116080,491.0
Truck116132,361.0
Truck116163,290.0
Truck116158,301.0
Truck116133,375.0
Truck116167,290.0
Truck116112,440.0
Truck116173,290.0
Truck116154,336.0
Truck116174,290.0
Truck116175,290.0
Truck116150,351.0
Truck116131,404.0
Truck116176,290.0
Truck116177,290.0
Truck116157,344.0
Truck116162,330.0
Truck116178,290.0
Truck116134,401.0
Truck116165,326.0
Truck116181,290.0
Truck116172,318.0
Truck116122,447.0
Truck116186,290.0
Truck116147,391.0
Truck116184,300.0
Truck116166,346.0
Truck116180,311.0
Truck116182,309.0
Truck116170,341.0
Truck116192,290.0
Truck116193,290.0
Truck116168,353.0
Truck116179,329.0
Truck116194,290.0
Truck116196,290.0
Truck116197,290.0
Truck116183,326.0
Truck116171,361.0
Truck116189,318.0
Truck116187,324.0
Truck116188,319.0
Truck116200,290.0
Truck116201,290.0
Truck116191,316.0
Truck116195,309.0
Truck116164,385.0
Truck116203,290.0
Truck116169,377.0
Truck116190,323.0
Truck116204,290.0
Truck116199,308.0
Truck116209,290.0
Truck116207,300.0
Truck116212,290.0
Truck116215,290.0
Truck116185,368.0
Truck116208,308.0
Truck116216,290.0
Truck116222,290.0
Truck116223,290.0
Truck116210,323.0
Truck116220,303.0
Truck116198,360.0
Truck116226,290.0
Truck116211,339.0
Truck116230,290.0
Truck116225,309.0
Truck116219,325.0
Truck116232,290.0
Truck116221,325.0
Truck116234,290.0
Truck116217,338.0
Truck116224,318.0
Truck116213,352.0
Truck116238,290.0
Truck116205,376.0
Truck116240,290.0
Truck116241,290.0
Truck116214,360.0
Truck116243,290.0
Truck116228,327.0
Truck116245,290.0
Truck116231,329.0
Truck116235,321.0
Truck116218,364.0
Truck116248,290.0
Truck116249,290.0
Truck116244,305.0
Truck116229,348.0
Truck116252,290.0
Truck116247,307.0
Truck116227,359.0
Truck116233,344.0
Truck116255,290.0
Truck116237,339.0
Truck116242,329.0
Truck116250,315.0
Truck116260,290.0
Truck116262,290.0
Truck116263,290.0
Truck116264,290.0
Truck116265,290.0
Truck116239,360.0
Truck116266,290.0
Truck116257,320.0
Truck116270,290.0
Truck116256,330.0
Truck116272,290.0
Truck116236,384.0
Truck116206,468.0
Truck116251,358.0
Truck116278,290.0
Truck116279,290.0
Truck116280,290.0
Truck116281,290.0
Truck116273,311.0
Truck116282,290.0
Truck116284,290.0
Truck116285,290.0
Truck116258,357.0
Truck116275,318.0
Truck116286,290.0
Truck116253,380.0
Truck116288,290.0
Truck116289,290.0
Truck116271,336.0
Truck116269,342.0
Truck116274,330.0
Truck116287,300.0
Truck116291,290.0
Truck116290,299.0
Truck116294,290.0
Truck116261,376.0
Truck116296,290.0
Truck116268,361.0
Truck116299,290.0
Truck116254,405.0
Truck116300,290.0
Truck116293,311.0
Truck116202,537.0
Truck116267,379.0
Truck116303,290.0
Truck116297,309.0
Truck116301,300.0
Truck116307,290.0
Truck116259,411.0
Truck116276,366.0
Truck116283,357.0
Truck116311,290.0
Truck116306,306.0
Truck116292,342.0
Truck116317,290.0
Truck116309,313.0
Truck116313,303.0
Truck116320,290.0
Truck116246,477.0
Truck116277,402.0
Truck116315,307.0
Truck116322,290.0
Truck116304,338.0
Truck116314,313.0
Truck116298,355.0
Truck116324,290.0
Truck116305,342.0
Truck116326,290.0
Truck116312,326.0
Truck116323,306.0
Truck116325,302.0
Truck116331,290.0
Truck116295,383.0
Truck116334,290.0
Truck116336,290.0
Truck116337,290.0
Truck116302,377.0
Truck116310,358.0
Truck116319,339.0
Truck116316,345.0
Truck116335,300.0
Truck116338,290.0
Truck116339,290.0
Truck116333,306.0
Truck116327,324.0
Truck116341,290.0
Truck116318,348.0
Truck116308,375.0
Truck116343,290.0
Truck116346,290.0
Truck116349,290.0
Truck116351,290.0
Truck116342,312.0
Truck116347,302.0
Truck116328,349.0
Truck116352,290.0
Truck116321,378.0
Truck116345,325.0
Truck116353,305.0
Truck116358,290.0
Truck116359,290.0
Truck116354,304.0
Truck116350,315.0
Truck116361,290.0
Truck116363,290.0
Truck116356,309.0
Truck116357,309.0
Truck116364,290.0
Truck116365,290.0
Truck116344,345.0
Truck116367,290.0
Truck116369,290.0
Truck116360,313.0
Truck116340,368.0
Truck116348,350.0
Truck116373,290.0
Truck116366,306.0
Truck116332,393.0
Truck116374,290.0
Truck116375,290.0
Truck116355,343.0
Truck116362,327.0
Truck116368,318.0
Truck116380,290.0
Truck116376,305.0
Truck116383,290.0
Truck116329,430.0
Truck116389,290.0
Truck116381,313.0
Truck116390,290.0
Truck116377,328.0
Truck116387,307.0
Truck116379,330.0
Truck116396,290.0
Truck116330,458.0
Truck116392,304.0
Truck116399,290.0
Truck116378,345.0
Truck116400,290.0
Truck116401,290.0
Truck116395,307.0
Truck116397,302.0
Truck116382,347.0
Truck116385,343.0
Truck116406,290.0
Truck116370,381.0
Truck116384,348.0
Truck116371,388.0
Truck116391,338.0
Truck116386,349.0
Truck116412,290.0
Truck116403,317.0
Truck116407,307.0
Truck116398,329.0
Truck116415,290.0
Truck116402,323.0
Truck116417,290.0
Truck116394,346.0
Truck116413,303.0
Truck116409,315.0
Truck116419,290.0
Truck116421,290.0
Truck116416,301.0
Truck116388,376.0
Truck116408,327.0
Truck116393,368.0
Truck116404,340.0
Truck116424,290.0
Truck116418,308.0
Truck116427,290.0
Truck116431,290.0
Truck116429,300.0
Truck116432,290.0
Truck116433,290.0
Truck116428,302.0
Truck116426,309.0
Truck116411,350.0
Truck116435,290.0
Truck116440,290.0
Truck116425,331.0
Truck116437,301.0
Truck116422,337.0
Truck116414,359.0
Truck116442,290.0
Truck116443,290.0
Truck116444,290.0
Truck116445,290.0
Truck116372,475.0
Truck116447,290.0
Truck116448,290.0
Truck116449,290.0
Truck116450,290.0
Truck116423,364.0
Truck116452,290.0
Truck116453,290.0
Truck116455,290.0
Truck116441,332.0
Truck116446,320.0
Truck116430,361.0
Truck116436,349.0
Truck116460,290.0
Truck116461,290.0
Truck116438,346.0
Truck116463,290.0
Truck116464,290.0
Truck116467,290.0
Truck116468,290.0
Truck116457,325.0
Truck116470,290.0
Truck116471,290.0
Truck116466,306.0
Truck116410,452.0
Truck116454,342.0
Truck116465,320.0
Truck116476,290.0
Truck116474,302.0
Truck116456,350.0
Truck116477,303.0
Truck116479,302.0
Truck116434,414.0
Truck116484,290.0
Truck116475,321.0
Truck116405,501.0
Truck116482,306.0
Truck116485,302.0
Truck116451,391.0
Truck116472,338.0
Truck116491,300.0
Truck116496,290.0
Truck116497,290.0
Truck116492,305.0
Truck116498,290.0
Truck116458,394.0
Truck116493,310.0
Truck116500,290.0
Truck116481,343.0
Truck116478,350.0
Truck116503,290.0
Truck116469,378.0
Truck116459,405.0
Truck116505,290.0
Truck116420,502.0
Truck116499,307.0
Truck116480,357.0
Truck116511,290.0
Truck116483,364.0
Truck116512,290.0
Truck116486,356.0
Truck116462,420.0
Truck116489,357.0
Truck116509,307.0
Truck116502,324.0
Truck116516,290.0
Truck116517,290.0
Truck116519,290.0
Truck116514,303.0
Truck116521,290.0
Truck116501,342.0
Truck116495,359.0
Truck116522,290.0
Truck116523,290.0
Truck116520,307.0
Truck116507,343.0
Truck116504,351.0
Truck116530,290.0
Truck116508,348.0
Truck116487,404.0
Truck116532,290.0
Truck116510,346.0
Truck116494,388.0
Truck116515,342.0
Truck116473,450.0
Truck116513,350.0
Truck116490,406.0
Truck116524,325.0
Truck116533,307.0
Truck116535,304.0
Truck116540,290.0
Truck116542,290.0
Truck116543,290.0
Truck116529,327.0
Truck116538,304.0
Truck116546,290.0
Truck116547,290.0
Truck116525,346.0
Truck116534,323.0
Truck116439,566.0
Truck116551,290.0
Truck116541,316.0
Truck116552,290.0
Truck116553,290.0
Truck116536,331.0
Truck116555,290.0
Truck116556,290.0
Truck116557,290.0
Truck116528,362.0
Truck116526,368.0
Truck116559,290.0
Truck116554,302.0
Truck116545,330.0
Truck116561,290.0
Truck116562,290.0
Truck116565,290.0
Truck116548,332.0
Truck116537,364.0
Truck116567,290.0
Truck116518,414.0
Truck116568,290.0
Truck116569,290.0
Truck116488,491.0
Truck116549,341.0
Truck116531,387.0
Truck116564,303.0
Truck116570,290.0
Truck116573,290.0
Truck116544,362.0
Truck116575,290.0
Truck116527,415.0
Truck116576,290.0
Truck116577,290.0
Truck116572,304.0
Truck116578,290.0
Truck116579,290.0
Truck116566,326.0
Truck116574,308.0
Truck116582,290.0
Truck116584,290.0
Truck116571,331.0
Truck116563,370.0
Truck116594,290.0
Truck116589,306.0
Truck116587,314.0
Truck116581,330.0
Truck116586,318.0
Truck116506,519.0
Truck116585,326.0
Truck116601,290.0
Truck116595,307.0
Truck116580,346.0
Truck116550,424.0
Truck116539,457.0
Truck116583,350.0
Truck116598,314.0
Truck116608,290.0
Truck116609,290.0
Truck116593,331.0
Truck116610,290.0
Truck116611,290.0
Truck116592,337.0
Truck116605,307.0
Truck116558,425.0
Truck116612,290.0
Truck116613,290.0
Truck116590,346.0
Truck116614,290.0
Truck116615,290.0
Truck116596,336.0
Truck116616,290.0
Truck116617,290.0
Truck116591,357.0
Truck116599,339.0
Truck116606,324.0
Truck116621,290.0
Truck116602,339.0
Truck116623,290.0
Truck116624,290.0
Truck116619,306.0
Truck116622,310.0
Truck116630,290.0
Truck116600,368.0
Truck116633,290.0
Truck116628,302.0
Truck116631,300.0
Truck116635,290.0
Truck116625,322.0
Truck116638,290.0
Truck116639,290.0
Truck116607,372.0
Truck116634,305.0
Truck116640,290.0
Truck116641,290.0
Truck116597,404.0
Truck116643,290.0
Truck116637,306.0
Truck116618,354.0
Truck116627,334.0
Truck116632,319.0
Truck116644,290.0
Truck116645,290.0
Truck116646,290.0
Truck116588,438.0
Truck116649,290.0
Truck116626,346.0
Truck116650,290.0
Truck116651,290.0
Truck116647,303.0
Truck116603,414.0
Truck116652,290.0
Truck116620,371.0
Truck116655,290.0
Truck116656,290.0
Truck116658,290.0
Truck116659,290.0
Truck116653,309.0
Truck116661,290.0
Truck116662,290.0
Truck116648,327.0
Truck116604,438.0
Truck116560,552.0
Truck116666,290.0
Truck116670,290.0
Truck116672,290.0
Truck116673,290.0
Truck116668,304.0
Truck116679,290.0
Truck116681,290.0
Truck116675,309.0
Truck116683,290.0
Truck116636,406.0
Truck116676,306.0
Truck116657,358.0
Truck116684,290.0
Truck116669,334.0
Truck116664,345.0
Truck116687,290.0
Truck116629,437.0
Truck116674,322.0
Truck116678,313.0
Truck116688,290.0
Truck116689,290.0
Truck116682,308.0
Truck116690,290.0
Truck116695,290.0
Truck116667,363.0
Truck116692,307.0
Truck116700,290.0
Truck116701,290.0
Truck116703,290.0
Truck116697,306.0
Truck116665,387.0
Truck116696,308.0
Truck116704,290.0
Truck116677,364.0
Truck116702,302.0
Truck116708,290.0
Truck116709,290.0
Truck116686,350.0
Truck116691,340.0
Truck116711,290.0
Truck116699,327.0
Truck116698,330.0
Truck116663,427.0
Truck116720,290.0
Truck116642,489.0
Truck116671,423.0
Truck116724,290.0
Truck116725,290.0
Truck116654,466.0
Truck116680,401.0
Truck116716,313.0
Truck116718,308.0
Truck116660,454.0
Truck116722,299.0
Truck116705,346.0
Truck116717,318.0
Truck116721,312.0
Truck116731,290.0
Truck116715,333.0
Truck116727,304.0
Truck116733,290.0
Truck116729,304.0
Truck116735,290.0
Truck116685,417.0
Truck116737,290.0
Truck116730,306.0
Truck116712,352.0
Truck116738,290.0
Truck116710,362.0
Truck116741,290.0
Truck116706,379.0
Truck116744,290.0
Truck116745,290.0
Truck116726,340.0
Truck116747,290.0
Truck116749,290.0
Truck116693,431.0
Truck116714,376.0
Truck116719,366.0
Truck116742,307.0
Truck116750,290.0
Truck116751,290.0
Truck116694,435.0
Truck116753,290.0
Truck116736,335.0
Truck116756,290.0
Truck116757,290.0
Truck116743,327.0
Truck116759,290.0
Truck116760,290.0
Truck116761,290.0
Truck116734,358.0
Truck116755,308.0
Truck116723,389.0
Truck116762,290.0
Truck116763,290.0
Truck116740,349.0
Truck116732,371.0
Truck116758,307.0
Truck116767,290.0
Truck116768,290.0
Truck116766,299.0
Truck116764,305.0
Truck116771,290.0
Truck116739,371.0
Truck116752,337.0
Truck116746,353.0
Truck116713,440.0
Truck116772,290.0
Truck116765,313.0
Truck116775,290.0
Truck116776,290.0
Truck116777,290.0
Truck116707,466.0
Truck116773,305.0
Truck116779,290.0
Truck116780,290.0
Truck116748,371.0
Truck116754,358.0
Truck116785,290.0
Truck116778,307.0
Truck116783,300.0
Truck116786,290.0
Truck116787,290.0
Truck116781,307.0
Truck116770,340.0
Truck116790,290.0
Truck116788,300.0
Truck116792,290.0
Truck116782,317.0
Truck116794,290.0
Truck116795,290.0
Truck116797,290.0
Truck116793,305.0
Truck116803,290.0
Truck116769,376.0
Truck116802,300.0
Truck116806,290.0
Truck116807,290.0
Truck116796,316.0
Truck116728,491.0
Truck116784,354.0
Truck116804,309.0
Truck116812,290.0
Truck116801,323.0
Truck116799,329.0
Truck116805,318.0
Truck116816,290.0
Truck116813,304.0
Truck116819,290.0
Truck116774,403.0
Truck116821,290.0
Truck116791,372.0
Truck116817,307.0
Truck116825,290.0
Truck116811,330.0
Truck116810,331.0
Truck116809,338.0
Truck116808,345.0
Truck116814,332.0
Truck116827,302.0
Truck116833,290.0
Truck116823,317.0
Truck116820,325.0
Truck116835,290.0
Truck116831,301.0
Truck116836,290.0
Truck116829,311.0
Truck116826,319.0
Truck116824,330.0
Truck116841,290.0
Truck116834,308.0
Truck116842,290.0
Truck116843,290.0
Truck116839,302.0
Truck116844,290.0
Truck116847,290.0
Truck116840,306.0
Truck116832,334.0
Truck116851,290.0
Truck116838,322.0
Truck116853,290.0
Truck116846,306.0
Truck116828,354.0
Truck116854,290.0
Truck116857,290.0
Truck116822,377.0
Truck116830,358.0
Truck116798,439.0
Truck116852,304.0
Truck116858,290.0
Truck116800,436.0
Truck116861,290.0
Truck116862,290.0
Truck116850,322.0
Truck116859,305.0
Truck116864,290.0
Truck116865,290.0
Truck116867,290.0
Truck116868,290.0
Truck116848,342.0
Truck116870,290.0
Truck116837,376.0
Truck116815,432.0
Truck116872,290.0
Truck116855,338.0
Truck116789,504.0
Truck116874,290.0
Truck116873,299.0
Truck116877,290.0
Truck116871,308.0
Truck116818,440.0
Truck116878,290.0
Truck116879,290.0
Truck116880,290.0
Truck116881,290.0
Truck116876,306.0
Truck116885,290.0
Truck116887,290.0
Truck116860,357.0
Truck116845,398.0
Truck116888,290.0
Truck116889,290.0
Truck116856,371.0
Truck116890,290.0
Truck116892,290.0
Truck116882,318.0
Truck116895,290.0
Truck116886,315.0
Truck116896,290.0
Truck116875,346.0
Truck116863,379.0
Truck116893,305.0
Truck116898,290.0
Truck116866,373.0
Truck116900,290.0
Truck116901,290.0
Truck116894,308.0
Truck116884,335.0
Truck116903,290.0
Truck116891,326.0
Truck116907,290.0
Truck116910,290.0
Truck116909,300.0
Truck116913,290.0
Truck116908,301.0
Truck116849,454.0
Truck116919,290.0
Truck116869,416.0
Truck116914,302.0
Truck116921,290.0
Truck116905,332.0
Truck116922,290.0
Truck116916,306.0
Truck116883,393.0
Truck116926,290.0
Truck116927,290.0
Truck116904,346.0
Truck116906,344.0
Truck116911,334.0
Truck116912,329.0
Truck116930,290.0
Truck116899,377.0
Truck116918,327.0
Truck116935,290.0
Truck116936,290.0
Truck116937,290.0
Truck116933,302.0
Truck116938,290.0
Truck116939,290.0
Truck116924,328.0
Truck116941,290.0
Truck116897,405.0
Truck116942,290.0
Truck116920,348.0
Truck116944,290.0
Truck116945,290.0
Truck116934,320.0
Truck116947,290.0
Truck116923,352.0
Truck116925,352.0
Truck116915,378.0
Truck116950,290.0
Truck116932,336.0
Truck116953,290.0
Truck116949,308.0
Truck116957,290.0
Truck116958,290.0
Truck116959,290.0
Truck116940,343.0
Truck116962,290.0
Truck116963,290.0
Truck116931,376.0
Truck116966,290.0
Truck116967,290.0
Truck116917,416.0
Truck116928,388.0
Truck116946,344.0
Truck116956,323.0
Truck116954,330.0
Truck116971,290.0
Truck116943,365.0
Truck116951,345.0
Truck116972,290.0
Truck116973,290.0
Truck116929,404.0
Truck116974,290.0
Truck116969,307.0
Truck116964,318.0
Truck116961,330.0
Truck116980,290.0
Truck116955,359.0
Truck116948,379.0
Truck116952,370.0
Truck116978,305.0
Truck116986,290.0
Truck116987,290.0
Truck116902,502.0
Truck116982,305.0
Truck116989,290.0
Truck116979,317.0
Truck116960,365.0
Truck116990,290.0
Truck116991,290.0
Truck116993,290.0
Truck116975,337.0
Truck116988,304.0
Truck116994,290.0
Truck116968,365.0
Truck116998,290.0
Truck116999,290.0
Truck116965,377.0
Truck116984,328.0
Truck116992,308.0
Truck116981,340.0
Truck116995,307.0
Truck117002,290.0
Truck117003,290.0
Truck116985,338.0
Truck117004,290.0
Truck116996,315.0
Truck117007,290.0
Truck117008,290.0
Truck117009,290.0
Truck117000,311.0
Truck117005,304.0
Truck117010,290.0
Truck116983,362.0
Truck117013,290.0
Truck116977,388.0
Truck117017,290.0
Truck117012,304.0
Truck117018,290.0
Truck117011,311.0
Truck116970,419.0
Truck117006,333.0
Truck117026,290.0
Truck117027,290.0
Truck117015,321.0
Truck117019,312.0
Truck117028,290.0
Truck117029,290.0
Truck117001,364.0
Truck117031,290.0
Truck116997,379.0
Truck117032,290.0
Truck117023,317.0
Truck117034,290.0
Truck117035,290.0
Truck117016,337.0
Truck117036,290.0
Truck117030,308.0
Truck117025,325.0
Truck117038,290.0
Truck117021,339.0
Truck117041,290.0
Truck117037,303.0
Truck117042,290.0
Truck117043,290.0
Truck117033,316.0
Truck117022,345.0
Truck116976,466.0
Truck117024,347.0
Truck117048,290.0
Truck117020,364.0
Truck117051,290.0
Truck117052,290.0
Truck117053,290.0
Truck117049,304.0
Truck117054,290.0
Truck117055,290.0
Truck117057,290.0
Truck117058,290.0
Truck117059,290.0
Truck117060,290.0
Truck117063,290.0
Truck117014,413.0
Truck117046,334.0
Truck117065,290.0
Truck117066,290.0
Truck117062,301.0
Truck117068,290.0
Truck117069,290.0
Truck117064,301.0
Truck117050,338.0
Truck117070,290.0
Truck117071,290.0
Truck117073,290.0
Truck117074,290.0
Truck117078,290.0
Truck117039,391.0
Truck117047,372.0
Truck117061,338.0
Truck117080,290.0
Truck117081,290.0
Truck117067,328.0
Truck117075,308.0
Truck117079,304.0
Truck117085,290.0
Truck117076,312.0
Truck117056,363.0
Truck117083,305.0
Truck117088,290.0
Truck117084,304.0
Truck117090,290.0
Truck117091,290.0
Truck117093,290.0
Truck117045,415.0
Truck117094,290.0
Truck117077,337.0
Truck117099,290.0
Truck117095,302.0
Truck117040,445.0
Truck117103,290.0
Truck117104,290.0
Truck117097,311.0
Truck117106,290.0
Truck117089,336.0
Truck117105,300.0
Truck117108,290.0
Truck117109,290.0
Truck117112,290.0
Truck117113,290.0
Truck117087,356.0
Truck117107,307.0
Truck117114,290.0
Truck117101,328.0
Truck117116,290.0
Truck117044,476.0
Truck117123,290.0
Truck117092,367.0
Truck117102,344.0
Truck117125,290.0
Truck117096,362.0
Truck117119,307.0
Truck117110,328.0
Truck117115,320.0
Truck117126,290.0
Truck117082,401.0
Truck117117,316.0
Truck117118,318.0
Truck117100,365.0
Truck117122,314.0
Truck117134,290.0
Truck117111,351.0
Truck117072,448.0
Truck117131,303.0
Truck117130,304.0
Truck117137,290.0
Truck117086,418.0
Truck117139,290.0
Truck117127,321.0
Truck117136,305.0
Truck117142,290.0
Truck117124,340.0
Truck117144,290.0
Truck117140,305.0
Truck117146,290.0
Truck117147,290.0
Truck117098,418.0
Truck117128,345.0
Truck117133,335.0
Truck117120,367.0
Truck117132,339.0
Truck117121,370.0
Truck117153,290.0
Truck117129,352.0
Truck117138,328.0
Truck117154,290.0
Truck117149,307.0
Truck117157,290.0
Truck117159,290.0
Truck117155,304.0
Truck117141,342.0
Truck117160,299.0
Truck117164,290.0
Truck117150,330.0
Truck117151,333.0
Truck117145,349.0
Truck117156,319.0
Truck117168,290.0
Truck117169,290.0
Truck117162,306.0
Truck117163,308.0
Truck117152,338.0
Truck117143,364.0
Truck117167,306.0
Truck117175,290.0
Truck117177,290.0
Truck117178,290.0
Truck117181,290.0
Truck117183,290.0
Truck117165,337.0
Truck117172,320.0
Truck117174,319.0
Truck117180,306.0
Truck117135,423.0
Truck117188,290.0
Truck117158,367.0
Truck117171,338.0
Truck117173,333.0
Truck117191,290.0
Truck117192,290.0
Truck117193,290.0
Truck117187,308.0
Truck117194,290.0
Truck117189,306.0
Truck117182,322.0
Truck117196,290.0
Truck117190,307.0
Truck117186,318.0
Truck117198,290.0
Truck117199,290.0
Truck117166,374.0
Truck117200,290.0
Truck117179,348.0
Truck117195,310.0
Truck117202,290.0
Truck117203,290.0
Truck117184,337.0
Truck117170,377.0
Truck117148,437.0
Truck117176,372.0
Truck117161,415.0
Truck117211,290.0
Truck117185,357.0
Truck117208,301.0
Truck117209,302.0
Truck117214,290.0
Truck117201,339.0
Truck117220,290.0
Truck117221,290.0
Truck117204,331.0
Truck117197,352.0
Truck117212,315.0
Truck117206,334.0
Truck117225,290.0
Truck117218,310.0
Truck117205,348.0
Truck117207,344.0
Truck117222,308.0
Truck117224,304.0
Truck117210,340.0
Truck117230,290.0
Truck117231,290.0
Truck117227,309.0
Truck117228,305.0
Truck117229,308.0
Truck117237,290.0
Truck117216,345.0
Truck117238,290.0
Truck117226,321.0
Truck117219,344.0
Truck117241,290.0
Truck117215,357.0
Truck117239,300.0
Truck117242,290.0
Truck117213,369.0
Truck117234,314.0
Truck117244,290.0
Truck117232,335.0
Truck117253,290.0
Truck117254,290.0
Truck117223,372.0
Truck117233,348.0
Truck117235,345.0
Truck117256,290.0
Truck117258,290.0
Truck117260,290.0
Truck117261,290.0
Truck117264,290.0
Truck117243,348.0
Truck117217,414.0
Truck117262,300.0
Truck117266,290.0
Truck117267,290.0
Truck117246,345.0
Truck117251,338.0
Truck117247,352.0
Truck117263,315.0
Truck117273,290.0
Truck117275,290.0
Truck117269,307.0
Truck117240,378.0
Truck117276,290.0
Truck117259,336.0
Truck117271,306.0
Truck117236,394.0
Truck117255,349.0
Truck117278,290.0
Truck117279,290.0
Truck117270,312.0
Truck117280,290.0
Truck117281,290.0
Truck117285,290.0
Truck117252,371.0
Truck117287,290.0
Truck117272,328.0
Truck117290,290.0
Truck117291,290.0
Truck117282,311.0
Truck117292,290.0
Truck117295,290.0
Truck117248,408.0
Truck117265,370.0
Truck117296,290.0
Truck117257,392.0
Truck117298,290.0
Truck117268,370.0
Truck117297,306.0
Truck117250,422.0
Truck117286,336.0
Truck117301,301.0
Truck117249,432.0
Truck117245,443.0
Truck117283,351.0
Truck117284,348.0
Truck117309,290.0
Truck117305,303.0
Truck117274,379.0
Truck117293,337.0
Truck117302,318.0
Truck117314,290.0
Truck117308,308.0
Truck117316,290.0
Truck117311,306.0
Truck117312,301.0
Truck117294,351.0
Truck117300,340.0
Truck117303,335.0
Truck117321,290.0
Truck117317,301.0
Truck117322,290.0
Truck117325,290.0
Truck117310,326.0
Truck117326,290.0
Truck117299,363.0
Truck117288,389.0
Truck117306,346.0
Truck117330,290.0
Truck117331,290.0
Truck117332,290.0
Truck117333,290.0
Truck117327,306.0
Truck117323,320.0
Truck117335,290.0
Truck117277,439.0
Truck117328,312.0
Truck117338,290.0
Truck117329,318.0
Truck117334,305.0
Truck117341,290.0
Truck117289,422.0
Truck117304,385.0
Truck117342,290.0
Truck117340,301.0
Truck117339,314.0
Truck117319,368.0
Truck117351,290.0
Truck117353,290.0
Truck117318,376.0
Truck117343,319.0
Truck117336,336.0
Truck117347,313.0
Truck117356,290.0
Truck117357,290.0
Truck117320,381.0
Truck117358,290.0
Truck117359,290.0
Truck117315,403.0
Truck117313,409.0
Truck117348,325.0
Truck117363,290.0
Truck117367,290.0
Truck117368,290.0
Truck117369,290.0
Truck117337,373.0
Truck117349,345.0
Truck117345,359.0
Truck117373,290.0
Truck117352,342.0
Truck117346,359.0
Truck117374,290.0
Truck117376,290.0
Truck117377,290.0
Truck117307,468.0
Truck117354,349.0
Truck117378,290.0
Truck117361,340.0
Truck117362,337.0
Truck117375,307.0
Truck117383,290.0
Truck117381,300.0
Truck117385,290.0
Truck117324,443.0
Truck117366,349.0
Truck117391,290.0
Truck117379,322.0
Truck117344,409.0
Truck117370,345.0
Truck117386,305.0
Truck117392,290.0
Truck117393,290.0
Truck117365,362.0
Truck117355,388.0
Truck117350,399.0
Truck117364,370.0
Truck117390,306.0
Truck117388,315.0
Truck117401,290.0
Truck117402,290.0
Truck117382,341.0
Truck117397,306.0
Truck117399,303.0
Truck117405,290.0
Truck117400,302.0
Truck117395,318.0
Truck117360,405.0
Truck117407,290.0
Truck117394,323.0
Truck117403,303.0
Truck117396,319.0
Truck117372,384.0
Truck117411,290.0
Truck117412,290.0
Truck117413,290.0
Truck117389,353.0
Truck117415,290.0
Truck117410,304.0
Truck117418,290.0
Truck117419,290.0
Truck117398,341.0
Truck117387,382.0
Truck117384,388.0
Truck117424,290.0
Truck117426,290.0
Truck117427,290.0
Truck117406,342.0
Truck117421,309.0
Truck117422,309.0
Truck117431,290.0
Truck117416,336.0
Truck117417,336.0
Truck117371,452.0
Truck117436,290.0
Truck117380,431.0
Truck117439,290.0
Truck117437,301.0
Truck117409,372.0
Truck117420,342.0
Truck117414,358.0
Truck117429,325.0
Truck117443,290.0
Truck117438,301.0
Truck117447,290.0
Truck117448,290.0
Truck117425,351.0
Truck117450,290.0
Truck117423,364.0
Truck117408,402.0
Truck117432,346.0
Truck117440,327.0
Truck117449,307.0
Truck117456,290.0
Truck117435,348.0
Truck117445,323.0
Truck117458,290.0
Truck117459,290.0
Truck117442,332.0
Truck117444,328.0
Truck117460,290.0
Truck117461,290.0
Truck117451,320.0
Truck117462,290.0
Truck117452,318.0
Truck117404,440.0
Truck117464,290.0
Truck117465,290.0
Truck117441,351.0
Truck117466,290.0
Truck117467,290.0
Truck117434,374.0
Truck117457,323.0
Truck117430,390.0
Truck117470,290.0
Truck117472,290.0
Truck117473,290.0
Truck117469,302.0
Truck117468,305.0
Truck117454,341.0
Truck117471,301.0
Truck117476,290.0
Truck117446,370.0
Truck117475,300.0
Truck117478,290.0
Truck117480,290.0
Truck117481,290.0
Truck117474,306.0
Truck117483,290.0
Truck117485,290.0
Truck117463,351.0
Truck117489,290.0
Truck117477,321.0
Truck117490,290.0
Truck117433,436.0
Truck117479,325.0
Truck117493,290.0
Truck117494,290.0
Truck117428,458.0
Truck117492,300.0
Truck117487,319.0
Truck117498,290.0
Truck117499,290.0
Truck117488,317.0
Truck117500,290.0
Truck117501,290.0
Truck117482,338.0
Truck117502,290.0
Truck117505,290.0
Truck117507,290.0
Truck117509,290.0
Truck117497,328.0
Truck117484,360.0
Truck117512,290.0
Truck117513,290.0
Truck117504,312.0
Truck117514,290.0
Truck117515,290.0
Truck117486,364.0
Truck117453,450.0
Truck117503,325.0
Truck117518,290.0
Truck117510,320.0
Truck117517,305.0
Truck117525,290.0
Truck117508,331.0
Truck117519,307.0
Truck117523,300.0
Truck117527,290.0
Truck117455,476.0
Truck117496,373.0
Truck117530,290.0
Truck117531,290.0
Truck117516,326.0
Truck117524,308.0
Truck117532,290.0
Truck117526,309.0
Truck117534,290.0
Truck117535,290.0
Truck117537,290.0
Truck117511,356.0
Truck117506,367.0
Truck117539,290.0
Truck117521,338.0
Truck117540,290.0
Truck117522,337.0
Truck117542,290.0
Truck117543,290.0
Truck117538,309.0
Truck117536,318.0
Truck117491,434.0
Truck117548,290.0
Truck117549,290.0
Truck117551,290.0
Truck117545,310.0
Truck117552,290.0
Truck117553,290.0
Truck117546,306.0
Truck117528,355.0
Truck117556,290.0
Truck117559,290.0
Truck117555,303.0
Truck117554,304.0
Truck117560,290.0
Truck117561,290.0
Truck117544,334.0
Truck117564,290.0
Truck117566,290.0
Truck117547,341.0
Truck117495,472.0
Truck117563,302.0
Truck117541,360.0
Truck117568,290.0
Truck117569,290.0
Truck117570,290.0
Truck117558,322.0
Truck117565,307.0
Truck117520,420.0
Truck117572,290.0
Truck117573,290.0
Truck117574,290.0
Truck117575,290.0
Truck117577,290.0
Truck117578,290.0
Truck117579,290.0
Truck117557,348.0
Truck117581,290.0
Truck117567,332.0
Truck117571,324.0
Truck117580,300.0
Truck117586,290.0
Truck117589,290.0
Truck117529,447.0
Truck117588,305.0
Truck117533,447.0
Truck117587,315.0
Truck117591,305.0
Truck117597,290.0
Truck117598,290.0
Truck117582,331.0
Truck117593,308.0
Truck117600,290.0
Truck117601,290.0
Truck117585,334.0
Truck117595,309.0
Truck117602,290.0
Truck117603,290.0
Truck117605,290.0
Truck117590,326.0
Truck117583,352.0
Truck117550,436.0
Truck117599,316.0
Truck117610,290.0
Truck117607,305.0
Truck117612,290.0
Truck117606,309.0
Truck117596,335.0
Truck117614,290.0
Truck117584,366.0
Truck117594,341.0
Truck117562,423.0
Truck117609,308.0
Truck117616,290.0
Truck117613,305.0
Truck117617,303.0
Truck117623,290.0
Truck117624,290.0
Truck117604,341.0
Truck117621,304.0
Truck117611,335.0
Truck117629,290.0
Truck117630,290.0
Truck117632,290.0
Truck117633,290.0
Truck117628,307.0
Truck117618,340.0
Truck117638,290.0
Truck117639,290.0
Truck117592,409.0
Truck117641,290.0
Truck117576,451.0
Truck117622,340.0
Truck117625,335.0
Truck117643,290.0
Truck117615,361.0
Truck117631,322.0
Truck117627,335.0
Truck117646,290.0
Truck117620,358.0
Truck117642,308.0
Truck117650,290.0
Truck117608,396.0
Truck117653,290.0
Truck117647,308.0
Truck117654,290.0
Truck117655,290.0
Truck117626,363.0
Truck117644,319.0
Truck117656,290.0
Truck117657,290.0
Truck117658,290.0
Truck117652,306.0
Truck117635,352.0
Truck117651,314.0
Truck117661,290.0
Truck117645,338.0
Truck117659,303.0
Truck117619,405.0
Truck117664,290.0
Truck117665,290.0
Truck117666,290.0
Truck117667,290.0
Truck117634,378.0
Truck117670,290.0
Truck117671,290.0
Truck117662,312.0
Truck117673,290.0
Truck117675,290.0
Truck117637,386.0
Truck117669,307.0
Truck117676,290.0
Truck117677,290.0
Truck117648,362.0
Truck117678,290.0
Truck117679,290.0
Truck117663,333.0
Truck117674,304.0
Truck117640,390.0
Truck117649,374.0
Truck117686,290.0
Truck117680,314.0
Truck117690,290.0
Truck117691,290.0
Truck117689,303.0
Truck117672,355.0
Truck117688,315.0
Truck117699,290.0
Truck117694,306.0
Truck117682,343.0
Truck117696,308.0
Truck117705,290.0
Truck117706,290.0
Truck117707,290.0
Truck117660,406.0
Truck117687,344.0
Truck117709,290.0
Truck117703,307.0
Truck117697,323.0
Truck117636,480.0
Truck117685,360.0
Truck117713,290.0
Truck117701,325.0
Truck117714,290.0
Truck117715,290.0
Truck117717,290.0
Truck117693,354.0
Truck117700,335.0
Truck117718,290.0
Truck117721,290.0
Truck117716,302.0
Truck117702,338.0
Truck117711,320.0
Truck117712,315.0
Truck117681,400.0
Truck117695,367.0
Truck117726,290.0
Truck117692,376.0
Truck117723,304.0
Truck117710,335.0
Truck117730,290.0
Truck117729,300.0
Truck117732,290.0
Truck117735,290.0
Truck117731,305.0
Truck117736,290.0
Truck117737,290.0
Truck117708,365.0
Truck117719,345.0
Truck117741,290.0
Truck117720,347.0
Truck117728,328.0
Truck117683,445.0
Truck117698,407.0
Truck117747,290.0
Truck117740,306.0
Truck117734,322.0
Truck117748,290.0
Truck117668,493.0
Truck117742,318.0
Truck117745,313.0
Truck117739,339.0
Truck117758,290.0
Truck117759,290.0
Truck117760,290.0
Truck117761,290.0
Truck117704,433.0
Truck117744,335.0
Truck117756,307.0
Truck117751,323.0
Truck117757,309.0
Truck117764,290.0
Truck117765,290.0
Truck117684,493.0
Truck117767,290.0
Truck117749,337.0
Truck117750,332.0
Truck117769,290.0
Truck117746,349.0
Truck117762,309.0
Truck117770,290.0
Truck117771,290.0
Truck117753,338.0
Truck117725,409.0
Truck117773,290.0
Truck117763,316.0
Truck117722,425.0
Truck117733,402.0
Truck117724,425.0
Truck117778,290.0
Truck117738,391.0
Truck117774,301.0
Truck117781,290.0
Truck117775,308.0
Truck117754,362.0
Truck117755,362.0
Truck117776,307.0
Truck117784,290.0
Truck117782,300.0
Truck117766,341.0
Truck117727,442.0
Truck117788,290.0
Truck117789,290.0
Truck117790,290.0
Truck117791,290.0
Truck117779,321.0
Truck117793,290.0
Truck117797,290.0
Truck117786,317.0
Truck117780,335.0
Truck117798,290.0
Truck117777,346.0
Truck117787,323.0
Truck117783,334.0
Truck117795,306.0
Truck117794,308.0
Truck117803,290.0
Truck117796,307.0
Truck117772,369.0
Truck117804,290.0
Truck117752,424.0
Truck117807,290.0
Truck117802,301.0
Truck117801,309.0
Truck117808,290.0
Truck117809,290.0
Truck117743,459.0
Truck117792,334.0
Truck117810,290.0
Truck117800,316.0
Truck117812,290.0
Truck117785,361.0
Truck117815,290.0
Truck117820,290.0
Truck117821,290.0
Truck117799,348.0
Truck117814,308.0
Truck117822,290.0
Truck117823,290.0
Truck117824,290.0
Truck117826,290.0
Truck117827,290.0
Truck117816,327.0
Truck117819,322.0
Truck117825,309.0
Truck117818,327.0
Truck117829,303.0
Truck117830,299.0
Truck117834,290.0
Truck117835,290.0
Truck117828,307.0
Truck117836,290.0
Truck117813,352.0
Truck117817,342.0
Truck117838,290.0
Truck117839,290.0
Truck117831,313.0
Truck117833,308.0
Truck117837,301.0
Truck117847,290.0
Truck117768,488.0
Truck117848,290.0
Truck117849,290.0
Truck117806,397.0
Truck117842,307.0
Truck117843,311.0
Truck117844,306.0
Truck117840,318.0
Truck117852,290.0
Truck117853,290.0
Truck117854,290.0
Truck117857,290.0
Truck117841,332.0
Truck117851,309.0
Truck117859,290.0
Truck117846,321.0
Truck117861,290.0
Truck117858,305.0
Truck117865,290.0
Truck117845,341.0
Truck117866,290.0
Truck117860,308.0
Truck117862,304.0
Truck117863,304.0
Truck117805,451.0
Truck117811,437.0
Truck117870,290.0
Truck117864,308.0
Truck117872,290.0
Truck117873,290.0
Truck117869,301.0
Truck117874,290.0
Truck117875,290.0
Truck117868,307.0
Truck117832,399.0
Truck117879,290.0
Truck117880,290.0
Truck117881,290.0
Truck117877,303.0
Truck117855,359.0
Truck117856,355.0
Truck117883,290.0
Truck117867,334.0
Truck117886,290.0
Truck117887,290.0
Truck117871,334.0
Truck117888,290.0
Truck117884,301.0
Truck117891,290.0
Truck117892,290.0
Truck117893,290.0
Truck117896,290.0
Truck117885,322.0
Truck117889,322.0
Truck117894,307.0
Truck117898,300.0
Truck117899,300.0
Truck117902,290.0
Truck117904,290.0
Truck117905,290.0
Truck117882,349.0
Truck117906,290.0
Truck117890,334.0
Truck117908,290.0
Truck117911,290.0
Truck117895,334.0
Truck117912,290.0
Truck117914,290.0
Truck117903,323.0
Truck117916,290.0
Truck117917,290.0
Truck117910,309.0
Truck117919,290.0
Truck117900,339.0
Truck117921,290.0
Truck117907,326.0
Truck117901,343.0
Truck117878,400.0
Truck117923,290.0
Truck117925,290.0
Truck117918,306.0
Truck117926,290.0
Truck117927,290.0
Truck117850,484.0
Truck117909,340.0
Truck117924,304.0
Truck117920,318.0
Truck117932,290.0
Truck117913,344.0
Truck117934,290.0
Truck117933,300.0
Truck117936,290.0
Truck117937,290.0
Truck117922,330.0
Truck117876,456.0
Truck117915,362.0
Truck117945,290.0
Truck117930,328.0
Truck117941,304.0
Truck117946,290.0
Truck117940,306.0
Truck117943,302.0
Truck117949,290.0
Truck117929,344.0
Truck117951,290.0
Truck117953,290.0
Truck117931,347.0
Truck117947,307.0
Truck117955,290.0
Truck117944,318.0
Truck117938,335.0
Truck117956,290.0
Truck117957,290.0
Truck117897,443.0
Truck117952,304.0
Truck117935,351.0
Truck117954,303.0
Truck117961,290.0
Truck117962,290.0
Truck117963,290.0
Truck117948,327.0
Truck118081,290.0
Truck118082,290.0
Truck118083,290.0
Truck118084,290.0
Truck118088,290.0
Truck118089,290.0
Truck118080,314.0
Truck118090,290.0
Truck118091,290.0
Truck118093,290.0
Truck118094,290.0
Truck118096,290.0
Truck118086,321.0
Truck118097,302.0
Truck118099,306.0
Truck118107,290.0
Truck118085,346.0
Truck118100,309.0
Truck118101,309.0
Truck118108,290.0
Truck118111,290.0
Truck118106,303.0
Truck118092,339.0
Truck118095,334.0
Truck118110,302.0
Truck118103,323.0
Truck118116,290.0
Truck118118,290.0
Truck118119,290.0
Truck118122,290.0
Truck118104,338.0
Truck118124,290.0
Truck118125,290.0
Truck118120,302.0
Truck118105,344.0
Truck118102,352.0
Truck118129,290.0
Truck118130,290.0
Truck118109,349.0
Truck118113,339.0
Truck118132,290.0
Truck118133,290.0
Truck118112,342.0
Truck118126,307.0
Truck118127,310.0
Truck118123,323.0
Truck118137,290.0
Truck118115,349.0
Truck118138,290.0
Truck118121,337.0
Truck118141,290.0
Truck118136,307.0
Truck118145,290.0
Truck118114,367.0
Truck118146,290.0
Truck118147,290.0
Truck118142,305.0
Truck118148,290.0
Truck118149,290.0
Truck118144,303.0
Truck118150,290.0
Truck118151,290.0
Truck118139,324.0
Truck118153,290.0
Truck118155,290.0
Truck118140,330.0
Truck118157,290.0
Truck118135,350.0
Truck118158,290.0
Truck118154,304.0
Truck118162,290.0
Truck118163,290.0
Truck118164,290.0
Truck118165,290.0
Truck118167,290.0
Truck118087,491.0
Truck118160,307.0
Truck118161,308.0
Truck118169,290.0
Truck118131,387.0
Truck118170,290.0
Truck118171,290.0
Truck118173,290.0
Truck118134,390.0
Truck118168,308.0
Truck118176,290.0
Truck118179,290.0
Truck118174,304.0
Truck118175,309.0
Truck118178,302.0
Truck118128,432.0
Truck118152,373.0
Truck118187,290.0
Truck118117,467.0
Truck118159,365.0
Truck118188,290.0
Truck118098,520.0
Truck118192,290.0
Truck118193,290.0
Truck118186,308.0
Truck118189,303.0
Truck118195,290.0
Truck118197,290.0
Truck118198,290.0
Truck118199,290.0
Truck118181,336.0
Truck118201,290.0
Truck118172,362.0
Truck118202,290.0
Truck118203,290.0
Truck118183,341.0
Truck118205,290.0
Truck118184,344.0
Truck118182,356.0
Truck118180,365.0
Truck118190,340.0
Truck118211,290.0
Truck118194,332.0
Truck118212,290.0
Truck118213,290.0
Truck118204,312.0
Truck118208,304.0
Truck118214,290.0
Truck118177,387.0
Truck118196,337.0
Truck118209,307.0
Truck118216,290.0
Truck118191,362.0
Truck118220,290.0
Truck118200,343.0
Truck118219,300.0
Truck118223,290.0
Truck118185,388.0
Truck118156,460.0
Truck118217,314.0
Truck118227,290.0
Truck118229,290.0
Truck118230,290.0
Truck118207,354.0
Truck118226,304.0
Truck118233,290.0
Truck118166,461.0
Truck118237,290.0
Truck118206,366.0
Truck118238,290.0
Truck118215,353.0
Truck118241,290.0
Truck118218,347.0
Truck118143,538.0
Truck118235,308.0
Truck118224,342.0
Truck118240,303.0
Truck118231,330.0
Truck118251,290.0
Truck118246,301.0
Truck118254,290.0
Truck118248,307.0
Truck118210,403.0
Truck118256,290.0
Truck118234,349.0
Truck118258,290.0
Truck118259,290.0
Truck118255,301.0
Truck118236,349.0
Truck118239,345.0
Truck118260,290.0
Truck118247,327.0
Truck118262,290.0
Truck118263,290.0
Truck118264,290.0
Truck118252,324.0
Truck118266,290.0
Truck118222,402.0
Truck118244,348.0
Truck118269,290.0
Truck118228,392.0
Truck118242,359.0
Truck118250,339.0
Truck118253,334.0
Truck118243,361.0
Truck118267,301.0
Truck118265,309.0
Truck118272,290.0
Truck118274,290.0
Truck118275,290.0
Truck118225,417.0
Truck118271,303.0
Truck118277,290.0
Truck118249,361.0
Truck118278,290.0
Truck118232,407.0
Truck118273,307.0
Truck118245,380.0
Truck118280,290.0
Truck118283,290.0
Truck118284,290.0
Truck118279,308.0
Truck118286,290.0
Truck118287,290.0
Truck118276,319.0
Truck118288,290.0
Truck118257,372.0
Truck118290,290.0
Truck118291,290.0
Truck118292,290.0
Truck118293,290.0
Truck118294,290.0
Truck118295,290.0
Truck118289,307.0
Truck118299,290.0
Truck118268,366.0
Truck118300,290.0
Truck118301,290.0
Truck118281,341.0
Truck118261,395.0
Truck118302,290.0
Truck118270,371.0
Truck118296,308.0
Truck118285,340.0
Truck118221,508.0
Truck118297,320.0
Truck118308,290.0
Truck118310,290.0
Truck118314,290.0
Truck118315,290.0
Truck118316,290.0
Truck118317,290.0
Truck118306,317.0
Truck118323,290.0
Truck118305,339.0
Truck118324,290.0
Truck118325,290.0
Truck118304,341.0
Truck118318,308.0
Truck118320,304.0
Truck118321,305.0
Truck118312,331.0
Truck118309,344.0
Truck118330,290.0
Truck118331,290.0
Truck118333,290.0
Truck118328,302.0
Truck118303,370.0
Truck118337,290.0
Truck118334,301.0
Truck118313,357.0
Truck118322,332.0
Truck118311,364.0
Truck118341,290.0
Truck118336,304.0
Truck118342,290.0
Truck118339,302.0
Truck118282,443.0
Truck118307,383.0
Truck118332,320.0
Truck118345,290.0
Truck118327,340.0
Truck118346,290.0
Truck118347,290.0
Truck118348,290.0
Truck118350,290.0
Truck118351,290.0
Truck118349,300.0
Truck118352,290.0
Truck118298,429.0
Truck118354,290.0
Truck118319,381.0
Truck118329,356.0
Truck118358,290.0
Truck118326,372.0
Truck118338,342.0
Truck118344,327.0
Truck118361,290.0
Truck118363,290.0
Truck118343,344.0
Truck118365,290.0
Truck118370,290.0
Truck118373,290.0
Truck118364,314.0
Truck118367,309.0
Truck118374,290.0
Truck118353,349.0
Truck118355,344.0
Truck118377,290.0
Truck118356,343.0
Truck118379,290.0
Truck118357,346.0
Truck118380,290.0
Truck118381,290.0
Truck118335,407.0
Truck118360,342.0
Truck118382,290.0
Truck118383,290.0
Truck118340,396.0
Truck118376,306.0
Truck118371,322.0
Truck118378,315.0
Truck118389,290.0
Truck118368,341.0
Truck118372,331.0
Truck118362,359.0
Truck118390,290.0
Truck118391,290.0
Truck118394,290.0
Truck118395,290.0
Truck118385,317.0
Truck118392,305.0
Truck118399,290.0
Truck118386,330.0
Truck118402,290.0
Truck118387,334.0
Truck118393,322.0
Truck118400,303.0
Truck118407,290.0
Truck118388,337.0
Truck118403,302.0
Truck118397,319.0
Truck118410,290.0
Truck118412,290.0
Truck118359,430.0
Truck118414,290.0
Truck118404,318.0
Truck118417,290.0
Truck118366,419.0
Truck118419,290.0
Truck118405,329.0
Truck118421,290.0
Truck118408,322.0
Truck118411,322.0
Truck118401,348.0
Truck118416,309.0
Truck118424,290.0
Truck118425,290.0
Truck118420,301.0
Truck118426,290.0
Truck118418,312.0
Truck118428,290.0
Truck118429,290.0
Truck118375,427.0
Truck118431,290.0
Truck118409,346.0
Truck118369,450.0
Truck118398,378.0
Truck118434,290.0
Truck118435,290.0
Truck118415,342.0
Truck118413,350.0
Truck118439,290.0
Truck118396,399.0
Truck118438,304.0
Truck118384,442.0
Truck118446,290.0
Truck118447,290.0
Truck118436,319.0
Truck118448,290.0
Truck118442,308.0
Truck118443,312.0
Truck118445,309.0
Truck118427,360.0
Truck118450,300.0
Truck118454,290.0
Truck118455,290.0
Truck118440,327.0
Truck118451,302.0
Truck118444,320.0
Truck118457,290.0
Truck118433,352.0
Truck118422,379.0
Truck118432,354.0
Truck118453,304.0
Truck118458,290.0
Truck118459,290.0
Truck118460,290.0
Truck118461,290.0
Truck118430,370.0
Truck118462,290.0
Truck118423,393.0
Truck118406,439.0
Truck118467,290.0
Truck118449,339.0
Truck118456,320.0
Truck118463,305.0
Truck118470,290.0
Truck118473,290.0
Truck118468,301.0
Truck118441,375.0
Truck118471,300.0
Truck118474,290.0
Truck118476,290.0
Truck118477,290.0
Truck118464,321.0
Truck118478,290.0
Truck118479,290.0
Truck118480,290.0
Truck118481,290.0
Truck118475,306.0
Truck118482,290.0
Truck118483,290.0
Truck118484,290.0
Truck118485,290.0
Truck118487,290.0
Truck118465,348.0
Truck118488,290.0
Truck118489,290.0
Truck118437,421.0
Truck118490,290.0
Truck118469,349.0
Truck118497,290.0
Truck118499,290.0
Truck118466,371.0
Truck118502,290.0
Truck118503,290.0
Truck118472,366.0
Truck118505,290.0
Truck118500,302.0
Truck118506,290.0
Truck118452,429.0
Truck118511,290.0
Truck118494,331.0
Truck118492,338.0
Truck118491,346.0
Truck118508,305.0
Truck118515,290.0
Truck118510,304.0
Truck118517,290.0
Truck118513,303.0
Truck118504,324.0
Truck118507,320.0
Truck118512,305.0
Truck118518,290.0
Truck118521,290.0
Truck118496,353.0
Truck118519,299.0
Truck118524,290.0
Truck118501,351.0
Truck118509,332.0
Truck118516,318.0
Truck118520,308.0
Truck118531,290.0
Truck118525,307.0
Truck118526,302.0
Truck118532,290.0
Truck118493,394.0
Truck118534,290.0
Truck118537,290.0
Truck118533,304.0
Truck118538,290.0
Truck118539,290.0
Truck118528,316.0
Truck118486,423.0
Truck118540,290.0
Truck118527,327.0
Truck118536,302.0
Truck118495,413.0
Truck118530,325.0
Truck118545,290.0
Truck118522,346.0
Truck118523,347.0
Truck118535,318.0
Truck118541,304.0
Truck118498,416.0
Truck118514,376.0
Truck118550,290.0
Truck118551,290.0
Truck118546,304.0
Truck118553,290.0
Truck118544,314.0
Truck118549,304.0
Truck118555,290.0
Truck118558,290.0
Truck118557,303.0
Truck118542,343.0
Truck118564,290.0
Truck118554,317.0
Truck118566,290.0
Truck118561,307.0
Truck118562,305.0
Truck118569,290.0
Truck118563,309.0
Truck118571,290.0
Truck118573,290.0
Truck118543,368.0
Truck118574,290.0
Truck118575,290.0
Truck118548,357.0
Truck118560,328.0
Truck118568,309.0
Truck118576,290.0
Truck118577,290.0
Truck118567,317.0
Truck118552,360.0
Truck118572,319.0
Truck118580,299.0
Truck118584,290.0
Truck118579,308.0
Truck118587,290.0
Truck118547,393.0
Truck118581,312.0
Truck118590,290.0
Truck118592,290.0
Truck118593,290.0
Truck118583,317.0
Truck118559,380.0
Truck118585,318.0
Truck118596,290.0
Truck118556,392.0
Truck118591,311.0
Truck118600,290.0
Truck118578,347.0
Truck118529,474.0
Truck118589,324.0
Truck118599,303.0
Truck118565,389.0
Truck118605,290.0
Truck118607,290.0
Truck118588,338.0
Truck118602,303.0
Truck118603,304.0
Truck118609,290.0
Truck118594,329.0
Truck118613,290.0
Truck118604,315.0
Truck118595,344.0
Truck118611,305.0
Truck118616,290.0
Truck118617,290.0
Truck118582,376.0
Truck118614,304.0
Truck118621,290.0
Truck118615,308.0
Truck118610,320.0
Truck118622,290.0
Truck118623,290.0
Truck118618,308.0
Truck118598,359.0
Truck118626,290.0
Truck118620,307.0
Truck118608,340.0
Truck118628,290.0
Truck118625,303.0
Truck118619,320.0
Truck118630,290.0
Truck118631,290.0
Truck118632,290.0
Truck118633,290.0
Truck118634,290.0
Truck118570,451.0
Truck118612,346.0
Truck118606,365.0
Truck118636,290.0
Truck118597,393.0
Truck118627,322.0
Truck118624,330.0
Truck118640,290.0
Truck118641,290.0
Truck118642,290.0
Truck118586,432.0
Truck118645,290.0
Truck118629,331.0
Truck118637,317.0
Truck118649,290.0
Truck118635,330.0
Truck118650,290.0
Truck118652,290.0
Truck118653,290.0
Truck118659,290.0
Truck118651,314.0
Truck118643,336.0
Truck118663,290.0
Truck118664,290.0
Truck118639,362.0
Truck118648,340.0
Truck118669,290.0
Truck118670,290.0
Truck118666,302.0
Truck118672,290.0
Truck118674,290.0
Truck118675,290.0
Truck118677,290.0
Truck118658,336.0
Truck118661,331.0
Truck118644,375.0
Truck118679,290.0
Truck118673,307.0
Truck118680,290.0
Truck118656,351.0
Truck118647,378.0
Truck118646,380.0
Truck118601,496.0
Truck118667,335.0
Truck118684,290.0
Truck118655,373.0
Truck118688,290.0
Truck118689,290.0
Truck118685,301.0
Truck118683,307.0
Truck118690,290.0
Truck118691,290.0
Truck118638,423.0
Truck118687,305.0
Truck118686,306.0
Truck118668,352.0
Truck118697,290.0
Truck118662,377.0
Truck118693,303.0
Truck118701,290.0
Truck118702,290.0
Truck118654,414.0
Truck118676,359.0
Truck118704,290.0
Truck118665,391.0
Truck118700,303.0
Truck118703,301.0
Truck118696,324.0
Truck118681,365.0
Truck118710,290.0
Truck118713,290.0
Truck118660,424.0
Truck118657,435.0
Truck118706,310.0
Truck118715,290.0
Truck118717,290.0
Truck118711,306.0
Truck118695,347.0
Truck118671,408.0
Truck118682,380.0
Truck118692,355.0
Truck118719,290.0
Truck118714,303.0
Truck118722,290.0
Truck118699,352.0
Truck118721,303.0
Truck118726,290.0
Truck118727,290.0
Truck118709,339.0
Truck118718,318.0
Truck118730,290.0
Truck118678,422.0
Truck118708,352.0
Truck118734,290.0
Truck118735,290.0
Truck118729,307.0
Truck118736,290.0
Truck118733,301.0
Truck118698,387.0
Truck118707,374.0
Truck118740,290.0
Truck118741,290.0
Truck118742,290.0
Truck118738,309.0
Truck118747,290.0
Truck118705,397.0
Truck118748,290.0
Truck118724,353.0
Truck118750,290.0
Truck118751,290.0
Truck118752,290.0
Truck118737,334.0
Truck118728,355.0
Truck118754,290.0
Truck118725,368.0
Truck118756,290.0
Truck118746,317.0
Truck118694,449.0
Truck118739,343.0
Truck118743,339.0
Truck118723,391.0
Truck118744,336.0
Truck118745,339.0
Truck118764,290.0
Truck118765,290.0
Truck118761,303.0
Truck118757,315.0
Truck118760,306.0
Truck118732,380.0
Truck118771,290.0
Truck118731,395.0
Truck118773,290.0
Truck118768,301.0
Truck118755,337.0
Truck118720,424.0
Truck118774,290.0
Truck118776,290.0
Truck118775,300.0
Truck118753,357.0
Truck118781,290.0
Truck118767,328.0
Truck118782,290.0
Truck118779,301.0
Truck118716,460.0
Truck118785,290.0
Truck118780,301.0
Truck118759,357.0
Truck118778,308.0
Truck118763,350.0
Truck118787,290.0
Truck118758,362.0
Truck118783,307.0
Truck118786,303.0
Truck118712,493.0
Truck118784,313.0
Truck118794,290.0
Truck118795,290.0
Truck118777,339.0
Truck118791,304.0
Truck118789,314.0
Truck118792,307.0
Truck118769,370.0
Truck118800,290.0
Truck118770,366.0
Truck118766,377.0
Truck118799,303.0
Truck118798,312.0
Truck118809,290.0
Truck118790,336.0
Truck118811,290.0
Truck118772,386.0
Truck118806,302.0
Truck118793,338.0
Truck118812,290.0
Truck118749,451.0
Truck118816,290.0
Truck118796,342.0
Truck118797,342.0
Truck118819,290.0
Truck118788,369.0
Truck118820,290.0
Truck118813,314.0
Truck118822,290.0
Truck118810,324.0
Truck118825,290.0
Truck118803,348.0
Truck118762,449.0
Truck118826,290.0
Truck118821,306.0
Truck118801,357.0
Truck118807,345.0
Truck118828,290.0
Truck118808,343.0
Truck118823,308.0
Truck118830,290.0
Truck118831,290.0
Truck118805,358.0
Truck118815,333.0
Truck118832,290.0
Truck118835,290.0
Truck118817,336.0
Truck118836,290.0
Truck118824,325.0
Truck118838,290.0
Truck118840,290.0
Truck118827,327.0
Truck118833,315.0
Truck118842,290.0
Truck118802,392.0
Truck118845,290.0
Truck118839,307.0
Truck118841,315.0
Truck118818,371.0
Truck118852,290.0
Truck118853,290.0
Truck118814,388.0
Truck118854,290.0
Truck118851,304.0
Truck118857,290.0
Truck118859,290.0
Truck118847,321.0
Truck118834,352.0
Truck118844,328.0
Truck118863,290.0
Truck118829,380.0
Truck118867,290.0
Truck118850,335.0
Truck118868,290.0
Truck118869,290.0
Truck118804,460.0
Truck118872,290.0
Truck118873,290.0
Truck118865,313.0
Truck118875,290.0
Truck118864,317.0
Truck118876,290.0
Truck118849,364.0
Truck118878,290.0
Truck118879,290.0
Truck118858,343.0
Truck118861,340.0
Truck118843,393.0
Truck118862,346.0
Truck118870,327.0
Truck118871,330.0
Truck118887,290.0
Truck118880,307.0
Truck118883,305.0
Truck118860,364.0
Truck118891,290.0
Truck118885,307.0
Truck118877,329.0
Truck118892,290.0
Truck118894,290.0
Truck118896,290.0
Truck118897,290.0
Truck118837,445.0
Truck118898,290.0
Truck118895,302.0
Truck118901,290.0
Truck118866,376.0
Truck118881,341.0
Truck118888,323.0
Truck118848,424.0
Truck118902,290.0
Truck118903,290.0
Truck118856,411.0
Truck118846,439.0
Truck118886,340.0
Truck118874,376.0
Truck118905,302.0
Truck118910,290.0
Truck118899,330.0
Truck118914,290.0
Truck118915,290.0
Truck118889,359.0
Truck118893,350.0
Truck118912,302.0
Truck118919,290.0
Truck118921,290.0
Truck118923,290.0
Truck118916,308.0
Truck118882,394.0
Truck118906,335.0
Truck118920,304.0
Truck118911,330.0
Truck118927,290.0
Truck118907,343.0
Truck118929,290.0
Truck118900,362.0
Truck118909,345.0
Truck118930,290.0
Truck118933,290.0
Truck118890,396.0
Truck118917,333.0
Truck118934,290.0
Truck118908,362.0
Truck118938,290.0
Truck118932,306.0
Truck118925,327.0
Truck118935,304.0
Truck118904,380.0
Truck118913,365.0
Truck118931,320.0
Truck118918,351.0
Truck118937,306.0
Truck118884,441.0
Truck118940,301.0
Truck118922,347.0
Truck118855,519.0
Truck118926,339.0
Truck118947,290.0
Truck118941,306.0
Truck118939,320.0
Truck118950,290.0
Truck118942,312.0
Truck118952,290.0
Truck118953,290.0
Truck118924,362.0
Truck118943,323.0
Truck118954,300.0
Truck118958,290.0
Truck118959,290.0
Truck118960,290.0
Truck118955,309.0
Truck118948,327.0
Truck118949,329.0
Truck118936,362.0
Truck118962,305.0
Truck118969,290.0
Truck118964,302.0
Truck118970,290.0
Truck118971,290.0
Truck118965,306.0
Truck118972,290.0
Truck118974,290.0
Truck118957,337.0
Truck118956,340.0
Truck118966,319.0
Truck118928,415.0
Truck118978,290.0
Truck118979,290.0
Truck118976,302.0
Truck118963,338.0
Truck118944,386.0
Truck118946,382.0
Truck118973,318.0
Truck118984,290.0
Truck118981,303.0
Truck118987,290.0
Truck118951,382.0
Truck118945,400.0
Truck118989,290.0
Truck118968,345.0
Truck118990,290.0
Truck118975,332.0
Truck118992,290.0
Truck118994,290.0
Truck118983,322.0
Truck118996,290.0
Truck118986,316.0
Truck118980,332.0
Truck118977,344.0
Truck118998,290.0
Truck118999,290.0
Truck118995,304.0
Truck119000,290.0
Truck119001,290.0
Truck118961,392.0
Truck118997,303.0
Truck118967,386.0
Truck119003,307.0
Truck119009,304.0
Truck119015,290.0
Truck119016,290.0
Truck119004,323.0
Truck119018,290.0
Truck118988,366.0
Truck119005,328.0
Truck119017,301.0
Truck119010,318.0
Truck119014,309.0
Truck119002,341.0
Truck119026,290.0
Truck119027,290.0
Truck119011,341.0
Truck119025,307.0
Truck119023,313.0
Truck119021,325.0
Truck119034,290.0
Truck119035,290.0
Truck119006,361.0
Truck119012,346.0
Truck118993,397.0
Truck119019,332.0
Truck119024,319.0
Truck118991,408.0
Truck119038,290.0
Truck119039,290.0
Truck119033,306.0
Truck118982,436.0
Truck119013,364.0
Truck119032,315.0
Truck119042,290.0
Truck119043,290.0
Truck119031,328.0
Truck119040,303.0
Truck119020,357.0
Truck119048,290.0
Truck119022,359.0
Truck119029,344.0
Truck119051,290.0
Truck119044,307.0
Truck119049,300.0
Truck119036,332.0
Truck119053,300.0
Truck119057,290.0
Truck119028,364.0
Truck119055,301.0
Truck119007,422.0
Truck118985,482.0
Truck119054,315.0
Truck119065,290.0
Truck119066,290.0
Truck119046,341.0
Truck119047,343.0
Truck119071,290.0
Truck119072,290.0
Truck119041,374.0
Truck119075,290.0
Truck119052,346.0
Truck119056,337.0
Truck119059,332.0
Truck119050,355.0
Truck119076,290.0
Truck119078,290.0
Truck119064,327.0
Truck119037,399.0
Truck119060,345.0
Truck119082,290.0
Truck119069,326.0
Truck119077,306.0
Truck119079,302.0
Truck119068,331.0
Truck119070,327.0
Truck119067,338.0
Truck119045,397.0
Truck119061,357.0
Truck119087,300.0
Truck119091,290.0
Truck119063,365.0
Truck119086,306.0
Truck119008,503.0
Truck119030,449.0
Truck119094,290.0
Truck119095,290.0
Truck119062,374.0
Truck119097,290.0
Truck119074,347.0
Truck119088,313.0
Truck119098,290.0
Truck119102,290.0
Truck119103,290.0
Truck119080,346.0
Truck119085,340.0
Truck119101,300.0
Truck119089,334.0
Truck119106,290.0
Truck119092,327.0
Truck119099,312.0
Truck119058,415.0
Truck119108,290.0
Truck119109,290.0
Truck119096,324.0
Truck119110,290.0
Truck119104,306.0
Truck119100,318.0
Truck119084,359.0
Truck119116,290.0
Truck119090,356.0
Truck119105,327.0
Truck119083,383.0
Truck119114,303.0
Truck119107,324.0
Truck119121,290.0
Truck119119,299.0
Truck119111,320.0
Truck119123,290.0
Truck119093,367.0
Truck119073,418.0
Truck119113,321.0
Truck119126,290.0
Truck119127,290.0
Truck119122,303.0
Truck119112,329.0
Truck119128,290.0
Truck119129,290.0
Truck119124,304.0
Truck119131,290.0
Truck119081,420.0
Truck119132,290.0
Truck119135,290.0
Truck119130,302.0
Truck119136,290.0
Truck119143,290.0
Truck119125,343.0
Truck119118,359.0
Truck119139,309.0
Truck119117,365.0
Truck119147,290.0
Truck119115,372.0
Truck119148,290.0
Truck119149,290.0
Truck119134,329.0
Truck119150,290.0
Truck119146,305.0
Truck119153,290.0
Truck119137,335.0
Truck119133,346.0
Truck119140,327.0
Truck119141,328.0
Truck119158,290.0
Truck119159,290.0
Truck119152,308.0
Truck119157,299.0
Truck119160,290.0
Truck119154,308.0
Truck119142,340.0
Truck119162,290.0
Truck119164,290.0
Truck119165,290.0
Truck119167,290.0
Truck119151,333.0
Truck119163,303.0
Truck119155,327.0
Truck119145,354.0
Truck119161,316.0
Truck119166,304.0
Truck119172,290.0
Truck119120,425.0
Truck119177,290.0
Truck119170,307.0
Truck119171,308.0
Truck119178,290.0
Truck119138,398.0
Truck119182,290.0
Truck119183,290.0
Truck119169,327.0
Truck119186,290.0
Truck119187,290.0
Truck119144,396.0
Truck119175,321.0
Truck119185,302.0
Truck119179,320.0
Truck119191,290.0
Truck119192,290.0
Truck119190,299.0
Truck119189,309.0
Truck119196,290.0
Truck119184,324.0
Truck119199,290.0
Truck119181,336.0
Truck119193,308.0
Truck119200,290.0
Truck119188,322.0
Truck119176,353.0
Truck119202,290.0
Truck119203,290.0
Truck119204,290.0
Truck119205,290.0
Truck119201,301.0
Truck119174,367.0
Truck119206,290.0
Truck119194,324.0
Truck119209,290.0
Truck119210,290.0
Truck119211,290.0
Truck119198,322.0
Truck119212,290.0
Truck119213,290.0
Truck119173,394.0
Truck119215,290.0
Truck119208,307.0
Truck119218,290.0
Truck119214,305.0
Truck119220,290.0
Truck119222,290.0
Truck119195,364.0
Truck119180,400.0
Truck119225,290.0
Truck119226,290.0
Truck119216,316.0
Truck119228,290.0
Truck119223,307.0
Truck119232,290.0
Truck119233,290.0
Truck119227,307.0
Truck119207,359.0
Truck119217,335.0
Truck119156,489.0
Truck119229,309.0
Truck119236,290.0
Truck119197,392.0
Truck119231,307.0
Truck119239,290.0
Truck119235,302.0
Truck119168,468.0
Truck119234,304.0
Truck119240,290.0
Truck119241,290.0
Truck119237,302.0
Truck119219,349.0
Truck119238,300.0
Truck119242,290.0
Truck119224,345.0
Truck119247,290.0
Truck119249,290.0
Truck119221,361.0
Truck119244,302.0
Truck119246,301.0
Truck119252,290.0
Truck119253,290.0
Truck119248,301.0
Truck119250,301.0
Truck119260,290.0
Truck119230,367.0
Truck119263,290.0
Truck119255,319.0
Truck119266,290.0
Truck119267,290.0
Truck119262,305.0
Truck119245,351.0
Truck119270,290.0
Truck119254,331.0
Truck119251,347.0
Truck119274,290.0
Truck119277,290.0
Truck119268,315.0
Truck119278,290.0
Truck119257,347.0
Truck119280,290.0
Truck119276,303.0
Truck119264,334.0
Truck119284,290.0
Truck119243,396.0
Truck119275,317.0
Truck119259,359.0
Truck119269,335.0
Truck119281,305.0
Truck119291,290.0
Truck119285,307.0
Truck119286,303.0
Truck119292,290.0
Truck119293,290.0
Truck119265,361.0
Truck119273,346.0
Truck119283,324.0
Truck119279,337.0
Truck119287,325.0
Truck119301,290.0
Truck119282,336.0
Truck119261,394.0
Truck119296,304.0
Truck119302,290.0
Truck119304,290.0
Truck119305,290.0
Truck119307,290.0
Truck119271,382.0
Truck119308,290.0
Truck119290,340.0
Truck119311,290.0
Truck119258,421.0
Truck119294,333.0
Truck119312,290.0
Truck119297,337.0
Truck119289,358.0
Truck119306,315.0
Truck119299,339.0
Truck119318,290.0
Truck119319,290.0
Truck119295,354.0
Truck119320,290.0
Truck119321,290.0
Truck119303,340.0
Truck119323,290.0
Truck119309,329.0
Truck119300,350.0
Truck119324,290.0
Truck119329,290.0
Truck119313,338.0
Truck119310,348.0
Truck119328,304.0
Truck119335,290.0
Truck119330,302.0
Truck119256,488.0
Truck119331,303.0
Truck119272,452.0
Truck119339,290.0
Truck119298,394.0
Truck119343,290.0
Truck119344,290.0
Truck119288,431.0
Truck119322,347.0
Truck119348,290.0
Truck119338,319.0
Truck119346,300.0
Truck119350,290.0
Truck119337,328.0
Truck119333,339.0
Truck119352,290.0
Truck119353,290.0
Truck119334,336.0
Truck119332,343.0
Truck119341,323.0
Truck119325,368.0
Truck119355,300.0
Truck119360,290.0
Truck119361,290.0
Truck119316,403.0
Truck119340,345.0
Truck119356,305.0
Truck119363,290.0
Truck119354,313.0
Truck119317,409.0
Truck119364,290.0
Truck119327,388.0
Truck119349,336.0
Truck119368,290.0
Truck119336,371.0
Truck119351,337.0
Truck119370,290.0
Truck119345,359.0
Truck119372,290.0
Truck119357,331.0
Truck119374,290.0
Truck119375,290.0
Truck119365,319.0
Truck119378,290.0
Truck119379,290.0
Truck119314,452.0
Truck119382,290.0
Truck119369,337.0
Truck119381,309.0
Truck119389,290.0
Truck119358,366.0
Truck119371,341.0
Truck119373,336.0
Truck119376,327.0
Truck119392,290.0
Truck119393,290.0
Truck119315,487.0
Truck119359,379.0
Truck119395,290.0
Truck119386,312.0
Truck119391,304.0
Truck119342,425.0
Truck119396,290.0
Truck119397,290.0
Truck119400,290.0
Truck119401,290.0
Truck119383,343.0
Truck119410,290.0
Truck119411,290.0
Truck119388,348.0
Truck119399,323.0
Truck119403,313.0
Truck119413,290.0
Truck119387,357.0
Truck119398,328.0
Truck119384,364.0
Truck119326,510.0
Truck119414,290.0
Truck119390,353.0
Truck119406,314.0
Truck119394,346.0
Truck119409,311.0
Truck119362,428.0
Truck119377,394.0
Truck119412,304.0
Truck119420,290.0
Truck119405,334.0
Truck119419,300.0
Truck119422,290.0
Truck119423,290.0
Truck119416,308.0
Truck119424,290.0
Truck119367,436.0
Truck119417,311.0
Truck119404,343.0
Truck119426,290.0
Truck119427,290.0
Truck119385,399.0
Truck119431,290.0
Truck119432,290.0
Truck119415,336.0
Truck119436,290.0
Truck119437,290.0
Truck119347,518.0
Truck119438,290.0
Truck119366,474.0
Truck119440,290.0
Truck119441,290.0
Truck119442,290.0
Truck119443,290.0
Truck119402,392.0
Truck119421,349.0
Truck119429,333.0
Truck119439,309.0
Truck119425,347.0
Truck119430,333.0
Truck119407,397.0
Truck119450,290.0
Truck119451,290.0
Truck119444,313.0
Truck119449,306.0
Truck119435,344.0
Truck119456,290.0
Truck119452,301.0
Truck119453,303.0
Truck119458,290.0
Truck119459,290.0
Truck119418,393.0
Truck119447,326.0
Truck119455,308.0
Truck119445,335.0
Truck119457,305.0
Truck119462,290.0
Truck119463,290.0
Truck119448,327.0
Truck119408,431.0
Truck119433,371.0
Truck119434,371.0
Truck119380,508.0
Truck119428,390.0
Truck119461,318.0
Truck119474,290.0
Truck119475,290.0
Truck119446,363.0
Truck119477,290.0
Truck119478,290.0
Truck119479,290.0
Truck119480,290.0
Truck119473,322.0
Truck119465,343.0
Truck119489,290.0
Truck119466,346.0
Truck119484,301.0
Truck119485,302.0
Truck119460,363.0
Truck119467,349.0
Truck119486,299.0
Truck119490,290.0
Truck119492,290.0
Truck119470,348.0
Truck119494,290.0
Truck119483,323.0
Truck119469,359.0
Truck119488,309.0
Truck119493,300.0
Truck119497,290.0
Truck119464,371.0
Truck119498,290.0
Truck119501,290.0
Truck119471,367.0
Truck119454,409.0
Truck119487,333.0
Truck119495,314.0
Truck119468,385.0
Truck119506,290.0
Truck119507,290.0
Truck119472,378.0
Truck119503,305.0
Truck119504,300.0
Truck119509,290.0
Truck119481,363.0
Truck119482,360.0
Truck119505,305.0
Truck119511,290.0
Truck119515,290.0
Truck119502,324.0
Truck119476,393.0
Truck119508,313.0
Truck119510,310.0
Truck119518,290.0
Truck119519,290.0
Truck119516,303.0
Truck119522,290.0
Truck119514,311.0
Truck119524,290.0
Truck119491,378.0
Truck119526,290.0
Truck119527,290.0
Truck119523,307.0
Truck119525,305.0
Truck119513,337.0
Truck119532,290.0
Truck119533,290.0
Truck119496,383.0
Truck119529,304.0
Truck119528,307.0
Truck119499,384.0
Truck119520,331.0
Truck119538,290.0
Truck119535,302.0
Truck119540,290.0
Truck119530,318.0
Truck119537,304.0
Truck119541,300.0
Truck119544,290.0
Truck119545,290.0
Truck119521,355.0
Truck119543,300.0
Truck119547,290.0
Truck119531,332.0
Truck119542,309.0
Truck119554,290.0
Truck119548,307.0
Truck119550,303.0
Truck119556,290.0
Truck119557,290.0
Truck119553,304.0
Truck119546,324.0
Truck119561,290.0
Truck119555,307.0
Truck119562,290.0
Truck119551,321.0
Truck119565,290.0
Truck119566,290.0
Truck119500,456.0
Truck119517,417.0
Truck119512,431.0
Truck119558,320.0
Truck119559,322.0
Truck119572,290.0
Truck119552,341.0
Truck119575,290.0
Truck119569,310.0
Truck119573,300.0
Truck119571,307.0
Truck119549,364.0
Truck119564,324.0
Truck119560,335.0
Truck119578,290.0
Truck119583,290.0
Truck119579,304.0
Truck119563,346.0
Truck119534,418.0
Truck119587,290.0
Truck119590,290.0
Truck119591,290.0
Truck119576,327.0
Truck119585,309.0
Truck119592,290.0
Truck119586,306.0
Truck119568,358.0
Truck119570,353.0
Truck119597,290.0
Truck119567,366.0
Truck119580,332.0
Truck119598,290.0
Truck119600,290.0
Truck119601,290.0
Truck119574,360.0
Truck119588,325.0
Truck119602,290.0
Truck119603,290.0
Truck119595,313.0
Truck119582,344.0
Truck119584,340.0
Truck119605,290.0
Truck119593,323.0
Truck119596,315.0
Truck119577,366.0
Truck119609,290.0
Truck119594,327.0
Truck119610,290.0
Truck119536,480.0
Truck119613,290.0
Truck119611,300.0
Truck119614,290.0
Truck119608,308.0
Truck119616,290.0
Truck119599,337.0
Truck119618,290.0
Truck119619,290.0
Truck119615,306.0
Truck119607,328.0
Truck119589,381.0
Truck119620,309.0
Truck119629,290.0
Truck119631,290.0
Truck119627,302.0
Truck119625,309.0
Truck119632,290.0
Truck119633,290.0
Truck119626,306.0
Truck119624,318.0
Truck119581,429.0
Truck119636,290.0
Truck119639,290.0
Truck119617,348.0
Truck119635,304.0
Truck119539,545.0
Truck119640,290.0
Truck119641,290.0
Truck119642,290.0
Truck119643,290.0
Truck119622,342.0
Truck119606,383.0
Truck119621,348.0
Truck119644,290.0
Truck119645,290.0
Truck119623,349.0
Truck119646,290.0
Truck119651,290.0
Truck119630,341.0
Truck119638,321.0
Truck119652,290.0
Truck119604,415.0
Truck119654,290.0
Truck119648,307.0
Truck119656,290.0
Truck119658,290.0
Truck119659,290.0
Truck119634,353.0
Truck119662,290.0
Truck119664,290.0
Truck119667,290.0
Truck119663,303.0
Truck119655,328.0
Truck119653,334.0
Truck119671,290.0
Truck119628,397.0
Truck119661,318.0
Truck119675,290.0
Truck119657,337.0
Truck119673,299.0
Truck119672,304.0
Truck119674,299.0
Truck119678,290.0
Truck119681,290.0
Truck119649,374.0
Truck119677,305.0
Truck119660,346.0
Truck119676,306.0
Truck119650,372.0
Truck119684,290.0
Truck119685,290.0
Truck119666,336.0
Truck119680,305.0
Truck119686,290.0
Truck119687,290.0
Truck119689,290.0
Truck119690,290.0
Truck119691,290.0
Truck119693,290.0
Truck119637,433.0
Truck119688,304.0
Truck119679,330.0
Truck119695,290.0
Truck119696,290.0
Truck119670,356.0
Truck119698,290.0
Truck119669,370.0
Truck119647,429.0
Truck119702,290.0
Truck119703,290.0
Truck119705,290.0
Truck119700,308.0
Truck119709,290.0
Truck119612,532.0
Truck119699,320.0
Truck119665,407.0
Truck119712,290.0
Truck119716,290.0
Truck119717,290.0
Truck119682,377.0
Truck119701,332.0
Truck119704,322.0
Truck119694,349.0
Truck119718,290.0
Truck119719,290.0
Truck119692,359.0
Truck119720,290.0
Truck119713,311.0
Truck119722,290.0
Truck119708,329.0
Truck119714,317.0
Truck119727,290.0
Truck119723,303.0
Truck119710,334.0
Truck119729,290.0
Truck119725,301.0
Truck119711,340.0
Truck119731,290.0
Truck119706,354.0
Truck119734,290.0
Truck119707,365.0
Truck119736,290.0
Truck119728,313.0
Truck119738,290.0
Truck119724,330.0
Truck119668,473.0
Truck119735,308.0
Truck119742,290.0
Truck119739,302.0
Truck119726,335.0
Truck119745,290.0
Truck119746,290.0
Truck119747,290.0
Truck119743,304.0
Truck119748,290.0
Truck119749,290.0
Truck119750,290.0
Truck119732,340.0
Truck119730,347.0
Truck119683,469.0
Truck119697,439.0
Truck119756,290.0
Truck119757,290.0
Truck119744,321.0
Truck119737,346.0
Truck119761,290.0
Truck119763,290.0
Truck119764,290.0
Truck119765,290.0
Truck119721,401.0
Truck119760,302.0
Truck119741,355.0
Truck119733,378.0
Truck119740,365.0
Truck119770,290.0
Truck119751,341.0
Truck119772,290.0
Truck119773,290.0
Truck119769,303.0
Truck119767,310.0
Truck119774,290.0
Truck119775,290.0
Truck119755,344.0
Truck119778,290.0
Truck119766,322.0
Truck119754,355.0
Truck119781,290.0
Truck119783,290.0
Truck119777,306.0
Truck119768,329.0
Truck119776,309.0
Truck119785,290.0
Truck119780,301.0
Truck119715,470.0
Truck119753,385.0
Truck119791,290.0
Truck119759,372.0
Truck119752,394.0
Truck119795,290.0
Truck119758,382.0
Truck119792,304.0
Truck119799,290.0
Truck119782,333.0
Truck119786,323.0
Truck119793,310.0
Truck119800,290.0
Truck119801,290.0
Truck119797,302.0
Truck119779,348.0
Truck119787,328.0
Truck119784,334.0
Truck119794,310.0
Truck119798,302.0
Truck119805,290.0
Truck119762,397.0
Truck119771,382.0
Truck119803,302.0
Truck119802,303.0
Truck119788,340.0
Truck119808,290.0
Truck119807,304.0
Truck119812,290.0
Truck119796,332.0
Truck119811,305.0
Truck119816,290.0
Truck119817,290.0
Truck119790,361.0
Truck119789,368.0
Truck119804,328.0
Truck119820,290.0
Truck119822,290.0
Truck119823,290.0
Truck119810,324.0
Truck119813,319.0
Truck119818,306.0
Truck119806,337.0
Truck119826,290.0
Truck119827,290.0
Truck119828,290.0
Truck119831,290.0
Truck119809,346.0
Truck119835,290.0
Truck119815,341.0
Truck119836,290.0
Truck119829,319.0
Truck119840,290.0
Truck119821,345.0
Truck119837,306.0
Truck119825,337.0
Truck119839,304.0
Truck119844,290.0
Truck119845,290.0
Truck119847,290.0
Truck119824,346.0
Truck119819,366.0
Truck119834,330.0
Truck119832,336.0
Truck119830,344.0
Truck119814,386.0
Truck119855,290.0
Truck119856,290.0
Truck119857,290.0
Truck119853,303.0
Truck119859,290.0
Truck119860,290.0
Truck119861,290.0
Truck119863,290.0
Truck119851,321.0
Truck119843,346.0
Truck119841,353.0
Truck119866,290.0
Truck119867,290.0
Truck119846,341.0
Truck119848,343.0
Truck119870,290.0
Truck119871,290.0
Truck119865,306.0
Truck119850,350.0
Truck119874,290.0
Truck119849,356.0
Truck119854,342.0
Truck119833,400.0
Truck119876,290.0
Truck119877,290.0
Truck119868,312.0
Truck119875,300.0
Truck119878,290.0
Truck119852,359.0
Truck119864,332.0
Truck119882,290.0
Truck119883,290.0
Truck119884,290.0
Truck119885,290.0
Truck119842,398.0
Truck119886,290.0
Truck119858,363.0
Truck119889,290.0
Truck119891,290.0
Truck119879,323.0
Truck119892,290.0
Truck119838,429.0
Truck119869,355.0
Truck119872,346.0
Truck119888,307.0
Truck119893,299.0
Truck119897,290.0
Truck119890,308.0
Truck119895,305.0
Truck119898,301.0
Truck119880,348.0
Truck119862,395.0
Truck119906,290.0
Truck119907,290.0
Truck119873,378.0
Truck119908,290.0
Truck119881,365.0
Truck119910,290.0
Truck119911,290.0
Truck119905,306.0
Truck119913,290.0
Truck119901,322.0
Truck119909,305.0
Truck119914,290.0
Truck119894,347.0
Truck119912,304.0
Truck119919,290.0
Truck119900,340.0
Truck119921,290.0
Truck119922,290.0
Truck119896,358.0
Truck119903,344.0
Truck119924,290.0
Truck119902,346.0
Truck119904,346.0
Truck119917,317.0
Truck119915,324.0
Truck119928,290.0
Truck119887,399.0
Truck119899,371.0
Truck119933,290.0
Truck119926,306.0
Truck119916,339.0
Truck119925,321.0
Truck119920,337.0
Truck119937,299.0
Truck119940,290.0
Truck119941,290.0
Truck119934,307.0
Truck119942,290.0
Truck119943,290.0
Truck119935,315.0
Truck119944,290.0
Truck119945,290.0
Truck119947,290.0
Truck119923,354.0
Truck119930,338.0
Truck119950,290.0
Truck119929,354.0
Truck119954,290.0
Truck119953,306.0
Truck119955,302.0
Truck119932,364.0
Truck119936,355.0
Truck119963,290.0
Truck119948,326.0
Truck119938,352.0
Truck119952,318.0
Truck119939,354.0
Truck119927,388.0
Truck119957,314.0
Truck119962,299.0
Truck119966,290.0
Truck119968,290.0
Truck119951,337.0
Truck119959,330.0
Truck119961,325.0
Truck119960,330.0
Truck119970,306.0
Truck119931,409.0
Truck119978,290.0
Truck119979,290.0
Truck119975,302.0
Truck119965,328.0
Truck119981,290.0
Truck119982,290.0
Truck119976,308.0
Truck119984,290.0
Truck119967,344.0
Truck119989,290.0
Truck119918,467.0
Truck119956,373.0
Truck119980,313.0
Truck119958,370.0
Truck119991,290.0
Truck119971,342.0
Truck119972,340.0
Truck119974,335.0
Truck119994,290.0
Truck119995,290.0
Truck119997,290.0
Truck119985,325.0
Truck119999,290.0
Truck120000,290.0
Truck120001,290.0
Truck119964,381.0
Truck120005,290.0
Truck119986,337.0
Truck120007,290.0
Truck119990,335.0
Truck119988,342.0
Truck120004,302.0
Truck120002,310.0
Truck120010,290.0
Truck120006,301.0
Truck119949,448.0
Truck119993,339.0
Truck120012,290.0
Truck119946,459.0
Truck120015,290.0
Truck119977,387.0
Truck119992,347.0
Truck120017,290.0
Truck119983,376.0
Truck120003,328.0
Truck120019,290.0
Truck120014,302.0
Truck120021,290.0
Truck120016,301.0
Truck120022,290.0
Truck120023,290.0
Truck120009,326.0
Truck120018,301.0
Truck120024,290.0
Truck120025,290.0
Truck119969,431.0
Truck120008,331.0
Truck119973,422.0
Truck120026,290.0
Truck120028,290.0
Truck120020,315.0
Truck120027,303.0
Truck120029,308.0
Truck120036,290.0
Truck120037,290.0
Truck120038,290.0
Truck120039,290.0
Truck120040,290.0
Truck120041,290.0
Truck120011,366.0
Truck119998,401.0
Truck120031,321.0
Truck120030,322.0
Truck120045,290.0
Truck119987,440.0
Truck120046,290.0
Truck120047,290.0
Truck120013,379.0
Truck120048,290.0
Truck120043,306.0
Truck120050,290.0
Truck120051,290.0
Truck120033,342.0
Truck120032,343.0
Truck120055,290.0
Truck120034,341.0
Truck120056,290.0
Truck120057,290.0
Truck120035,348.0
Truck120042,330.0
Truck120052,311.0
Truck120062,290.0
Truck120063,290.0
Truck120058,301.0
Truck120064,290.0
Truck119996,461.0
Truck120066,290.0
Truck120059,315.0
Truck120068,290.0
Truck120070,290.0
Truck120065,308.0
Truck120053,339.0
Truck120067,304.0
Truck120077,290.0
Truck120078,290.0
Truck120080,290.0
Truck120081,290.0
Truck120083,290.0
Truck120085,290.0
Truck120061,354.0
Truck120074,329.0
Truck120069,350.0
Truck120054,386.0
Truck120072,344.0
Truck120089,306.0
Truck120082,324.0
Truck120071,362.0
Truck120079,342.0
Truck120060,389.0
Truck120100,290.0
Truck120101,290.0
Truck120076,352.0
Truck120084,333.0
Truck120044,435.0
Truck120103,290.0
Truck120092,317.0
Truck120049,431.0
Truck120075,369.0
Truck120088,334.0
Truck120104,301.0
Truck120073,385.0
Truck120093,335.0
Truck120094,331.0
Truck120113,290.0
Truck120095,336.0
Truck120086,362.0
Truck120116,290.0
Truck120117,290.0
Truck120105,323.0
Truck120090,359.0
Truck120112,304.0
Truck120118,290.0
Truck120119,290.0
Truck120107,323.0
Truck120110,315.0
Truck120114,306.0
Truck120097,353.0
Truck120122,290.0
Truck120123,290.0
Truck120098,355.0
Truck120108,332.0
Truck120109,332.0
Truck120087,393.0
Truck120128,290.0
Truck120124,306.0
Truck120102,364.0
Truck120099,375.0
Truck120106,355.0
Truck120133,290.0
Truck120115,337.0
Truck120126,309.0
Truck120121,325.0
Truck120130,305.0
Truck120137,290.0
Truck120131,306.0
Truck120111,357.0
Truck120125,324.0
Truck120120,335.0
Truck120138,290.0
Truck120143,290.0
Truck120129,327.0
Truck120096,408.0
Truck120145,290.0
Truck120132,323.0
Truck120146,290.0
Truck120140,307.0
Truck120148,290.0
Truck120142,308.0
Truck120151,290.0
Truck120127,355.0
Truck120152,290.0
Truck120147,306.0
Truck120091,448.0
Truck120149,304.0
Truck120154,290.0
Truck120135,341.0
Truck120144,327.0
Truck120160,290.0
Truck120161,290.0
Truck120162,290.0
Truck120156,307.0
Truck120164,290.0
Truck120165,290.0
Truck120134,373.0
Truck120170,290.0
Truck120139,373.0
Truck120158,324.0
Truck120163,315.0
Truck120172,290.0
Truck120173,290.0
Truck120159,335.0
Truck120176,290.0
Truck120177,290.0
Truck120166,316.0
Truck120153,354.0
Truck120167,319.0
Truck120178,290.0
Truck120175,310.0
Truck120182,290.0
Truck120169,328.0
Truck120184,290.0
Truck120168,332.0
Truck120181,304.0
Truck120186,290.0
Truck120187,290.0
Truck120141,408.0
Truck120188,290.0
Truck120190,290.0
Truck120191,290.0
Truck120157,377.0
Truck120193,290.0
Truck120195,290.0
Truck120189,309.0
Truck120198,290.0
Truck120200,290.0
Truck120201,290.0
Truck120194,306.0
Truck120179,348.0
Truck120196,304.0
Truck120202,290.0
Truck120136,459.0
Truck120185,340.0
Truck120204,290.0
Truck120183,346.0
Truck120207,290.0
Truck120171,383.0
Truck120150,434.0
Truck120209,290.0
Truck120210,290.0
Truck120205,306.0
Truck120206,305.0
Truck120212,290.0
Truck120174,386.0
Truck120192,343.0
Truck120214,290.0
Truck120215,290.0
Truck120199,333.0
Truck120217,290.0
Truck120155,454.0
Truck120221,290.0
Truck120223,290.0
Truck120197,360.0
Truck120224,290.0
Truck120225,290.0
Truck120203,354.0
Truck120228,290.0
Truck120229,290.0
Truck120180,412.0
Truck120227,299.0
Truck120211,347.0
Truck120234,290.0
Truck120235,290.0
Truck120237,290.0
Truck120218,336.0
Truck120219,338.0
Truck120239,290.0
Truck120232,307.0
Truck120240,290.0
Truck120241,290.0
Truck120220,344.0
Truck120243,290.0
Truck120233,316.0
Truck120245,290.0
Truck120226,344.0
Truck120249,290.0
Truck120216,371.0
Truck120230,338.0
Truck120222,361.0
Truck120256,290.0
Truck120213,402.0
Truck120244,322.0
Truck120250,310.0
Truck120258,290.0
Truck120252,306.0
Truck120253,312.0
Truck120251,320.0
Truck120263,290.0
Truck120254,311.0
Truck120255,316.0
Truck120231,377.0
Truck120267,290.0
Truck120247,349.0
Truck120236,375.0
Truck120270,290.0
Truck120268,303.0
Truck120269,304.0
Truck120271,304.0
Truck120276,290.0
Truck120277,290.0
Truck120279,290.0
Truck120248,367.0
Truck120246,373.0
Truck120259,343.0
Truck120264,329.0
Truck120274,306.0
Truck120242,391.0
Truck120285,290.0
Truck120261,353.0
Truck120208,485.0
Truck120288,290.0
Truck120289,290.0
Truck120265,353.0
Truck120290,290.0
Truck120291,290.0
Truck120292,290.0
Truck120280,324.0
Truck120286,309.0
Truck120295,290.0
Truck120238,432.0
Truck120273,350.0
Truck120296,290.0
Truck120297,290.0
Truck120262,377.0
Truck120275,350.0
Truck120298,290.0
Truck120299,290.0
Truck120293,309.0
Truck120305,290.0
Truck120260,404.0
Truck120306,290.0
Truck120307,290.0
Truck120309,290.0
Truck120302,308.0
Truck120257,425.0
Truck120308,302.0
Truck120272,393.0
Truck120311,301.0
Truck120283,375.0
Truck120316,290.0
Truck120317,290.0
Truck120312,302.0
Truck120282,379.0
Truck120301,336.0
Truck120320,290.0
Truck120294,359.0
Truck120304,335.0
Truck120323,290.0
Truck120324,290.0
Truck120325,290.0
Truck120326,290.0
Truck120310,332.0
Truck120328,290.0
Truck120329,290.0
Truck120321,313.0
Truck120330,290.0
Truck120281,416.0
Truck120318,323.0
Truck120322,315.0
Truck120278,427.0
Truck120287,407.0
Truck120331,302.0
Truck120333,300.0
Truck120337,290.0
Truck120319,340.0
Truck120338,290.0
Truck120335,302.0
Truck120327,324.0
Truck120340,290.0
Truck120334,306.0
Truck120336,304.0
Truck120342,290.0
Truck120343,290.0
Truck120339,309.0
Truck120346,290.0
Truck120347,290.0
Truck120284,446.0
Truck120314,373.0
Truck120345,302.0
Truck120266,500.0
Truck120352,290.0
Truck120315,387.0
Truck120303,421.0
Truck120350,308.0
Truck120353,303.0
Truck120344,325.0
Truck120358,290.0
Truck120359,290.0
Truck120360,290.0
Truck120363,290.0
Truck120348,326.0
Truck120355,315.0
Truck120300,451.0
Truck120366,290.0
Truck120357,320.0
Truck120364,300.0
Truck120369,290.0
Truck120365,302.0
Truck120313,440.0
Truck120354,335.0
Truck120374,290.0
Truck120375,290.0
Truck120377,290.0
Truck120356,342.0
Truck120351,358.0
Truck120372,306.0
Truck120341,390.0
Truck120381,290.0
Truck120361,344.0
Truck120385,290.0
Truck120373,321.0
Truck120349,382.0
Truck120362,347.0
Truck120386,290.0
Truck120387,290.0
Truck120389,290.0
Truck120367,346.0
Truck120382,306.0
Truck120379,322.0
Truck120392,290.0
Truck120393,290.0
Truck120394,290.0
Truck120371,351.0
Truck120378,333.0
Truck120397,290.0
Truck120398,290.0
Truck120395,303.0
Truck120376,352.0
Truck120403,290.0
Truck120380,349.0
Truck120400,299.0
Truck120391,325.0
Truck120404,290.0
Truck120384,342.0
Truck120383,349.0
Truck120406,290.0
Truck120332,482.0
Truck120407,309.0
Truck120396,335.0
Truck120412,299.0
Truck120417,290.0
Truck120390,357.0
Truck120418,290.0
Truck120388,369.0
Truck120420,290.0
Truck120422,290.0
Truck120423,290.0
Truck120405,340.0
Truck120368,431.0
Truck120409,332.0
Truck120401,353.0
Truck120427,290.0
Truck120428,290.0
Truck120429,290.0
Truck120431,290.0
Truck120410,342.0
Truck120411,342.0
Truck120433,290.0
Truck120434,290.0
Truck120416,349.0
Truck120408,370.0
Truck120426,328.0
Truck120413,364.0
Truck120443,290.0
Truck120415,369.0
Truck120447,290.0
Truck120419,365.0
Truck120430,335.0
Truck120448,290.0
Truck120432,331.0
Truck120440,311.0
Truck120399,418.0
Truck120451,290.0
Truck120437,327.0
Truck120444,309.0
Truck120453,290.0
Truck120445,318.0
Truck120425,372.0
Truck120452,307.0
Truck120460,290.0
Truck120461,290.0
Truck120438,346.0
Truck120436,352.0
Truck120455,307.0
Truck120370,519.0
Truck120458,300.0
Truck120462,290.0
Truck120414,413.0
Truck120402,449.0
Truck120435,373.0
Truck120468,290.0
Truck120469,290.0
Truck120465,302.0
Truck120470,290.0
Truck120473,290.0
Truck120454,337.0
Truck120424,413.0
Truck120439,378.0
Truck120467,308.0
Truck120464,314.0
Truck120441,375.0
Truck120474,290.0
Truck120475,290.0
Truck120450,353.0
Truck120442,374.0
Truck120476,290.0
Truck120472,301.0
Truck120459,337.0
Truck120466,318.0
Truck120483,290.0
Truck120456,359.0
Truck120471,324.0
Truck120485,290.0
Truck120449,387.0
Truck120482,305.0
Truck120488,290.0
Truck120481,311.0
Truck120484,304.0
Truck120490,290.0
Truck120491,290.0
Truck120421,467.0
Truck120477,330.0
Truck120486,306.0
Truck120478,327.0
Truck120495,290.0
Truck120463,375.0
Truck120496,290.0
Truck120497,290.0
Truck120446,430.0
Truck120503,290.0
Truck120499,301.0
Truck120504,290.0
Truck120492,326.0
Truck120508,290.0
Truck120494,326.0
Truck120479,370.0
Truck120505,305.0
Truck120507,300.0
Truck120510,290.0
Truck120512,290.0
Truck120514,290.0
Truck120516,290.0
Truck120517,290.0
Truck120498,338.0
Truck120518,290.0
Truck120520,290.0
Truck120515,309.0
Truck120524,290.0
Truck120501,351.0
Truck120519,306.0
Truck120500,354.0
Truck120509,335.0
Truck120527,290.0
Truck120528,290.0
Truck120511,336.0
Truck120530,290.0
Truck120531,290.0
Truck120489,397.0
Truck120521,318.0
Truck120525,309.0
Truck120532,290.0
Truck120533,290.0
Truck120522,317.0
Truck120534,290.0
Truck120523,323.0
Truck120526,315.0
Truck120537,290.0
Truck120540,290.0
Truck120542,290.0
Truck120538,302.0
Truck120480,448.0
Truck120506,389.0
Truck120547,290.0
Truck120513,378.0
Truck120549,290.0
Truck120457,528.0
Truck120551,299.0
Truck120541,325.0
Truck120539,333.0
Truck120550,303.0
Truck120502,424.0
Truck120557,290.0
Truck120529,364.0
Truck120546,320.0
Truck120559,290.0
Truck120487,473.0
Truck120545,328.0
Truck120560,290.0
Truck120561,290.0
Truck120554,306.0
Truck120535,358.0
Truck120552,313.0
Truck120544,337.0
Truck120536,358.0
Truck120556,308.0
Truck120564,290.0
Truck120565,290.0
Truck120555,316.0
Truck120566,290.0
Truck120569,290.0
Truck120553,335.0
Truck120572,290.0
Truck120573,290.0
Truck120575,290.0
Truck120558,333.0
Truck120571,305.0
Truck120576,290.0
Truck120577,290.0
Truck120579,290.0
Truck120574,303.0
Truck120580,290.0
Truck120581,290.0
Truck120562,336.0
Truck120570,316.0
Truck120548,372.0
Truck120543,392.0
Truck120493,518.0
Truck120563,343.0
Truck120568,334.0
Truck120586,290.0
Truck120587,290.0
Truck120588,290.0
Truck120582,307.0
Truck120590,290.0
Truck120592,290.0
Truck120593,290.0
Truck120583,319.0
Truck120591,300.0
Truck120594,290.0
Truck120597,290.0
Truck120598,290.0
Truck120585,331.0
Truck120599,300.0
Truck120602,290.0
Truck120607,290.0
Truck120567,392.0
Truck120608,290.0
Truck120611,290.0
Truck120578,372.0
Truck120613,290.0
Truck120609,305.0
Truck120614,290.0
Truck120610,301.0
Truck120616,290.0
Truck120615,300.0
Truck120619,290.0
Truck120606,325.0
Truck120620,290.0
Truck120623,290.0
Truck120595,365.0
Truck120625,290.0
Truck120626,290.0
Truck120618,319.0
Truck120621,314.0
Truck120624,304.0
Truck120596,375.0
Truck120630,290.0
Truck120627,302.0
Truck120601,368.0
Truck120632,290.0
Truck120633,290.0
Truck120584,414.0
Truck120635,290.0
Truck120628,309.0
Truck120636,290.0
Truck120637,290.0
Truck120631,307.0
Truck120600,383.0
Truck120639,290.0
Truck120589,417.0
Truck120641,290.0
Truck120642,290.0
Truck120645,290.0
Truck120617,361.0
Truck120640,302.0
Truck120634,318.0
Truck120649,290.0
Truck120650,290.0
Truck120651,290.0
Truck120646,303.0
Truck120612,390.0
Truck120652,290.0
Truck120653,290.0
Truck120629,352.0
Truck120655,290.0
Truck120622,371.0
Truck120648,310.0
Truck120656,290.0
Truck120657,290.0
Truck120638,346.0
Truck120662,290.0
Truck120663,290.0
Truck120644,339.0
Truck120665,290.0
Truck120667,290.0
Truck120605,447.0
Truck120668,290.0
Truck120669,290.0
Truck120654,335.0
Truck120674,290.0
Truck120675,290.0
Truck120677,290.0
Truck120672,301.0
Truck120659,337.0
Truck120660,332.0
Truck120678,290.0
Truck120643,381.0
Truck120604,479.0
Truck120673,309.0
Truck120647,376.0
Truck120603,488.0
Truck120682,290.0
Truck120683,290.0
Truck120658,353.0
Truck120684,290.0
Truck120686,290.0
Truck120688,290.0
Truck120690,290.0
Truck120693,290.0
Truck120689,302.0
Truck120695,290.0
Truck120696,290.0
Truck120687,317.0
Truck120679,339.0
Truck120691,313.0
Truck120676,350.0
Truck120702,290.0
Truck120703,290.0
Truck120680,347.0
Truck120681,350.0
Truck120705,290.0
Truck120706,290.0
Truck120694,322.0
Truck120704,300.0
Truck120708,290.0
Truck120666,396.0
Truck120670,387.0
Truck120685,354.0
Truck120697,325.0
Truck120664,412.0
Truck120714,290.0
Truck120715,290.0
Truck120699,337.0
Truck120712,305.0
Truck120719,290.0
Truck120701,337.0
Truck120709,318.0
Truck120721,290.0
Truck120723,290.0
Truck120717,309.0
Truck120724,290.0
Truck120725,290.0
Truck120661,451.0
Truck120698,356.0
Truck120711,326.0
Truck120726,290.0
Truck120727,290.0
Truck120718,311.0
Truck120728,290.0
Truck120692,382.0
Truck120722,308.0
Truck120731,290.0
Truck120713,337.0
Truck120732,290.0
Truck120734,290.0
Truck120707,366.0
Truck120720,333.0
Truck120738,290.0
Truck120729,318.0
Truck120730,315.0
Truck120737,300.0
Truck120741,290.0
Truck120743,290.0
Truck120739,308.0
Truck120740,304.0
Truck120746,290.0
Truck120747,290.0
Truck120700,415.0
Truck120750,290.0
Truck120742,313.0
Truck120671,494.0
Truck120752,290.0
Truck120753,290.0
Truck120745,314.0
Truck120755,290.0
Truck120756,290.0
Truck120749,312.0
Truck120758,290.0
Truck120710,412.0
Truck120760,290.0
Truck120735,359.0
Truck120748,325.0
Truck120763,290.0
Truck120757,308.0
Truck120759,308.0
Truck120766,290.0
Truck120716,416.0
Truck120768,290.0
Truck120751,338.0
Truck120762,309.0
Truck120770,290.0
Truck120767,305.0
Truck120773,290.0
Truck120774,290.0
Truck120765,318.0
Truck120777,290.0
Truck120771,308.0
Truck120744,377.0
Truck120780,290.0
Truck120781,290.0
Truck120775,308.0
Truck120784,290.0
Truck120786,290.0
Truck120788,290.0
Truck120790,290.0
Truck120793,290.0
Truck120736,431.0
Truck120776,331.0
Truck120733,444.0
Truck120789,305.0
Truck120792,302.0
Truck120769,365.0
Truck120778,341.0
Truck120794,305.0
Truck120803,290.0
Truck120799,305.0
Truck120795,316.0
Truck120761,403.0
Truck120806,290.0
Truck120807,290.0
Truck120802,302.0
Truck120785,349.0
Truck120804,300.0
Truck120779,367.0
Truck120772,386.0
Truck120798,324.0
Truck120783,370.0
Truck120801,325.0
Truck120814,290.0
Truck120813,300.0
Truck120782,378.0
Truck120796,345.0
Truck120818,290.0
Truck120791,362.0
Truck120812,307.0
Truck120764,429.0
Truck120821,290.0
Truck120823,290.0
Truck120800,347.0
Truck120811,323.0
Truck120824,290.0
Truck120819,314.0
Truck120817,323.0
Truck120831,290.0
Truck120833,290.0
Truck120808,351.0
Truck120834,290.0
Truck120829,307.0
Truck120832,301.0
Truck120815,350.0
Truck120828,315.0
Truck120797,396.0
Truck120835,302.0
Truck120837,299.0
Truck120840,290.0
Truck120841,290.0
Truck120826,328.0
Truck120830,318.0
Truck120842,290.0
Truck120843,290.0
Truck120962,290.0
Truck120963,290.0
Truck120968,290.0
Truck120966,305.0
Truck120972,290.0
Truck120975,290.0
Truck120971,308.0
Truck120979,290.0
Truck120976,300.0
Truck120981,290.0
Truck120986,290.0
Truck120987,290.0
Truck120983,303.0
Truck120967,345.0
Truck120982,309.0
Truck120978,320.0
Truck120961,368.0
Truck120965,359.0
Truck120992,290.0
Truck120964,363.0
Truck120984,314.0
Truck120960,375.0
Truck120994,290.0
Truck120995,290.0
Truck120988,306.0
Truck120977,339.0
Truck120996,290.0
Truck120990,308.0
Truck120998,290.0
Truck120970,364.0
Truck121000,290.0
Truck120980,341.0
Truck120993,315.0
Truck120991,326.0
Truck120973,373.0
Truck121006,290.0
Truck121008,290.0
Truck120985,351.0
Truck120997,321.0
Truck121002,308.0
Truck121011,290.0
Truck120974,383.0
Truck121013,290.0
Truck121009,303.0
Truck121010,303.0
Truck121005,320.0
Truck121016,290.0
Truck121017,290.0
Truck121012,303.0
Truck120969,414.0
Truck121020,290.0
Truck121004,335.0
Truck121023,290.0
Truck121025,290.0
Truck121018,307.0
Truck120999,359.0
Truck121022,301.0
Truck121001,357.0
Truck121026,300.0
Truck121014,333.0
Truck121032,290.0
Truck121021,330.0
Truck121037,290.0
Truck120989,411.0
Truck121027,316.0
Truck121031,309.0
Truck121019,342.0
Truck121041,290.0
Truck121015,358.0
Truck121034,309.0
Truck121036,305.0
Truck121042,290.0
Truck121043,290.0
Truck121024,338.0
Truck121044,290.0
Truck121028,331.0
Truck121046,290.0
Truck121047,290.0
Truck121035,321.0
Truck121003,403.0
Truck121049,290.0
Truck121038,320.0
Truck121039,324.0
Truck121052,290.0
Truck121053,290.0
Truck121029,353.0
Truck121054,290.0
Truck121055,290.0
Truck121033,349.0
Truck121056,290.0
Truck121007,419.0
Truck121058,290.0
Truck121061,290.0
Truck121063,290.0
Truck121064,290.0
Truck121065,290.0
Truck121067,290.0
Truck121030,382.0
Truck121068,290.0
Truck121071,290.0
Truck121045,358.0
Truck121066,305.0
Truck121072,290.0
Truck121074,290.0
Truck121069,306.0
Truck121070,301.0
Truck121057,338.0
Truck121040,379.0
Truck121050,355.0
Truck121077,290.0
Truck121048,362.0
Truck121051,358.0
Truck121079,290.0
Truck121073,312.0
Truck121084,290.0
Truck121085,290.0
Truck121078,308.0
Truck121060,363.0
Truck121076,325.0
Truck121090,290.0
Truck121091,290.0
Truck121062,364.0
Truck121093,290.0
Truck121086,307.0
Truck121087,308.0
Truck121094,290.0
Truck121080,335.0
Truck121098,290.0
Truck121099,290.0
Truck121059,391.0
Truck121096,311.0
Truck121092,328.0
Truck121075,374.0
Truck121103,306.0
Truck121089,345.0
Truck121110,290.0
Truck121111,290.0
Truck121113,290.0
Truck121082,370.0
Truck121114,290.0
Truck121115,290.0
Truck121116,290.0
Truck121117,290.0
Truck121088,365.0
Truck121119,290.0
Truck121120,290.0
Truck121102,337.0
Truck121124,290.0
Truck121100,354.0
Truck121126,290.0
Truck121121,308.0
Truck121125,302.0
Truck121107,348.0
Truck121131,290.0
Truck121081,416.0
Truck121132,290.0
Truck121133,290.0
Truck121083,419.0
Truck121129,304.0
Truck121135,290.0
Truck121105,367.0
Truck121109,358.0
Truck121136,290.0
Truck121104,373.0
Truck121122,331.0
Truck121141,290.0
Truck121142,290.0
Truck121145,290.0
Truck121139,307.0
Truck121118,360.0
Truck121146,290.0
Truck121147,290.0
Truck121112,376.0
Truck121149,290.0
Truck121101,411.0
Truck121123,356.0
Truck121144,304.0
Truck121150,290.0
Truck121155,290.0
Truck121128,357.0
Truck121156,290.0
Truck121153,305.0
Truck121148,320.0
Truck121160,290.0
Truck121162,290.0
Truck121165,290.0
Truck121137,361.0
Truck121167,290.0
Truck121127,392.0
Truck121163,302.0
Truck121095,475.0
Truck121152,330.0
Truck121164,300.0
Truck121168,290.0
Truck121171,290.0
Truck121173,290.0
Truck121169,303.0
Truck121174,290.0
Truck121175,290.0
Truck121134,391.0
Truck121176,290.0
Truck121177,290.0
Truck121140,381.0
Truck121108,462.0
Truck121157,342.0
Truck121097,495.0
Truck121159,340.0
Truck121179,290.0
Truck121130,411.0
Truck121143,381.0
Truck121158,344.0
Truck121180,290.0
Truck121181,290.0
Truck121151,367.0
Truck121182,290.0
Truck121187,290.0
Truck121166,344.0
Truck121185,305.0
Truck121170,343.0
Truck121186,303.0
Truck121192,290.0
Truck121154,390.0
Truck121172,345.0
Truck121194,290.0
Truck121190,304.0
Truck121178,335.0
Truck121196,290.0
Truck121184,324.0
Truck121198,290.0
Truck121199,290.0
Truck121138,442.0
Truck121189,318.0
Truck121191,317.0
Truck121202,290.0
Truck121195,313.0
Truck121204,290.0
Truck121106,537.0
Truck121207,290.0
Truck121201,309.0
Truck121209,290.0
Truck121203,309.0
Truck121212,290.0
Truck121213,290.0
Truck121193,342.0
Truck121197,339.0
Truck121217,290.0
Truck121208,317.0
Truck121215,303.0
Truck121221,290.0
Truck121205,334.0
Truck121222,290.0
Truck121223,290.0
Truck121161,447.0
Truck121224,290.0
Truck121225,290.0
Truck121183,398.0
Truck121220,304.0
Truck121226,290.0
Truck121228,290.0
Truck121218,318.0
Truck121230,290.0
Truck121200,366.0
Truck121219,321.0
Truck121233,290.0
Truck121211,347.0
Truck121206,359.0
Truck121188,405.0
Truck121234,290.0
Truck121235,290.0
Truck121231,308.0
Truck121210,359.0
Truck121227,319.0
Truck121232,305.0
Truck121238,290.0
Truck121239,290.0
Truck121240,290.0
Truck121229,325.0
Truck121242,290.0
Truck121236,306.0
Truck121214,362.0
Truck121244,290.0
Truck121245,290.0
Truck121246,290.0
Truck121247,290.0
Truck121249,290.0
Truck121243,308.0
Truck121216,377.0
Truck121252,290.0
Truck121253,290.0
Truck121248,303.0
Truck121255,290.0
Truck121241,329.0
Truck121256,290.0
Truck121259,290.0
Truck121237,350.0
Truck121260,290.0
Truck121263,290.0
Truck121264,290.0
Truck121265,290.0
Truck121262,300.0
Truck121267,290.0
Truck121258,313.0
Truck121271,290.0
Truck121273,290.0
Truck121250,348.0
Truck121275,290.0
Truck121270,305.0
Truck121272,301.0
Truck121257,346.0
Truck121254,355.0
Truck121276,301.0
Truck121284,290.0
Truck121269,334.0
Truck121268,335.0
Truck121288,290.0
Truck121281,312.0
Truck121266,349.0
Truck121292,290.0
Truck121280,323.0
Truck121289,309.0
Truck121261,380.0
Truck121297,290.0
Truck121290,308.0
Truck121299,290.0
Truck121277,348.0
Truck121293,308.0
Truck121301,290.0
Truck121303,290.0
Truck121282,342.0
Truck121286,333.0
Truck121304,290.0
Truck121307,290.0
Truck121302,305.0
Truck121308,290.0
Truck121310,290.0
Truck121251,442.0
Truck121300,317.0
Truck121313,290.0
Truck121278,376.0
Truck121287,362.0
Truck121317,290.0
Truck121311,307.0
Truck121283,379.0
Truck121305,326.0
Truck121306,324.0
Truck121309,319.0
Truck121320,290.0
Truck121321,290.0
Truck121316,303.0
Truck121322,290.0
Truck121274,413.0
Truck121294,363.0
Truck121326,290.0
Truck121327,290.0
Truck121314,322.0
Truck121291,385.0
Truck121328,290.0
Truck121330,290.0
Truck121331,290.0
Truck121333,290.0
Truck121329,305.0
Truck121334,290.0
Truck121285,423.0
Truck121323,329.0
Truck121338,290.0
Truck121315,352.0
Truck121318,345.0
Truck121341,290.0
Truck121279,452.0
Truck121325,339.0
Truck121312,373.0
Truck121340,304.0
Truck121347,290.0
Truck121337,317.0
Truck121344,300.0
Truck121348,290.0
Truck121349,290.0
Truck121335,327.0
Truck121350,290.0
Truck121298,424.0
Truck121339,324.0
Truck121296,430.0
Truck121352,290.0
Truck121336,332.0
Truck121319,385.0
Truck121356,290.0
Truck121345,325.0
Truck121358,290.0
Truck121359,290.0
Truck121354,305.0
Truck121346,336.0
Truck121342,348.0
Truck121351,329.0
Truck121353,325.0
Truck121365,300.0
Truck121368,290.0
Truck121369,290.0
Truck121373,290.0
Truck121366,307.0
Truck121362,319.0
Truck121357,340.0
Truck121376,290.0
Truck121370,308.0
Truck121378,290.0
Truck121360,340.0
Truck121295,510.0
Truck121382,290.0
Truck121383,290.0
Truck121324,436.0
Truck121363,341.0
Truck121372,320.0
Truck121384,290.0
Truck121361,353.0
Truck121387,290.0
Truck121379,314.0
Truck121385,299.0
Truck121364,351.0
Truck121391,290.0
Truck121374,332.0
Truck121392,290.0
Truck121380,321.0
Truck121396,290.0
Truck121388,312.0
Truck121395,305.0
Truck121400,290.0
Truck121393,313.0
Truck121403,290.0
Truck121332,467.0
Truck121397,307.0
Truck121386,336.0
Truck121389,332.0
Truck121406,290.0
Truck121343,452.0
Truck121367,393.0
Truck121375,373.0
Truck121371,384.0
Truck121402,307.0
Truck121398,318.0
Truck121411,290.0
Truck121412,290.0
Truck121408,308.0
Truck121381,379.0
Truck121418,290.0
Truck121405,332.0
Truck121409,322.0
Truck121399,348.0
Truck121401,343.0
Truck121355,460.0
Truck121425,290.0
Truck121426,290.0
Truck121377,417.0
Truck121429,290.0
Truck121431,290.0
Truck121424,307.0
Truck121390,393.0
Truck121432,290.0
Truck121433,290.0
Truck121414,338.0
Truck121419,328.0
Truck121428,303.0
Truck121436,290.0
Truck121437,290.0
Truck121415,346.0
Truck121427,317.0
Truck121439,290.0
Truck121407,375.0
Truck121394,409.0
Truck121438,300.0
Truck121442,290.0
Truck121443,290.0
Truck121416,356.0
Truck121445,290.0
Truck121441,303.0
Truck121447,290.0
Truck121423,354.0
Truck121449,290.0
Truck121430,341.0
Truck121446,301.0
Truck121421,374.0
Truck121454,290.0
Truck121456,290.0
Truck121457,290.0
Truck121458,290.0
Truck121448,318.0
Truck121455,303.0
Truck121435,354.0
Truck121461,290.0
Truck121422,387.0
Truck121420,394.0
Truck121464,290.0
Truck121450,327.0
Truck121466,290.0
Truck121417,416.0
Truck121434,375.0
Truck121468,290.0
Truck121452,331.0
Truck121460,311.0
Truck121413,432.0
Truck121472,290.0
Truck121473,290.0
Truck121444,361.0
Truck121451,348.0
Truck121469,308.0
Truck121477,290.0
Truck121470,306.0
Truck121459,339.0
Truck121462,329.0
Truck121404,481.0
Truck121480,300.0
Truck121484,290.0
Truck121485,290.0
Truck121487,290.0
Truck121471,337.0
Truck121478,318.0
Truck121467,350.0
Truck121475,330.0
Truck121440,419.0
Truck121486,305.0
Truck121492,290.0
Truck121489,302.0
Truck121495,290.0
Truck121499,290.0
Truck121479,341.0
Truck121410,515.0
Truck121500,290.0
Truck121493,315.0
Truck121502,290.0
Truck121503,290.0
Truck121504,290.0
Truck121476,361.0
Truck121501,304.0
Truck121509,290.0
Truck121482,357.0
Truck121481,363.0
Truck121497,323.0
Truck121463,409.0
Truck121465,405.0
Truck121453,436.0
Truck121488,346.0
Truck121494,334.0
Truck121512,290.0
Truck121506,306.0
Truck121508,306.0
Truck121510,301.0
Truck121516,290.0
Truck121517,290.0
Truck121498,339.0
Truck121507,324.0
Truck121514,310.0
Truck121496,356.0
Truck121511,323.0
Truck121505,339.0
Truck121524,290.0
Truck121474,417.0
Truck121529,290.0
Truck121530,290.0
Truck121515,333.0
Truck121520,319.0
Truck121527,304.0
Truck121491,396.0
Truck121528,301.0
Truck121535,290.0
Truck121533,303.0
Truck121538,290.0
Truck121539,290.0
Truck121522,331.0
Truck121490,412.0
Truck121519,345.0
Truck121541,290.0
Truck121534,308.0
Truck121523,343.0
Truck121544,290.0
Truck121526,337.0
Truck121525,344.0
Truck121547,290.0
Truck121513,377.0
Truck121548,290.0
Truck121532,335.0
Truck121551,290.0
Truck121553,290.0
Truck121483,468.0
Truck121549,304.0
Truck121556,290.0
Truck121550,307.0
Truck121536,343.0
Truck121521,389.0
Truck121561,290.0
Truck121545,333.0
Truck121562,290.0
Truck121563,290.0
Truck121531,373.0
Truck121537,360.0
Truck121560,303.0
Truck121555,319.0
Truck121567,290.0
Truck121540,359.0
Truck121568,290.0
Truck121570,290.0
Truck121571,290.0
Truck121552,340.0
Truck121558,327.0
Truck121575,290.0
Truck121542,373.0
Truck121518,435.0
Truck121576,290.0
Truck121559,340.0
Truck121578,290.0
Truck121580,290.0
Truck121569,332.0
Truck121586,290.0
Truck121565,349.0
Truck121582,304.0
Truck121588,290.0
Truck121546,399.0
Truck121583,309.0
Truck121590,290.0
Truck121591,290.0
Truck121566,354.0
Truck121592,290.0
Truck121593,290.0
Truck121595,290.0
Truck121574,342.0
Truck121573,348.0
Truck121572,350.0
Truck121598,290.0
Truck121564,378.0
Truck121557,399.0
Truck121584,332.0
Truck121603,290.0
Truck121596,310.0
Truck121601,303.0
Truck121608,290.0
Truck121605,303.0
Truck121543,459.0
Truck121594,330.0
Truck121610,290.0
Truck121599,321.0
Truck121579,372.0
Truck121589,348.0
Truck121600,320.0
Truck121614,290.0
Truck121615,290.0
Truck121616,290.0
Truck121617,290.0
Truck121620,290.0
Truck121607,326.0
Truck121623,290.0
Truck121612,321.0
Truck121554,469.0
Truck121626,290.0
Truck121627,290.0
Truck121606,344.0
Truck121628,290.0
Truck121611,336.0
Truck121625,301.0
Truck121622,309.0
Truck121618,321.0
Truck121613,339.0
Truck121632,290.0
Truck121633,290.0
Truck121634,290.0
Truck121619,331.0
Truck121629,323.0
Truck121602,390.0
Truck121624,337.0
Truck121637,308.0
Truck121587,435.0
Truck121644,290.0
Truck121640,305.0
Truck121638,314.0
Truck121648,290.0
Truck121585,453.0
Truck121635,334.0
Truck121653,290.0
Truck121621,374.0
Truck121654,290.0
Truck121645,316.0
Truck121581,477.0
Truck121597,438.0
Truck121643,324.0
Truck121656,290.0
Truck121636,345.0
Truck121658,290.0
Truck121655,307.0
Truck121630,368.0
Truck121662,290.0
Truck121650,323.0
Truck121660,300.0
Truck121665,290.0
Truck121646,336.0
Truck121659,307.0
Truck121649,333.0
Truck121651,329.0
Truck121666,290.0
Truck121667,290.0
Truck121668,290.0
Truck121663,308.0
Truck121631,389.0
Truck121664,304.0
Truck121641,365.0
Truck121674,290.0
Truck121675,290.0
Truck121673,300.0
Truck121647,367.0
Truck121671,307.0
Truck121679,290.0
Truck121642,381.0
Truck121657,347.0
Truck121670,313.0
Truck121669,326.0
Truck121577,558.0
Truck121604,488.0
Truck121677,309.0
Truck121652,370.0
Truck121678,305.0
Truck121680,302.0
Truck121687,290.0
Truck121689,290.0
Truck121682,306.0
Truck121684,303.0
Truck121609,500.0
Truck121692,290.0
Truck121688,301.0
Truck121661,375.0
Truck121695,290.0
Truck121681,326.0
Truck121691,303.0
Truck121676,340.0
Truck121697,290.0
Truck121672,353.0
Truck121698,290.0
Truck121699,290.0
Truck121683,335.0
Truck121686,326.0
Truck121703,290.0
Truck121705,290.0
Truck121690,332.0
Truck121708,290.0
Truck121693,333.0
Truck121694,329.0
Truck121702,310.0
Truck121706,300.0
Truck121710,290.0
Truck121711,290.0
Truck121707,302.0
Truck121715,290.0
Truck121717,290.0
Truck121696,342.0
Truck121700,335.0
Truck121685,376.0
Truck121721,290.0
Truck121722,290.0
Truck121701,346.0
Truck121709,326.0
Truck121713,317.0
Truck121725,290.0
Truck121727,290.0
Truck121639,513.0
Truck121723,305.0
Truck121729,290.0
Truck121730,290.0
Truck121724,310.0
Truck121732,290.0
Truck121704,361.0
Truck121714,336.0
Truck121734,290.0
Truck121736,290.0
Truck121733,301.0
Truck121726,318.0
Truck121735,306.0
Truck121742,290.0
Truck121719,361.0
Truck121741,309.0
Truck121728,343.0
Truck121748,301.0
Truck121749,302.0
Truck121746,308.0
Truck121754,290.0
Truck121750,301.0
Truck121737,337.0
Truck121756,290.0
Truck121757,290.0
Truck121718,387.0
Truck121752,306.0
Truck121760,290.0
Truck121761,290.0
Truck121739,348.0
Truck121763,290.0
Truck121751,322.0
Truck121740,348.0
Truck121744,338.0
Truck121764,290.0
Truck121716,415.0
Truck121738,364.0
Truck121743,355.0
Truck121769,290.0
Truck121753,334.0
Truck121759,325.0
Truck121765,311.0
Truck121755,339.0
Truck121731,400.0
Truck121774,290.0
Truck121776,290.0
Truck121777,290.0
Truck121778,290.0
Truck121779,290.0
Truck121770,315.0
Truck121781,290.0
Truck121758,346.0
Truck121712,470.0
Truck121773,323.0
Truck121780,305.0
Truck121786,290.0
Truck121782,305.0
Truck121788,290.0
Truck121789,290.0
Truck121790,290.0
Truck121791,290.0
Truck121766,355.0
Truck121795,290.0
Truck121762,371.0
Truck121797,290.0
Truck121792,302.0
Truck121720,488.0
Truck121745,430.0
Truck121800,290.0
Truck121796,302.0
Truck121768,375.0
Truck121804,290.0
Truck121784,341.0
Truck121747,437.0
Truck121801,304.0
Truck121811,290.0
Truck121813,290.0
Truck121772,391.0
Truck121783,366.0
Truck121793,345.0
Truck121814,290.0
Truck121815,290.0
Truck121810,304.0
Truck121802,325.0
Truck121818,290.0
Truck121771,413.0
Truck121798,345.0
Truck121821,290.0
Truck121794,357.0
Truck121808,323.0
Truck121785,384.0
Truck121822,290.0
Truck121775,412.0
Truck121787,383.0
Truck121825,290.0
Truck121767,437.0
Truck121809,333.0
Truck121826,290.0
Truck121830,290.0
Truck121831,290.0
Truck121812,340.0
Truck121832,290.0
Truck121824,312.0
Truck121805,364.0
Truck121835,290.0
Truck121829,308.0
Truck121803,377.0
Truck121840,290.0
Truck121834,310.0
Truck121843,290.0
Truck121823,341.0
Truck121806,387.0
Truck121841,305.0
Truck121846,290.0
Truck121817,369.0
Truck121838,315.0
Truck121848,290.0
Truck121849,290.0
Truck121827,349.0
Truck121850,290.0
Truck121851,290.0
Truck121819,371.0
Truck121852,290.0
Truck121820,372.0
Truck121837,332.0
Truck121833,345.0
Truck121842,320.0
Truck121856,290.0
Truck121857,290.0
Truck121807,424.0
Truck121844,329.0
Truck121860,290.0
Truck121862,290.0
Truck121845,338.0
Truck121861,300.0
Truck121865,290.0
Truck121858,306.0
Truck121866,290.0
Truck121867,290.0
Truck121799,462.0
Truck121853,334.0
Truck121870,290.0
Truck121871,290.0
Truck121872,290.0
Truck121869,308.0
Truck121847,364.0
Truck121854,347.0
Truck121828,415.0
Truck121874,308.0
Truck121877,312.0
Truck121879,308.0
Truck121886,290.0
Truck121887,290.0
Truck121864,348.0
Truck121881,308.0
Truck121890,290.0
Truck121863,361.0
Truck121836,427.0
Truck121884,308.0
Truck121885,309.0
Truck121859,375.0
Truck121892,290.0
Truck121816,481.0
Truck121875,343.0
Truck121897,290.0
Truck121883,327.0
Truck121900,290.0
Truck121901,290.0
Truck121882,339.0
Truck121902,290.0
Truck121903,290.0
Truck121855,413.0
Truck121895,314.0
Truck121904,290.0
Truck121898,307.0
Truck121907,290.0
Truck121896,320.0
Truck121908,290.0
Truck121905,302.0
Truck121910,290.0
Truck121911,290.0
Truck121868,397.0
Truck121891,346.0
Truck121878,378.0
Truck121906,309.0
Truck121914,290.0
Truck121915,290.0
Truck121916,290.0
Truck121917,290.0
Truck121893,353.0
Truck121888,364.0
Truck121918,290.0
Truck121880,390.0
Truck121873,413.0
Truck121889,376.0
Truck121919,302.0
Truck121925,290.0
Truck121921,305.0
Truck121926,290.0
Truck121927,290.0
Truck121920,309.0
Truck121928,290.0
Truck121876,424.0
Truck121909,344.0
Truck121933,290.0
Truck121839,526.0
Truck121931,300.0
Truck121935,290.0
Truck121930,302.0
Truck121894,394.0
Truck121912,349.0
Truck121924,326.0
Truck121934,303.0
Truck121899,394.0
Truck121941,290.0
Truck121942,290.0
Truck121923,343.0
Truck121936,308.0
Truck121940,304.0
Truck121937,318.0
Truck121948,290.0
Truck121949,290.0
Truck121943,307.0
Truck121946,305.0
Truck121952,290.0
Truck121953,290.0
Truck121954,290.0
Truck121922,378.0
Truck121939,344.0
Truck121929,370.0
Truck121961,290.0
Truck121951,319.0
Truck121944,335.0
Truck121962,290.0
Truck121965,290.0
Truck121967,290.0
Truck121945,346.0
Truck121963,303.0
Truck121957,322.0
Truck121958,320.0
Truck121938,371.0
Truck121972,290.0
Truck121973,290.0
Truck121975,290.0
Truck121955,342.0
Truck121977,290.0
Truck121956,343.0
Truck121964,323.0
Truck121913,455.0
Truck121978,290.0
Truck121960,341.0
Truck121947,378.0
Truck121974,309.0
Truck121979,300.0
Truck121982,290.0
Truck121986,290.0
Truck121988,290.0
Truck121990,290.0
Truck121991,290.0
Truck121959,372.0
Truck121985,308.0
Truck121992,290.0
Truck121993,290.0
Truck121968,355.0
Truck121994,290.0
Truck121995,290.0
Truck121997,290.0
Truck121998,290.0
Truck121932,456.0
Truck121969,369.0
Truck121980,344.0
Truck122002,290.0
Truck122003,290.0
Truck121950,422.0
Truck121983,342.0
Truck121976,358.0
Truck122004,290.0
Truck122006,290.0
Truck121999,311.0
Truck121970,393.0
Truck122007,303.0
Truck121966,406.0
Truck122008,301.0
Truck122000,326.0
Truck122017,290.0
Truck121984,372.0
Truck122018,290.0
Truck122021,290.0
Truck122013,312.0
Truck122022,290.0
Truck122009,328.0
Truck122020,300.0
Truck122024,290.0
Truck121996,361.0
Truck121987,392.0
Truck122001,359.0
Truck122014,325.0
Truck122029,290.0
Truck122011,339.0
Truck122030,290.0
Truck122012,336.0
Truck122028,303.0
Truck122025,315.0
Truck122035,290.0
Truck122019,334.0
Truck122033,301.0
Truck122038,290.0
Truck122005,380.0
Truck122031,315.0
Truck122040,290.0
Truck122041,290.0
Truck122010,367.0
Truck122026,328.0
Truck122032,313.0
Truck122042,290.0
Truck122027,331.0
Truck121981,449.0
Truck122044,290.0
Truck122045,290.0
Truck122015,371.0
Truck122016,372.0
Truck122052,290.0
Truck122053,290.0
Truck122034,337.0
Truck122054,290.0
Truck122055,290.0
Truck122039,331.0
Truck122056,290.0
Truck122048,311.0
Truck122046,323.0
Truck122062,290.0
Truck122023,394.0
Truck122036,363.0
Truck122063,300.0
Truck122066,290.0
Truck121971,535.0
Truck122059,315.0
Truck122069,290.0
Truck122050,340.0
Truck122049,348.0
Truck122072,290.0
Truck122073,290.0
Truck122070,305.0
Truck122076,290.0
Truck121989,511.0
Truck122065,325.0
Truck122078,290.0
Truck122079,290.0
Truck122043,384.0
Truck122080,290.0
Truck122058,353.0
Truck122085,290.0
Truck122064,343.0
Truck122074,319.0
Truck122037,415.0
Truck122082,300.0
Truck122087,290.0
Truck122047,391.0
Truck122060,361.0
Truck122051,387.0
Truck122057,373.0
Truck122091,290.0
Truck122071,345.0
Truck122093,290.0
Truck122086,310.0
Truck122088,305.0
Truck122094,290.0
Truck122090,303.0
Truck122084,319.0
Truck122068,360.0
Truck122096,290.0
Truck122097,290.0
Truck122077,342.0
Truck122099,290.0
Truck122081,338.0
Truck122089,320.0
Truck122101,290.0
Truck122083,337.0
Truck122103,290.0
Truck122067,381.0
Truck122061,401.0
Truck122092,327.0
Truck122108,290.0
Truck122111,290.0
Truck122112,290.0
Truck122113,290.0
Truck122115,290.0
Truck122106,320.0
Truck122121,290.0
Truck122098,347.0
Truck122075,408.0
Truck122122,290.0
Truck122123,290.0
Truck122116,306.0
Truck122109,327.0
Truck122102,346.0
Truck122095,367.0
Truck122118,307.0
Truck122126,290.0
Truck122105,346.0
Truck122119,312.0
Truck122127,305.0
Truck122132,290.0
Truck122133,290.0
Truck122104,362.0
Truck122129,305.0
Truck122134,290.0
Truck122136,290.0
Truck122110,361.0
Truck122140,290.0
Truck122117,354.0
Truck122124,334.0
Truck122143,290.0
Truck122125,336.0
Truck122139,306.0
Truck122146,290.0
Truck122150,290.0
Truck122152,290.0
Truck122153,290.0
Truck122131,349.0
Truck122100,425.0
Truck122148,308.0
Truck122135,344.0
Truck122137,343.0
Truck122141,342.0
Truck122155,308.0
Truck122142,340.0
Truck122158,300.0
Truck122162,290.0
Truck122156,306.0
Truck122144,337.0
Truck122147,334.0
Truck122165,290.0
Truck122166,290.0
Truck122167,290.0
Truck122151,331.0
Truck122161,314.0
Truck122107,451.0
Truck122169,300.0
Truck122120,423.0
Truck122164,315.0
Truck122174,290.0
Truck122114,441.0
Truck122149,360.0
Truck122177,290.0
Truck122128,411.0
Truck122172,301.0
Truck122138,390.0
Truck122154,355.0
Truck122180,290.0
Truck122157,353.0
Truck122179,299.0
Truck122185,290.0
Truck122173,323.0
Truck122181,303.0
Truck122170,329.0
Truck122182,300.0
Truck122186,290.0
Truck122187,290.0
Truck122188,290.0
Truck122189,290.0
Truck122159,368.0
Truck122163,358.0
Truck122145,408.0
Truck122168,349.0
Truck122195,290.0
Truck122190,305.0
Truck122192,305.0
Truck122199,290.0
Truck122184,327.0
Truck122178,343.0
Truck122191,314.0
Truck122200,290.0
Truck122196,305.0
Truck122206,290.0
Truck122201,307.0
Truck122202,303.0
Truck122203,307.0
Truck122171,390.0
Truck122207,300.0
Truck122210,290.0
Truck122213,290.0
Truck122208,305.0
Truck122215,290.0
Truck122160,426.0
Truck122204,320.0
Truck122216,290.0
Truck122194,349.0
Truck122219,290.0
Truck122220,290.0
Truck122221,290.0
Truck122223,290.0
Truck122130,523.0
Truck122212,319.0
Truck122224,290.0
Truck122226,290.0
Truck122211,332.0
Truck122176,419.0
Truck122205,349.0
Truck122218,318.0
Truck122232,290.0
Truck122233,290.0
Truck122197,383.0
Truck122235,290.0
Truck122183,422.0
Truck122237,290.0
Truck122225,321.0
Truck122238,290.0
Truck122217,349.0
Truck122234,304.0
Truck122227,325.0
Truck122240,290.0
Truck122241,290.0
Truck122243,290.0
Truck122231,321.0
Truck122236,309.0
Truck122244,290.0
Truck122245,290.0
Truck122222,347.0
Truck122248,290.0
Truck122228,344.0
Truck122250,290.0
Truck122251,290.0
Truck122175,484.0
Truck122214,385.0
Truck122253,290.0
Truck122255,290.0
Truck122239,332.0
Truck122229,359.0
Truck122193,450.0
Truck122256,290.0
Truck122242,327.0
Truck122258,290.0
Truck122259,290.0
Truck122230,365.0
Truck122262,290.0
Truck122252,320.0
Truck122268,290.0
Truck122270,290.0
Truck122198,473.0
Truck122257,331.0
Truck122246,360.0
Truck122264,315.0
Truck122275,290.0
Truck122276,290.0
Truck122209,462.0
Truck122254,351.0
Truck122273,308.0
Truck122280,290.0
Truck122261,343.0
Truck122282,290.0
Truck122279,301.0
Truck122249,378.0
Truck122269,330.0
Truck122267,339.0
Truck122286,290.0
Truck122287,290.0
Truck122278,313.0
Truck122288,290.0
Truck122266,346.0
Truck122285,301.0
Truck122291,290.0
Truck122265,358.0
Truck122284,308.0
Truck122277,329.0
Truck122292,290.0
Truck122272,344.0
Truck122294,290.0
Truck122295,290.0
Truck122297,290.0
Truck122299,290.0
Truck122260,386.0
Truck122301,290.0
Truck122263,388.0
Truck122289,323.0
Truck122303,290.0
Truck122271,379.0
Truck122306,290.0
Truck122307,290.0
Truck122296,319.0
Truck122309,290.0
Truck122305,303.0
Truck122293,334.0
Truck122290,341.0
Truck122312,290.0
Truck122313,290.0
Truck122281,371.0
Truck122302,318.0
Truck122315,290.0
Truck122310,305.0
Truck122318,290.0
Truck122319,290.0
Truck122320,290.0
Truck122323,290.0
Truck122311,321.0
Truck122247,484.0
Truck122324,290.0
Truck122325,290.0
Truck122304,341.0
Truck122274,420.0
Truck122327,290.0
Truck122322,304.0
Truck122328,290.0
Truck122329,290.0
Truck122316,324.0
Truck122317,325.0
Truck122331,290.0
Truck122300,366.0
Truck122333,290.0
Truck122335,290.0
Truck122336,290.0
Truck122337,290.0
Truck122314,349.0
Truck122338,290.0
Truck122339,290.0
Truck122342,290.0
Truck122283,449.0
Truck122346,290.0
Truck122347,290.0
Truck122349,290.0
Truck122298,418.0
Truck122350,290.0
Truck122351,290.0
Truck122321,369.0
Truck122344,310.0
Truck122352,290.0
Truck122354,290.0
Truck122357,290.0
Truck122340,334.0
Truck122353,304.0
Truck122358,290.0
Truck122361,290.0
Truck122334,359.0
Truck122363,290.0
Truck122355,312.0
Truck122326,383.0
Truck122364,290.0
Truck122345,344.0
Truck122366,290.0
Truck122367,290.0
Truck122369,290.0
Truck122371,290.0
Truck122372,290.0
Truck122343,366.0
Truck122374,290.0
Truck122375,290.0
Truck122308,460.0
Truck122348,360.0
Truck122377,290.0
Truck122356,343.0
Truck122379,290.0
Truck122330,412.0
Truck122370,312.0
Truck122359,344.0
Truck122380,290.0
Truck122381,290.0
Truck122383,290.0
Truck122384,290.0
Truck122385,290.0
Truck122378,310.0
Truck122386,290.0
Truck122387,290.0
Truck122390,290.0
Truck122393,290.0
Truck122394,290.0
Truck122395,290.0
Truck122373,348.0
Truck122382,323.0
Truck122396,290.0
Truck122397,290.0
Truck122332,453.0
Truck122362,378.0
Truck122365,388.0
Truck122398,305.0
Truck122404,290.0
Truck122388,331.0
Truck122399,306.0
Truck122376,362.0
Truck122406,290.0
Truck122400,306.0
Truck122408,290.0
Truck122410,290.0
Truck122412,290.0
Truck122391,347.0
Truck122409,305.0
Truck122414,290.0
Truck122415,290.0
Truck122341,476.0
Truck122360,426.0
Truck122405,323.0
Truck122401,338.0
Truck122403,333.0
Truck122423,290.0
Truck122392,367.0
Truck122411,327.0
Truck122402,349.0
Truck122426,290.0
Truck122427,290.0
Truck122421,309.0
Truck122428,290.0
Truck122429,290.0
Truck122424,301.0
Truck122368,442.0
Truck122430,290.0
Truck122418,323.0
Truck122433,290.0
Truck122407,361.0
Truck122431,303.0
Truck122389,409.0
Truck122417,340.0
Truck122437,290.0
Truck122422,327.0
Truck122416,343.0
Truck122439,290.0
Truck122435,302.0
Truck122425,329.0
Truck122444,290.0
Truck122445,290.0
Truck122438,316.0
Truck122442,306.0
Truck122436,331.0
Truck122449,305.0
Truck122454,290.0
Truck122434,345.0
Truck122456,290.0
Truck122419,386.0
Truck122458,290.0
Truck122459,290.0
Truck122452,306.0
Truck122443,340.0
Truck122462,290.0
Truck122463,290.0
Truck122432,366.0
Truck122453,320.0
Truck122465,290.0
Truck122467,290.0
Truck122451,332.0
Truck122448,338.0
Truck122470,290.0
Truck122471,290.0
Truck122447,354.0
Truck122472,290.0
Truck122460,321.0
Truck122446,358.0
Truck122466,308.0
Truck122469,303.0
Truck122475,290.0
Truck122461,326.0
Truck122476,290.0
Truck122477,290.0
Truck122420,434.0
Truck122478,290.0
Truck122479,290.0
Truck122457,347.0
Truck122441,388.0
Truck122481,290.0
Truck122474,311.0
Truck122468,328.0
Truck122440,399.0
Truck122450,376.0
Truck122487,290.0
Truck122482,304.0
Truck122489,290.0
Truck122464,353.0
Truck122492,290.0
Truck122493,290.0
Truck122413,493.0
Truck122495,290.0
Truck122473,347.0
Truck122480,328.0
Truck122491,303.0
Truck122497,290.0
Truck122490,310.0
Truck122498,290.0
Truck122499,290.0
Truck122500,290.0
Truck122488,323.0
Truck122502,290.0
Truck122485,340.0
Truck122504,290.0
Truck122494,318.0
Truck122510,290.0
Truck122483,361.0
Truck122484,356.0
Truck122513,290.0
Truck122514,290.0
Truck122515,290.0
Truck122512,300.0
Truck122516,290.0
Truck122517,290.0
Truck122455,448.0
Truck122518,290.0
Truck122509,317.0
Truck122506,324.0
Truck122505,331.0
Truck122519,300.0
Truck122503,341.0
Truck122525,290.0
Truck122521,306.0
Truck122496,367.0
Truck122507,344.0
Truck122528,290.0
Truck122522,309.0
Truck122531,290.0
Truck122526,305.0
Truck122534,290.0
Truck122511,352.0
Truck122529,314.0
Truck122524,326.0
Truck122486,426.0
Truck122539,302.0
Truck122508,379.0
Truck122545,290.0
Truck122523,347.0
Truck122546,290.0
Truck122536,316.0
Truck122548,290.0
Truck122549,290.0
Truck122551,290.0
Truck122544,306.0
Truck122547,301.0
Truck122543,312.0
Truck122552,290.0
Truck122538,337.0
Truck122550,307.0
Truck122537,343.0
Truck122559,290.0
Truck122530,361.0
Truck122553,306.0
Truck122532,363.0
Truck122535,364.0
Truck122564,290.0
Truck122558,306.0
Truck122569,290.0
Truck122556,321.0
Truck122541,363.0
Truck122542,359.0
Truck122571,290.0
Truck122567,303.0
Truck122572,290.0
Truck122573,290.0
Truck122533,392.0
Truck122574,290.0
Truck122575,290.0
Truck122520,426.0
Truck122554,345.0
Truck122576,290.0
Truck122566,317.0
Truck122578,290.0
Truck122555,353.0
Truck122580,290.0
Truck122565,334.0
Truck122582,290.0
Truck122527,432.0
Truck122501,498.0
Truck122579,304.0
Truck122584,290.0
Truck122577,319.0
Truck122560,360.0
Truck122568,340.0
Truck122589,290.0
Truck122581,316.0
Truck122570,342.0
Truck122562,364.0
Truck122592,290.0
Truck122593,290.0
Truck122563,368.0
Truck122585,315.0
Truck122586,313.0
Truck122591,307.0
Truck122540,435.0
Truck122598,290.0
Truck122599,290.0
Truck122600,290.0
Truck122601,290.0
Truck122588,322.0
Truck122597,306.0
Truck122606,290.0
Truck122608,290.0
Truck122603,307.0
Truck122561,419.0
Truck122596,329.0
Truck122604,321.0
Truck122602,329.0
Truck122618,290.0
Truck122619,290.0
Truck122607,321.0
Truck122613,311.0
Truck122616,305.0
Truck122622,290.0
Truck122595,363.0
Truck122612,320.0
Truck122625,290.0
Truck122623,300.0
Truck122626,290.0
Truck122627,290.0
Truck122590,382.0
Truck122605,348.0
Truck122617,318.0
Truck122557,469.0
Truck122628,290.0
Truck122621,311.0
Truck122610,338.0
Truck122615,329.0
Truck122583,410.0
Truck122620,318.0
Truck122614,337.0
Truck122629,303.0
Truck122637,290.0
Truck122594,396.0
Truck122633,302.0
Truck122632,307.0
Truck122587,427.0
Truck122643,290.0
Truck122609,376.0
Truck122644,290.0
Truck122645,290.0
Truck122647,290.0
Truck122648,290.0
Truck122649,290.0
Truck122631,340.0
Truck122638,321.0
Truck122639,329.0
Truck122654,290.0
Truck122656,290.0
Truck122641,332.0
Truck122624,373.0
Truck122651,309.0
Truck122635,355.0
Truck122652,310.0
Truck122660,290.0
Truck122661,290.0
Truck122634,357.0
Truck122663,290.0
Truck122655,317.0
Truck122640,355.0
Truck122667,290.0
Truck122646,342.0
Truck122669,290.0
Truck122642,359.0
Truck122658,319.0
Truck122653,335.0
Truck122670,290.0
Truck122671,290.0
Truck122611,444.0
Truck122657,331.0
Truck122659,342.0
Truck122662,336.0
Truck122683,290.0
Truck122676,306.0
Truck122665,338.0
Truck122681,300.0
Truck122684,290.0
Truck122685,290.0
Truck122679,309.0
Truck122666,343.0
Truck122680,308.0
Truck122673,330.0
Truck122691,290.0
Truck122674,332.0
Truck122636,428.0
Truck122692,290.0
Truck122668,352.0
Truck122688,304.0
Truck122695,290.0
Truck122672,348.0
Truck122696,290.0
Truck122686,316.0
Truck122690,308.0
Truck122698,290.0
Truck122699,290.0
Truck122677,346.0
Truck122700,290.0
Truck122678,348.0
Truck122703,290.0
Truck122689,327.0
Truck122704,290.0
Truck122630,478.0
Truck122706,290.0
Truck122708,290.0
Truck122709,290.0
Truck122697,321.0
Truck122713,290.0
Truck122687,357.0
Truck122715,290.0
Truck122694,344.0
Truck122716,290.0
Truck122717,290.0
Truck122701,333.0
Truck122710,309.0
Truck122718,290.0
Truck122719,290.0
Truck122702,332.0
Truck122714,302.0
Truck122712,310.0
Truck122720,290.0
Truck122722,290.0
Truck122723,290.0
Truck122664,437.0
Truck122693,367.0
Truck122724,290.0
Truck122731,290.0
Truck122707,353.0
Truck122711,343.0
Truck122729,300.0
Truck122732,290.0
Truck122730,300.0
Truck122735,290.0
Truck122728,308.0
Truck122650,510.0
Truck122734,301.0
Truck122733,308.0
Truck122721,344.0
Truck122682,441.0
Truck122745,290.0
Truck122705,392.0
Truck122747,290.0
Truck122748,290.0
Truck122749,290.0
Truck122742,306.0
Truck122743,306.0
Truck122725,362.0
Truck122727,359.0
Truck122755,290.0
Truck122736,339.0
Truck122740,329.0
Truck122756,290.0
Truck122759,290.0
Truck122753,308.0
Truck122744,331.0
Truck122763,290.0
Truck122757,309.0
Truck122764,290.0
Truck122741,353.0
Truck122760,304.0
Truck122737,365.0
Truck122766,290.0
Truck122675,524.0
Truck122738,364.0
Truck122726,395.0
Truck122768,290.0
Truck122771,290.0
Truck122772,290.0
Truck122769,301.0
Truck122765,313.0
Truck122774,290.0
Truck122775,290.0
Truck122770,301.0
Truck122777,290.0
Truck122754,346.0
Truck122739,389.0
Truck122779,290.0
Truck122781,290.0
Truck122773,311.0
Truck122782,290.0
Truck122783,290.0
Truck122761,346.0
Truck122784,290.0
Truck122758,359.0
Truck122787,290.0
Truck122752,377.0
Truck122789,290.0
Truck122767,349.0
Truck122791,290.0
Truck122746,402.0
Truck122793,290.0
Truck122786,309.0
Truck122795,290.0
Truck122797,290.0
Truck122790,307.0
Truck122785,323.0
Truck122798,290.0
Truck122799,290.0
Truck122750,411.0
Truck122794,302.0
Truck122778,347.0
Truck122802,290.0
Truck122804,290.0
Truck122780,351.0
Truck122800,303.0
Truck122806,290.0
Truck122807,290.0
Truck122776,369.0
Truck122808,290.0
Truck122809,290.0
Truck122792,335.0
Truck122810,290.0
Truck122811,290.0
Truck122812,290.0
Truck122813,290.0
Truck122762,418.0
Truck122796,334.0
Truck122817,290.0
Truck122801,340.0
Truck122788,371.0
Truck122803,336.0
Truck122805,331.0
Truck122822,290.0
Truck122815,313.0
Truck122824,290.0
Truck122826,290.0
Truck122827,290.0
Truck122828,290.0
Truck122830,290.0
Truck122816,332.0
Truck122821,326.0
Truck122819,332.0
Truck122836,290.0
Truck122837,290.0
Truck122833,302.0
Truck122818,338.0
Truck122838,290.0
Truck122839,290.0
Truck122841,290.0
Truck122825,335.0
Truck122842,290.0
Truck122823,344.0
Truck122820,352.0
Truck122814,368.0
Truck122846,290.0
Truck122847,290.0
Truck122849,290.0
Truck122829,341.0
Truck122834,333.0
Truck122751,544.0
Truck122852,290.0
Truck122853,290.0
Truck122832,344.0
Truck122835,340.0
Truck122854,290.0
Truck122845,317.0
Truck122856,290.0
Truck122851,308.0
Truck122855,300.0
Truck122858,290.0
Truck122861,290.0
Truck122840,343.0
Truck122859,305.0
Truck122864,290.0
Truck122865,290.0
Truck122860,303.0
Truck122866,290.0
Truck122863,304.0
Truck122868,290.0
Truck122857,321.0
Truck122871,290.0
Truck122867,304.0
Truck122831,395.0
Truck122850,345.0
Truck122872,290.0
Truck122873,290.0
Truck122874,290.0
Truck122843,371.0
Truck122869,308.0
Truck122876,290.0
Truck122877,290.0
Truck122878,290.0
Truck122880,290.0
Truck122844,383.0
Truck122883,290.0
Truck122870,322.0
Truck122875,313.0
Truck122881,304.0
Truck122886,290.0
Truck122848,390.0
Truck122889,290.0
Truck122862,358.0
Truck122884,305.0
Truck122890,290.0
Truck122892,290.0
Truck122894,290.0
Truck122897,290.0
Truck122898,290.0
Truck122899,290.0
Truck122882,331.0
Truck122900,290.0
Truck122888,329.0
Truck122885,344.0
Truck122906,290.0
Truck122907,290.0
Truck122901,307.0
Truck122908,290.0
Truck122904,301.0
Truck122905,303.0
Truck122893,335.0
Truck122911,290.0
Truck122879,372.0
Truck122903,314.0
Truck122912,290.0
Truck122913,290.0
Truck122915,290.0
Truck122896,339.0
Truck122916,290.0
Truck122918,290.0
Truck122919,290.0
Truck122914,302.0
Truck122917,305.0
Truck122922,290.0
Truck122887,385.0
Truck122910,325.0
Truck122924,290.0
Truck122925,290.0
Truck122927,290.0
Truck122891,382.0
Truck122921,307.0
Truck122930,290.0
Truck122928,303.0
Truck122934,290.0
Truck122895,392.0
Truck122936,290.0
Truck122932,301.0
Truck122938,290.0
Truck122939,290.0
Truck122923,332.0
Truck122941,290.0
Truck122943,290.0
Truck122933,319.0
Truck122944,290.0
Truck122920,355.0
Truck122946,290.0
Truck122947,290.0
Truck122949,290.0
Truck122929,345.0
Truck122950,290.0
Truck122951,290.0
Truck122952,290.0
Truck122909,404.0
Truck122955,290.0
Truck122942,322.0
Truck122945,317.0
Truck122948,309.0
Truck122953,308.0
Truck122960,290.0
Truck122961,290.0
Truck122962,290.0
Truck122956,306.0
Truck122964,290.0
Truck122931,379.0
Truck122966,290.0
Truck122963,305.0
Truck122968,290.0
Truck122969,290.0
Truck122970,290.0
Truck122972,290.0
Truck122959,329.0
Truck122937,389.0
Truck122976,290.0
Truck122977,290.0
Truck122926,417.0
Truck122954,348.0
Truck122967,320.0
Truck122973,305.0
Truck122978,290.0
Truck122979,290.0
Truck122935,403.0
Truck122980,290.0
Truck122981,290.0
Truck122985,290.0
Truck122957,362.0
Truck122986,290.0
Truck122989,290.0
Truck122982,306.0
Truck122902,508.0
Truck122965,355.0
Truck122993,290.0
Truck122983,317.0
Truck122994,290.0
Truck122996,290.0
Truck122997,290.0
Truck122940,434.0
Truck122998,290.0
Truck122992,307.0
Truck122991,314.0
Truck122958,399.0
Truck122984,335.0
Truck123003,290.0
Truck122999,302.0
Truck122987,336.0
Truck123008,290.0
Truck123011,290.0
Truck122990,352.0
Truck123002,322.0
Truck123005,320.0
Truck122975,397.0
Truck123012,302.0
Truck122971,409.0
Truck123000,334.0
Truck122988,366.0
Truck123021,290.0
Truck123013,311.0
Truck123023,290.0
Truck123018,308.0
Truck123020,304.0
Truck123026,290.0
Truck123027,290.0
Truck123016,318.0
Truck123028,290.0
Truck122995,376.0
Truck123022,307.0
Truck123010,338.0
Truck123009,344.0
Truck123015,329.0
Truck123030,290.0
Truck123024,306.0
Truck123032,290.0
Truck123033,290.0
Truck123006,356.0
Truck123029,302.0
Truck123017,334.0
Truck123025,318.0
Truck123038,290.0
Truck123039,290.0
Truck123035,301.0
Truck123040,290.0
Truck123001,391.0
Truck122974,460.0
Truck123034,314.0
Truck123044,290.0
Truck123045,290.0
Truck123046,290.0
Truck123047,290.0
Truck123036,319.0
Truck123048,290.0
Truck123004,404.0
Truck123007,400.0
Truck123051,290.0
Truck123014,384.0
Truck123049,300.0
Truck123052,290.0
Truck123031,348.0
Truck123054,290.0
Truck123042,324.0
Truck123057,290.0
Truck123041,333.0
Truck123019,389.0
Truck123061,290.0
Truck123055,306.0
Truck123058,300.0
Truck123043,341.0
Truck123065,290.0
Truck123063,304.0
Truck123064,301.0
Truck123050,341.0
Truck123067,309.0
Truck123075,290.0
Truck123066,314.0
Truck123072,299.0
Truck123076,290.0
Truck123081,290.0
Truck123068,323.0
Truck123070,319.0
Truck123077,304.0
Truck123082,290.0
Truck123071,321.0
Truck123053,370.0
Truck123085,290.0
Truck123062,348.0
Truck123078,308.0
Truck123087,290.0
Truck123069,338.0
Truck123059,365.0
Truck123088,290.0
Truck123089,290.0
Truck123084,302.0
Truck123073,334.0
Truck123090,290.0
Truck123056,377.0
Truck123086,303.0
Truck123091,300.0
Truck123094,290.0
Truck123060,377.0
Truck123096,290.0
Truck123097,290.0
Truck123095,300.0
Truck123079,343.0
Truck123101,290.0
Truck123103,290.0
Truck123099,304.0
Truck123107,290.0
Truck123108,290.0
Truck123109,290.0
Truck123100,311.0
Truck123080,363.0
Truck123105,303.0
Truck123110,290.0
Truck123106,302.0
Truck123093,339.0
Truck123112,290.0
Truck123113,300.0
Truck123116,290.0
Truck123092,351.0
Truck123118,290.0
Truck123083,381.0
Truck123120,290.0
Truck123121,290.0
Truck123123,290.0
Truck123037,512.0
Truck123111,328.0
Truck123102,349.0
Truck123098,360.0
Truck123127,290.0
Truck123131,290.0
Truck123074,432.0
Truck123133,290.0
Truck123122,316.0
Truck123129,301.0
Truck123114,338.0
Truck123138,290.0
Truck123135,301.0
Truck123117,349.0
Truck123134,304.0
Truck123141,290.0
Truck123104,385.0
Truck123143,290.0
Truck123139,306.0
Truck123124,342.0
Truck123128,334.0
Truck123142,299.0
Truck123132,325.0
Truck123146,290.0
Truck123145,300.0
Truck123140,312.0
Truck123119,368.0
Truck123137,323.0
Truck123153,290.0
Truck123155,290.0
Truck123136,337.0
Truck123144,318.0
Truck123149,309.0
Truck123126,365.0
Truck123156,290.0
Truck123157,290.0
Truck123115,396.0
Truck123160,290.0
Truck123162,290.0
Truck123163,290.0
Truck123158,305.0
Truck123164,290.0
Truck123165,290.0
Truck123125,395.0
Truck123147,343.0
Truck123159,314.0
Truck123169,290.0
Truck123151,340.0
Truck123173,290.0
Truck123175,290.0
Truck123176,290.0
Truck123171,306.0
Truck123161,334.0
Truck123130,412.0
Truck123150,364.0
Truck123168,326.0
Truck123148,377.0
Truck123185,290.0
Truck123152,373.0
Truck123177,317.0
Truck123182,305.0
Truck123188,290.0
Truck123189,290.0
Truck123166,346.0
Truck123191,290.0
Truck123167,352.0
Truck123186,302.0
Truck123193,290.0
Truck123181,321.0
Truck123187,310.0
Truck123154,392.0
Truck123194,300.0
Truck123199,290.0
Truck123183,332.0
Truck123179,346.0
Truck123170,368.0
Truck123202,290.0
Truck123180,350.0
Truck123205,290.0
Truck123206,290.0
Truck123207,290.0
Truck123203,301.0
Truck123184,348.0
Truck123209,290.0
Truck123211,290.0
Truck123190,345.0
Truck123195,335.0
Truck123212,290.0
Truck123216,290.0
Truck123213,305.0
Truck123219,290.0
Truck123196,349.0
Truck123222,290.0
Truck123220,303.0
Truck123174,420.0
Truck123215,323.0
Truck123198,365.0
Truck123214,330.0
Truck123231,290.0
Truck123223,312.0
Truck123233,290.0
Truck123210,348.0
Truck123235,290.0
Truck123200,377.0
Truck123236,290.0
Truck123239,290.0
Truck123227,326.0
Truck123237,302.0
Truck123192,415.0
Truck123243,290.0
Truck123226,331.0
Truck123197,411.0
Truck123178,459.0
Truck123247,290.0
Truck123172,476.0
Truck123218,368.0
Truck123250,290.0
Truck123234,334.0
Truck123228,350.0
Truck123253,290.0
Truck123230,348.0
Truck123246,308.0
Truck123248,305.0
Truck123249,308.0
Truck123204,419.0
Truck123201,431.0
Truck123242,328.0
Truck123254,304.0
Truck123260,290.0
Truck123261,290.0
Truck123241,341.0
Truck123251,317.0
Truck123263,290.0
Truck123256,307.0
Truck123255,314.0
Truck123208,430.0
Truck123258,307.0
Truck123245,344.0
Truck123240,355.0
Truck123252,325.0
Truck123266,290.0
Truck123232,378.0
Truck123268,290.0
Truck123262,306.0
Truck123271,290.0
Truck123229,396.0
Truck123265,313.0
Truck123269,303.0
Truck123275,290.0
Truck123221,426.0
Truck123276,290.0
Truck123225,421.0
Truck123217,444.0
Truck123279,290.0
Truck123274,303.0
Truck123281,290.0
Truck123238,402.0
Truck123284,290.0
Truck123267,336.0
Truck123272,322.0
Truck123287,290.0
Truck123224,447.0
Truck123288,290.0
Truck123257,375.0
Truck123290,290.0
Truck123291,290.0
Truck123282,312.0
Truck123292,290.0
Truck123293,290.0
Truck123280,322.0
Truck123278,328.0
Truck123294,290.0
Truck123295,290.0
Truck123259,383.0
Truck123277,338.0
Truck123296,290.0
Truck123244,421.0
Truck123270,359.0
Truck123300,290.0
Truck123302,290.0
Truck123303,290.0
Truck123286,334.0
Truck123305,290.0
Truck123307,290.0
Truck123264,396.0
Truck123273,376.0
Truck123283,355.0
Truck123308,290.0
Truck123309,290.0
Truck123289,341.0
Truck123301,315.0
Truck123311,290.0
Truck123299,328.0
Truck123314,290.0
Truck123315,290.0
Truck123285,368.0
Truck123316,290.0
Truck123317,290.0
Truck123318,290.0
Truck123312,306.0
Truck123320,290.0
Truck123321,290.0
Truck123322,290.0
Truck123323,290.0
Truck123324,290.0
Truck123326,290.0
Truck123306,344.0
Truck123328,290.0
Truck123329,290.0
Truck123330,290.0
Truck123333,290.0
Truck123310,348.0
Truck123335,290.0
Truck123339,290.0
Truck123319,344.0
Truck123337,302.0
Truck123342,290.0
Truck123343,290.0
Truck123331,321.0
Truck123336,307.0
Truck123298,405.0
Truck123344,290.0
Truck123340,319.0
Truck123313,393.0
Truck123355,290.0
Truck123351,301.0
Truck123349,307.0
Truck123356,290.0
Truck123352,302.0
Truck123334,348.0
Truck123297,445.0
Truck123348,315.0
Truck123325,378.0
Truck123350,316.0
Truck123338,353.0
Truck123364,290.0
Truck123365,290.0
Truck123304,443.0
Truck123357,315.0
Truck123367,290.0
Truck123353,327.0
Truck123332,378.0
Truck123354,323.0
Truck123368,290.0
Truck123369,290.0
Truck123347,346.0
Truck123358,317.0
Truck123361,313.0
Truck123327,399.0
Truck123370,290.0
Truck123371,290.0
Truck123373,290.0
Truck123345,365.0
Truck123375,290.0
Truck123363,322.0
Truck123341,378.0
Truck123346,364.0
Truck123377,290.0
Truck123359,340.0
Truck123379,290.0
Truck123372,309.0
Truck123382,290.0
Truck123376,315.0
Truck123380,309.0
Truck123383,304.0
Truck123390,290.0
Truck123391,290.0
Truck123366,355.0
Truck123393,290.0
Truck123381,324.0
Truck123387,309.0
Truck123394,290.0
Truck123397,290.0
Truck123384,321.0
Truck123399,290.0
Truck123386,322.0
Truck123378,347.0
Truck123403,290.0
Truck123396,307.0
Truck123398,303.0
Truck123374,364.0
Truck123405,290.0
Truck123360,402.0
Truck123400,303.0
Truck123409,290.0
Truck123404,305.0
Truck123410,290.0
Truck123411,290.0
Truck123406,302.0
Truck123413,290.0
Truck123392,343.0
Truck123414,290.0
Truck123418,290.0
Truck123388,368.0
Truck123395,355.0
Truck123385,389.0
Truck123401,349.0
Truck123421,300.0
Truck123424,290.0
Truck123425,290.0
Truck123420,306.0
Truck123412,330.0
Truck123428,290.0
Truck123429,290.0
Truck123407,347.0
Truck123415,329.0
Truck123430,290.0
Truck123431,290.0
Truck123417,327.0
Truck123432,290.0
Truck123408,353.0
Truck123434,290.0
Truck123362,473.0
Truck123436,290.0
Truck123437,290.0
Truck123402,377.0
Truck123423,329.0
Truck123422,336.0
Truck123439,300.0
Truck123443,290.0
Truck123438,302.0
Truck123445,290.0
Truck123440,303.0
Truck123446,290.0
Truck123447,290.0
Truck123389,436.0
Truck123448,290.0
Truck123451,290.0
Truck123426,353.0
Truck123453,290.0
Truck123449,304.0
Truck123454,290.0
Truck123435,342.0
Truck123433,350.0
Truck123456,290.0
Truck123457,290.0
Truck123458,290.0
Truck123444,330.0
Truck123460,290.0
Truck123461,290.0
Truck123427,381.0
Truck123464,290.0
Truck123442,346.0
Truck123441,359.0
Truck123459,315.0
Truck123473,290.0
Truck123474,290.0
Truck123475,290.0
Truck123419,435.0
Truck123476,290.0
Truck123471,308.0
Truck123416,445.0
Truck123478,290.0
Truck123468,317.0
Truck123472,308.0
Truck123450,364.0
Truck123480,290.0
Truck123481,290.0
Truck123467,329.0
Truck123482,290.0
Truck123477,309.0
Truck123485,290.0
Truck123486,290.0
Truck123479,313.0
Truck123452,380.0
Truck123489,290.0
Truck123490,290.0
Truck123487,303.0
Truck123488,299.0
Truck123492,290.0
Truck123495,290.0
Truck123462,375.0
Truck123455,397.0
Truck123484,325.0
Truck123499,290.0
Truck123501,290.0
Truck123502,290.0
Truck123503,290.0
Truck123469,377.0
Truck123483,344.0
Truck123465,390.0
Truck123504,290.0
Truck123500,304.0
Truck123506,290.0
Truck123507,290.0
Truck123496,317.0
Truck123508,290.0
Truck123510,290.0
Truck123512,290.0
Truck123513,290.0
Truck123493,343.0
Truck123514,290.0
Truck123470,403.0
Truck123491,355.0
Truck123516,290.0
Truck123517,290.0
Truck123518,290.0
Truck123463,435.0
Truck123521,290.0
Truck123494,356.0
Truck123505,333.0
Truck123466,434.0
Truck123524,290.0
Truck123498,360.0
Truck123527,290.0
Truck123520,308.0
Truck123515,324.0
Truck123519,315.0
Truck123529,290.0
Truck123530,290.0
Truck123531,290.0
Truck123511,341.0
Truck123533,290.0
Truck123509,353.0
Truck123525,319.0
Truck123536,290.0
Truck123534,302.0
Truck123540,290.0
Truck123541,290.0
Truck123543,290.0
Truck123532,318.0
Truck123522,349.0
Truck123546,290.0
Truck123549,290.0
Truck123528,342.0
Truck123547,301.0
Truck123552,290.0
Truck123537,335.0
Truck123554,290.0
Truck123555,290.0
Truck123551,302.0
Truck123544,319.0
Truck123550,304.0
Truck123558,290.0
Truck123559,290.0
Truck123560,290.0
Truck123561,290.0
Truck123563,290.0
Truck123542,345.0
Truck123565,290.0
Truck123556,313.0
Truck123497,465.0
Truck123562,303.0
Truck123539,364.0
Truck123564,300.0
Truck123569,290.0
Truck123548,341.0
Truck123573,290.0
Truck123545,364.0
Truck123574,290.0
Truck123575,290.0
Truck123523,422.0
Truck123576,290.0
Truck123579,290.0
Truck123557,348.0
Truck123567,326.0
Truck123535,407.0
Truck123577,308.0
Truck123581,303.0
Truck123586,290.0
Truck123587,290.0
Truck123568,337.0
Truck123589,290.0
Truck123590,290.0
Truck123526,453.0
Truck123566,356.0
Truck123572,344.0
Truck123588,304.0
Truck123594,290.0
Truck123585,320.0
Truck123597,290.0
Truck123591,311.0
Truck123580,340.0
Truck123600,290.0
Truck123578,346.0
Truck123553,415.0
Truck123602,290.0
Truck123584,343.0
Truck123609,290.0
Truck123538,466.0
Truck123598,317.0
Truck123596,323.0
Truck123599,320.0
Truck123612,290.0
Truck123592,341.0
Truck123595,346.0
Truck123611,309.0
Truck123618,290.0
Truck123620,290.0
Truck123610,316.0
Truck123613,311.0
Truck123617,302.0
Truck123614,309.0
Truck123622,290.0
Truck123623,290.0
Truck123593,369.0
Truck123616,309.0
Truck123624,290.0
Truck123625,290.0
Truck123571,427.0
Truck123601,353.0
Truck123621,305.0
Truck123582,405.0
Truck123615,332.0
Truck123619,322.0
Truck123607,353.0
Truck123632,290.0
Truck123633,290.0
Truck123635,290.0
Truck123608,356.0
Truck123631,304.0
Truck123606,366.0
Truck123604,373.0
Truck123638,290.0
Truck123639,290.0
Truck123570,461.0
Truck123583,431.0
Truck123640,290.0
Truck123641,290.0
Truck123603,390.0
Truck123642,290.0
Truck123645,290.0
Truck123629,335.0
Truck123647,290.0
Truck123634,322.0
Truck123643,307.0
Truck123651,290.0
Truck123626,353.0
Truck123644,309.0
Truck123652,290.0
Truck123630,349.0
Truck123655,290.0
Truck123605,420.0
Truck123656,290.0
Truck123657,290.0
Truck123659,290.0
Truck123636,348.0
Truck123646,323.0
Truck123628,369.0
Truck123660,290.0
Truck123627,376.0
Truck123664,290.0
Truck123667,290.0
Truck123662,304.0
Truck123668,290.0
Truck123671,290.0
Truck123650,341.0
Truck123653,336.0
Truck123661,317.0
Truck123648,349.0
Truck123672,290.0
Truck123673,290.0
Truck123649,352.0
Truck123670,300.0
Truck123674,290.0
Truck123675,290.0
Truck123669,309.0
Truck123665,323.0
Truck123678,290.0
Truck123679,290.0
Truck123654,354.0
Truck123677,299.0
Truck123680,290.0
Truck123681,290.0
Truck123676,304.0
Truck123683,290.0
Truck123663,346.0
Truck123658,362.0
Truck123689,290.0
Truck123682,306.0
Truck123690,290.0
Truck123693,290.0
Truck123697,290.0
Truck123692,304.0
Truck123637,446.0
Truck123700,290.0
Truck123701,290.0
Truck123696,308.0
Truck123685,339.0
Truck123705,290.0
Truck123684,346.0
Truck123703,301.0
Truck123666,392.0
Truck123708,290.0
Truck123709,290.0
Truck123687,348.0
Truck123688,344.0
Truck123694,329.0
Truck123710,290.0
Truck123714,290.0
Truck123712,304.0
Truck123719,290.0
Truck123711,317.0
Truck123699,348.0
Truck123698,349.0
Truck123702,339.0
Truck123840,290.0
Truck123848,290.0
Truck123845,305.0
Truck123851,290.0
Truck123844,306.0
Truck123846,303.0
Truck123849,301.0
Truck123854,290.0
Truck123847,314.0
Truck123852,300.0
Truck123850,309.0
Truck123855,300.0
Truck123859,290.0
Truck123862,290.0
Truck123861,302.0
Truck123867,290.0
Truck123860,308.0
Truck123868,290.0
Truck123869,290.0
Truck123856,322.0
Truck123870,290.0
Truck123843,361.0
Truck123864,306.0
Truck123865,310.0
Truck123873,290.0
Truck123874,290.0
Truck123842,371.0
Truck123877,290.0
Truck123858,339.0
Truck123872,304.0
Truck123878,290.0
Truck123863,333.0
Truck123880,290.0
Truck123875,316.0
Truck123881,307.0
Truck123888,290.0
Truck123857,374.0
Truck123890,290.0
Truck123891,290.0
Truck123886,302.0
Truck123879,328.0
Truck123894,290.0
Truck123882,325.0
Truck123896,290.0
Truck123883,326.0
Truck123892,305.0
Truck123898,290.0
Truck123871,361.0
Truck123901,290.0
Truck123887,328.0
Truck123876,362.0
Truck123899,308.0
Truck123906,290.0
Truck123900,306.0
Truck123904,300.0
Truck123908,290.0
Truck123902,306.0
Truck123910,290.0
Truck123853,440.0
Truck123909,300.0
Truck123913,290.0
Truck123915,290.0
Truck123895,342.0
Truck123903,322.0
Truck123911,304.0
Truck123885,370.0
Truck123916,290.0
Truck123841,481.0
Truck123918,290.0
Truck123919,290.0
Truck123921,290.0
Truck123923,290.0
Truck123912,317.0
Truck123925,290.0
Truck123917,313.0
Truck123897,365.0
Truck123905,345.0
Truck123926,290.0
Truck123907,343.0
Truck123866,447.0
Truck123889,394.0
Truck123930,290.0
Truck123931,290.0
Truck123914,333.0
Truck123927,303.0
Truck123929,300.0
Truck123932,290.0
Truck123893,395.0
Truck123935,290.0
Truck123924,317.0
Truck123920,328.0
Truck123933,305.0
Truck123939,290.0
Truck123940,290.0
Truck123941,290.0
Truck123942,290.0
Truck123943,290.0
Truck123947,290.0
Truck123884,447.0
Truck123948,290.0
Truck123951,290.0
Truck123952,290.0
Truck123953,290.0
Truck123955,290.0
Truck123938,332.0
Truck123957,290.0
Truck123946,316.0
Truck123961,290.0
Truck123956,301.0
Truck123962,290.0
Truck123963,290.0
Truck123922,393.0
Truck123960,300.0
Truck123928,385.0
Truck123966,290.0
Truck123936,366.0
Truck123969,290.0
Truck123970,290.0
Truck123937,377.0
Truck123950,343.0
Truck123972,290.0
Truck123973,290.0
Truck123974,290.0
Truck123977,290.0
Truck123959,338.0
Truck123978,290.0
Truck123979,290.0
Truck123965,327.0
Truck123968,318.0
Truck123980,290.0
Truck123981,290.0
Truck123976,303.0
Truck123982,290.0
Truck123983,290.0
Truck123949,377.0
Truck123984,290.0
Truck123985,290.0
Truck123964,347.0
Truck123958,365.0
Truck123954,377.0
Truck123990,290.0
Truck123945,409.0
Truck123992,290.0
Truck123987,306.0
Truck123986,308.0
Truck123944,421.0
Truck123971,357.0
Truck123998,290.0
Truck123994,308.0
Truck123993,318.0
Truck123934,464.0
Truck124004,290.0
Truck124005,290.0
Truck123995,324.0
Truck124009,290.0
Truck124000,313.0
Truck124010,290.0
Truck124011,290.0
Truck123997,326.0
Truck124006,309.0
Truck123988,357.0
Truck123989,357.0
Truck124013,302.0
Truck124002,329.0
Truck124018,290.0
Truck124007,324.0
Truck123991,369.0
Truck123996,354.0
Truck124015,310.0
Truck124023,290.0
Truck124003,343.0
Truck124024,290.0
Truck124025,290.0
Truck124008,333.0
Truck123967,440.0
Truck124027,290.0
Truck124020,306.0
Truck124028,290.0
Truck124001,369.0
Truck123999,378.0
Truck124017,334.0
Truck124034,290.0
Truck124019,331.0
Truck124037,290.0
Truck123975,446.0
Truck124029,314.0
Truck124038,290.0
Truck124039,290.0
Truck124026,323.0
Truck124041,290.0
Truck124021,342.0
Truck124036,308.0
Truck124040,302.0
Truck124050,290.0
Truck124051,290.0
Truck124042,312.0
Truck124053,290.0
Truck124043,318.0
Truck124054,290.0
Truck124055,290.0
Truck124035,343.0
Truck124046,313.0
Truck124030,354.0
Truck124012,401.0
Truck124058,290.0
Truck124022,381.0
Truck124047,321.0
Truck124016,397.0
Truck124031,364.0
Truck124060,290.0
Truck124061,290.0
Truck124048,323.0
Truck124044,335.0
Truck124045,335.0
Truck124062,290.0
Truck124056,307.0
Truck124066,290.0
Truck124033,376.0
Truck124014,427.0
Truck124070,290.0
Truck124071,290.0
Truck124032,387.0
Truck124059,324.0
Truck124074,290.0
Truck124068,308.0
Truck124065,320.0
Truck124052,351.0
Truck124067,317.0
Truck124069,315.0
Truck124077,302.0
Truck124049,374.0
Truck124083,290.0
Truck124079,305.0
Truck124057,362.0
Truck124075,317.0
Truck124087,290.0
Truck124080,306.0
Truck124089,290.0
Truck124085,307.0
Truck124076,330.0
Truck124092,290.0
Truck124093,290.0
Truck124086,310.0
Truck124095,290.0
Truck124088,308.0
Truck124091,309.0
Truck124099,290.0
Truck124101,290.0
Truck124081,341.0
Truck124096,306.0
Truck124098,301.0
Truck124097,307.0
Truck124072,370.0
Truck124073,371.0
Truck124084,342.0
Truck124063,401.0
Truck124094,321.0
Truck124082,355.0
Truck124108,290.0
Truck124090,339.0
Truck124110,290.0
Truck124111,290.0
Truck124106,301.0
Truck124102,315.0
Truck124113,290.0
Truck124078,379.0
Truck124109,304.0
Truck124115,299.0
Truck124118,290.0
Truck124121,290.0
Truck124100,345.0
Truck124105,335.0
Truck124123,290.0
Truck124125,290.0
Truck124114,319.0
Truck124129,290.0
Truck124064,453.0
Truck124131,290.0
Truck124133,290.0
Truck124127,306.0
Truck124103,367.0
Truck124124,319.0
Truck124116,340.0
Truck124136,290.0
Truck124107,368.0
Truck124132,305.0
Truck124138,290.0
Truck124139,290.0
Truck124122,332.0
Truck124140,290.0
Truck124141,290.0
Truck124134,306.0
Truck124119,347.0
Truck124120,342.0
Truck124130,318.0
Truck124145,290.0
Truck124146,290.0
Truck124147,290.0
Truck124149,290.0
Truck124142,309.0
Truck124128,345.0
Truck124117,377.0
Truck124104,420.0
Truck124156,290.0
Truck124137,341.0
Truck124135,347.0
Truck124126,368.0
Truck124155,305.0
Truck124157,304.0
Truck124152,315.0
Truck124159,302.0
Truck124144,348.0
Truck124169,290.0
Truck124150,336.0
Truck124167,300.0
Truck124158,321.0
Truck124153,339.0
Truck124112,444.0
Truck124174,290.0
Truck124176,290.0
Truck124168,314.0
Truck124172,304.0
Truck124165,326.0
Truck124151,365.0
Truck124177,301.0
Truck124178,299.0
Truck124166,332.0
Truck124173,317.0
Truck124185,290.0
Truck124162,346.0
Truck124160,355.0
Truck124186,290.0
Truck124170,331.0
Truck124171,335.0
Truck124188,290.0
Truck124164,355.0
Truck124190,290.0
Truck124193,290.0
Truck124187,310.0
Truck124194,290.0
Truck124148,410.0
Truck124197,290.0
Truck124180,333.0
Truck124182,329.0
Truck124161,390.0
Truck124191,315.0
Truck124200,290.0
Truck124201,290.0
Truck124184,332.0
Truck124143,438.0
Truck124189,324.0
Truck124163,394.0
Truck124196,310.0
Truck124205,290.0
Truck124154,417.0
Truck124206,290.0
Truck124207,290.0
Truck124175,372.0
Truck124181,357.0
Truck124199,315.0
Truck124208,290.0
Truck124210,290.0
Truck124183,362.0
Truck124204,307.0
Truck124192,343.0
Truck124211,300.0
Truck124215,290.0
Truck124216,290.0
Truck124217,290.0
Truck124198,338.0
Truck124213,309.0
Truck124220,290.0
Truck124221,290.0
Truck124224,290.0
Truck124225,290.0
Truck124228,290.0
Truck124229,290.0
Truck124230,290.0
Truck124203,361.0
Truck124195,382.0
Truck124223,312.0
Truck124232,290.0
Truck124234,290.0
Truck124219,334.0
Truck124222,331.0
Truck124179,444.0
Truck124233,310.0
Truck124240,290.0
Truck124212,365.0
Truck124209,378.0
Truck124227,335.0
Truck124244,290.0
Truck124245,290.0
Truck124214,366.0
Truck124236,311.0
Truck124247,290.0
Truck124243,301.0
Truck124248,290.0
Truck124253,290.0
Truck124231,346.0
Truck124246,307.0
Truck124249,304.0
Truck124255,290.0
Truck124256,290.0
Truck124257,290.0
Truck124250,307.0
Truck124265,290.0
Truck124258,307.0
Truck124267,290.0
Truck124218,414.0
Truck124262,304.0
Truck124239,365.0
Truck124238,366.0
Truck124242,358.0
Truck124261,318.0
Truck124235,384.0
Truck124272,290.0
Truck124275,290.0
Truck124252,348.0
Truck124271,308.0
Truck124226,420.0
Truck124278,290.0
Truck124279,290.0
Truck124260,337.0
Truck124269,318.0
Truck124280,290.0
Truck124282,290.0
Truck124283,290.0
Truck124202,491.0
Truck124259,352.0
Truck124276,308.0
Truck124273,319.0
Truck124281,300.0
Truck124254,368.0
Truck124241,409.0
Truck124263,357.0
Truck124264,352.0
Truck124266,347.0
Truck124237,424.0
Truck124285,304.0
Truck124291,290.0
Truck124287,303.0
Truck124270,348.0
Truck124288,308.0
Truck124290,303.0
Truck124297,290.0
Truck124289,312.0
Truck124268,365.0
Truck124298,290.0
Truck124277,346.0
Truck124274,354.0
Truck124300,290.0
Truck124251,419.0
Truck124284,337.0
Truck124307,290.0
Truck124302,309.0
Truck124295,330.0
Truck124310,290.0
Truck124292,337.0
Truck124305,308.0
Truck124286,357.0
Truck124315,290.0
Truck124308,310.0
Truck124293,352.0
Truck124313,302.0
Truck124319,290.0
Truck124312,308.0
Truck124314,303.0
Truck124321,290.0
Truck124299,347.0
Truck124317,303.0
Truck124318,311.0
Truck124322,301.0
Truck124324,300.0
Truck124329,290.0
Truck124301,363.0
Truck124330,290.0
Truck124323,313.0
Truck124320,319.0
Truck124306,357.0
Truck124311,351.0
Truck124316,337.0
Truck124303,374.0
Truck124296,390.0
Truck124337,290.0
Truck124342,290.0
Truck124294,416.0
Truck124336,311.0
Truck124328,333.0
Truck124304,395.0
Truck124343,300.0
Truck124347,290.0
Truck124335,321.0
Truck124327,343.0
Truck124340,308.0
Truck124349,290.0
Truck124339,317.0
Truck124351,290.0
Truck124352,290.0
Truck124309,409.0
Truck124326,364.0
Truck124356,290.0
Truck124357,290.0
Truck124344,327.0
Truck124361,290.0
Truck124333,362.0
Truck124346,327.0
Truck124354,307.0
Truck124353,314.0
Truck124362,290.0
Truck124345,339.0
Truck124364,290.0
Truck124325,391.0
Truck124368,290.0
Truck124369,290.0
Truck124331,386.0
Truck124332,384.0
Truck124338,369.0
Truck124358,319.0
Truck124355,331.0
Truck124367,305.0
Truck124365,323.0
Truck124372,304.0
Truck124379,290.0
Truck124366,325.0
Truck124350,367.0
Truck124377,309.0
Truck124341,400.0
Truck124385,290.0
Truck124334,417.0
Truck124359,358.0
Truck124363,350.0
Truck124386,290.0
Truck124387,290.0
Truck124390,290.0
Truck124348,397.0
Truck124394,290.0
Truck124395,290.0
Truck124378,331.0
Truck124374,343.0
Truck124388,311.0
Truck124380,333.0
Truck124384,323.0
Truck124399,290.0
Truck124393,309.0
Truck124370,365.0
Truck124400,290.0
Truck124375,358.0
Truck124383,339.0
Truck124402,290.0
Truck124404,290.0
Truck124405,290.0
Truck124391,326.0
Truck124397,313.0
Truck124401,304.0
Truck124407,290.0
Truck124398,312.0
Truck124389,339.0
Truck124409,290.0
Truck124403,308.0
Truck124371,389.0
Truck124413,290.0
Truck124414,290.0
Truck124415,290.0
Truck124416,290.0
Truck124417,290.0
Truck124392,354.0
Truck124418,290.0
Truck124419,290.0
Truck124406,324.0
Truck124396,351.0
Truck124422,290.0
Truck124382,393.0
Truck124427,290.0
Truck124420,308.0
Truck124373,430.0
Truck124431,290.0
Truck124429,300.0
Truck124432,290.0
Truck124433,290.0
Truck124381,422.0
Truck124424,313.0
Truck124410,350.0
Truck124434,290.0
Truck124435,290.0
Truck124408,356.0
Truck124412,348.0
Truck124436,290.0
Truck124437,290.0
Truck124421,332.0
Truck124411,360.0
Truck124376,450.0
Truck124441,290.0
Truck124442,290.0
Truck124426,331.0
Truck124360,497.0
Truck124428,330.0
Truck124444,290.0
Truck124425,345.0
Truck124423,358.0
Truck124451,290.0
Truck124452,290.0
Truck124447,309.0
Truck124456,290.0
Truck124446,316.0
Truck124460,290.0
Truck124462,290.0
Truck124463,290.0
Truck124440,347.0
Truck124461,300.0
Truck124465,290.0
Truck124445,341.0
Truck124454,316.0
Truck124457,311.0
Truck124439,359.0
Truck124468,290.0
Truck124469,290.0
Truck124449,341.0
Truck124450,340.0
Truck124471,290.0
Truck124458,322.0
Truck124472,290.0
Truck124455,339.0
Truck124475,290.0
Truck124476,290.0
Truck124438,386.0
Truck124459,336.0
Truck124448,363.0
Truck124470,310.0
Truck124480,290.0
Truck124481,290.0
Truck124477,302.0
Truck124482,290.0
Truck124483,290.0
Truck124479,303.0
Truck124485,290.0
Truck124467,339.0
Truck124489,290.0
Truck124453,381.0
Truck124466,347.0
Truck124486,299.0
Truck124487,303.0
Truck124492,290.0
Truck124493,290.0
Truck124488,302.0
Truck124484,314.0
Truck124495,290.0
Truck124497,290.0
Truck124443,432.0
Truck124478,346.0
Truck124496,302.0
Truck124494,308.0
Truck124502,290.0
Truck124503,290.0
Truck124464,386.0
Truck124507,290.0
Truck124508,290.0
Truck124509,290.0
Truck124504,304.0
Truck124510,290.0
Truck124511,290.0
Truck124474,383.0
Truck124506,303.0
Truck124513,290.0
Truck124499,332.0
Truck124516,290.0
Truck124512,301.0
Truck124505,323.0
Truck124519,290.0
Truck124498,344.0
Truck124514,304.0
Truck124520,290.0
Truck124523,290.0
Truck124430,525.0
Truck124518,309.0
Truck124527,290.0
Truck124490,383.0
Truck124500,358.0
Truck124517,319.0
Truck124529,290.0
Truck124491,388.0
Truck124530,290.0
Truck124531,290.0
Truck124501,367.0
Truck124535,290.0
Truck124537,290.0
Truck124538,290.0
Truck124515,352.0
Truck124541,290.0
Truck124534,306.0
Truck124542,290.0
Truck124528,333.0
Truck124532,328.0
Truck124473,479.0
Truck124545,302.0
Truck124536,324.0
Truck124550,290.0
Truck124522,362.0
Truck124544,309.0
Truck124552,290.0
Truck124553,290.0
Truck124533,341.0
Truck124555,290.0
Truck124539,332.0
Truck124548,308.0
Truck124526,366.0
Truck124551,307.0
Truck124543,331.0
Truck124549,316.0
Truck124524,377.0
Truck124547,323.0
Truck124554,305.0
Truck124562,290.0
Truck124557,308.0
Truck124559,303.0
Truck124566,290.0
Truck124561,309.0
Truck124540,360.0
Truck124569,290.0
Truck124521,415.0
Truck124560,316.0
Truck124565,308.0
Truck124573,290.0
Truck124574,290.0
Truck124577,290.0
Truck124578,290.0
Truck124579,290.0
Truck124576,300.0
Truck124582,290.0
Truck124583,290.0
Truck124558,354.0
Truck124575,318.0
Truck124587,290.0
Truck124546,391.0
Truck124556,366.0
Truck124572,327.0
Truck124589,290.0
Truck124590,290.0
Truck124568,346.0
Truck124571,343.0
Truck124586,304.0
Truck124584,310.0
Truck124592,290.0
Truck124570,349.0
Truck124563,371.0
Truck124597,290.0
Truck124595,299.0
Truck124580,336.0
Truck124593,307.0
Truck124581,339.0
Truck124601,290.0
Truck124596,304.0
Truck124564,385.0
Truck124602,290.0
Truck124567,384.0
Truck124605,290.0
Truck124599,307.0
Truck124598,308.0
Truck124606,290.0
Truck124607,290.0
Truck124600,306.0
Truck124603,304.0
Truck124610,290.0
Truck124591,342.0
Truck124612,290.0
Truck124613,290.0
Truck124608,305.0
Truck124614,290.0
Truck124585,372.0
Truck124525,524.0
Truck124619,290.0
Truck124621,290.0
Truck124588,372.0
Truck124617,304.0
Truck124623,290.0
Truck124625,290.0
Truck124616,312.0
Truck124626,290.0
Truck124618,311.0
Truck124594,372.0
Truck124622,307.0
Truck124604,354.0
Truck124631,290.0
Truck124615,331.0
Truck124624,307.0
Truck124632,290.0
Truck124635,290.0
Truck124611,354.0
Truck124636,290.0
Truck124637,290.0
Truck124638,290.0
Truck124630,311.0
Truck124629,317.0
Truck124628,322.0
Truck124620,347.0
Truck124633,323.0
Truck124634,321.0
Truck124627,343.0
Truck124641,308.0
Truck124648,290.0
Truck124650,290.0
Truck124651,290.0
Truck124649,303.0
Truck124609,408.0
Truck124646,320.0
Truck124654,302.0
Truck124643,333.0
Truck124655,306.0
Truck124639,348.0
Truck124663,290.0
Truck124664,290.0
Truck124642,346.0
Truck124644,348.0
Truck124652,330.0
Truck124668,290.0
Truck124669,290.0
Truck124672,290.0
Truck124647,357.0
Truck124640,374.0
Truck124674,290.0
Truck124675,290.0
Truck124671,304.0
Truck124677,290.0
Truck124665,323.0
Truck124670,308.0
Truck124679,290.0
Truck124667,323.0
Truck124661,340.0
Truck124681,290.0
Truck124662,337.0
Truck124683,290.0
Truck124656,357.0
Truck124684,290.0
Truck124660,352.0
Truck124680,304.0
Truck124658,360.0
Truck124666,340.0
Truck124686,290.0
Truck124678,312.0
Truck124645,401.0
Truck124653,383.0
Truck124690,290.0
Truck124691,290.0
Truck124676,329.0
Truck124682,318.0
Truck124673,345.0
Truck124694,290.0
Truck124695,290.0
Truck124687,314.0
Truck124688,311.0
Truck124692,302.0
Truck124657,399.0
Truck124696,300.0
Truck124700,290.0
Truck124685,332.0
Truck124693,321.0
Truck124707,290.0
Truck124708,290.0
Truck124699,316.0
Truck124711,290.0
Truck124701,316.0
Truck124702,315.0
Truck124712,290.0
Truck124713,290.0
Truck124709,301.0
Truck124689,354.0
Truck124714,290.0
Truck124704,317.0
Truck124697,339.0
Truck124719,290.0
Truck124703,331.0
Truck124698,345.0
Truck124721,290.0
Truck124715,312.0
Truck124659,458.0
Truck124726,290.0
Truck124727,290.0
Truck124706,344.0
Truck124728,290.0
Truck124731,290.0
Truck124705,358.0
Truck124733,290.0
Truck124722,319.0
Truck124725,317.0
Truck124717,340.0
Truck124736,290.0
Truck124737,290.0
Truck124718,336.0
Truck124738,290.0
Truck124735,305.0
Truck124741,290.0
Truck124716,353.0
Truck124723,339.0
Truck124742,290.0
Truck124744,290.0
Truck124734,316.0
Truck124739,306.0
Truck124746,290.0
Truck124749,290.0
Truck124750,290.0
Truck124745,308.0
Truck124724,360.0
Truck124730,349.0
Truck124755,290.0
Truck124743,322.0
Truck124752,303.0
Truck124740,334.0
Truck124759,290.0
Truck124761,290.0
Truck124748,328.0
Truck124756,309.0
Truck124753,321.0
Truck124729,387.0
Truck124751,335.0
Truck124768,290.0
Truck124754,327.0
Truck124770,290.0
Truck124771,290.0
Truck124732,388.0
Truck124758,325.0
Truck124774,290.0
Truck124775,290.0
Truck124710,452.0
Truck124772,300.0
Truck124765,322.0
Truck124767,323.0
Truck124780,290.0
Truck124781,290.0
Truck124766,326.0
Truck124783,290.0
Truck124787,290.0
Truck124747,393.0
Truck124789,290.0
Truck124769,342.0
Truck124790,290.0
Truck124785,307.0
Truck124792,290.0
Truck124793,290.0
Truck124760,372.0
Truck124786,307.0
Truck124757,383.0
Truck124720,475.0
Truck124778,332.0
Truck124773,351.0
Truck124776,344.0
Truck124763,380.0
Truck124798,290.0
Truck124799,290.0
Truck124791,315.0
Truck124800,290.0
Truck124801,290.0
Truck124803,290.0
Truck124795,313.0
Truck124804,290.0
Truck124794,316.0
Truck124784,348.0
Truck124802,303.0
Truck124779,364.0
Truck124782,354.0
Truck124788,339.0
Truck124805,300.0
Truck124812,290.0
Truck124813,290.0
Truck124777,384.0
Truck124808,305.0
Truck124814,290.0
Truck124815,290.0
Truck124816,290.0
Truck124817,290.0
Truck124811,308.0
Truck124806,320.0
Truck124797,353.0
Truck124822,290.0
Truck124823,290.0
Truck124807,331.0
Truck124824,290.0
Truck124764,441.0
Truck124821,301.0
Truck124831,290.0
Truck124832,290.0
Truck124833,290.0
Truck124827,307.0
Truck124834,290.0
Truck124829,307.0
Truck124836,290.0
Truck124837,290.0
Truck124826,321.0
Truck124796,401.0
Truck124762,488.0
Truck124843,290.0
Truck124839,301.0
Truck124818,353.0
Truck124845,290.0
Truck124828,334.0
Truck124847,290.0
Truck124849,290.0
Truck124838,316.0
Truck124819,368.0
Truck124850,290.0
Truck124851,290.0
Truck124830,343.0
Truck124852,290.0
Truck124844,311.0
Truck124809,403.0
Truck124835,338.0
Truck124846,308.0
Truck124855,290.0
Truck124857,290.0
Truck124820,381.0
Truck124825,373.0
Truck124848,315.0
Truck124859,290.0
Truck124841,339.0
Truck124840,343.0
Truck124863,290.0
Truck124866,290.0
Truck124867,290.0
Truck124856,316.0
Truck124869,290.0
Truck124861,314.0
Truck124870,290.0
Truck124864,308.0
Truck124872,290.0
Truck124873,290.0
Truck124868,305.0
Truck124875,290.0
Truck124871,303.0
Truck124876,290.0
Truck124878,290.0
Truck124879,290.0
Truck124874,306.0
Truck124853,362.0
Truck124865,332.0
Truck124810,468.0
Truck124877,306.0
Truck124886,290.0
Truck124887,290.0
Truck124881,307.0
Truck124882,304.0
Truck124860,360.0
Truck124888,290.0
Truck124889,290.0
Truck124890,290.0
Truck124842,413.0
Truck124895,290.0
Truck124897,290.0
Truck124854,399.0
Truck124892,304.0
Truck124899,290.0
Truck124900,290.0
Truck124880,345.0
Truck124902,290.0
Truck124906,290.0
Truck124884,347.0
Truck124891,333.0
Truck124908,290.0
Truck124905,302.0
Truck124883,358.0
Truck124903,308.0
Truck124910,290.0
Truck124911,290.0
Truck124862,411.0
Truck124907,301.0
Truck124896,328.0
Truck124915,290.0
Truck124916,290.0
Truck124917,290.0
Truck124894,346.0
Truck124919,290.0
Truck124920,290.0
Truck124914,306.0
Truck124913,313.0
Truck124923,290.0
Truck124893,368.0
Truck124885,389.0
Truck124925,290.0
Truck124921,302.0
Truck124901,360.0
Truck124898,369.0
Truck124930,290.0
Truck124912,337.0
Truck124918,326.0
Truck124858,477.0
Truck124935,290.0
Truck124926,311.0
Truck124937,290.0
Truck124933,307.0
Truck124941,290.0
Truck124922,341.0
Truck124938,305.0
Truck124940,300.0
Truck124929,331.0
Truck124909,388.0
Truck124944,300.0
Truck124948,290.0
Truck124931,341.0
Truck124924,357.0
Truck124946,307.0
Truck124939,328.0
Truck124936,335.0
Truck124943,320.0
Truck124934,345.0
Truck124956,290.0
Truck124957,290.0
Truck124904,422.0
Truck124928,362.0
Truck124955,300.0
Truck124960,290.0
Truck124942,336.0
Truck124949,323.0
Truck124962,290.0
Truck124963,290.0
Truck124967,290.0
Truck124961,307.0
Truck124968,290.0
Truck124969,290.0
Truck124964,305.0
Truck124965,305.0
Truck124971,290.0
Truck124950,347.0
Truck124954,338.0
Truck124959,328.0
Truck124974,290.0
Truck124958,331.0
Truck124976,290.0
Truck124947,366.0
Truck124932,403.0
Truck124945,374.0
Truck124972,304.0
Truck124979,290.0
Truck124980,290.0
Truck124981,290.0
Truck124927,428.0
Truck124984,290.0
Truck124985,290.0
Truck124978,308.0
Truck124975,323.0
Truck124988,290.0
Truck124989,290.0
Truck124953,382.0
Truck124990,290.0
Truck124991,290.0
Truck124987,301.0
Truck124970,343.0
Truck124992,290.0
Truck124994,290.0
Truck124995,290.0
Truck124973,347.0
Truck124996,290.0
Truck124966,367.0
Truck124983,329.0
Truck124951,411.0
Truck124952,409.0
Truck125000,290.0
Truck124997,303.0
Truck125002,290.0
Truck124999,301.0
Truck124982,342.0
Truck124998,306.0
Truck124986,340.0
Truck125007,290.0
Truck125009,290.0
Truck124993,339.0
Truck125014,290.0
Truck125001,330.0
Truck125013,305.0
Truck125018,290.0
Truck125019,290.0
Truck125003,335.0
Truck125020,290.0
Truck125021,290.0
Truck125005,332.0
Truck125022,290.0
Truck125023,290.0
Truck125004,339.0
Truck125026,290.0
Truck125027,290.0
Truck124977,419.0
Truck125029,290.0
Truck125008,349.0
Truck125015,334.0
Truck125016,329.0
Truck125028,299.0
Truck125010,345.0
Truck125032,290.0
Truck125011,348.0
Truck125030,306.0
Truck125039,290.0
Truck125025,327.0
Truck125040,290.0
Truck125041,290.0
Truck125017,351.0
Truck125012,363.0
Truck125042,290.0
Truck125043,290.0
Truck125024,336.0
Truck125038,301.0
Truck125044,290.0
Truck125046,290.0
Truck125050,290.0
Truck125053,290.0
Truck125035,338.0
Truck125048,304.0
Truck125054,290.0
Truck125055,290.0
Truck125037,336.0
Truck125045,317.0
Truck125057,290.0
Truck125058,290.0
Truck125059,290.0
Truck125006,425.0
Truck125060,290.0
Truck125061,290.0
Truck125051,326.0
Truck125066,290.0
Truck125031,382.0
Truck125033,379.0
Truck125068,290.0
Truck125036,372.0
Truck125034,378.0
Truck125071,290.0
Truck125063,311.0
Truck125067,304.0
Truck125056,335.0
Truck125074,290.0
Truck125075,290.0
Truck125072,305.0
Truck125078,290.0
Truck125069,316.0
Truck125081,290.0
Truck125082,290.0
Truck125083,290.0
Truck125062,345.0
Truck125085,290.0
Truck125070,331.0
Truck125080,306.0
Truck125049,387.0
Truck125064,348.0
Truck125089,290.0
Truck125091,290.0
Truck125084,307.0
Truck125093,290.0
Truck125076,332.0
Truck125095,290.0
Truck125073,347.0
Truck125096,290.0
Truck125092,303.0
Truck125077,353.0
Truck125102,290.0
Truck125052,416.0
Truck125105,290.0
Truck125106,290.0
Truck125087,344.0
Truck125088,341.0
Truck125110,290.0
Truck125112,290.0
Truck125101,322.0
Truck125114,290.0
Truck125115,290.0
Truck125065,419.0
Truck125097,339.0
Truck125116,290.0
Truck125098,336.0
Truck125113,305.0
Truck125079,393.0
Truck125107,323.0
Truck125104,331.0
Truck125099,350.0
Truck125122,290.0
Truck125123,290.0
Truck125047,489.0
Truck125129,290.0
Truck125100,362.0
Truck125130,290.0
Truck125126,301.0
Truck125133,290.0
Truck125128,302.0
Truck125111,350.0
Truck125109,357.0
Truck125125,322.0
Truck125090,414.0
Truck125140,290.0
Truck125141,290.0
Truck125135,306.0
Truck125134,308.0
Truck125121,347.0
Truck125117,358.0
Truck125137,309.0
Truck125146,290.0
Truck125094,422.0
Truck125148,290.0
Truck125149,290.0
Truck125139,316.0
Truck125150,290.0
Truck125151,290.0
Truck125119,372.0
Truck125136,327.0
Truck125118,376.0
Truck125154,290.0
Truck125157,290.0
Truck125124,375.0
Truck125158,290.0
Truck125143,331.0
Truck125144,328.0
Truck125142,335.0
Truck125160,290.0
Truck125161,290.0
Truck125127,378.0
Truck125103,440.0
Truck125131,372.0
Truck125138,355.0
Truck125165,290.0
Truck125147,338.0
Truck125108,435.0
Truck125145,345.0
Truck125153,329.0
Truck125168,290.0
Truck125156,321.0
Truck125170,290.0
Truck125152,336.0
Truck125164,308.0
Truck125173,290.0
Truck125086,507.0
Truck125175,290.0
Truck125169,307.0
Truck125176,290.0
Truck125166,320.0
Truck125179,290.0
Truck125172,306.0
Truck125180,290.0
Truck125162,345.0
Truck125185,290.0
Truck125163,346.0
Truck125181,304.0
Truck125120,458.0
Truck125188,290.0
Truck125189,290.0
Truck125174,326.0
Truck125132,432.0
Truck125190,290.0
Truck125191,290.0
Truck125184,306.0
Truck125167,352.0
Truck125193,290.0
Truck125186,306.0
Truck125194,290.0
Truck125196,290.0
Truck125159,390.0
Truck125199,290.0
Truck125192,307.0
Truck125177,349.0
Truck125201,290.0
Truck125204,290.0
Truck125205,290.0
Truck125171,377.0
Truck125200,303.0
Truck125206,290.0
Truck125209,290.0
Truck125155,428.0
Truck125197,324.0
Truck125210,290.0
Truck125214,290.0
Truck125195,342.0
Truck125183,374.0
Truck125216,290.0
Truck125217,290.0
Truck125213,301.0
Truck125218,290.0
Truck125219,290.0
Truck125202,331.0
Truck125207,324.0
Truck125220,290.0
Truck125221,290.0
Truck125187,379.0
Truck125198,352.0
Truck125224,290.0
Truck125203,347.0
Truck125226,290.0
Truck125225,303.0
Truck125178,419.0
Truck125215,329.0
Truck125233,290.0
Truck125222,318.0
Truck125235,290.0
Truck125229,306.0
Truck125238,290.0
Truck125230,312.0
Truck125182,433.0
Truck125241,290.0
Truck125243,290.0
Truck125231,324.0
Truck125227,336.0
Truck125239,307.0
Truck125232,324.0
Truck125236,316.0
Truck125240,309.0
Truck125249,290.0
Truck125212,389.0
Truck125252,290.0
Truck125254,290.0
Truck125248,309.0
Truck125256,290.0
Truck125250,307.0
Truck125258,290.0
Truck125245,327.0
Truck125223,384.0
Truck125228,371.0
Truck125246,327.0
Truck125247,327.0
Truck125251,320.0
Truck125264,290.0
Truck125266,290.0
Truck125268,290.0
Truck125262,309.0
Truck125211,440.0
Truck125271,290.0
Truck125253,338.0
Truck125275,290.0
Truck125257,337.0
Truck125276,290.0
Truck125277,290.0
Truck125269,311.0
Truck125242,377.0
Truck125273,308.0
Truck125237,400.0
Truck125263,339.0
Truck125208,478.0
Truck125265,338.0
Truck125285,290.0
Truck125244,392.0
Truck125234,420.0
Truck125287,290.0
Truck125259,362.0
Truck125267,346.0
Truck125282,307.0
Truck125272,338.0
Truck125284,308.0
Truck125295,290.0
Truck125291,301.0
Truck125298,290.0
Truck125300,290.0
Truck125270,368.0
Truck125283,340.0
Truck125302,290.0
Truck125304,290.0
Truck125305,290.0
Truck125301,302.0
Truck125274,369.0
Truck125307,290.0
Truck125278,361.0
Truck125279,361.0
Truck125290,334.0
Truck125308,290.0
Truck125286,346.0
Truck125310,290.0
Truck125281,368.0
Truck125280,372.0
Truck125309,303.0
Truck125294,339.0
Truck125288,355.0
Truck125314,290.0
Truck125315,290.0
Truck125316,290.0
Truck125293,351.0
Truck125318,290.0
Truck125319,290.0
Truck125321,290.0
Truck125311,319.0
Truck125260,446.0
Truck125296,359.0
Truck125303,345.0
Truck125306,336.0
Truck125330,290.0
Truck125255,481.0
Truck125317,327.0
Truck125299,374.0
Truck125325,309.0
Truck125333,290.0
Truck125312,341.0
Truck125320,323.0
Truck125313,345.0
Truck125334,290.0
Truck125331,303.0
Truck125338,290.0
Truck125329,316.0
Truck125297,398.0
Truck125341,290.0
Truck125324,331.0
Truck125344,290.0
Truck125345,290.0
Truck125322,349.0
Truck125340,305.0
Truck125347,290.0
Truck125332,326.0
Truck125335,321.0
Truck125289,438.0
Truck125343,309.0
Truck125342,311.0
Truck125327,353.0
Truck125346,303.0
Truck125353,290.0
Truck125323,367.0
Truck125337,332.0
Truck125355,290.0
Truck125339,335.0
Truck125358,290.0
Truck125359,290.0
Truck125326,371.0
Truck125360,290.0
Truck125361,290.0
Truck125362,290.0
Truck125261,546.0
Truck125364,290.0
Truck125365,290.0
Truck125356,313.0
Truck125366,290.0
Truck125351,338.0
Truck125354,328.0
Truck125349,344.0
Truck125370,290.0
Truck125371,290.0
Truck125336,379.0
Truck125367,304.0
Truck125373,290.0
Truck125375,290.0
Truck125369,306.0
Truck125368,309.0
Truck125292,502.0
Truck125328,415.0
Truck125378,290.0
Truck125357,347.0
Truck125376,304.0
Truck125350,372.0
Truck125385,290.0
Truck125363,347.0
Truck125372,323.0
Truck125381,305.0
Truck125386,290.0
Truck125388,290.0
Truck125389,290.0
Truck125374,328.0
Truck125391,290.0
Truck125379,321.0
Truck125377,327.0
Truck125352,388.0
Truck125395,290.0
Truck125392,300.0
Truck125398,290.0
Truck125394,302.0
Truck125380,341.0
Truck125402,290.0
Truck125403,290.0
Truck125405,290.0
Truck125387,336.0
Truck125382,351.0
Truck125390,331.0
Truck125409,290.0
Truck125348,442.0
Truck125411,290.0
Truck125384,358.0
Truck125393,339.0
Truck125415,290.0
Truck125418,290.0
Truck125400,337.0
Truck125383,383.0
Truck125420,290.0
Truck125399,346.0
Truck125410,317.0
Truck125413,313.0
Truck125416,305.0
Truck125404,336.0
Truck125406,338.0
Truck125423,299.0
Truck125426,290.0
Truck125427,290.0
Truck125396,368.0
Truck125417,319.0
Truck125407,345.0
Truck125397,373.0
Truck125424,304.0
Truck125430,290.0
Truck125432,290.0
Truck125401,373.0
Truck125422,319.0
Truck125429,304.0
Truck125435,290.0
Truck125431,303.0
Truck125441,290.0
Truck125436,301.0
Truck125443,290.0
Truck125444,290.0
Truck125445,290.0
Truck125414,368.0
Truck125447,290.0
Truck125448,290.0
Truck125449,290.0
Truck125452,290.0
Truck125453,290.0
Truck125419,380.0
Truck125408,406.0
Truck125451,302.0
Truck125425,370.0
Truck125428,360.0
Truck125457,290.0
Truck125437,342.0
Truck125412,405.0
Truck125459,290.0
Truck125450,311.0
Truck125438,344.0
Truck125456,300.0
Truck125461,290.0
Truck125440,344.0
Truck125462,290.0
Truck125454,315.0
Truck125464,290.0
Truck125466,290.0
Truck125469,290.0
Truck125463,309.0
Truck125471,290.0
Truck125458,326.0
Truck125474,290.0
Truck125475,290.0
Truck125476,290.0
Truck125472,304.0
Truck125460,336.0
Truck125446,372.0
Truck125481,290.0
Truck125433,414.0
Truck125483,290.0
Truck125434,411.0
Truck125455,364.0
Truck125484,290.0
Truck125439,408.0
Truck125486,290.0
Truck125488,290.0
Truck125489,290.0
Truck125490,290.0
Truck125491,290.0
Truck125487,305.0
Truck125493,290.0
Truck125468,353.0
Truck125477,336.0
Truck125497,290.0
Truck125421,481.0
Truck125478,347.0
Truck125499,300.0
Truck125503,290.0
Truck125480,347.0
Truck125492,317.0
Truck125485,340.0
Truck125467,386.0
Truck125470,377.0
Truck125482,349.0
Truck125501,304.0
Truck125507,290.0
Truck125442,454.0
Truck125473,381.0
Truck125500,311.0
Truck125494,338.0
Truck125496,334.0
Truck125502,320.0
Truck125465,418.0
Truck125519,290.0
Truck125512,306.0
Truck125514,302.0
Truck125520,290.0
Truck125522,290.0
Truck125523,290.0
Truck125513,319.0
Truck125524,290.0
Truck125498,356.0
Truck125510,326.0
Truck125516,317.0
Truck125505,348.0
Truck125529,290.0
Truck125495,380.0
Truck125504,356.0
Truck125508,351.0
Truck125506,359.0
Truck125534,290.0
Truck125479,432.0
Truck125536,290.0
Truck125531,307.0
Truck125538,290.0
Truck125515,351.0
Truck125533,308.0
Truck125527,324.0
Truck125509,370.0
Truck125535,310.0
Truck125544,290.0
Truck125541,307.0
Truck125543,307.0
Truck125550,290.0
Truck125528,346.0
Truck125549,300.0
Truck125552,290.0
Truck125518,382.0
Truck125556,290.0
Truck125557,290.0
Truck125545,327.0
Truck125517,399.0
Truck125521,390.0
Truck125540,342.0
Truck125530,376.0
Truck125537,361.0
Truck125511,429.0
Truck125525,397.0
Truck125555,324.0
Truck125548,340.0
Truck125568,290.0
Truck125526,396.0
Truck125561,311.0
Truck125562,309.0
Truck125542,360.0
Truck125571,290.0
Truck125572,290.0
Truck125546,358.0
Truck125547,359.0
Truck125574,290.0
Truck125532,398.0
Truck125563,323.0
Truck125577,290.0
Truck125578,290.0
Truck125558,342.0
Truck125573,308.0
Truck125553,360.0
Truck125580,290.0
Truck125554,356.0
Truck125579,300.0
Truck125584,290.0
Truck125589,290.0
Truck125590,290.0
Truck125569,347.0
Truck125593,290.0
Truck125567,356.0
Truck125566,359.0
Truck125586,309.0
Truck125594,290.0
Truck125595,290.0
Truck125565,366.0
Truck125560,380.0
Truck125596,290.0
Truck125591,306.0
Truck125576,345.0
Truck125592,308.0
Truck125599,300.0
Truck125602,290.0
Truck125570,374.0
Truck125605,290.0
Truck125575,368.0
Truck125606,290.0
Truck125607,290.0
Truck125609,290.0
Truck125597,321.0
Truck125611,290.0
Truck125585,356.0
Truck125600,316.0
Truck125612,290.0
Truck125613,290.0
Truck125581,372.0
Truck125615,290.0
Truck125603,322.0
Truck125616,290.0
Truck125617,290.0
Truck125551,457.0
Truck125539,491.0
Truck125582,383.0
Truck125621,290.0
Truck125598,348.0
Truck125583,391.0
Truck125608,327.0
Truck125588,379.0
Truck125628,290.0
Truck125631,290.0
Truck125564,457.0
Truck125626,302.0
Truck125601,368.0
Truck125627,308.0
Truck125587,409.0
Truck125635,290.0
Truck125559,484.0
Truck125638,290.0
Truck125639,290.0
Truck125640,290.0
Truck125623,339.0
Truck125637,309.0
Truck125644,290.0
Truck125619,359.0
Truck125622,349.0
Truck125632,326.0
Truck125604,400.0
Truck125649,290.0
Truck125651,290.0
Truck125646,303.0
Truck125618,375.0
Truck125624,360.0
Truck125652,290.0
Truck125634,337.0
Truck125643,319.0
Truck125654,290.0
Truck125655,290.0
Truck125658,290.0
Truck125636,347.0
Truck125629,369.0
Truck125641,339.0
Truck125661,290.0
Truck125648,321.0
Truck125650,318.0
Truck125656,303.0
Truck125645,339.0
Truck125664,290.0
Truck125666,290.0
Truck125630,381.0
Truck125662,304.0
Truck125665,301.0
Truck125663,307.0
Truck125671,290.0
Truck125610,444.0
Truck125669,303.0
Truck125674,290.0
Truck125667,313.0
Truck125677,290.0
Truck125614,446.0
Truck125642,376.0
Truck125653,351.0
Truck125673,302.0
Truck125647,368.0
Truck125672,306.0
Truck125683,290.0
Truck125685,290.0
Truck125633,421.0
Truck125620,452.0
Truck125670,327.0
Truck125657,364.0
Truck125680,305.0
Truck125686,290.0
Truck125687,290.0
Truck125678,311.0
Truck125679,311.0
Truck125688,290.0
Truck125691,290.0
Truck125625,457.0
Truck125676,328.0
Truck125659,375.0
Truck125692,290.0
Truck125681,326.0
Truck125696,290.0
Truck125697,290.0
Truck125684,322.0
Truck125675,350.0
Truck125682,333.0
Truck125700,290.0
Truck125701,290.0
Truck125702,290.0
Truck125703,290.0
Truck125668,383.0
Truck125693,324.0
Truck125706,290.0
Truck125690,341.0
Truck125712,290.0
Truck125713,290.0
Truck125694,336.0
Truck125707,307.0
Truck125714,290.0
Truck125715,290.0
Truck125710,301.0
Truck125699,339.0
Truck125719,290.0
Truck125722,290.0
Truck125709,327.0
Truck125695,364.0
Truck125725,290.0
Truck125711,326.0
Truck125689,382.0
Truck125718,308.0
Truck125727,290.0
Truck125705,346.0
Truck125698,362.0
Truck125717,318.0
Truck125721,308.0
Truck125723,303.0
Truck125728,290.0
Truck125660,461.0
Truck125704,351.0
Truck125731,290.0
Truck125720,317.0
Truck125733,290.0
Truck125716,331.0
Truck125730,304.0
Truck125729,313.0
Truck125739,290.0
Truck125740,290.0
Truck125735,308.0
Truck125736,305.0
Truck125744,290.0
Truck125724,343.0
Truck125747,290.0
Truck125749,290.0
Truck125732,334.0
Truck125737,324.0
Truck125745,305.0
Truck125742,313.0
Truck125748,306.0
Truck125734,342.0
Truck125708,410.0
Truck125750,307.0
Truck125741,350.0
Truck125752,320.0
Truck125765,290.0
Truck125758,307.0
Truck125743,348.0
Truck125767,290.0
Truck125755,324.0
Truck125769,290.0
Truck125756,324.0
Truck125766,300.0
Truck125754,332.0
Truck125757,331.0
Truck125761,324.0
Truck125774,290.0
Truck125775,290.0
Truck125738,385.0
Truck125776,290.0
Truck125779,290.0
Truck125780,290.0
Truck125759,347.0
Truck125751,370.0
Truck125760,345.0
Truck125764,335.0
Truck125777,306.0
Truck125763,345.0
Truck125785,290.0
Truck125786,290.0
Truck125772,327.0
Truck125788,290.0
Truck125789,290.0
Truck125753,382.0
Truck125768,342.0
Truck125773,333.0
Truck125791,290.0
Truck125726,453.0
Truck125792,290.0
Truck125782,316.0
Truck125762,369.0
Truck125794,290.0
Truck125784,317.0
Truck125797,290.0
Truck125778,349.0
Truck125802,290.0
Truck125770,379.0
Truck125806,290.0
Truck125783,351.0
Truck125808,290.0
Truck125810,290.0
Truck125798,321.0
Truck125795,332.0
Truck125812,290.0
Truck125813,290.0
Truck125781,377.0
Truck125787,363.0
Truck125809,309.0
Truck125817,290.0
Truck125796,341.0
Truck125803,327.0
Truck125790,359.0
Truck125801,339.0
Truck125821,290.0
Truck125822,290.0
Truck125815,311.0
Truck125824,290.0
Truck125825,290.0
Truck125799,356.0
Truck125807,336.0
Truck125818,306.0
Truck125811,327.0
Truck125826,290.0
Truck125827,290.0
Truck125829,290.0
Truck125771,443.0
Truck125832,290.0
Truck125833,290.0
Truck125820,323.0
Truck125828,305.0
Truck125834,290.0
Truck125835,290.0
Truck125831,305.0
Truck125836,290.0
Truck125814,347.0
Truck125837,305.0
Truck125842,290.0
Truck125843,290.0
Truck125838,303.0
Truck125844,290.0
Truck125845,290.0
Truck125746,536.0
Truck125846,290.0
Truck125849,290.0
Truck125850,290.0
Truck125816,381.0
Truck125804,414.0
Truck125854,290.0
Truck125848,306.0
Truck125800,429.0
Truck125856,290.0
Truck125840,331.0
Truck125793,452.0
Truck125819,389.0
Truck125852,305.0
Truck125823,385.0
Truck125839,345.0
Truck125857,300.0
Truck125861,290.0
Truck125830,366.0
Truck125865,290.0
Truck125853,323.0
Truck125858,310.0
Truck125859,311.0
Truck125841,357.0
Truck125860,307.0
Truck125868,290.0
Truck125869,290.0
Truck125871,290.0
Truck125851,341.0
Truck125866,303.0
Truck125864,311.0
Truck125863,317.0
Truck125875,290.0
Truck125877,290.0
Truck125862,327.0
Truck125872,306.0
Truck125805,479.0
Truck125880,290.0
Truck125881,290.0
Truck125882,290.0
Truck125883,290.0
Truck125885,290.0
Truck125870,330.0
Truck125867,347.0
Truck125890,290.0
Truck125891,290.0
Truck125884,308.0
Truck125847,404.0
Truck125892,290.0
Truck125888,301.0
Truck125855,387.0
Truck125873,345.0
Truck125895,290.0
Truck125874,342.0
Truck125897,290.0
Truck125876,348.0
Truck125879,348.0
Truck125878,349.0
Truck125887,330.0
Truck125899,303.0
Truck125905,290.0
Truck125896,315.0
Truck125906,290.0
Truck125902,304.0
Truck125910,290.0
Truck125907,303.0
Truck125886,355.0
Truck125912,290.0
Truck125913,290.0
Truck125914,290.0
Truck125915,290.0
Truck125898,334.0
Truck125916,290.0
Truck125917,290.0
Truck125901,334.0
Truck125918,290.0
Truck125900,339.0
Truck125909,320.0
Truck125920,290.0
Truck125922,290.0
Truck125908,330.0
Truck125924,290.0
Truck125894,367.0
Truck125926,290.0
Truck125904,350.0
Truck125929,290.0
Truck125927,302.0
Truck125933,290.0
Truck125911,349.0
Truck125934,290.0
Truck125935,290.0
Truck125930,304.0
Truck125939,290.0
Truck125932,308.0
Truck125940,290.0
Truck125941,290.0
Truck125943,290.0
Truck125919,352.0
Truck125937,308.0
Truck125944,290.0
Truck125925,344.0
Truck125938,309.0
Truck125931,331.0
Truck125903,405.0
Truck125948,290.0
Truck125936,326.0
Truck125952,290.0
Truck125953,290.0
Truck125921,376.0
Truck125928,360.0
Truck125942,328.0
Truck125951,309.0
Truck125954,305.0
Truck125893,464.0
Truck125962,290.0
Truck125963,290.0
Truck125955,311.0
Truck125947,332.0
Truck125950,324.0
Truck125964,290.0
Truck125965,290.0
Truck125967,290.0
Truck125946,343.0
Truck125970,290.0
Truck125959,324.0
Truck125945,363.0
Truck125966,308.0
Truck125923,420.0
Truck125968,309.0
Truck125977,290.0
Truck125949,364.0
Truck125978,290.0
Truck125960,337.0
Truck125961,341.0
Truck125974,308.0
Truck125979,301.0
Truck125980,304.0
Truck125889,535.0
Truck125986,290.0
Truck125987,290.0
Truck125982,301.0
Truck125983,304.0
Truck125989,290.0
Truck125969,345.0
Truck125984,305.0
Truck125991,290.0
Truck125971,344.0
Truck125992,290.0
Truck125994,290.0
Truck125996,290.0
Truck125956,400.0
Truck126001,290.0
Truck125957,401.0
Truck125993,314.0
Truck126003,290.0
Truck125973,374.0
Truck126002,300.0
Truck126006,290.0
Truck125997,319.0
Truck126005,300.0
Truck126008,290.0
Truck125998,320.0
Truck125988,346.0
Truck126007,302.0
Truck126012,290.0
Truck126013,290.0
Truck125985,361.0
Truck126014,290.0
Truck125981,379.0
Truck125976,390.0
Truck126010,305.0
Truck126017,290.0
Truck126018,290.0
Truck126004,326.0
Truck125958,444.0
Truck126020,290.0
Truck126011,316.0
Truck126016,303.0
Truck126023,290.0
Truck126025,290.0
Truck126015,318.0
Truck126026,290.0
Truck126029,290.0
Truck126031,290.0
Truck126009,347.0
Truck126024,314.0
Truck126028,305.0
Truck125999,383.0
Truck126036,290.0
Truck126038,290.0
Truck126040,290.0
Truck126041,290.0
Truck125990,418.0
Truck125995,409.0
Truck126042,290.0
Truck126027,331.0
Truck126022,343.0
Truck126046,290.0
Truck126047,290.0
Truck126032,330.0
Truck126048,290.0
Truck126049,290.0
Truck126033,334.0
Truck126030,340.0
Truck126034,330.0
Truck126019,372.0
Truck125972,491.0
Truck126000,421.0
Truck126054,290.0
Truck126055,290.0
Truck125975,492.0
Truck126050,303.0
Truck126037,340.0
Truck126057,290.0
Truck126052,303.0
Truck126039,339.0
Truck126044,326.0
Truck126043,333.0
Truck126060,290.0
Truck126061,290.0
Truck126056,306.0
Truck126067,290.0
Truck126068,290.0
Truck126069,290.0
Truck126059,316.0
Truck126065,304.0
Truck126071,290.0
Truck126064,307.0
Truck126066,303.0
Truck126073,290.0
Truck126051,346.0
Truck126074,290.0
Truck126021,427.0
Truck126035,392.0
Truck126077,290.0
Truck126045,374.0
Truck126080,290.0
Truck126072,312.0
Truck126058,349.0
Truck126081,301.0
Truck126085,300.0
Truck126082,306.0
Truck126084,303.0
Truck126053,387.0
Truck126063,364.0
Truck126092,290.0
Truck126089,307.0
Truck126091,305.0
Truck126075,347.0
Truck126087,319.0
Truck126099,290.0
Truck126078,345.0
Truck126100,290.0
Truck126101,290.0
Truck126095,309.0
Truck126096,306.0
Truck126105,290.0
Truck126062,398.0
Truck126102,300.0
Truck126107,290.0
Truck126083,360.0
Truck126090,340.0
Truck126110,290.0
Truck126079,375.0
Truck126106,305.0
Truck126112,290.0
Truck126098,330.0
Truck126114,290.0
Truck126115,290.0
Truck126094,345.0
Truck126116,290.0
Truck126117,290.0
Truck126103,330.0
Truck126119,290.0
Truck126113,306.0
Truck126121,290.0
Truck126122,290.0
Truck126109,331.0
Truck126120,302.0
Truck126104,349.0
Truck126128,290.0
Truck126132,290.0
Truck126129,302.0
Truck126093,395.0
Truck126134,290.0
Truck126070,451.0
Truck126126,314.0
Truck126118,337.0
Truck126139,290.0
Truck126108,367.0
Truck126140,290.0
Truck126143,290.0
Truck126097,409.0
Truck126137,312.0
Truck126123,348.0
Truck126131,329.0
Truck126133,325.0
Truck126125,349.0
Truck126148,290.0
Truck126149,290.0
Truck126111,388.0
Truck126142,314.0
Truck126086,456.0
Truck126154,290.0
Truck126150,301.0
Truck126130,353.0
Truck126135,343.0
Truck126138,335.0
Truck126141,334.0
Truck126159,290.0
Truck126152,307.0
Truck126160,290.0
Truck126145,331.0
Truck126076,505.0
Truck126157,308.0
Truck126144,339.0
Truck126088,482.0
Truck126151,330.0
Truck126156,317.0
Truck126127,396.0
Truck126167,300.0
Truck126170,290.0
Truck126171,290.0
Truck126161,318.0
Truck126163,316.0
Truck126162,320.0
Truck126175,290.0
Truck126153,346.0
Truck126177,290.0
Truck126136,392.0
Truck126164,329.0
Truck126158,345.0
Truck126165,330.0
Truck126180,290.0
Truck126181,290.0
Truck126174,306.0
Truck126176,314.0
Truck126186,290.0
Truck126155,373.0
Truck126147,394.0
Truck126182,308.0
Truck126191,290.0
Truck126193,290.0
Truck126166,358.0
Truck126197,290.0
Truck126192,302.0
Truck126178,339.0
Truck126199,290.0
Truck126201,290.0
Truck126169,371.0
Truck126146,433.0
Truck126189,328.0
Truck126188,329.0
Truck126204,290.0
Truck126205,290.0
Truck126206,290.0
Truck126172,376.0
Truck126202,303.0
Truck126124,500.0
Truck126179,373.0
Truck126212,290.0
Truck126213,290.0
Truck126215,290.0
Truck126185,370.0
Truck126217,290.0
Truck126210,308.0
Truck126211,308.0
Truck126218,290.0
Truck126168,418.0
Truck126198,343.0
Truck126221,290.0
Truck126207,327.0
Truck126183,388.0
Truck126194,359.0
Truck126214,309.0
Truck126216,305.0
Truck126209,329.0
Truck126225,290.0
Truck126203,346.0
Truck126196,369.0
Truck126228,290.0
Truck126208,345.0
Truck126230,290.0
Truck126200,367.0
Truck126220,318.0
Truck126227,303.0
Truck126232,290.0
Truck126235,290.0
Truck126229,308.0
Truck126195,394.0
Truck126226,315.0
Truck126173,451.0
Truck126233,303.0
Truck126238,290.0
Truck126240,290.0
Truck126223,345.0
Truck126245,290.0
Truck126236,315.0
Truck126247,290.0
Truck126224,348.0
Truck126239,314.0
Truck126187,446.0
Truck126222,356.0
Truck126237,325.0
Truck126250,290.0
Truck126251,290.0
Truck126244,306.0
Truck126252,290.0
Truck126231,346.0
Truck126254,290.0
Truck126241,327.0
Truck126256,290.0
Truck126259,290.0
Truck126257,301.0
Truck126262,290.0
Truck126263,290.0
Truck126234,362.0
Truck126260,300.0
Truck126255,316.0
Truck126258,306.0
Truck126242,348.0
Truck126184,496.0
Truck126268,290.0
Truck126246,347.0
Truck126265,305.0
Truck126271,290.0
Truck126272,290.0
Truck126273,290.0
Truck126253,342.0
Truck126190,499.0
Truck126266,310.0
Truck126274,290.0
Truck126278,290.0
Truck126279,290.0
Truck126275,302.0
Truck126269,318.0
Truck126277,302.0
Truck126248,375.0
Truck126283,290.0
Truck126243,393.0
Truck126284,290.0
Truck126285,290.0
Truck126219,460.0
Truck126276,316.0
Truck126280,313.0
Truck126291,290.0
Truck126286,301.0
Truck126267,353.0
Truck126292,290.0
Truck126249,402.0
Truck126294,290.0
Truck126295,290.0
Truck126297,290.0
Truck126288,312.0
Truck126300,290.0
Truck126289,324.0
Truck126302,290.0
Truck126270,376.0
Truck126281,351.0
Truck126299,308.0
Truck126306,290.0
Truck126290,334.0
Truck126264,400.0
Truck126308,290.0
Truck126312,290.0
Truck126293,342.0
Truck126309,302.0
Truck126305,313.0
Truck126314,290.0
Truck126315,290.0
Truck126311,303.0
Truck126316,290.0
Truck126318,290.0
Truck126319,290.0
Truck126320,290.0
Truck126287,382.0
Truck126324,290.0
Truck126321,303.0
Truck126326,290.0
Truck126327,290.0
Truck126323,301.0
Truck126304,347.0
Truck126310,335.0
Truck126317,320.0
Truck126329,290.0
Truck126313,331.0
Truck126325,303.0
Truck126261,465.0
Truck126301,365.0
Truck126330,290.0
Truck126282,413.0
Truck126332,290.0
Truck126333,290.0
Truck126298,379.0
Truck126328,305.0
Truck126334,290.0
Truck126337,290.0
Truck126338,290.0
Truck126339,290.0
Truck126341,290.0
Truck126303,389.0
Truck126322,345.0
Truck126345,290.0
Truck126342,300.0
Truck126331,332.0
Truck126348,290.0
Truck126349,290.0
Truck126307,396.0
Truck126350,290.0
Truck126353,290.0
Truck126335,336.0
Truck126296,433.0
Truck126354,290.0
Truck126356,290.0
Truck126336,345.0
Truck126358,290.0
Truck126359,290.0
Truck126360,290.0
Truck126347,326.0
Truck126362,290.0
Truck126364,290.0
Truck126340,361.0
Truck126371,290.0
Truck126355,335.0
Truck126361,320.0
Truck126367,305.0
Truck126372,290.0
Truck126374,290.0
Truck126375,290.0
Truck126376,290.0
Truck126357,341.0
Truck126373,302.0
Truck126378,290.0
Truck126377,299.0
Truck126343,386.0
Truck126363,336.0
Truck126370,316.0
Truck126382,290.0
Truck126383,290.0
Truck126384,290.0
Truck126346,389.0
Truck126366,342.0
Truck126365,349.0
Truck126388,290.0
Truck126368,343.0
Truck126369,344.0
Truck126391,290.0
Truck126352,386.0
Truck126392,290.0
Truck126393,290.0
Truck126395,290.0
Truck126396,290.0
Truck126379,337.0
Truck126398,290.0
Truck126385,327.0
Truck126401,290.0
Truck126380,341.0
Truck126386,328.0
Truck126394,308.0
Truck126351,420.0
Truck126403,290.0
Truck126405,290.0
Truck126381,352.0
Truck126390,330.0
Truck126407,290.0
Truck126387,342.0
Truck126389,339.0
Truck126408,290.0
Truck126399,320.0
Truck126344,456.0
Truck126402,316.0
Truck126415,290.0
Truck126417,290.0
Truck126414,300.0
Truck126419,290.0
Truck126421,290.0
Truck126411,319.0
Truck126400,349.0
Truck126424,290.0
Truck126425,290.0
Truck126418,308.0
Truck126427,290.0
Truck126420,315.0
Truck126431,290.0
Truck126406,355.0
Truck126429,300.0
Truck126412,342.0
Truck126434,290.0
Truck126410,355.0
Truck126433,300.0
Truck126428,317.0
Truck126432,307.0
Truck126409,370.0
Truck126440,290.0
Truck126441,290.0
Truck126435,306.0
Truck126422,339.0
Truck126442,290.0
Truck126423,345.0
Truck126426,335.0
Truck126416,369.0
Truck126436,322.0
Truck126447,304.0
Truck126452,290.0
Truck126443,317.0
Truck126455,290.0
Truck126437,339.0
Truck126451,304.0
Truck126448,310.0
Truck126459,290.0
Truck126454,303.0
Truck126449,320.0
Truck126439,346.0
Truck126438,353.0
Truck126457,309.0
Truck126465,290.0
Truck126413,427.0
Truck126450,333.0
Truck126460,309.0
Truck126469,290.0
Truck126446,346.0
Truck126453,331.0
Truck126471,290.0
Truck126430,391.0
Truck126397,477.0
Truck126472,290.0
Truck126467,310.0
Truck126458,333.0
Truck126464,318.0
Truck126476,290.0
Truck126477,290.0
Truck126462,332.0
Truck126461,341.0
Truck126483,290.0
Truck126479,301.0
Truck126478,303.0
Truck126484,290.0
Truck126404,492.0
Truck126487,290.0
Truck126456,367.0
Truck126488,290.0
Truck126489,290.0
Truck126491,290.0
Truck126468,347.0
Truck126485,307.0
Truck126493,290.0
Truck126480,321.0
Truck126495,290.0
Truck126463,372.0
Truck126466,367.0
Truck126498,290.0
Truck126499,290.0
Truck126475,352.0
Truck126470,363.0
Truck126482,337.0
Truck126445,433.0
Truck126502,290.0
Truck126444,437.0
Truck126497,307.0
Truck126505,290.0
Truck126506,290.0
Truck126474,379.0
Truck126513,290.0
Truck126501,324.0
Truck126494,340.0
Truck126508,310.0
Truck126503,326.0
Truck126486,369.0
Truck126521,290.0
Truck126515,307.0
Truck126492,366.0
Truck126516,307.0
Truck126490,373.0
Truck126518,303.0
Truck126524,290.0
Truck126525,290.0
Truck126473,421.0
Truck126519,307.0
Truck126507,338.0
Truck126500,359.0
Truck126529,290.0
Truck126496,375.0
Truck126526,305.0
Truck126527,305.0
Truck126532,290.0
Truck126511,349.0
Truck126509,355.0
Truck126534,290.0
Truck126535,290.0
Truck126514,341.0
Truck126530,302.0
Truck126520,328.0
Truck126510,357.0
Truck126512,354.0
Truck126517,344.0
Truck126481,435.0
Truck126538,290.0
Truck126539,290.0
Truck126540,290.0
Truck126531,318.0
Truck126528,325.0
Truck126547,290.0
Truck126549,290.0
Truck126537,327.0
Truck126552,290.0
Truck126555,290.0
Truck126548,306.0
Truck126556,290.0
Truck126553,305.0
Truck126559,290.0
Truck126536,349.0
Truck126560,290.0
Truck126554,312.0
Truck126544,340.0
Truck126558,307.0
Truck126566,290.0
Truck126568,290.0
Truck126550,337.0
Truck126551,338.0
Truck126570,290.0
Truck126543,362.0
Truck126504,465.0
Truck126542,370.0
Truck126523,421.0
Truck126557,338.0
Truck126579,290.0
Truck126541,390.0
Truck126580,290.0
Truck126581,290.0
Truck126563,336.0
Truck126567,326.0
Truck126522,438.0
Truck126583,290.0
Truck126585,290.0
Truck126545,394.0
Truck126564,344.0
Truck126575,324.0
Truck126588,290.0
Truck126571,341.0
Truck126584,307.0
Truck126562,363.0
Truck126592,290.0
Truck126596,290.0
Truck126597,290.0
Truck126574,347.0
Truck126598,290.0
Truck126595,303.0
Truck126546,425.0
Truck126602,290.0
Truck126725,290.0
Truck126726,290.0
Truck126727,290.0
Truck126729,290.0
Truck126732,290.0
Truck126731,303.0
Truck126733,300.0
Truck126736,290.0
Truck126728,311.0
Truck126734,301.0
Truck126735,305.0
Truck126741,290.0
Truck126739,301.0
Truck126744,290.0
Truck126747,290.0
Truck126724,346.0
Truck126737,317.0
Truck126742,303.0
Truck126748,290.0
Truck126720,365.0
Truck126721,369.0
Truck126753,290.0
Truck126730,348.0
Truck126754,290.0
Truck126722,371.0
Truck126756,290.0
Truck126759,290.0
Truck126755,303.0
Truck126761,290.0
Truck126749,321.0
Truck126738,347.0
Truck126750,318.0
Truck126762,290.0
Truck126763,290.0
Truck126757,306.0
Truck126764,290.0
Truck126723,399.0
Truck126752,324.0
Truck126766,290.0
Truck126767,290.0
Truck126768,290.0
Truck126769,290.0
Truck126760,311.0
Truck126765,307.0
Truck126740,368.0
Truck126758,325.0
Truck126772,290.0
Truck126773,290.0
Truck126745,361.0
Truck126751,352.0
Truck126777,290.0
Truck126779,290.0
Truck126771,314.0
Truck126775,305.0
Truck126770,317.0
Truck126783,290.0
Truck126781,299.0
Truck126784,290.0
Truck126778,307.0
Truck126786,290.0
Truck126787,290.0
Truck126789,290.0
Truck126785,307.0
Truck126782,313.0
Truck126746,404.0
Truck126795,290.0
Truck126774,341.0
Truck126791,302.0
Truck126788,308.0
Truck126780,331.0
Truck126790,307.0
Truck126799,290.0
Truck126792,307.0
Truck126800,290.0
Truck126743,439.0
Truck126802,290.0
Truck126805,290.0
Truck126806,290.0
Truck126807,290.0
Truck126803,303.0
Truck126809,290.0
Truck126810,290.0
Truck126804,309.0
Truck126798,330.0
Truck126814,290.0
Truck126801,327.0
Truck126813,305.0
Truck126820,290.0
Truck126797,353.0
Truck126808,325.0
Truck126796,358.0
Truck126824,290.0
Truck126825,290.0
Truck126793,377.0
Truck126811,335.0
Truck126830,290.0
Truck126831,290.0
Truck126827,305.0
Truck126832,290.0
Truck126833,290.0
Truck126823,318.0
Truck126826,308.0
Truck126822,320.0
Truck126834,290.0
Truck126838,290.0
Truck126815,353.0
Truck126819,343.0
Truck126840,290.0
Truck126776,451.0
Truck126816,354.0
Truck126842,290.0
Truck126812,368.0
Truck126847,290.0
Truck126794,421.0
Truck126851,290.0
Truck126828,347.0
Truck126843,314.0
Truck126839,327.0
Truck126849,308.0
Truck126841,330.0
Truck126857,290.0
Truck126844,325.0
Truck126859,290.0
Truck126836,348.0
Truck126853,308.0
Truck126845,329.0
Truck126829,370.0
Truck126818,398.0
Truck126854,313.0
Truck126817,409.0
Truck126856,309.0
Truck126858,305.0
Truck126864,290.0
Truck126865,290.0
Truck126861,301.0
Truck126821,403.0
Truck126866,290.0
Truck126868,290.0
Truck126870,290.0
Truck126872,290.0
Truck126873,290.0
Truck126852,344.0
Truck126846,360.0
Truck126850,350.0
Truck126874,290.0
Truck126835,393.0
Truck126860,329.0
Truck126876,290.0
Truck126877,290.0
Truck126878,290.0
Truck126879,290.0
Truck126881,290.0
Truck126862,336.0
Truck126883,290.0
Truck126867,333.0
Truck126886,290.0
Truck126880,306.0
Truck126871,333.0
Truck126888,290.0
Truck126885,304.0
Truck126890,290.0
Truck126891,290.0
Truck126863,365.0
Truck126892,290.0
Truck126893,290.0
Truck126848,404.0
Truck126895,290.0
Truck126889,307.0
Truck126837,441.0
Truck126884,321.0
Truck126887,316.0
Truck126896,305.0
Truck126875,362.0
Truck126882,349.0
Truck126906,290.0
Truck126907,290.0
Truck126902,305.0
Truck126908,290.0
Truck126905,301.0
Truck126869,392.0
Truck126903,307.0
Truck126897,323.0
Truck126910,290.0
Truck126900,318.0
Truck126904,313.0
Truck126914,290.0
Truck126915,290.0
Truck126917,290.0
Truck126918,290.0
Truck126919,290.0
Truck126855,453.0
Truck126913,308.0
Truck126920,290.0
Truck126921,290.0
Truck126912,313.0
Truck126923,290.0
Truck126916,306.0
Truck126924,290.0
Truck126909,342.0
Truck126927,304.0
Truck126928,300.0
Truck126925,314.0
Truck126935,290.0
Truck126930,315.0
Truck126943,290.0
Truck126911,373.0
Truck126922,343.0
Truck126938,304.0
Truck126932,320.0
Truck126940,300.0
Truck126939,310.0
Truck126946,290.0
Truck126947,290.0
Truck126926,351.0
Truck126933,336.0
Truck126944,306.0
Truck126894,434.0
Truck126937,330.0
Truck126952,290.0
Truck126936,334.0
Truck126901,425.0
Truck126955,290.0
Truck126956,290.0
Truck126931,360.0
Truck126958,290.0
Truck126959,290.0
Truck126961,290.0
Truck126898,447.0
Truck126964,290.0
Truck126899,456.0
Truck126945,343.0
Truck126948,334.0
Truck126951,329.0
Truck126966,290.0
Truck126967,290.0
Truck126953,327.0
Truck126954,324.0
Truck126960,309.0
Truck126969,290.0
Truck126970,290.0
Truck126971,290.0
Truck126929,398.0
Truck126950,345.0
Truck126972,290.0
Truck126973,290.0
Truck126974,290.0
Truck126975,290.0
Truck126976,290.0
Truck126977,290.0
Truck126963,329.0
Truck126979,290.0
Truck126957,348.0
Truck126942,384.0
Truck126968,323.0
Truck126962,339.0
Truck126982,290.0
Truck126984,290.0
Truck126987,290.0
Truck126980,308.0
Truck126988,290.0
Truck126989,290.0
Truck126985,301.0
Truck126991,290.0
Truck126941,420.0
Truck126993,290.0
Truck126994,290.0
Truck126995,290.0
Truck126978,332.0
Truck126965,368.0
Truck126986,313.0
Truck126934,445.0
Truck126996,290.0
Truck126997,290.0
Truck126949,416.0
Truck126992,309.0
Truck127001,290.0
Truck126990,316.0
Truck127003,290.0
Truck126999,305.0
Truck127006,290.0
Truck126983,351.0
Truck127002,301.0
Truck127008,290.0
Truck127007,302.0
Truck127012,290.0
Truck127013,290.0
Truck127009,302.0
Truck127014,290.0
Truck127018,290.0
Truck127019,290.0
Truck127020,290.0
Truck127021,290.0
Truck127010,316.0
Truck127023,290.0
Truck127017,306.0
Truck127025,290.0
Truck127004,345.0
Truck127027,290.0
Truck127028,290.0
Truck127029,290.0
Truck126981,415.0
Truck127015,333.0
Truck127033,290.0
Truck127030,300.0
Truck127022,323.0
Truck127031,303.0
Truck127037,290.0
Truck127038,290.0
Truck127039,290.0
Truck127011,363.0
Truck127035,303.0
Truck127000,392.0
Truck127024,335.0
Truck127043,290.0
Truck127044,290.0
Truck127046,290.0
Truck127026,343.0
Truck127041,314.0
Truck127040,317.0
Truck127049,299.0
Truck127032,340.0
Truck127053,290.0
Truck127036,331.0
Truck127034,340.0
Truck127016,387.0
Truck127051,303.0
Truck127056,290.0
Truck127050,307.0
Truck127042,328.0
Truck127045,329.0
Truck127054,305.0
Truck127005,431.0
Truck127058,300.0
Truck127062,290.0
Truck127052,316.0
Truck127064,290.0
Truck127065,290.0
Truck127067,290.0
Truck127055,323.0
Truck127061,309.0
Truck127070,290.0
Truck127074,290.0
Truck127071,304.0
Truck127059,339.0
Truck127072,304.0
Truck127078,290.0
Truck127073,307.0
Truck127057,350.0
Truck127048,377.0
Truck127085,290.0
Truck127077,314.0
Truck127080,304.0
Truck127086,290.0
Truck126998,512.0
Truck127075,324.0
Truck127089,290.0
Truck127084,309.0
Truck127082,318.0
Truck127088,305.0
Truck127076,336.0
Truck127097,290.0
Truck127090,309.0
Truck127099,290.0
Truck127066,373.0
Truck127100,290.0
Truck127101,290.0
Truck127093,314.0
Truck127103,290.0
Truck127087,333.0
Truck127096,308.0
Truck127081,349.0
Truck127095,314.0
Truck127105,290.0
Truck127106,290.0
Truck127107,290.0
Truck127083,353.0
Truck127109,290.0
Truck127102,308.0
Truck127063,410.0
Truck127110,290.0
Truck127047,451.0
Truck127092,337.0
Truck127060,419.0
Truck127112,290.0
Truck127111,302.0
Truck127116,290.0
Truck127113,303.0
Truck127119,290.0
Truck127098,345.0
Truck127120,290.0
Truck127121,290.0
Truck127068,423.0
Truck127069,423.0
Truck127122,290.0
Truck127123,290.0
Truck127124,290.0
Truck127094,368.0
Truck127118,309.0
Truck127108,350.0
Truck127134,290.0
Truck127135,290.0
Truck127104,372.0
Truck127131,308.0
Truck127126,319.0
Truck127130,313.0
Truck127136,299.0
Truck127133,310.0
Truck127140,290.0
Truck127141,290.0
Truck127115,359.0
Truck127142,290.0
Truck127079,452.0
Truck127127,332.0
Truck127129,328.0
Truck127137,309.0
Truck127139,310.0
Truck127147,290.0
Truck127146,299.0
Truck127150,290.0
Truck127151,290.0
Truck127125,357.0
Truck127143,313.0
Truck127144,308.0
Truck127145,309.0
Truck127152,290.0
Truck127154,290.0
Truck127132,346.0
Truck127138,332.0
Truck127156,290.0
Truck127117,394.0
Truck127161,290.0
Truck127157,308.0
Truck127164,290.0
Truck127165,290.0
Truck127159,306.0
Truck127091,478.0
Truck127153,323.0
Truck127155,318.0
Truck127149,335.0
Truck127167,290.0
Truck127168,290.0
Truck127169,290.0
Truck127171,290.0
Truck127160,321.0
Truck127175,290.0
Truck127163,323.0
Truck127176,290.0
Truck127114,447.0
Truck127178,290.0
Truck127179,290.0
Truck127166,322.0
Truck127162,339.0
Truck127177,304.0
Truck127183,290.0
Truck127148,376.0
Truck127128,433.0
Truck127182,303.0
Truck127181,309.0
Truck127188,290.0
Truck127189,290.0
Truck127158,370.0
Truck127191,290.0
Truck127184,307.0
Truck127192,290.0
Truck127195,290.0
Truck127197,290.0
Truck127193,303.0
Truck127173,358.0
Truck127174,355.0
Truck127180,340.0
Truck127200,290.0
Truck127201,290.0
Truck127202,290.0
Truck127203,290.0
Truck127187,335.0
Truck127199,308.0
Truck127209,290.0
Truck127186,347.0
Truck127170,388.0
Truck127190,339.0
Truck127207,300.0
Truck127212,290.0
Truck127213,290.0
Truck127214,290.0
Truck127215,290.0
Truck127194,343.0
Truck127217,290.0
Truck127218,290.0
Truck127219,290.0
Truck127196,346.0
Truck127220,290.0
Truck127204,338.0
Truck127227,290.0
Truck127208,340.0
Truck127229,290.0
Truck127206,348.0
Truck127224,303.0
Truck127205,354.0
Truck127230,290.0
Truck127231,290.0
Truck127226,303.0
Truck127234,290.0
Truck127235,290.0
Truck127216,338.0
Truck127172,450.0
Truck127232,301.0
Truck127185,422.0
Truck127211,359.0
Truck127239,290.0
Truck127221,345.0
Truck127233,319.0
Truck127223,345.0
Truck127244,290.0
Truck127245,290.0
Truck127242,300.0
Truck127249,290.0
Truck127210,390.0
Truck127250,290.0
Truck127222,361.0
Truck127253,290.0
Truck127237,331.0
Truck127255,290.0
Truck127243,323.0
Truck127241,329.0
Truck127256,290.0
Truck127198,439.0
Truck127236,345.0
Truck127259,290.0
Truck127260,290.0
Truck127261,290.0
Truck127238,346.0
Truck127228,372.0
Truck127258,304.0
Truck127225,391.0
Truck127246,336.0
Truck127247,336.0
Truck127263,299.0
Truck127266,290.0
Truck127267,290.0
Truck127252,327.0
Truck127240,368.0
Truck127254,333.0
Truck127265,309.0
Truck127275,290.0
Truck127276,290.0
Truck127277,290.0
Truck127278,290.0
Truck127279,290.0
Truck127281,290.0
Truck127283,290.0
Truck127264,339.0
Truck127273,320.0
Truck127251,378.0
Truck127287,290.0
Truck127271,335.0
Truck127288,290.0
Truck127291,290.0
Truck127262,366.0
Truck127295,290.0
Truck127290,305.0
Truck127296,290.0
Truck127297,290.0
Truck127292,303.0
Truck127293,303.0
Truck127274,349.0
Truck127257,399.0
Truck127301,290.0
Truck127272,366.0
Truck127284,340.0
Truck127298,305.0
Truck127304,290.0
Truck127286,337.0
Truck127306,290.0
Truck127309,290.0
Truck127270,387.0
Truck127248,445.0
Truck127269,395.0
Truck127307,303.0
Truck127312,290.0
Truck127313,290.0
Truck127300,322.0
Truck127285,364.0
Truck127314,290.0
Truck127302,321.0
Truck127318,290.0
Truck127289,368.0
Truck127319,300.0
Truck127323,290.0
Truck127308,328.0
Truck127315,315.0
Truck127324,290.0
Truck127316,312.0
Truck127294,369.0
Truck127322,300.0
Truck127329,290.0
Truck127268,441.0
Truck127299,373.0
Truck127303,365.0
Truck127332,290.0
Truck127334,290.0
Truck127280,426.0
Truck127317,340.0
Truck127336,290.0
Truck127310,357.0
Truck127331,308.0
Truck127339,290.0
Truck127320,337.0
Truck127327,325.0
Truck127341,290.0
Truck127326,327.0
Truck127282,439.0
Truck127342,290.0
Truck127338,301.0
Truck127337,307.0
Truck127321,350.0
Truck127344,290.0
Truck127347,290.0
Truck127325,347.0
Truck127305,398.0
Truck127340,308.0
Truck127330,335.0
Truck127350,290.0
Truck127351,290.0
Truck127345,306.0
Truck127352,290.0
Truck127349,305.0
Truck127311,404.0
Truck127357,290.0
Truck127358,290.0
Truck127359,290.0
Truck127346,325.0
Truck127335,361.0
Truck127354,316.0
Truck127343,348.0
Truck127368,290.0
Truck127348,341.0
Truck127366,301.0
Truck127367,304.0
Truck127373,290.0
Truck127361,321.0
Truck127364,317.0
Truck127365,317.0
Truck127333,398.0
Truck127356,340.0
Truck127377,290.0
Truck127328,412.0
Truck127378,290.0
Truck127379,290.0
Truck127370,312.0
Truck127363,335.0
Truck127375,307.0
Truck127360,345.0
Truck127382,290.0
Truck127383,290.0
Truck127376,307.0
Truck127384,290.0
Truck127380,301.0
Truck127353,373.0
Truck127387,290.0
Truck127372,331.0
Truck127391,290.0
Truck127371,344.0
Truck127392,290.0
Truck127393,290.0
Truck127362,367.0
Truck127394,290.0
Truck127399,290.0
Truck127390,313.0
Truck127381,339.0
Truck127400,290.0
Truck127397,305.0
Truck127402,290.0
Truck127403,290.0
Truck127385,339.0
Truck127401,300.0
Truck127386,338.0
Truck127374,369.0
Truck127396,315.0
Truck127407,290.0
Truck127408,290.0
Truck127405,302.0
Truck127388,343.0
Truck127389,343.0
Truck127413,290.0
Truck127415,290.0
Truck127417,290.0
Truck127395,347.0
Truck127398,337.0
Truck127369,413.0
Truck127355,451.0
Truck127412,308.0
Truck127421,290.0
Truck127416,303.0
Truck127423,290.0
Truck127409,326.0
Truck127411,324.0
Truck127426,290.0
Truck127427,290.0
Truck127414,325.0
Truck127428,290.0
Truck127406,347.0
Truck127422,315.0
Truck127424,310.0
Truck127434,290.0
Truck127435,290.0
Truck127404,369.0
Truck127430,306.0
Truck127418,338.0
Truck127431,309.0
Truck127433,306.0
Truck127432,307.0
Truck127440,290.0
Truck127429,321.0
Truck127410,368.0
Truck127439,299.0
Truck127442,290.0
Truck127443,290.0
Truck127445,290.0
Truck127438,306.0
Truck127446,290.0
Truck127437,320.0
Truck127420,365.0
Truck127447,303.0
Truck127452,290.0
Truck127453,290.0
Truck127456,290.0
Truck127459,290.0
Truck127460,290.0
Truck127462,290.0
Truck127425,386.0
Truck127436,358.0
Truck127465,290.0
Truck127444,344.0
Truck127466,290.0
Truck127449,336.0
Truck127468,290.0
Truck127469,290.0
Truck127455,328.0
Truck127451,342.0
Truck127448,349.0
Truck127472,290.0
Truck127475,290.0
Truck127467,311.0
Truck127471,301.0
Truck127473,300.0
Truck127476,290.0
Truck127477,290.0
Truck127458,340.0
Truck127478,290.0
Truck127481,290.0
Truck127441,396.0
Truck127419,452.0
Truck127461,349.0
Truck127486,290.0
Truck127454,377.0
Truck127463,359.0
Truck127491,290.0
Truck127487,302.0
Truck127485,311.0
Truck127470,347.0
Truck127474,338.0
Truck127495,290.0
Truck127488,308.0
Truck127490,305.0
Truck127498,290.0
Truck127499,290.0
Truck127500,290.0
Truck127464,381.0
Truck127484,333.0
Truck127480,346.0
Truck127504,290.0
Truck127505,290.0
Truck127492,323.0
Truck127494,319.0
Truck127507,290.0
Truck127496,321.0
Truck127489,343.0
Truck127511,290.0
Truck127501,316.0
Truck127502,315.0
Truck127513,290.0
Truck127509,305.0
Truck127483,371.0
Truck127517,290.0
Truck127493,353.0
Truck127512,304.0
Truck127510,310.0
Truck127518,290.0
Truck127508,316.0
Truck127482,386.0
Truck127503,339.0
Truck127515,309.0
Truck127523,290.0
Truck127506,336.0
Truck127522,303.0
Truck127516,319.0
Truck127528,290.0
Truck127525,302.0
Truck127532,290.0
Truck127497,382.0
Truck127514,338.0
Truck127529,303.0
Truck127534,290.0
Truck127527,314.0
Truck127537,290.0
Truck127530,306.0
Truck127538,290.0
Truck127539,290.0
Truck127541,290.0
Truck127519,348.0
Truck127533,313.0
Truck127542,290.0
Truck127543,300.0
Truck127524,346.0
Truck127450,535.0
Truck127548,290.0
Truck127549,290.0
Truck127526,347.0
Truck127531,337.0
Truck127551,290.0
Truck127553,290.0
Truck127536,332.0
Truck127547,307.0
Truck127554,290.0
Truck127546,319.0
Truck127558,290.0
Truck127521,386.0
Truck127520,387.0
Truck127544,329.0
Truck127555,307.0
Truck127557,305.0
Truck127563,290.0
Truck127556,307.0
Truck127545,339.0
Truck127552,322.0
Truck127559,308.0
Truck127560,303.0
Truck127566,290.0
Truck127567,290.0
Truck127540,357.0
Truck127457,569.0
Truck127568,290.0
Truck127562,306.0
Truck127570,290.0
Truck127572,290.0
Truck127573,290.0
Truck127569,301.0
Truck127561,329.0
Truck127577,290.0
Truck127535,397.0
Truck127550,357.0
Truck127579,290.0
Truck127585,290.0
Truck127586,290.0
Truck127580,308.0
Truck127565,351.0
Truck127479,575.0
Truck127571,348.0
Truck127574,340.0
Truck127595,290.0
Truck127582,323.0
Truck127596,290.0
Truck127588,311.0
Truck127592,301.0
Truck127599,290.0
Truck127578,344.0
Truck127600,290.0
Truck127576,354.0
Truck127575,360.0
Truck127587,330.0
Truck127597,309.0
Truck127583,345.0
Truck127604,290.0
Truck127598,306.0
Truck127601,301.0
Truck127564,392.0
Truck127606,290.0
Truck127608,290.0
Truck127593,333.0
Truck127611,290.0
Truck127590,345.0
Truck127612,290.0
Truck127613,290.0
Truck127594,339.0
Truck127589,363.0
Truck127609,315.0
Truck127615,300.0
Truck127619,290.0
Truck127581,389.0
Truck127620,290.0
Truck127614,307.0
Truck127602,339.0
Truck127623,290.0
Truck127624,290.0
Truck127625,290.0
Truck127605,342.0
Truck127629,290.0
Truck127631,290.0
Truck127632,290.0
Truck127584,412.0
Truck127616,333.0
Truck127627,309.0
Truck127603,370.0
Truck127618,335.0
Truck127636,290.0
Truck127637,290.0
Truck127630,309.0
Truck127628,322.0
Truck127633,314.0
Truck127642,290.0
Truck127621,347.0
Truck127644,290.0
Truck127617,361.0
Truck127641,305.0
Truck127646,290.0
Truck127649,290.0
Truck127639,320.0
Truck127651,290.0
Truck127640,320.0
Truck127652,290.0
Truck127645,313.0
Truck127650,300.0
Truck127654,290.0
Truck127622,371.0
Truck127638,332.0
Truck127657,290.0
Truck127607,418.0
Truck127635,348.0
Truck127647,318.0
Truck127659,290.0
Truck127648,320.0
Truck127660,290.0
Truck127661,290.0
Truck127664,290.0
Truck127665,290.0
Truck127610,428.0
Truck127658,309.0
Truck127591,480.0
Truck127666,290.0
Truck127667,290.0
Truck127663,301.0
Truck127662,302.0
Truck127669,290.0
Truck127626,399.0
Truck127670,290.0
Truck127653,340.0
Truck127668,306.0
Truck127671,302.0
Truck127676,290.0
Truck127674,306.0
Truck127656,353.0
Truck127655,362.0
Truck127643,393.0
Truck127684,290.0
Truck127675,317.0
Truck127679,309.0
Truck127687,290.0
Truck127681,309.0
Truck127688,290.0
Truck127690,290.0
Truck127672,338.0
Truck127673,345.0
Truck127634,449.0
Truck127695,300.0
Truck127685,327.0
Truck127699,300.0
Truck127702,290.0
Truck127682,343.0
Truck127686,335.0
Truck127698,305.0
Truck127704,290.0
Truck127705,290.0
Truck127706,290.0
Truck127707,290.0
Truck127678,361.0
Truck127708,290.0
Truck127709,290.0
Truck127693,335.0
Truck127710,290.0
Truck127691,344.0
Truck127689,350.0
Truck127692,340.0
Truck127712,290.0
Truck127680,371.0
Truck127703,323.0
Truck127717,290.0
Truck127683,380.0
Truck127714,306.0
Truck127700,343.0
Truck127722,290.0
Truck127718,303.0
Truck127694,364.0
Truck127725,290.0
Truck127696,365.0
Truck127727,290.0
Truck127720,310.0
Truck127731,290.0
Truck127732,290.0
Truck127713,344.0
Truck127711,350.0
Truck127734,290.0
Truck127729,307.0
Truck127736,290.0
Truck127726,320.0
Truck127716,355.0
Truck127723,340.0
Truck127743,290.0
Truck127701,401.0
Truck127719,356.0
Truck127740,305.0
Truck127746,290.0
Truck127721,356.0
Truck127677,470.0
Truck127728,340.0
Truck127749,290.0
Truck127742,308.0
Truck127745,305.0
Truck127741,316.0
Truck127744,308.0
Truck127733,348.0
Truck127748,308.0
Truck127756,290.0
Truck127757,290.0
Truck127758,290.0
Truck127715,403.0
Truck127752,308.0
Truck127760,290.0
Truck127761,290.0
Truck127759,300.0
Truck127750,323.0
Truck127765,290.0
Truck127735,366.0
Truck127767,290.0
Truck127762,304.0
Truck127768,290.0
Truck127747,346.0
Truck127697,476.0
Truck127739,371.0
Truck127763,311.0
Truck127751,343.0
Truck127773,290.0
Truck127738,380.0
Truck127764,318.0
Truck127755,345.0
Truck127754,348.0
Truck127778,290.0
Truck127779,290.0
Truck127772,308.0
Truck127780,290.0
Truck127775,306.0
Truck127724,432.0
Truck127782,290.0
Truck127783,290.0
Truck127737,406.0
Truck127776,307.0
Truck127784,290.0
Truck127785,290.0
Truck127787,290.0
Truck127788,290.0
Truck127791,290.0
Truck127770,341.0
Truck127792,290.0
Truck127793,290.0
Truck127774,339.0
Truck127794,290.0
Truck127795,290.0
Truck127753,397.0
Truck127766,364.0
Truck127797,290.0
Truck127777,344.0
Truck127771,363.0
Truck127769,370.0
Truck127801,290.0
Truck127781,344.0
Truck127803,290.0
Truck127799,301.0
Truck127796,309.0
Truck127786,335.0
Truck127805,290.0
Truck127790,326.0
Truck127798,308.0
Truck127808,290.0
Truck127809,290.0
Truck127804,301.0
Truck127810,290.0
Truck127806,302.0
Truck127812,290.0
Truck127815,290.0
Truck127817,290.0
Truck127813,301.0
Truck127814,300.0
Truck127818,290.0
Truck127821,290.0
Truck127811,318.0
Truck127819,300.0
Truck127823,290.0
Truck127824,290.0
Truck127825,290.0
Truck127802,349.0
Truck127807,340.0
Truck127820,305.0
Truck127827,290.0
Truck127830,290.0
Truck127730,541.0
Truck127828,302.0
Truck127800,377.0
Truck127836,290.0
Truck127829,315.0
Truck127838,290.0
Truck127840,290.0
Truck127832,312.0
Truck127839,300.0
Truck127826,331.0
Truck127844,290.0
Truck127845,290.0
Truck127847,290.0
Truck127846,301.0
Truck127833,340.0
Truck127853,290.0
Truck127848,304.0
Truck127831,350.0
Truck127855,290.0
Truck127850,301.0
Truck127835,345.0
Truck127841,330.0
Truck127856,290.0
Truck127822,379.0
Truck127854,300.0
Truck127860,290.0
Truck127861,290.0
Truck127843,343.0
Truck127865,290.0
Truck127789,484.0
Truck127868,290.0
Truck127869,290.0
Truck127870,290.0
Truck127871,290.0
Truck127816,427.0
Truck127837,380.0
Truck127873,290.0
Truck127864,313.0
Truck127851,349.0
Truck127863,320.0
Truck127874,290.0
Truck127875,290.0
Truck127852,346.0
Truck127834,392.0
Truck127842,372.0
Truck127859,335.0
Truck127879,290.0
Truck127867,324.0
Truck127872,309.0
Truck127858,346.0
Truck127862,339.0
Truck127882,290.0
Truck127887,290.0
Truck127883,303.0
Truck127884,300.0
Truck127885,307.0
Truck127886,302.0
Truck127893,290.0
Truck127866,362.0
Truck127876,344.0
Truck127901,290.0
Truck127896,301.0
Truck127849,423.0
Truck127881,344.0
Truck127905,290.0
Truck127891,327.0
Truck127878,358.0
Truck127903,301.0
Truck127900,308.0
Truck127889,341.0
Truck127857,424.0
Truck127910,290.0
Truck127912,290.0
Truck127895,336.0
Truck127890,347.0
Truck127907,311.0
Truck127899,335.0
Truck127904,320.0
Truck127913,301.0
Truck127892,357.0
Truck127914,303.0
Truck127921,290.0
Truck127898,346.0
Truck127888,376.0
Truck127919,303.0
Truck127928,290.0
Truck127906,346.0
Truck127917,323.0
Truck127924,304.0
Truck127931,290.0
Truck127908,347.0
Truck127925,307.0
Truck127915,335.0
Truck127918,325.0
Truck127926,307.0
Truck127934,290.0
Truck127877,436.0
Truck127916,342.0
Truck127922,329.0
Truck127938,290.0
Truck127941,290.0
Truck127920,342.0
Truck127943,290.0
Truck127945,290.0
Truck127932,323.0
Truck127946,290.0
Truck127929,337.0
Truck127940,307.0
Truck127880,458.0
Truck127927,344.0
Truck127937,319.0
Truck127923,355.0
Truck127948,290.0
Truck127951,290.0
Truck127930,341.0
Truck127897,428.0
Truck127894,434.0
Truck127953,290.0
Truck127935,336.0
Truck127942,317.0
Truck127954,290.0
Truck127950,301.0
Truck127909,409.0
Truck127944,326.0
Truck127939,343.0
Truck127956,302.0
Truck127963,290.0
Truck127947,331.0
Truck127958,301.0
Truck127949,330.0
Truck127902,446.0
Truck127966,290.0
Truck127933,377.0
Truck127965,302.0
Truck127973,290.0
Truck127975,290.0
Truck127969,306.0
Truck127968,308.0
Truck127977,290.0
Truck127960,333.0
Truck127961,334.0
Truck127970,314.0
Truck127959,345.0
Truck127980,290.0
Truck127982,290.0
Truck127985,290.0
Truck127911,476.0
Truck127962,347.0
Truck127936,415.0
Truck127981,309.0
Truck127983,305.0
Truck127988,290.0
Truck127957,372.0
Truck127984,305.0
Truck127990,290.0
Truck127991,290.0
Truck127964,358.0
Truck127974,338.0
Truck127976,335.0
Truck127995,290.0
Truck127967,363.0
Truck127996,290.0
Truck127997,290.0
Truck127952,402.0
Truck127989,312.0
Truck127986,319.0
Truck127992,305.0
Truck127998,290.0
Truck127999,290.0
Truck127955,404.0
Truck128000,290.0
Truck128001,290.0
Truck127979,348.0
Truck127987,328.0
Truck128003,290.0
Truck128009,290.0
Truck127993,332.0
Truck127972,383.0
Truck128005,304.0
Truck128006,301.0
Truck128007,302.0
Truck128012,290.0
Truck128014,290.0
Truck128004,316.0
Truck127994,344.0
Truck128008,309.0
Truck128016,290.0
Truck128017,290.0
Truck128019,290.0
Truck128021,290.0
Truck128011,319.0
Truck128024,290.0
Truck128025,290.0
Truck128020,303.0
Truck128027,290.0
Truck128002,355.0
Truck128028,290.0
Truck128029,290.0
Truck127971,436.0
Truck127978,417.0
Truck128030,290.0
Truck128026,304.0
Truck128034,290.0
Truck128010,355.0
Truck128036,290.0
Truck128037,290.0
Truck128038,290.0
Truck128039,290.0
Truck128023,335.0
Truck128043,290.0
Truck128044,290.0
Truck128013,375.0
Truck128047,290.0
Truck128041,307.0
Truck128049,290.0
Truck128050,290.0
Truck128051,290.0
Truck128053,290.0
Truck128022,370.0
Truck128054,290.0
Truck128055,290.0
Truck128040,329.0
Truck128056,290.0
Truck128032,353.0
Truck128058,290.0
Truck128060,290.0
Truck128061,290.0
Truck128062,290.0
Truck128046,332.0
Truck128018,404.0
Truck128042,350.0
Truck128066,290.0
Truck128045,347.0
Truck128057,321.0
Truck128065,306.0
Truck128072,290.0
Truck128073,290.0
Truck128074,290.0
Truck128075,290.0
Truck128077,290.0
Truck128078,290.0
Truck128031,412.0
Truck128069,319.0
Truck128068,320.0
Truck128080,290.0
Truck128070,318.0
Truck128082,290.0
Truck128079,301.0
Truck128067,333.0
Truck128085,290.0
Truck128035,418.0
Truck128086,290.0
Truck128015,471.0
Truck128088,290.0
Truck128087,301.0
Truck128084,313.0
Truck128094,290.0
Truck128095,290.0
Truck128052,399.0
Truck128096,290.0
Truck128098,290.0
Truck128099,290.0
Truck128092,307.0
Truck128071,363.0
Truck128100,290.0
Truck128064,382.0
Truck128081,344.0
Truck128104,290.0
Truck128105,290.0
Truck128063,400.0
Truck128059,413.0
Truck128033,479.0
Truck128108,290.0
Truck128089,343.0
Truck128103,313.0
Truck128048,450.0
Truck128091,345.0
Truck128112,290.0
Truck128076,382.0
Truck128114,290.0
Truck128116,290.0
Truck128117,290.0
Truck128111,308.0
Truck128118,290.0
Truck128093,360.0
Truck128124,290.0
Truck128126,290.0
Truck128129,290.0
Truck128125,303.0
Truck128109,344.0
Truck128119,330.0
Truck128135,290.0
Truck128136,290.0
Truck128097,393.0
Truck128110,360.0
Truck128123,335.0
Truck128140,290.0
Truck128122,337.0
Truck128142,290.0
Truck128143,290.0
Truck128130,324.0
Truck128133,320.0
Truck128145,290.0
Truck128132,321.0
Truck128139,309.0
Truck128121,355.0
Truck128147,290.0
Truck128120,357.0
Truck128113,379.0
Truck128148,290.0
Truck128150,290.0
Truck128152,290.0
Truck128153,290.0
Truck128107,407.0
Truck128141,322.0
Truck128154,290.0
Truck128115,392.0
Truck128157,290.0
Truck128138,336.0
Truck128090,460.0
Truck128149,321.0
Truck128162,290.0
Truck128083,491.0
Truck128151,323.0
Truck128164,290.0
Truck128146,337.0
Truck128156,312.0
Truck128128,385.0
Truck128160,308.0
Truck128106,444.0
Truck128131,384.0
Truck128158,315.0
Truck128168,290.0
Truck128159,316.0
Truck128127,400.0
Truck128137,377.0
Truck128172,290.0
Truck128173,290.0
Truck128144,363.0
Truck128101,479.0
Truck128181,290.0
Truck128102,488.0
Truck128169,324.0
Truck128183,290.0
Truck128184,290.0
Truck128185,290.0
Truck128170,327.0
Truck128165,345.0
Truck128187,290.0
Truck128167,341.0
Truck128176,317.0
Truck128188,290.0
Truck128189,290.0
Truck128166,351.0
Truck128174,331.0
Truck128163,362.0
Truck128177,328.0
Truck128180,318.0
Truck128161,370.0
Truck128171,347.0
Truck128178,334.0
Truck128196,290.0
Truck128134,450.0
Truck128186,321.0
Truck128192,308.0
Truck128193,308.0
Truck128175,360.0
Truck128182,342.0
Truck128199,304.0
Truck128204,290.0
Truck128205,290.0
Truck128206,290.0
Truck128202,301.0
Truck128210,290.0
Truck128155,433.0
Truck128179,374.0
Truck128212,290.0
Truck128214,290.0
Truck128215,290.0
Truck128201,326.0
Truck128216,290.0
Truck128217,290.0
Truck128211,307.0
Truck128195,348.0
Truck128213,309.0
Truck128198,345.0
Truck128191,368.0
Truck128203,339.0
Truck128221,302.0
Truck128207,344.0
Truck128228,290.0
Truck128230,290.0
Truck128209,348.0
Truck128227,308.0
Truck128219,330.0
Truck128234,290.0
Truck128235,290.0
Truck128236,290.0
Truck128194,396.0
Truck128231,310.0
Truck128239,290.0
Truck128224,330.0
Truck128241,290.0
Truck128238,299.0
Truck128222,340.0
Truck128242,290.0
Truck128245,290.0
Truck128233,323.0
Truck128226,342.0
Truck128218,365.0
Truck128248,290.0
Truck128251,290.0
Truck128252,290.0
Truck128253,290.0
Truck128190,447.0
Truck128240,324.0
Truck128229,355.0
Truck128247,310.0
Truck128197,437.0
Truck128244,318.0
Truck128256,290.0
Truck128257,290.0
Truck128220,381.0
Truck128258,290.0
Truck128243,331.0
Truck128237,348.0
Truck128262,290.0
Truck128249,326.0
Truck128259,302.0
Truck128265,290.0
Truck128266,290.0
Truck128232,378.0
Truck128268,290.0
Truck128269,290.0
Truck128208,441.0
Truck128250,339.0
Truck128200,467.0
Truck128225,408.0
Truck128272,290.0
Truck128273,290.0
Truck128255,340.0
Truck128270,300.0
Truck128274,290.0
Truck128275,290.0
Truck128246,366.0
Truck128223,429.0
Truck128267,319.0
Truck128278,290.0
Truck128280,290.0
Truck128263,337.0
Truck128260,343.0
Truck128271,322.0
Truck128284,290.0
Truck128264,343.0
Truck128287,290.0
Truck128288,290.0
Truck128291,290.0
Truck128254,383.0
Truck128261,368.0
Truck128292,290.0
Truck128293,290.0
Truck128294,290.0
Truck128295,290.0
Truck128289,306.0
Truck128297,290.0
Truck128285,324.0
Truck128299,290.0
Truck128301,290.0
Truck128303,290.0
Truck128281,346.0
Truck128298,305.0
Truck128279,360.0
Truck128307,290.0
Truck128286,345.0
Truck128311,290.0
Truck128304,309.0
Truck128315,290.0
Truck128316,290.0
Truck128306,316.0
Truck128300,335.0
Truck128318,290.0
Truck128313,306.0
Truck128296,347.0
Truck128302,333.0
Truck128308,318.0
Truck128322,290.0
Truck128310,325.0
Truck128320,300.0
Truck128325,290.0
Truck128321,304.0
Truck128326,290.0
Truck128327,290.0
Truck128276,419.0
Truck128323,305.0
Truck128329,290.0
Truck128319,316.0
Truck128314,327.0
Truck128290,390.0
Truck128330,290.0
Truck128332,290.0
Truck128333,290.0
Truck128283,419.0
Truck128277,435.0
Truck128334,290.0
Truck128335,290.0
Truck128336,290.0
Truck128340,290.0
Truck128342,290.0
Truck128282,441.0
Truck128345,290.0
Truck128339,307.0
Truck128348,290.0
Truck128344,305.0
Truck128351,290.0
Truck128343,313.0
Truck128347,304.0
Truck128352,290.0
Truck128353,290.0
Truck128331,349.0
Truck128305,418.0
Truck128324,370.0
Truck128309,414.0
Truck128317,396.0
Truck128312,407.0
Truck128361,290.0
Truck128358,300.0
Truck128362,290.0
Truck128363,290.0
Truck128355,311.0
Truck128359,304.0
Truck128366,290.0
Truck128367,290.0
Truck128350,331.0
Truck128349,338.0
Truck128370,290.0
Truck128364,306.0
Truck128369,300.0
Truck128328,404.0
Truck128354,339.0
Truck128375,290.0
Truck128376,290.0
Truck128368,313.0
Truck128379,290.0
Truck128337,396.0
Truck128380,290.0
Truck128381,290.0
Truck128371,318.0
Truck128357,356.0
Truck128360,353.0
Truck128386,290.0
Truck128387,290.0
Truck128338,414.0
Truck128377,319.0
Truck128388,290.0
Truck128356,372.0
Truck128373,334.0
Truck128391,290.0
Truck128393,290.0
Truck128378,329.0
Truck128384,315.0
Truck128394,290.0
Truck128395,290.0
Truck128397,290.0
Truck128392,308.0
Truck128400,290.0
Truck128385,332.0
Truck128396,307.0
Truck128404,290.0
Truck128405,290.0
Truck128407,290.0
Truck128401,306.0
Truck128346,445.0
Truck128410,290.0
Truck128411,290.0
Truck128382,364.0
Truck128372,390.0
Truck128415,290.0
Truck128390,352.0
Truck128402,325.0
Truck128383,377.0
Truck128403,327.0
Truck128413,304.0
Truck128414,303.0
Truck128420,290.0
Truck128421,290.0
Truck128412,312.0
Truck128416,305.0
Truck128409,327.0
Truck128424,290.0
Truck128389,389.0
Truck128428,290.0
Truck128429,290.0
Truck128422,306.0
Truck128423,306.0
Truck128406,348.0
Truck128418,320.0
Truck128431,290.0
Truck128425,308.0
Truck128419,330.0
Truck128436,290.0
Truck128417,342.0
Truck128365,475.0
Truck128435,302.0
Truck128426,328.0
Truck128437,305.0
Truck128443,290.0
Truck128430,321.0
Truck128432,317.0
Truck128434,313.0
Truck128444,290.0
Truck128446,290.0
Truck128447,290.0
Truck128399,415.0
Truck128450,290.0
Truck128398,422.0
Truck128453,290.0
Truck128433,341.0
Truck128454,290.0
Truck128374,491.0
Truck128449,306.0
Truck128457,290.0
Truck128459,290.0
Truck128448,318.0
Truck128452,309.0
Truck128455,305.0
Truck128462,290.0
Truck128451,325.0
Truck128464,290.0
Truck128465,290.0
Truck128427,389.0
Truck128439,359.0
Truck128341,605.0
Truck128445,346.0
Truck128461,306.0
Truck128468,290.0
Truck128469,290.0
Truck128440,362.0
Truck128456,330.0
Truck128472,290.0
Truck128473,290.0
Truck128442,370.0
Truck128474,290.0
Truck128458,333.0
Truck128478,290.0
Truck128479,290.0
Truck128480,290.0
Truck128481,290.0
Truck128482,290.0
Truck128471,321.0
Truck128484,290.0
Truck128485,290.0
Truck128441,401.0
Truck128486,290.0
Truck128476,316.0
Truck128460,365.0
Truck128490,290.0
Truck128408,496.0
Truck128438,422.0
Truck128493,290.0
Truck128483,317.0
Truck128495,290.0
Truck128489,309.0
Truck128496,290.0
Truck128487,316.0
Truck128466,369.0
Truck128498,290.0
Truck128499,290.0
Truck128500,290.0
Truck128501,290.0
Truck128467,379.0
Truck128504,290.0
Truck128491,328.0
Truck128488,336.0
Truck128492,328.0
Truck128509,290.0
Truck128470,386.0
Truck128477,372.0
Truck128507,300.0
Truck128512,290.0
Truck128513,290.0
Truck128514,290.0
Truck128515,290.0
Truck128516,290.0
Truck128517,290.0
Truck128511,307.0
Truck128494,348.0
Truck128510,308.0
Truck128503,337.0
Truck128508,323.0
Truck128522,290.0
Truck128497,359.0
Truck128525,290.0
Truck128518,309.0
Truck128526,290.0
Truck128521,311.0
Truck128463,457.0
Truck128524,303.0
Truck128530,290.0
Truck128531,290.0
Truck128505,359.0
Truck128529,300.0
Truck128475,440.0
Truck128502,378.0
Truck128532,305.0
Truck128523,331.0
Truck128520,345.0
Truck128539,300.0
Truck128506,381.0
Truck128533,319.0
Truck128545,290.0
Truck128547,290.0
Truck128535,330.0
Truck128551,290.0
Truck128542,312.0
Truck128546,302.0
Truck128553,290.0
Truck128554,290.0
Truck128558,290.0
Truck128549,318.0
Truck128534,355.0
Truck128556,301.0
Truck128555,308.0
Truck128541,345.0
Truck128563,290.0
Truck128544,340.0
Truck128565,290.0
Truck128537,361.0
Truck128538,356.0
Truck128560,305.0
Truck128567,290.0
Truck128568,290.0
Truck128548,342.0
Truck128570,290.0
Truck128557,328.0
Truck128575,290.0
Truck128571,301.0
Truck128528,409.0
Truck128572,300.0
Truck128576,290.0
Truck128578,290.0
Truck128574,304.0
Truck128580,290.0
Truck128559,348.0
Truck128550,371.0
Truck128552,366.0
Truck128562,344.0
Truck128585,290.0
Truck128564,341.0
Truck128566,337.0
Truck128583,301.0
Truck128581,307.0
Truck128588,290.0
Truck128569,343.0
Truck128590,290.0
Truck128587,305.0
Truck128592,290.0
Truck128593,290.0
Truck128594,290.0
Truck128596,290.0
Truck128527,469.0
Truck128519,491.0
Truck128582,331.0
Truck128543,432.0
Truck128579,342.0
Truck128600,290.0
Truck128540,443.0
Truck128589,326.0
Truck128595,315.0
Truck128573,372.0
Truck128599,308.0
Truck128603,300.0
Truck128598,313.0
Truck128608,290.0
Truck128604,303.0
Truck128597,331.0
Truck128615,290.0
Truck128577,387.0
Truck128616,290.0
Truck128617,290.0
Truck128561,432.0
Truck128618,290.0
Truck128619,290.0
Truck128606,322.0
Truck128612,307.0
Truck128622,290.0
Truck128586,382.0
Truck128624,290.0
Truck128625,290.0
Truck128613,321.0
Truck128610,329.0
Truck128591,380.0
Truck128626,290.0
Truck128605,346.0
Truck128536,518.0
Truck128623,306.0
Truck128620,315.0
Truck128630,290.0
Truck128584,407.0
Truck128633,290.0
Truck128611,348.0
Truck128634,290.0
Truck128601,385.0
Truck128638,290.0
Truck128639,290.0
Truck128641,290.0
Truck128642,290.0
Truck128643,290.0
Truck128627,331.0
Truck128614,365.0
Truck128631,326.0
Truck128640,301.0
Truck128632,323.0
Truck128647,290.0
Truck128628,339.0
Truck128621,360.0
Truck128648,290.0
Truck128649,290.0
Truck128602,407.0
Truck128635,329.0
Truck128650,290.0
Truck128651,290.0
Truck128646,302.0
Truck128657,290.0
Truck128636,343.0
Truck128607,420.0
Truck128658,290.0
Truck128637,346.0
Truck128645,326.0
Truck128652,311.0
Truck128663,290.0
Truck128664,290.0
Truck128665,290.0
Truck128655,316.0
Truck128666,290.0
Truck128661,306.0
Truck128653,328.0
Truck128656,318.0
Truck128629,389.0
Truck128668,290.0
Truck128670,290.0
Truck128644,356.0
Truck128667,303.0
Truck128672,290.0
Truck128660,337.0
Truck128659,348.0
Truck128676,303.0
Truck128682,290.0
Truck128684,290.0
Truck128685,290.0
Truck128681,304.0
Truck128687,290.0
Truck128669,338.0
Truck128680,309.0
Truck128688,290.0
Truck128662,357.0
Truck128690,290.0
Truck128654,381.0
Truck128673,336.0
Truck128695,290.0
Truck128675,346.0
Truck128691,306.0
Truck128698,290.0
Truck128609,524.0
Truck128705,290.0
Truck128678,358.0
Truck128679,358.0
Truck128707,290.0
Truck128692,327.0
Truck128703,302.0
Truck128704,300.0
Truck128708,290.0
Truck128674,376.0
Truck128683,356.0
Truck128689,344.0
Truck128696,324.0
Truck128700,314.0
Truck128701,318.0
Truck128712,290.0
Truck128702,318.0
Truck128709,306.0
Truck128717,290.0
Truck128686,366.0
Truck128694,346.0
Truck128711,308.0
Truck128715,302.0
Truck128720,290.0
Truck128721,290.0
Truck128722,290.0
Truck128716,308.0
Truck128725,290.0
Truck128710,330.0
Truck128726,290.0
Truck128693,378.0
Truck128728,290.0
Truck128729,290.0
Truck128731,290.0
Truck128671,444.0
Truck128723,314.0
Truck128732,290.0
Truck128724,312.0
Truck128727,308.0
Truck128734,290.0
Truck128735,290.0
Truck128736,290.0
Truck128737,290.0
Truck128713,353.0
Truck128718,340.0
Truck128738,290.0
Truck128739,290.0
Truck128706,377.0
Truck128742,290.0
Truck128677,460.0
Truck128744,290.0
Truck128745,290.0
Truck128714,369.0
Truck128740,308.0
Truck128733,334.0
Truck128750,290.0
Truck128751,290.0
Truck128753,290.0
Truck128730,347.0
Truck128746,309.0
Truck128743,320.0
Truck128754,290.0
Truck128755,290.0
Truck128748,306.0
Truck128749,309.0
Truck128756,290.0
Truck128757,290.0
Truck128719,387.0
Truck128759,290.0
Truck128763,290.0
Truck128697,456.0
Truck128747,337.0
Truck128699,459.0
Truck128760,304.0
Truck128767,290.0
Truck128769,290.0
Truck128770,290.0
Truck128741,366.0
Truck128752,339.0
Truck128775,290.0
Truck128771,303.0
Truck128776,290.0
Truck128782,290.0
Truck128783,290.0
Truck128784,290.0
Truck128785,290.0
Truck128761,352.0
Truck128773,322.0
Truck128778,307.0
Truck128766,339.0
Truck128779,309.0
Truck128787,290.0
Truck128765,355.0
Truck128774,330.0
Truck128790,290.0
Truck128758,372.0
Truck128777,329.0
Truck128792,290.0
Truck128788,307.0
Truck128798,290.0
Truck128794,302.0
Truck128780,338.0
Truck128801,290.0
Truck128793,311.0
Truck128802,290.0
Truck128803,290.0
Truck128786,335.0
Truck128804,290.0
Truck128800,305.0
Truck128797,320.0
Truck128809,290.0
Truck128796,322.0
Truck128789,344.0
Truck128810,290.0
Truck128764,406.0
Truck128807,301.0
Truck128812,290.0
Truck128813,290.0
Truck128791,348.0
Truck128768,405.0
Truck128814,290.0
Truck128799,331.0
Truck128806,312.0
Truck128817,290.0
Truck128811,306.0
Truck128818,290.0
Truck128819,290.0
Truck128781,386.0
Truck128815,301.0
Truck128820,290.0
Truck128805,337.0
Truck128824,290.0
Truck128762,447.0
Truck128829,290.0
Truck128772,434.0
Truck128830,290.0
Truck128831,290.0
Truck128825,307.0
Truck128808,350.0
Truck128795,390.0
Truck128834,290.0
Truck128835,290.0
Truck128836,290.0
Truck128837,290.0
Truck128827,317.0
Truck128838,290.0
Truck128828,317.0
Truck128821,340.0
Truck128833,316.0
Truck128845,290.0
Truck128847,290.0
Truck128843,302.0
Truck128822,354.0
Truck128848,290.0
Truck128844,301.0
Truck128842,307.0
Truck128816,374.0
Truck128823,360.0
Truck128852,290.0
Truck128849,306.0
Truck128826,362.0
Truck128839,338.0
Truck128859,290.0
Truck128855,304.0
Truck128846,325.0
Truck128856,300.0
Truck128861,290.0
Truck128832,362.0
Truck128850,317.0
Truck128864,290.0
Truck128854,318.0
Truck128867,290.0
Truck128863,302.0
Truck128841,358.0
Truck128862,308.0
Truck128871,290.0
Truck128873,290.0
Truck128857,332.0
Truck128858,328.0
Truck128874,290.0
Truck128876,290.0
Truck128877,290.0
Truck128868,311.0
Truck128870,307.0
Truck128866,319.0
Truck128878,290.0
Truck128881,290.0
Truck128872,311.0
Truck128882,290.0
Truck128869,329.0
Truck128884,290.0
Truck128885,290.0
Truck128887,290.0
Truck128860,356.0
Truck128851,387.0
Truck128880,314.0
Truck128840,421.0
Truck128883,319.0
Truck128895,290.0
Truck128886,312.0
Truck128890,302.0
Truck128875,346.0
Truck128879,339.0
Truck128899,290.0
Truck128891,311.0
Truck128900,290.0
Truck128904,290.0
Truck128905,290.0
Truck128901,303.0
Truck128907,290.0
Truck128865,396.0
Truck128903,301.0
Truck128888,340.0
Truck128894,325.0
Truck128906,304.0
Truck128896,331.0
Truck128908,304.0
Truck128911,304.0
Truck128897,340.0
Truck128918,290.0
Truck128919,290.0
Truck128913,306.0
Truck128915,303.0
Truck128853,460.0
Truck128921,290.0
Truck128892,371.0
Truck128889,383.0
Truck128902,350.0
Truck128912,325.0
Truck128926,290.0
Truck128922,307.0
Truck128930,290.0
Truck128909,346.0
Truck128927,305.0
Truck128928,300.0
Truck128917,331.0
Truck128916,334.0
Truck128898,380.0
Truck128924,320.0
Truck128936,290.0
Truck128920,331.0
Truck128931,309.0
Truck128938,290.0
Truck128939,290.0
Truck128910,364.0
Truck128933,309.0
Truck128940,290.0
Truck128941,290.0
Truck128937,305.0
Truck128943,290.0
Truck128945,290.0
Truck128914,369.0
Truck128947,290.0
Truck128929,338.0
Truck128942,307.0
Truck128932,337.0
Truck128935,337.0
Truck128925,369.0
Truck128957,290.0
Truck128951,307.0
Truck128953,305.0
Truck128958,290.0
Truck128961,290.0
Truck128963,290.0
Truck128959,305.0
Truck128965,290.0
Truck128923,397.0
Truck128954,317.0
Truck128948,333.0
Truck128949,333.0
Truck128968,290.0
Truck128969,290.0
Truck128962,306.0
Truck128964,301.0
Truck128893,482.0
Truck128970,290.0
Truck128944,357.0
Truck128973,290.0
Truck128967,306.0
Truck128972,302.0
Truck128981,290.0
Truck128983,290.0
Truck128952,366.0
Truck128978,304.0
Truck128984,290.0
Truck128946,386.0
Truck128966,336.0
Truck128971,328.0
Truck128989,290.0
Truck128990,290.0
Truck128991,290.0
Truck128975,333.0
Truck128987,307.0
Truck128994,290.0
Truck128950,403.0
Truck128997,290.0
Truck128980,332.0
Truck128998,290.0
Truck128960,387.0
Truck128977,349.0
Truck128985,329.0
Truck129000,290.0
Truck129002,290.0
Truck129003,290.0
Truck128976,357.0
Truck129005,290.0
Truck129006,290.0
Truck128999,312.0
Truck129001,308.0
Truck128995,326.0
Truck128996,325.0
Truck129011,290.0
Truck128955,431.0
Truck128982,364.0
Truck129007,306.0
Truck128986,359.0
Truck128956,436.0
Truck129009,306.0
Truck128992,349.0
Truck128993,353.0
Truck129019,290.0
Truck129014,305.0
Truck129015,305.0
Truck129020,290.0
Truck129022,290.0
Truck128979,402.0
Truck129017,309.0
Truck128934,516.0
Truck129021,304.0
Truck129008,335.0
Truck129027,290.0
Truck129029,290.0
Truck129024,302.0
Truck129025,307.0
Truck129010,343.0
Truck129012,338.0
Truck129032,290.0
Truck129033,290.0
Truck129035,290.0
Truck128974,442.0
Truck129026,315.0
Truck129036,290.0
Truck129037,290.0
Truck129039,290.0
Truck129040,290.0
Truck129041,290.0
Truck129004,382.0
Truck129042,290.0
Truck129043,290.0
Truck129044,290.0
Truck128988,431.0
Truck129047,290.0
Truck129023,359.0
Truck129016,379.0
Truck129031,345.0
Truck129052,290.0
Truck129013,395.0
Truck129050,302.0
Truck129049,309.0
Truck129056,290.0
Truck129038,338.0
Truck129058,290.0
Truck129059,290.0
Truck129018,394.0
Truck129057,299.0
Truck129061,290.0
Truck129051,318.0
Truck129062,290.0
Truck129034,365.0
Truck129067,290.0
Truck129048,337.0
Truck129046,346.0
Truck129070,290.0
Truck129071,290.0
Truck129028,398.0
Truck129064,309.0
Truck129072,290.0
Truck129068,302.0
Truck129063,318.0
Truck129076,290.0
Truck129030,408.0
Truck129073,303.0
Truck129055,352.0
Truck129081,290.0
Truck129053,361.0
Truck129065,336.0
Truck129085,290.0
Truck129086,290.0
Truck129074,321.0
Truck129069,338.0
Truck129088,290.0
Truck129089,290.0
Truck129077,323.0
Truck129083,309.0
Truck129078,325.0
Truck129093,290.0
Truck129080,321.0
Truck129082,319.0
Truck129066,360.0
Truck129090,306.0
Truck129098,290.0
Truck129099,290.0
Truck129091,318.0
Truck129075,359.0
Truck129103,290.0
Truck129101,303.0
Truck129108,290.0
Truck129084,352.0
Truck129113,290.0
Truck129096,332.0
Truck129105,312.0
Truck129114,290.0
Truck129115,290.0
Truck129110,301.0
Truck129087,365.0
Truck129117,290.0
Truck129045,472.0
Truck129095,348.0
Truck129097,344.0
Truck129104,324.0
Truck129118,290.0
Truck129109,320.0
Truck129121,290.0
Truck129060,441.0
Truck129122,290.0
Truck129100,350.0
Truck129106,335.0
Truck129107,337.0
Truck129119,307.0
Truck129126,290.0
Truck129127,290.0
Truck129129,290.0
Truck129125,301.0
Truck129094,377.0
Truck129102,357.0
Truck129112,332.0
Truck129079,420.0
Truck129131,290.0
Truck129124,306.0
Truck129132,290.0
Truck129092,392.0
Truck129134,290.0
Truck129054,492.0
Truck129136,290.0
Truck129133,304.0
Truck129138,290.0
Truck129139,290.0
Truck129123,334.0
Truck129141,290.0
Truck129142,290.0
Truck129120,348.0
Truck129145,290.0
Truck129111,377.0
Truck129116,364.0
Truck129143,299.0
Truck129148,290.0
Truck129151,290.0
Truck129130,342.0
Truck129152,290.0
Truck129146,308.0
Truck129154,290.0
Truck129155,290.0
Truck129128,360.0
Truck129157,290.0
Truck129140,340.0
Truck129163,290.0
Truck129165,290.0
Truck129160,304.0
Truck129167,290.0
Truck129144,347.0
Truck129169,290.0
Truck129135,379.0
Truck129171,290.0
Truck129137,385.0
Truck129174,290.0
Truck129175,290.0
Truck129150,354.0
Truck129177,290.0
Truck129179,290.0
Truck129172,306.0
Truck129162,334.0
Truck129182,290.0
Truck129173,317.0
Truck129184,290.0
Truck129185,290.0
Truck129181,303.0
Truck129176,314.0
Truck129187,290.0
Truck129178,314.0
Truck129156,373.0
Truck129192,290.0
Truck129193,290.0
Truck129147,411.0
Truck129189,307.0
Truck129188,314.0
Truck129199,290.0
Truck129153,407.0
Truck129158,393.0
Truck129194,305.0
Truck129200,290.0
Truck129201,290.0
Truck129202,290.0
Truck129191,323.0
Truck129195,313.0
Truck129204,290.0
Truck129198,307.0
Truck129183,352.0
Truck129166,393.0
Truck129208,290.0
Truck129196,323.0
Truck129205,305.0
Truck129149,450.0
Truck129209,300.0
Truck129159,426.0
Truck129215,290.0
Truck129186,362.0
Truck129217,290.0
Truck129170,407.0
Truck129219,290.0
Truck129212,306.0
Truck129213,307.0
Truck129197,350.0
Truck129221,290.0
Truck129223,290.0
Truck129180,396.0
Truck129218,301.0
Truck129225,290.0
Truck129164,441.0
Truck129226,290.0
Truck129222,303.0
Truck129228,290.0
Truck129229,290.0
Truck129161,465.0
Truck129231,290.0
Truck129203,363.0
Truck129232,290.0
Truck129234,290.0
Truck129230,302.0
Truck129216,344.0
Truck129238,290.0
Truck129239,290.0
Truck129233,308.0
Truck129241,290.0
Truck129211,367.0
Truck129242,290.0
Truck129243,290.0
Truck129220,346.0
Truck129227,332.0
Truck129244,290.0
Truck129245,290.0
Truck129237,315.0
Truck129246,290.0
Truck129248,290.0
Truck129250,290.0
Truck129190,442.0
Truck129214,390.0
Truck129256,290.0
Truck129257,290.0
Truck129240,332.0
Truck129168,513.0
Truck129236,344.0
Truck129259,290.0
Truck129255,303.0
Truck129251,316.0
Truck129262,290.0
Truck129253,318.0
Truck129264,290.0
Truck129265,290.0
Truck129207,440.0
Truck129266,290.0
Truck129268,290.0
Truck129258,316.0
Truck129224,408.0
Truck129254,338.0
Truck129269,306.0
Truck129249,358.0
Truck129276,290.0
Truck129277,290.0
Truck129206,467.0
Truck129270,308.0
Truck129235,401.0
Truck129260,336.0
Truck129210,468.0
Truck129274,309.0
Truck129247,381.0
Truck129263,341.0
Truck129278,309.0
Truck129286,290.0
Truck129288,290.0
Truck129289,290.0
Truck129283,307.0
Truck129290,290.0
Truck129291,290.0
Truck129285,308.0
Truck129279,324.0
Truck129293,290.0
Truck129272,344.0
Truck129261,381.0
Truck129287,316.0
Truck129275,348.0
Truck129292,305.0
Truck129280,341.0
Truck129267,377.0
Truck129305,290.0
Truck129301,305.0
Truck129307,290.0
Truck129297,316.0
Truck129300,307.0
Truck129296,318.0
Truck129299,313.0
Truck129308,290.0
Truck129311,290.0
Truck129284,356.0
Truck129295,332.0
Truck129312,290.0
Truck129313,290.0
Truck129314,290.0
Truck129252,446.0
Truck129316,290.0
Truck129317,290.0
Truck129281,383.0
Truck129318,290.0
Truck129320,290.0
Truck129271,416.0
Truck129306,333.0
Truck129321,305.0
Truck129282,401.0
Truck129315,325.0
Truck129325,300.0
Truck129329,290.0
Truck129323,308.0
Truck129330,290.0
Truck129331,290.0
Truck129324,309.0
Truck129327,305.0
Truck129333,290.0
Truck129303,369.0
Truck129334,290.0
Truck129335,290.0
Truck129319,335.0
Truck129336,290.0
Truck129337,290.0
Truck129340,290.0
Truck129341,290.0
Truck129298,398.0
Truck129338,300.0
Truck129326,334.0
Truck129304,391.0
Truck129322,347.0
Truck129347,290.0
Truck129348,290.0
Truck129349,290.0
Truck129345,302.0
Truck129339,319.0
Truck129351,290.0
Truck129353,290.0
Truck129273,491.0
Truck129294,438.0
Truck129355,290.0
Truck129344,320.0
Truck129356,290.0
Truck129346,320.0
Truck129359,290.0
Truck129309,417.0
Truck129352,309.0
Truck129360,290.0
Truck129361,290.0
Truck129342,338.0
Truck129363,290.0
Truck129354,311.0
Truck129358,305.0
Truck129365,290.0
Truck129302,449.0
Truck129332,375.0
Truck129367,290.0
Truck129328,388.0
Truck129368,290.0
Truck129372,290.0
Truck129373,290.0
Truck129366,307.0
Truck129374,290.0
Truck129375,290.0
Truck129377,290.0
Truck129369,311.0
Truck129343,380.0
Truck129378,290.0
Truck129379,290.0
Truck129376,301.0
Truck129364,332.0
Truck129382,290.0
Truck129350,372.0
Truck129384,290.0
Truck129310,480.0
Truck129380,311.0
Truck129371,341.0
Truck129392,290.0
Truck129393,290.0
Truck129391,299.0
Truck129394,290.0
Truck129383,327.0
Truck129398,290.0
Truck129390,313.0
Truck129400,290.0
Truck129386,331.0
Truck129381,349.0
Truck129357,412.0
Truck129389,332.0
Truck129395,317.0
Truck129406,290.0
Truck129407,290.0
Truck129402,301.0
Truck129404,310.0
Truck129413,290.0
Truck129403,317.0
Truck129414,290.0
Truck129415,290.0
Truck129401,326.0
Truck129397,339.0
Truck129410,306.0
Truck129399,337.0
Truck129409,312.0
Truck129418,290.0
Truck129419,290.0
Truck129396,346.0
Truck129420,290.0
Truck129417,304.0
Truck129425,290.0
Truck129408,331.0
Truck129416,314.0
Truck129427,290.0
Truck129362,451.0
Truck129421,308.0
Truck129423,305.0
Truck129429,290.0
Truck129388,391.0
Truck129430,290.0
Truck129411,341.0
Truck129387,405.0
Truck129432,290.0
Truck129433,290.0
Truck129370,448.0
Truck129385,419.0
Truck129436,290.0
Truck129437,290.0
Truck129438,290.0
Truck129440,290.0
Truck129426,331.0
Truck129434,315.0
Truck129445,290.0
Truck129412,371.0
Truck129446,290.0
Truck129447,290.0
Truck129431,332.0
Truck129448,290.0
Truck129449,290.0
Truck129439,317.0
Truck129444,305.0
Truck129450,290.0
Truck129452,290.0
Truck129442,319.0
Truck129455,290.0
Truck129428,357.0
Truck129456,290.0
Truck129457,290.0
Truck129435,350.0
Truck129441,336.0
Truck129461,290.0
Truck129454,306.0
Truck129459,299.0
Truck129463,290.0
Truck129467,290.0
Truck129468,290.0
Truck129405,453.0
Truck129443,358.0
Truck129424,417.0
Truck129473,301.0
Truck129471,307.0
Truck129460,333.0
Truck129451,359.0
Truck129478,290.0
Truck129479,290.0
Truck129464,326.0
Truck129475,304.0
Truck129465,330.0
Truck129480,290.0
Truck129476,305.0
Truck129601,290.0
Truck129602,290.0
Truck129604,290.0
Truck129607,290.0
Truck129609,290.0
Truck129600,311.0
Truck129605,302.0
Truck129611,290.0
Truck129608,306.0
Truck129616,290.0
Truck129617,290.0
Truck129619,290.0
Truck129610,316.0
Truck129618,302.0
Truck129625,290.0
Truck129629,290.0
Truck129622,307.0
Truck129606,349.0
Truck129613,334.0
Truck129630,290.0
Truck129627,303.0
Truck129635,290.0
Truck129614,341.0
Truck129637,290.0
Truck129623,332.0
Truck129632,307.0
Truck129626,330.0
Truck129624,340.0
Truck129644,290.0
Truck129612,371.0
Truck129634,320.0
Truck129646,290.0
Truck129647,290.0
Truck129649,290.0
Truck129631,336.0
Truck129615,379.0
Truck129650,290.0
Truck129620,366.0
Truck129633,338.0
Truck129653,290.0
Truck129621,373.0
Truck129655,290.0
Truck129638,331.0
Truck129636,337.0
Truck129603,425.0
Truck129628,360.0
Truck129658,290.0
Truck129661,290.0
Truck129657,301.0
Truck129641,344.0
Truck129663,290.0
Truck129643,342.0
Truck129645,343.0
Truck129667,290.0
Truck129642,352.0
Truck129669,290.0
Truck129670,290.0
Truck129671,290.0
Truck129665,309.0
Truck129673,290.0
Truck129672,300.0
Truck129668,311.0
Truck129654,348.0
Truck129659,340.0
Truck129679,290.0
Truck129674,301.0
Truck129660,337.0
Truck129681,290.0
Truck129651,367.0
Truck129666,329.0
Truck129683,290.0
Truck129678,303.0
Truck129677,309.0
Truck129684,290.0
Truck129675,319.0
Truck129685,308.0
Truck129687,305.0
Truck129640,422.0
Truck129695,290.0
Truck129690,303.0
Truck129696,290.0
Truck129662,376.0
Truck129699,290.0
Truck129680,338.0
Truck129682,333.0
Truck129701,290.0
Truck129697,304.0
Truck129702,290.0
Truck129703,290.0
Truck129705,290.0
Truck129676,361.0
Truck129689,333.0
Truck129688,335.0
Truck129691,331.0
Truck129692,328.0
Truck129711,290.0
Truck129648,450.0
Truck129712,290.0
Truck129713,290.0
Truck129714,290.0
Truck129715,290.0
Truck129693,346.0
Truck129717,290.0
Truck129706,316.0
Truck129639,487.0
Truck129709,314.0
Truck129719,290.0
Truck129664,427.0
Truck129720,290.0
Truck129721,290.0
Truck129704,333.0
Truck129722,290.0
Truck129652,467.0
Truck129700,352.0
Truck129716,317.0
Truck129728,290.0
Truck129729,290.0
Truck129694,379.0
Truck129730,290.0
Truck129698,371.0
Truck129708,348.0
Truck129710,346.0
Truck129727,308.0
Truck129726,313.0
Truck129707,365.0
Truck129737,290.0
Truck129723,327.0
Truck129656,496.0
Truck129724,326.0
Truck129741,290.0
Truck129725,333.0
Truck129731,323.0
Truck129745,290.0
Truck129736,315.0
Truck129746,290.0
Truck129733,328.0
Truck129738,313.0
Truck129742,304.0
Truck129749,290.0
Truck129740,312.0
Truck129735,330.0
Truck129686,452.0
Truck129739,322.0
Truck129744,307.0
Truck129753,290.0
Truck129734,342.0
Truck129757,290.0
Truck129752,301.0
Truck129758,290.0
Truck129759,290.0
Truck129760,290.0
Truck129761,290.0
Truck129763,290.0
Truck129732,367.0
Truck129764,290.0
Truck129765,290.0
Truck129767,290.0
Truck129762,304.0
Truck129768,290.0
Truck129751,344.0
Truck129773,290.0
Truck129774,290.0
Truck129766,316.0
Truck129770,307.0
Truck129778,290.0
Truck129779,290.0
Truck129747,372.0
Truck129772,308.0
Truck129780,290.0
Truck129781,290.0
Truck129782,290.0
Truck129783,290.0
Truck129754,363.0
Truck129776,308.0
Truck129784,290.0
Truck129718,458.0
Truck129786,290.0
Truck129785,305.0
Truck129756,376.0
Truck129743,412.0
Truck129789,303.0
Truck129748,404.0
Truck129769,355.0
Truck129771,351.0
Truck129775,341.0
Truck129796,290.0
Truck129791,309.0
Truck129798,290.0
Truck129799,290.0
Truck129792,306.0
Truck129755,405.0
Truck129797,300.0
Truck129801,290.0
Truck129794,307.0
Truck129795,313.0
Truck129750,426.0
Truck129806,290.0
Truck129808,290.0
Truck129787,348.0
Truck129802,310.0
Truck129810,290.0
Truck129788,347.0
Truck129812,290.0
Truck129790,349.0
Truck129805,315.0
Truck129811,301.0
Truck129816,290.0
Truck129817,299.0
Truck129821,290.0
Truck129804,335.0
Truck129809,325.0
Truck129822,290.0
Truck129777,406.0
Truck129819,303.0
Truck129825,290.0
Truck129814,317.0
Truck129826,290.0
Truck129820,308.0
Truck129829,290.0
Truck129800,361.0
Truck129813,342.0
Truck129835,290.0
Truck129793,400.0
Truck129836,290.0
Truck129837,290.0
Truck129840,290.0
Truck129841,290.0
Truck129803,388.0
Truck129843,290.0
Truck129845,290.0
Truck129839,307.0
Truck129827,344.0
Truck129849,290.0
Truck129828,344.0
Truck129838,319.0
Truck129851,290.0
Truck129844,307.0
Truck129847,304.0
Truck129832,340.0
Truck129853,290.0
Truck129823,370.0
Truck129856,290.0
Truck129831,356.0
Truck129807,419.0
Truck129848,314.0
Truck129858,290.0
Truck129861,290.0
Truck129850,316.0
Truck129863,290.0
Truck129864,290.0
Truck129865,290.0
Truck129834,366.0
Truck129867,290.0
Truck129846,341.0
Truck129859,315.0
Truck129815,427.0
Truck129862,309.0
Truck129871,290.0
Truck129833,390.0
Truck129824,414.0
Truck129857,334.0
Truck129870,301.0
Truck129830,402.0
Truck129876,290.0
Truck129878,290.0
Truck129879,290.0
Truck129872,310.0
Truck129881,290.0
Truck129842,389.0
Truck129883,290.0
Truck129860,346.0
Truck129885,290.0
Truck129886,290.0
Truck129855,372.0
Truck129854,374.0
Truck129866,346.0
Truck129873,334.0
Truck129891,290.0
Truck129869,348.0
Truck129868,350.0
Truck129875,338.0
Truck129880,324.0
Truck129894,290.0
Truck129889,306.0
Truck129818,489.0
Truck129898,290.0
Truck129892,306.0
Truck129882,333.0
Truck129884,334.0
Truck129902,290.0
Truck129903,290.0
Truck129896,307.0
Truck129897,308.0
Truck129899,305.0
Truck129904,290.0
Truck129905,290.0
Truck129887,338.0
Truck129906,290.0
Truck129907,290.0
Truck129910,290.0
Truck129890,341.0
Truck129909,299.0
Truck129893,340.0
Truck129912,290.0
Truck129914,290.0
Truck129916,290.0
Truck129877,391.0
Truck129911,306.0
Truck129888,362.0
Truck129919,290.0
Truck129915,305.0
Truck129920,290.0
Truck129895,358.0
Truck129917,305.0
Truck129922,290.0
Truck129923,290.0
Truck129918,301.0
Truck129900,350.0
Truck129925,290.0
Truck129926,290.0
Truck129927,290.0
Truck129908,336.0
Truck129901,361.0
Truck129852,484.0
Truck129931,290.0
Truck129932,290.0
Truck129921,323.0
Truck129928,305.0
Truck129934,290.0
Truck129935,290.0
Truck129936,290.0
Truck129937,290.0
Truck129913,368.0
Truck129929,328.0
Truck129938,308.0
Truck129939,308.0
Truck129933,326.0
Truck129941,306.0
Truck129924,347.0
Truck129949,290.0
Truck129942,306.0
Truck129945,301.0
Truck129951,290.0
Truck129944,308.0
Truck129930,344.0
Truck129953,290.0
Truck129948,303.0
Truck129954,290.0
Truck129874,493.0
Truck129956,290.0
Truck129957,290.0
Truck129959,290.0
Truck129940,337.0
Truck129960,290.0
Truck129962,290.0
Truck129963,290.0
Truck129943,342.0
Truck129961,305.0
Truck129946,341.0
Truck129965,300.0
Truck129968,290.0
Truck129969,290.0
Truck129950,345.0
Truck129952,340.0
Truck129966,305.0
Truck129958,329.0
Truck129974,290.0
Truck129975,290.0
Truck129981,290.0
Truck129977,305.0
Truck129983,290.0
Truck129970,321.0
Truck129980,300.0
Truck129985,290.0
Truck129973,322.0
Truck129964,349.0
Truck129972,331.0
Truck129990,290.0
Truck129991,290.0
Truck129947,404.0
Truck129978,325.0
Truck129994,290.0
Truck129995,290.0
Truck129982,325.0
Truck129996,290.0
Truck129997,290.0
Truck129955,397.0
Truck129988,315.0
Truck129998,290.0
Truck130001,290.0
Truck129979,346.0
Truck129984,333.0
Truck129987,332.0
Truck129971,375.0
Truck129986,335.0
Truck130005,290.0
Truck129992,321.0
Truck130006,290.0
Truck129967,391.0
Truck129999,312.0
Truck130000,307.0
Truck130008,290.0
Truck130015,290.0
Truck130009,308.0
Truck130007,320.0
Truck130018,290.0
Truck129989,367.0
Truck130023,290.0
Truck130003,342.0
Truck130025,290.0
Truck129993,372.0
Truck130011,327.0
Truck130017,312.0
Truck130004,344.0
Truck130020,304.0
Truck130027,290.0
Truck130028,290.0
Truck130029,290.0
Truck130019,331.0
Truck129976,437.0
Truck130037,290.0
Truck130032,301.0
Truck130014,349.0
Truck130021,335.0
Truck130038,290.0
Truck130010,361.0
Truck130024,327.0
Truck130040,290.0
Truck130041,290.0
Truck130031,316.0
Truck130034,306.0
Truck130042,290.0
Truck130002,392.0
Truck130036,309.0
Truck130012,370.0
Truck130044,290.0
Truck130045,290.0
Truck130046,290.0
Truck130030,344.0
Truck130022,367.0
Truck130054,290.0
Truck130026,364.0
Truck130048,309.0
Truck130051,304.0
Truck130035,345.0
Truck130050,305.0
Truck130057,290.0
Truck130039,344.0
Truck130052,309.0
Truck130055,306.0
Truck130016,404.0
Truck130049,332.0
Truck130053,324.0
Truck130066,290.0
Truck130062,303.0
Truck130047,346.0
Truck130063,307.0
Truck130056,323.0
Truck130070,290.0
Truck130013,439.0
Truck130074,290.0
Truck130075,290.0
Truck130068,307.0
Truck130071,304.0
Truck130076,290.0
Truck130077,290.0
Truck130043,377.0
Truck130064,324.0
Truck130069,314.0
Truck130079,290.0
Truck130033,408.0
Truck130058,346.0
Truck130083,290.0
Truck130086,290.0
Truck130087,290.0
Truck130080,306.0
Truck130073,332.0
Truck130082,307.0
Truck130090,290.0
Truck130059,371.0
Truck130067,353.0
Truck130092,290.0
Truck130093,290.0
Truck130065,365.0
Truck130099,290.0
Truck130081,340.0
Truck130100,290.0
Truck130085,333.0
Truck130091,318.0
Truck130102,290.0
Truck130103,290.0
Truck130098,304.0
Truck130104,290.0
Truck130105,290.0
Truck130072,371.0
Truck130101,301.0
Truck130106,290.0
Truck130107,290.0
Truck130095,323.0
Truck130061,412.0
Truck130111,290.0
Truck130094,335.0
Truck130096,333.0
Truck130115,290.0
Truck130088,358.0
Truck130110,305.0
Truck130108,312.0
Truck130118,290.0
Truck130121,290.0
Truck130089,372.0
Truck130117,303.0
Truck130084,385.0
Truck130123,290.0
Truck130124,290.0
Truck130122,305.0
Truck130128,290.0
Truck130130,290.0
Truck130120,319.0
Truck130114,335.0
Truck130133,290.0
Truck130116,331.0
Truck130127,307.0
Truck130134,290.0
Truck130135,290.0
Truck130109,356.0
Truck130129,307.0
Truck130137,290.0
Truck130060,485.0
Truck130138,290.0
Truck130125,327.0
Truck130126,325.0
Truck130078,447.0
Truck130132,313.0
Truck130142,290.0
Truck130144,290.0
Truck130113,372.0
Truck130140,306.0
Truck130097,418.0
Truck130148,290.0
Truck130149,290.0
Truck130152,290.0
Truck130143,319.0
Truck130154,290.0
Truck130155,290.0
Truck130146,311.0
Truck130157,290.0
Truck130136,343.0
Truck130158,290.0
Truck130159,290.0
Truck130160,290.0
Truck130150,317.0
Truck130119,399.0
Truck130162,290.0
Truck130163,290.0
Truck130139,353.0
Truck130141,348.0
Truck130147,333.0
Truck130161,301.0
Truck130168,290.0
Truck130169,290.0
Truck130156,325.0
Truck130170,290.0
Truck130171,290.0
Truck130165,307.0
Truck130172,290.0
Truck130153,347.0
Truck130176,290.0
Truck130151,364.0
Truck130175,304.0
Truck130164,332.0
Truck130166,329.0
Truck130177,305.0
Truck130183,290.0
Truck130173,316.0
Truck130180,299.0
Truck130181,300.0
Truck130167,338.0
Truck130186,290.0
Truck130131,438.0
Truck130179,319.0
Truck130190,290.0
Truck130191,290.0
Truck130184,306.0
Truck130112,489.0
Truck130145,410.0
Truck130192,290.0
Truck130193,290.0
Truck130185,316.0
Truck130178,340.0
Truck130198,290.0
Truck130199,290.0
Truck130200,290.0
Truck130202,290.0
Truck130197,306.0
Truck130189,328.0
Truck130188,330.0
Truck130205,290.0
Truck130206,290.0
Truck130207,290.0
Truck130208,290.0
Truck130195,331.0
Truck130187,352.0
Truck130212,290.0
Truck130213,290.0
Truck130216,290.0
Truck130203,326.0
Truck130214,299.0
Truck130209,320.0
Truck130220,290.0
Truck130201,341.0
Truck130223,290.0
Truck130225,290.0
Truck130215,316.0
Truck130182,397.0
Truck130218,308.0
Truck130228,290.0
Truck130196,371.0
Truck130222,307.0
Truck130224,304.0
Truck130231,290.0
Truck130217,328.0
Truck130232,290.0
Truck130233,290.0
Truck130211,346.0
Truck130210,347.0
Truck130229,305.0
Truck130174,444.0
Truck130236,290.0
Truck130237,290.0
Truck130239,290.0
Truck130227,326.0
Truck130235,309.0
Truck130243,290.0
Truck130244,290.0
Truck130245,290.0
Truck130241,304.0
Truck130238,310.0
Truck130247,290.0
Truck130234,322.0
Truck130240,308.0
Truck130249,290.0
Truck130230,339.0
Truck130242,315.0
Truck130253,290.0
Truck130221,371.0
Truck130254,290.0
Truck130255,290.0
Truck130256,290.0
Truck130226,367.0
Truck130258,290.0
Truck130259,290.0
Truck130260,290.0
Truck130246,327.0
Truck130251,328.0
Truck130204,449.0
Truck130265,300.0
Truck130269,290.0
Truck130252,332.0
Truck130250,338.0
Truck130270,290.0
Truck130271,290.0
Truck130194,485.0
Truck130272,290.0
Truck130268,304.0
Truck130274,290.0
Truck130257,339.0
Truck130277,290.0
Truck130262,329.0
Truck130279,290.0
Truck130219,441.0
Truck130267,321.0
Truck130282,290.0
Truck130261,355.0
Truck130287,290.0
Truck130264,349.0
Truck130263,356.0
Truck130281,314.0
Truck130248,395.0
Truck130273,337.0
Truck130294,290.0
Truck130295,290.0
Truck130285,316.0
Truck130276,340.0
Truck130296,290.0
Truck130292,301.0
Truck130283,327.0
Truck130291,308.0
Truck130298,290.0
Truck130288,320.0
Truck130290,315.0
Truck130300,290.0
Truck130301,290.0
Truck130297,303.0
Truck130278,349.0
Truck130302,290.0
Truck130304,290.0
Truck130266,386.0
Truck130306,290.0
Truck130284,351.0
Truck130289,342.0
Truck130313,290.0
Truck130275,389.0
Truck130314,290.0
Truck130315,290.0
Truck130286,364.0
Truck130293,349.0
Truck130310,304.0
Truck130316,290.0
Truck130317,290.0
Truck130299,337.0
Truck130319,290.0
Truck130303,331.0
Truck130312,307.0
Truck130320,290.0
Truck130280,392.0
Truck130311,317.0
Truck130305,334.0
Truck130322,290.0
Truck130323,290.0
Truck130324,290.0
Truck130325,290.0
Truck130328,290.0
Truck130309,342.0
Truck130307,349.0
Truck130330,290.0
Truck130332,290.0
Truck130337,290.0
Truck130339,290.0
Truck130329,318.0
Truck130318,344.0
Truck130334,312.0
Truck130308,378.0
Truck130344,290.0
Truck130338,306.0
Truck130335,319.0
Truck130343,302.0
Truck130342,303.0
Truck130336,321.0
Truck130347,300.0
Truck130350,290.0
Truck130351,290.0
Truck130333,337.0
Truck130352,290.0
Truck130341,322.0
Truck130331,348.0
Truck130321,374.0
Truck130346,312.0
Truck130356,290.0
Truck130357,290.0
Truck130327,370.0
Truck130340,335.0
Truck130358,290.0
Truck130359,290.0
Truck130326,375.0
Truck130360,290.0
Truck130348,337.0
Truck130368,290.0
Truck130369,290.0
Truck130362,308.0
Truck130371,290.0
Truck130367,303.0
Truck130354,335.0
Truck130372,290.0
Truck130349,355.0
Truck130370,301.0
Truck130377,290.0
Truck130366,317.0
Truck130378,290.0
Truck130379,290.0
Truck130373,306.0
Truck130363,333.0
Truck130380,290.0
Truck130381,290.0
Truck130374,308.0
Truck130361,349.0
Truck130345,390.0
Truck130364,345.0
Truck130386,290.0
Truck130389,290.0
Truck130385,302.0
Truck130382,310.0
Truck130390,290.0
Truck130388,304.0
Truck130365,366.0
Truck130355,395.0
Truck130397,290.0
Truck130353,405.0
Truck130399,290.0
Truck130392,309.0
Truck130401,290.0
Truck130402,290.0
Truck130376,360.0
Truck130404,290.0
Truck130375,368.0
Truck130406,290.0
Truck130387,341.0
Truck130408,290.0
Truck130405,306.0
Truck130383,370.0
Truck130414,290.0
Truck130415,290.0
Truck130409,308.0
Truck130411,303.0
Truck130417,290.0
Truck130384,374.0
Truck130396,344.0
Truck130418,290.0
Truck130419,290.0
Truck130407,324.0
Truck130421,290.0
Truck130410,320.0
Truck130423,290.0
Truck130400,349.0
Truck130403,345.0
Truck130425,290.0
Truck130393,372.0
Truck130395,367.0
Truck130426,290.0
Truck130427,290.0
Truck130420,307.0
Truck130422,303.0
Truck130430,290.0
Truck130391,397.0
Truck130431,299.0
Truck130437,290.0
Truck130398,394.0
Truck130434,304.0
Truck130440,290.0
Truck130441,290.0
Truck130413,361.0
Truck130435,307.0
Truck130433,318.0
Truck130429,333.0
Truck130446,290.0
Truck130442,308.0
Truck130450,290.0
Truck130451,290.0
Truck130438,324.0
Truck130452,290.0
Truck130453,290.0
Truck130394,438.0
Truck130416,385.0
Truck130436,340.0
Truck130456,290.0
Truck130445,321.0
Truck130428,362.0
Truck130432,353.0
Truck130458,290.0
Truck130454,303.0
Truck130462,290.0
Truck130424,388.0
Truck130459,306.0
Truck130460,301.0
Truck130412,423.0
Truck130466,290.0
Truck130467,290.0
Truck130449,336.0
Truck130465,305.0
Truck130471,290.0
Truck130461,316.0
Truck130464,309.0
Truck130448,350.0
Truck130472,290.0
Truck130473,290.0
Truck130468,301.0
Truck130447,358.0
Truck130474,290.0
Truck130475,290.0
Truck130476,290.0
Truck130481,290.0
Truck130439,399.0
Truck130457,354.0
Truck130463,339.0
Truck130444,387.0
Truck130477,320.0
Truck130489,290.0
Truck130491,290.0
Truck130470,341.0
Truck130483,318.0
Truck130486,310.0
Truck130484,317.0
Truck130478,334.0
Truck130482,329.0
Truck130499,290.0
Truck130493,306.0
Truck130469,367.0
Truck130455,403.0
Truck130496,300.0
Truck130501,290.0
Truck130479,351.0
Truck130498,301.0
Truck130480,347.0
Truck130488,327.0
Truck130494,315.0
Truck130504,290.0
Truck130485,342.0
Truck130506,290.0
Truck130507,290.0
Truck130503,304.0
Truck130508,290.0
Truck130510,290.0
Truck130511,290.0
Truck130513,290.0
Truck130514,290.0
Truck130509,307.0
Truck130518,290.0
Truck130519,290.0
Truck130515,301.0
Truck130490,362.0
Truck130487,373.0
Truck130520,290.0
Truck130500,345.0
Truck130523,290.0
Truck130517,308.0
Truck130524,290.0
Truck130521,301.0
Truck130502,350.0
Truck130530,290.0
Truck130531,290.0
Truck130495,381.0
Truck130525,308.0
Truck130533,290.0
Truck130516,333.0
Truck130527,308.0
Truck130529,304.0
Truck130535,290.0
Truck130537,290.0
Truck130522,328.0
Truck130443,529.0
Truck130492,408.0
Truck130526,323.0
Truck130528,321.0
Truck130512,383.0
Truck130540,314.0
Truck130550,290.0
Truck130551,290.0
Truck130539,321.0
Truck130546,301.0
Truck130544,308.0
Truck130543,315.0
Truck130552,290.0
Truck130547,309.0
Truck130554,290.0
Truck130505,418.0
Truck130538,335.0
Truck130542,327.0
Truck130534,349.0
Truck130553,305.0
Truck130555,300.0
Truck130558,290.0
Truck130497,450.0
Truck130561,290.0
Truck130549,321.0
Truck130536,353.0
Truck130545,337.0
Truck130556,307.0
Truck130557,308.0
Truck130532,370.0
Truck130564,290.0
Truck130567,290.0
Truck130568,290.0
Truck130571,290.0
Truck130572,290.0
Truck130560,326.0
Truck130570,303.0
Truck130578,290.0
Truck130579,290.0
Truck130563,333.0
Truck130559,352.0
Truck130584,290.0
Truck130585,290.0
Truck130576,313.0
Truck130566,341.0
Truck130590,290.0
Truck130541,418.0
Truck130574,334.0
Truck130592,290.0
Truck130589,301.0
Truck130595,290.0
Truck130569,358.0
Truck130588,308.0
Truck130581,332.0
Truck130565,373.0
Truck130562,384.0
Truck130573,359.0
Truck130580,339.0
Truck130597,300.0
Truck130603,290.0
Truck130601,299.0
Truck130604,290.0
Truck130600,301.0
Truck130599,311.0
Truck130609,290.0
Truck130548,443.0
Truck130610,290.0
Truck130611,290.0
Truck130587,352.0
Truck130614,290.0
Truck130616,290.0
Truck130617,290.0
Truck130582,378.0
Truck130591,359.0
Truck130594,349.0
Truck130605,324.0
Truck130618,290.0
Truck130583,381.0
Truck130602,332.0
Truck130575,403.0
Truck130607,323.0
Truck130615,303.0
Truck130577,402.0
Truck130598,347.0
Truck130612,314.0
Truck130596,355.0
Truck130622,290.0
Truck130623,290.0
Truck130593,371.0
Truck130608,332.0
Truck130626,290.0
Truck130627,290.0
Truck130629,290.0
Truck130630,290.0
Truck130631,290.0
Truck130632,290.0
Truck130633,290.0
Truck130624,315.0
Truck130637,290.0
Truck130628,312.0
Truck130638,290.0
Truck130639,290.0
Truck130619,344.0
Truck130606,386.0
Truck130625,346.0
Truck130644,300.0
Truck130648,290.0
Truck130649,290.0
Truck130645,303.0
Truck130635,329.0
Truck130651,290.0
Truck130620,370.0
Truck130653,290.0
Truck130641,323.0
Truck130654,290.0
Truck130655,290.0
Truck130640,326.0
Truck130657,290.0
Truck130652,301.0
Truck130659,290.0
Truck130660,290.0
Truck130661,290.0
Truck130643,336.0
Truck130662,290.0
Truck130663,290.0
Truck130665,290.0
Truck130646,339.0
Truck130621,407.0
Truck130668,290.0
Truck130613,431.0
Truck130636,374.0
Truck130642,359.0
Truck130586,500.0
Truck130670,290.0
Truck130666,306.0
Truck130634,390.0
Truck130671,303.0
Truck130676,290.0
Truck130678,290.0
Truck130680,290.0
Truck130681,290.0
Truck130675,306.0
Truck130677,304.0
Truck130682,290.0
Truck130683,290.0
Truck130685,290.0
Truck130658,357.0
Truck130687,290.0
Truck130684,300.0
Truck130689,290.0
Truck130672,333.0
Truck130692,290.0
Truck130693,290.0
Truck130674,341.0
Truck130696,290.0
Truck130697,290.0
Truck130691,307.0
Truck130650,408.0
Truck130699,290.0
Truck130686,325.0
Truck130700,290.0
Truck130695,307.0
Truck130664,384.0
Truck130673,365.0
Truck130702,290.0
Truck130698,313.0
Truck130708,290.0
Truck130709,290.0
Truck130703,308.0
Truck130656,425.0
Truck130690,341.0
Truck130704,306.0
Truck130713,290.0
Truck130694,337.0
Truck130706,308.0
Truck130714,290.0
Truck130715,290.0
Truck130710,301.0
Truck130705,317.0
Truck130716,290.0
Truck130712,301.0
Truck130711,308.0
Truck130718,290.0
Truck130679,398.0
Truck130722,290.0
Truck130717,308.0
Truck130647,485.0
Truck130724,290.0
Truck130725,290.0
Truck130669,435.0
Truck130727,290.0
Truck130707,342.0
Truck130688,388.0
Truck130729,290.0
Truck130701,363.0
Truck130723,308.0
Truck130731,290.0
Truck130726,301.0
Truck130732,290.0
Truck130733,290.0
Truck130730,303.0
Truck130736,290.0
Truck130719,339.0
Truck130738,290.0
Truck130741,290.0
Truck130721,343.0
Truck130737,305.0
Truck130745,290.0
Truck130747,290.0
Truck130743,304.0
Truck130742,307.0
Truck130750,290.0
Truck130752,290.0
Truck130753,290.0
Truck130720,374.0
Truck130754,290.0
Truck130755,290.0
Truck130749,306.0
Truck130734,343.0
Truck130746,313.0
Truck130756,290.0
Truck130748,315.0
Truck130667,522.0
Truck130744,328.0
Truck130735,354.0
Truck130728,372.0
Truck130758,300.0
Truck130763,290.0
Truck130751,325.0
Truck130764,290.0
Truck130766,290.0
Truck130767,290.0
Truck130768,290.0
Truck130769,290.0
Truck130760,315.0
Truck130740,379.0
Truck130770,305.0
Truck130773,303.0
Truck130772,307.0
Truck130781,290.0
Truck130761,342.0
Truck130776,307.0
Truck130762,343.0
Truck130771,323.0
Truck130785,290.0
Truck130774,317.0
Truck130777,319.0
Truck130789,290.0
Truck130739,418.0
Truck130790,290.0
Truck130791,290.0
Truck130757,377.0
Truck130765,361.0
Truck130794,290.0
Truck130795,290.0
Truck130797,290.0
Truck130798,290.0
Truck130800,290.0
Truck130802,290.0
Truck130803,290.0
Truck130779,353.0
Truck130775,364.0
Truck130780,350.0
Truck130804,290.0
Truck130783,346.0
Truck130806,290.0
Truck130786,342.0
Truck130799,313.0
Truck130792,332.0
Truck130807,301.0
Truck130812,290.0
Truck130784,361.0
Truck130814,290.0
Truck130759,431.0
Truck130808,306.0
Truck130782,372.0
Truck130788,357.0
Truck130817,290.0
Truck130778,386.0
Truck130819,290.0
Truck130801,337.0
Truck130793,358.0
Truck130813,308.0
Truck130820,290.0
Truck130823,290.0
Truck130824,290.0
Truck130825,290.0
Truck130815,317.0
Truck130809,333.0
Truck130827,290.0
Truck130805,348.0
Truck130810,334.0
Truck130828,290.0
Truck130821,313.0
Truck130830,290.0
Truck130832,290.0
Truck130833,290.0
Truck130818,326.0
Truck130811,350.0
Truck130834,290.0
Truck130837,290.0
Truck130831,309.0
Truck130816,347.0
Truck130796,399.0
Truck130835,315.0
Truck130838,308.0
Truck130840,305.0
Truck130844,300.0
Truck130848,290.0
Truck130849,290.0
Truck130829,344.0
Truck130845,304.0
Truck130850,290.0
Truck130851,290.0
Truck130787,453.0
Truck130841,325.0
Truck130854,290.0
Truck130855,290.0
Truck130856,290.0
Truck130852,302.0
Truck130847,319.0
Truck130858,290.0
Truck130853,306.0
Truck130846,329.0
Truck130842,340.0
Truck130863,290.0
Truck130859,303.0
Truck130866,290.0
Truck130868,290.0
Truck130826,396.0
Truck130870,290.0
Truck130871,290.0
Truck130867,301.0
Truck130873,290.0
Truck130836,383.0
Truck130874,290.0
Truck130875,290.0
Truck130864,318.0
Truck130872,299.0
Truck130876,290.0
Truck130878,290.0
Truck130839,392.0
Truck130877,303.0
Truck130882,290.0
Truck130884,290.0
Truck130885,290.0
Truck130886,290.0
Truck130822,453.0
Truck130881,309.0
Truck130889,290.0
Truck130843,410.0
Truck130860,365.0
Truck130890,290.0
Truck130891,290.0
Truck130892,290.0
Truck130857,384.0
Truck130895,290.0
Truck130879,339.0
Truck130898,290.0
Truck130900,290.0
Truck130902,290.0
Truck130904,290.0
Truck130905,290.0
Truck130897,311.0
Truck130906,290.0
Truck130907,290.0
Truck130865,397.0
Truck130887,342.0
Truck130908,290.0
Truck130910,290.0
Truck130911,290.0
Truck130903,315.0
Truck130913,290.0
Truck130894,336.0
Truck130915,290.0
Truck130896,340.0
Truck130912,300.0
Truck130917,290.0
Truck130888,363.0
Truck130916,300.0
Truck130921,290.0
Truck130899,350.0
Truck130924,290.0
Truck130861,451.0
Truck130919,307.0
Truck130920,303.0
Truck130901,355.0
Truck130926,290.0
Truck130893,377.0
Truck130930,290.0
Truck130914,332.0
Truck130932,290.0
Truck130909,351.0
Truck130934,290.0
Truck130935,300.0
Truck130923,333.0
Truck130941,290.0
Truck130936,301.0
Truck130918,349.0
Truck130928,324.0
Truck130862,491.0
Truck130938,301.0
Truck130869,483.0
Truck130946,290.0
Truck130948,290.0
Truck130949,290.0
Truck130940,312.0
Truck130952,290.0
Truck130942,316.0
Truck130954,290.0
Truck130955,290.0
Truck130927,361.0
Truck130931,351.0
Truck130880,480.0
Truck130944,320.0
Truck130947,315.0
Truck130957,290.0
Truck130958,290.0
Truck130883,484.0
Truck130960,290.0
Truck130961,290.0
Truck130956,308.0
Truck130964,290.0
Truck130943,347.0
Truck130939,360.0
Truck130968,290.0
Truck130933,381.0
Truck130945,352.0
Truck130965,304.0
Truck130970,290.0
Truck130937,378.0
Truck130966,306.0
Truck130969,304.0
Truck130974,290.0
Truck130976,290.0
Truck130962,335.0
Truck130980,290.0
Truck130981,290.0
Truck130925,435.0
Truck130977,307.0
Truck130950,373.0
Truck130929,440.0
Truck130953,381.0
Truck130982,309.0
Truck130967,352.0
Truck130971,344.0
Truck130983,314.0
Truck130992,290.0
Truck130951,397.0
Truck130922,468.0
Truck130994,290.0
Truck130972,349.0
Truck130987,314.0
Truck130988,309.0
Truck130979,340.0
Truck130998,290.0
Truck130986,322.0
Truck130978,343.0
Truck130984,328.0
Truck130989,318.0
Truck130993,309.0
Truck131000,290.0
Truck131001,290.0
Truck130997,307.0
Truck130990,325.0
Truck131004,290.0
Truck130991,328.0
Truck130959,409.0
Truck131007,290.0
Truck131008,290.0
Truck131009,290.0
Truck131005,302.0
Truck130963,409.0
Truck130996,325.0
Truck131003,315.0
Truck131012,290.0
Truck130985,361.0
Truck131015,290.0
Truck130999,333.0
Truck131011,303.0
Truck131017,290.0
Truck131013,303.0
Truck131018,290.0
Truck131019,290.0
Truck130975,401.0
Truck131002,339.0
Truck131022,290.0
Truck131021,305.0
Truck131026,290.0
Truck130973,426.0
Truck131010,332.0
Truck131029,290.0
Truck131031,290.0
Truck131024,309.0
Truck131032,290.0
Truck131033,290.0
Truck130995,386.0
Truck131016,338.0
Truck131030,307.0
Truck131038,290.0
Truck131039,290.0
Truck131027,328.0
Truck131034,310.0
Truck131045,290.0
Truck131041,305.0
Truck131036,320.0
Truck131044,300.0
Truck131048,290.0
Truck131049,290.0
Truck131051,290.0
Truck131037,329.0
Truck131047,304.0
Truck131046,306.0
Truck131054,290.0
Truck131020,381.0
Truck131035,346.0
Truck131058,290.0
Truck131060,290.0
Truck131006,431.0
Truck131042,343.0
Truck131064,290.0
Truck131065,290.0
Truck131014,419.0
Truck131052,327.0
Truck131069,290.0
Truck131062,307.0
Truck131028,393.0
Truck131025,404.0
Truck131056,325.0
Truck131050,345.0
Truck131073,290.0
Truck131077,290.0
Truck131078,290.0
Truck131079,290.0
Truck131074,302.0
Truck131080,290.0
Truck131081,290.0
Truck131075,308.0
Truck131070,322.0
Truck131055,363.0
Truck131066,338.0
Truck131023,450.0
Truck131067,340.0
Truck131087,290.0
Truck131063,351.0
Truck131089,290.0
Truck131059,366.0
Truck131085,301.0
Truck131082,307.0
Truck131072,336.0
Truck131084,307.0
Truck131095,290.0
Truck131061,379.0
Truck131092,299.0
Truck131040,430.0
Truck131096,290.0
Truck131043,427.0
Truck131090,307.0
Truck131098,290.0
Truck131099,290.0
Truck131076,348.0
Truck131071,364.0
Truck131068,379.0
Truck131104,290.0
Truck131105,290.0
Truck131106,290.0
Truck131107,290.0
Truck131100,306.0
Truck131102,302.0
Truck131109,290.0
Truck131083,360.0
Truck131110,290.0
Truck131057,428.0
Truck131091,345.0
Truck131112,290.0
Truck131101,328.0
Truck131116,290.0
Truck131117,290.0
Truck131053,455.0
Truck131088,365.0
Truck131118,290.0
Truck131119,290.0
Truck131093,357.0
Truck131120,290.0
Truck131122,290.0
Truck131123,290.0
Truck131103,341.0
Truck131124,290.0
Truck131126,290.0
Truck131127,290.0
Truck131111,339.0
Truck131130,290.0
Truck131131,290.0
Truck131121,319.0
Truck131132,290.0
Truck131086,408.0
Truck131135,290.0
Truck131113,354.0
Truck131128,315.0
Truck131139,290.0
Truck131129,317.0
Truck131133,307.0
Truck131134,306.0
Truck131114,360.0
Truck131142,290.0
Truck131143,290.0
Truck131144,290.0
Truck131145,290.0
Truck131108,385.0
Truck131147,290.0
Truck131097,416.0
Truck131125,355.0
Truck131151,290.0
Truck131115,382.0
Truck131154,290.0
Truck131148,307.0
Truck131149,308.0
Truck131157,290.0
Truck131158,290.0
Truck131159,290.0
Truck131153,306.0
Truck131094,452.0
Truck131136,347.0
Truck131155,302.0
Truck131160,290.0
Truck131161,290.0
Truck131156,302.0
Truck131162,290.0
Truck131141,348.0
Truck131164,290.0
Truck131138,359.0
Truck131140,355.0
Truck131166,290.0
Truck131168,290.0
Truck131169,290.0
Truck131152,335.0
Truck131170,290.0
Truck131171,290.0
Truck131150,343.0
Truck131172,290.0
Truck131175,290.0
Truck131176,290.0
Truck131137,391.0
Truck131146,379.0
Truck131182,290.0
Truck131183,290.0
Truck131179,305.0
Truck131184,290.0
Truck131187,290.0
Truck131188,290.0
Truck131189,290.0
Truck131165,354.0
Truck131190,290.0
Truck131192,290.0
Truck131193,290.0
Truck131173,347.0
Truck131196,290.0
Truck131185,322.0
Truck131198,290.0
Truck131199,290.0
Truck131181,337.0
Truck131202,290.0
Truck131203,290.0
Truck131197,306.0
Truck131163,397.0
Truck131186,340.0
Truck131191,331.0
Truck131177,367.0
Truck131178,363.0
Truck131208,290.0
Truck131210,290.0
Truck131211,290.0
Truck131167,402.0
Truck131209,299.0
Truck131212,290.0
Truck131180,371.0
Truck131195,339.0
Truck131214,290.0
Truck131220,290.0
Truck131221,290.0
Truck131205,331.0
Truck131213,312.0
Truck131216,303.0
Truck131201,345.0
Truck131215,310.0
Truck131222,290.0
Truck131225,290.0
Truck131206,338.0
Truck131227,290.0
Truck131229,290.0
Truck131217,322.0
Truck131207,352.0
Truck131233,290.0
Truck131226,309.0
Truck131235,290.0
Truck131228,306.0
Truck131194,392.0
Truck131219,334.0
Truck131223,324.0
Truck131236,290.0
Truck131174,448.0
Truck131204,375.0
Truck131238,290.0
Truck131240,290.0
Truck131241,290.0
Truck131234,311.0
Truck131230,330.0
Truck131224,349.0
Truck131249,290.0
Truck131243,307.0
Truck131237,324.0
Truck131253,290.0
Truck131232,344.0
Truck131239,330.0
Truck131254,290.0
Truck131255,290.0
Truck131251,303.0
Truck131256,290.0
Truck131242,335.0
Truck131261,290.0
Truck131245,337.0
Truck131247,335.0
Truck131218,406.0
Truck131244,341.0
Truck131231,379.0
Truck131260,307.0
Truck131268,290.0
Truck131270,290.0
Truck131271,290.0
Truck131273,290.0
Truck131257,331.0
Truck131274,290.0
Truck131269,307.0
Truck131272,300.0
Truck131276,290.0
Truck131277,290.0
Truck131200,481.0
Truck131259,337.0
Truck131248,368.0
Truck131281,290.0
Truck131258,352.0
Truck131262,344.0
Truck131267,334.0
Truck131285,290.0
Truck131278,306.0
Truck131246,394.0
Truck131280,309.0
Truck131288,290.0
Truck131289,290.0
Truck131290,290.0
Truck131250,393.0
Truck131263,363.0
Truck131284,309.0
Truck131279,328.0
Truck131294,290.0
Truck131282,321.0
Truck131296,290.0
Truck131297,290.0
Truck131264,378.0
Truck131300,290.0
Truck131302,290.0
Truck131303,290.0
Truck131286,333.0
Truck131304,290.0
Truck131305,290.0
Truck131306,290.0
Truck131275,372.0
Truck131265,403.0
Truck131266,400.0
Truck131295,331.0
Truck131299,323.0
Truck131313,290.0
Truck131314,290.0
Truck131292,346.0
Truck131283,375.0
Truck131287,365.0
Truck131319,290.0
Truck131308,318.0
Truck131321,290.0
Truck131316,303.0
Truck131309,324.0
Truck131325,290.0
Truck131291,377.0
Truck131327,290.0
Truck131293,379.0
Truck131311,336.0
Truck131324,301.0
Truck131330,290.0
Truck131331,290.0
Truck131326,303.0
Truck131332,290.0
Truck131335,290.0
Truck131310,351.0
Truck131315,351.0
Truck131317,348.0
Truck131320,340.0
Truck131340,290.0
Truck131252,512.0
Truck131343,290.0
Truck131322,344.0
Truck131344,290.0
Truck131346,290.0
Truck131341,308.0
Truck131342,303.0
Truck131348,290.0
Truck131345,307.0
Truck131312,389.0
Truck131353,290.0
Truck131337,334.0
Truck131354,290.0
Truck131334,343.0
Truck131349,309.0
Truck131318,389.0
Truck131333,355.0
Truck131328,366.0
Truck131360,290.0
Truck131361,290.0
Truck131338,347.0
Truck131352,315.0
Truck131358,300.0
Truck131365,290.0
Truck131339,359.0
Truck131347,340.0
Truck131366,290.0
Truck131369,290.0
Truck131357,321.0
Truck131359,318.0
Truck131372,290.0
Truck131307,456.0
Truck131336,384.0
Truck131375,290.0
Truck131362,321.0
Truck131363,325.0
Truck131371,307.0
Truck131350,359.0
Truck131298,490.0
Truck131379,290.0
Truck131356,349.0
Truck131301,490.0
Truck131382,290.0
Truck131383,290.0
Truck131351,376.0
Truck131367,336.0
Truck131374,317.0
Truck131386,290.0
Truck131387,290.0
Truck131381,309.0
Truck131388,290.0
Truck131378,317.0
Truck131373,333.0
Truck131368,344.0
Truck131329,445.0
Truck131390,290.0
Truck131391,290.0
Truck131323,461.0
Truck131370,343.0
Truck131385,309.0
Truck131393,290.0
Truck131355,386.0
Truck131395,290.0
Truck131389,307.0
Truck131376,338.0
Truck131364,369.0
Truck131400,290.0
Truck131380,343.0
Truck131377,354.0
Truck131394,309.0
Truck131396,308.0
Truck131398,310.0
Truck131402,300.0
Truck131407,290.0
Truck131401,308.0
Truck131403,307.0
Truck131412,290.0
Truck131392,341.0
Truck131415,290.0
Truck131410,302.0
Truck131416,290.0
Truck131417,290.0
Truck131413,307.0
Truck131397,348.0
Truck131420,290.0
Truck131406,326.0
Truck131423,290.0
Truck131414,311.0
Truck131405,339.0
Truck131399,355.0
Truck131424,290.0
Truck131425,290.0
Truck131426,290.0
Truck131409,338.0
Truck131431,290.0
Truck131384,406.0
Truck131418,330.0
Truck131434,290.0
Truck131404,371.0
Truck131430,314.0
Truck131432,309.0
Truck131419,346.0
Truck131442,290.0
Truck131443,290.0
Truck131421,348.0
Truck131445,290.0
Truck131411,380.0
Truck131446,290.0
Truck131447,290.0
Truck131441,309.0
Truck131428,341.0
Truck131436,324.0
Truck131451,290.0
Truck131438,321.0
Truck131452,290.0
Truck131453,290.0
Truck131437,335.0
Truck131448,309.0
Truck131450,310.0
Truck131429,366.0
Truck131422,385.0
Truck131462,290.0
Truck131449,326.0
Truck131427,383.0
Truck131435,365.0
Truck131464,290.0
Truck131444,343.0
Truck131467,290.0
Truck131460,310.0
Truck131408,445.0
Truck131470,290.0
Truck131472,290.0
Truck131473,290.0
Truck131477,290.0
Truck131439,395.0
Truck131480,290.0
Truck131469,325.0
Truck131483,290.0
Truck131485,290.0
Truck131471,327.0
Truck131476,312.0
Truck131465,344.0
Truck131433,425.0
Truck131482,300.0
Truck131458,362.0
Truck131461,357.0
Truck131440,409.0
Truck131481,309.0
Truck131456,371.0
Truck131459,366.0
Truck131466,347.0
Truck131454,379.0
Truck131463,361.0
Truck131479,321.0
Truck131489,302.0
Truck131457,384.0
Truck131494,290.0
Truck131495,290.0
Truck131488,310.0
Truck131496,290.0
Truck131497,290.0
Truck131475,361.0
Truck131498,303.0
Truck131499,309.0
Truck131502,300.0
Truck131503,300.0
Truck131506,290.0
Truck131509,290.0
Truck131486,348.0
Truck131504,303.0
Truck131507,300.0
Truck131511,290.0
Truck131474,382.0
Truck131478,382.0
Truck131490,355.0
Truck131491,355.0
Truck131505,321.0
Truck131493,353.0
Truck131518,290.0
Truck131519,290.0
Truck131487,373.0
Truck131500,338.0
Truck131515,303.0
Truck131520,290.0
Truck131468,422.0
Truck131517,303.0
Truck131455,460.0
Truck131523,290.0
Truck131516,308.0
Truck131527,290.0
Truck131514,322.0
Truck131501,360.0
Truck131529,290.0
Truck131522,306.0
Truck131510,342.0
Truck131533,290.0
Truck131484,415.0
Truck131534,290.0
Truck131535,290.0
Truck131508,359.0
Truck131492,400.0
Truck131512,350.0
Truck131530,309.0
Truck131531,309.0
Truck131532,307.0
Truck131540,290.0
Truck131537,307.0
Truck131538,305.0
Truck131544,290.0
Truck131528,336.0
Truck131549,290.0
Truck131545,304.0
Truck131536,325.0
Truck131550,290.0
Truck131552,290.0
Truck131553,290.0
Truck131539,329.0
Truck131541,324.0
Truck131555,290.0
Truck131548,307.0
Truck131526,363.0
Truck131513,402.0
Truck131558,290.0
Truck131560,290.0
Truck131561,290.0
Truck131551,321.0
Truck131559,304.0
Truck131542,345.0
Truck131565,290.0
Truck131566,290.0
Truck131524,397.0
Truck131568,290.0
Truck131569,290.0
Truck131521,412.0
Truck131547,348.0
Truck131554,328.0
Truck131562,308.0
Truck131570,290.0
Truck131567,301.0
Truck131557,329.0
Truck131574,290.0
Truck131576,290.0
Truck131577,290.0
Truck131578,290.0
Truck131580,290.0
Truck131572,315.0
Truck131575,317.0
Truck131586,290.0
Truck131564,348.0
Truck131585,302.0
Truck131571,339.0
Truck131590,290.0
Truck131543,411.0
Truck131592,290.0
Truck131556,381.0
Truck131581,323.0
Truck131594,290.0
Truck131525,466.0
Truck131563,374.0
Truck131597,290.0
Truck131589,312.0
Truck131599,290.0
Truck131579,345.0
Truck131582,335.0
Truck131600,290.0
Truck131601,290.0
Truck131596,301.0
Truck131607,290.0
Truck131583,351.0
Truck131609,290.0
Truck131546,446.0
Truck131602,308.0
Truck131611,290.0
Truck131605,306.0
Truck131613,290.0
Truck131603,316.0
Truck131614,290.0
Truck131615,290.0
Truck131593,346.0
Truck131616,290.0
Truck131617,290.0
Truck131595,346.0
Truck131598,339.0
Truck131619,290.0
Truck131612,306.0
Truck131623,290.0
Truck131624,290.0
Truck131626,290.0
Truck131627,290.0
Truck131584,397.0
Truck131629,290.0
Truck131587,397.0
Truck131630,290.0
Truck131606,352.0
Truck131625,308.0
Truck131633,290.0
Truck131631,300.0
Truck131634,290.0
Truck131639,290.0
Truck131608,366.0
Truck131637,299.0
Truck131640,290.0
Truck131591,416.0
Truck131610,368.0
Truck131644,290.0
Truck131604,392.0
Truck131638,308.0
Truck131588,435.0
Truck131649,290.0
Truck131622,357.0
Truck131628,342.0
Truck131645,304.0
Truck131635,330.0
Truck131646,305.0
Truck131652,290.0
Truck131648,304.0
Truck131654,290.0
Truck131650,309.0
Truck131658,290.0
Truck131653,307.0
Truck131651,314.0
Truck131660,290.0
Truck131661,290.0
Truck131573,511.0
Truck131663,290.0
Truck131641,346.0
Truck131657,306.0
Truck131643,345.0
Truck131664,290.0
Truck131621,406.0
Truck131647,342.0
Truck131659,315.0
Truck131642,357.0
Truck131671,290.0
Truck131669,300.0
Truck131673,290.0
Truck131655,339.0
Truck131675,290.0
Truck131620,428.0
Truck131632,398.0
Truck131666,313.0
Truck131677,290.0
Truck131667,319.0
Truck131665,325.0
Truck131679,290.0
Truck131680,290.0
Truck131682,290.0
Truck131683,290.0
Truck131662,343.0
Truck131670,325.0
Truck131668,334.0
Truck131686,290.0
Truck131687,290.0
Truck131685,299.0
Truck131688,290.0
Truck131689,290.0
Truck131690,290.0
Truck131691,290.0
Truck131692,290.0
Truck131696,290.0
Truck131697,290.0
Truck131636,441.0
Truck131618,492.0
Truck131700,290.0
Truck131656,402.0
Truck131702,290.0
Truck131704,290.0
Truck131705,290.0
Truck131672,371.0
Truck131678,358.0
Truck131706,290.0
Truck131676,368.0
Truck131708,290.0
Truck131707,305.0
Truck131712,290.0
Truck131713,290.0
Truck131694,340.0
Truck131714,290.0
Truck131715,290.0
Truck131695,341.0
Truck131717,290.0
Truck131674,396.0
Truck131718,290.0
Truck131719,290.0
Truck131721,290.0
Truck131699,349.0
Truck131716,305.0
Truck131722,290.0
Truck131725,290.0
Truck131681,405.0
Truck131709,337.0
Truck131728,290.0
Truck131729,290.0
Truck131731,290.0
Truck131736,290.0
Truck131684,423.0
Truck131733,304.0
Truck131739,290.0
Truck131701,393.0
Truck131730,320.0
Truck131735,312.0
Truck131723,344.0
Truck131745,290.0
Truck131741,305.0
Truck131724,346.0
Truck131693,428.0
Truck131720,358.0
Truck131726,344.0
Truck131747,300.0
Truck131698,423.0
Truck131710,395.0
Truck131753,290.0
Truck131757,290.0
Truck131703,432.0
Truck131760,290.0
Truck131763,290.0
Truck131743,345.0
Truck131764,290.0
Truck131766,290.0
Truck131732,379.0
Truck131738,365.0
Truck131754,326.0
Truck131752,332.0
Truck131762,308.0
Truck131748,344.0
Truck131771,290.0
Truck131750,341.0
Truck131767,301.0
Truck131751,342.0
Truck131772,290.0
Truck131740,371.0
Truck131737,383.0
Truck131765,314.0
Truck131711,454.0
Truck131776,290.0
Truck131727,418.0
Truck131779,290.0
Truck131758,341.0
Truck131770,312.0
Truck131734,407.0
Truck131774,309.0
Truck131777,305.0
Truck131778,303.0
Truck131785,290.0
Truck131780,305.0
Truck131786,290.0
Truck131759,362.0
Truck131761,360.0
Truck131788,290.0
Truck131789,290.0
Truck131755,377.0
Truck131790,290.0
Truck131773,336.0
Truck131793,290.0
Truck131775,340.0
Truck131794,290.0
Truck131795,290.0
Truck131756,390.0
Truck131744,422.0
Truck131746,421.0
Truck131742,433.0
Truck131796,300.0
Truck131800,290.0
Truck131801,290.0
Truck131749,424.0
Truck131781,350.0
Truck131783,345.0
Truck131804,300.0
Truck131808,290.0
Truck131810,290.0
Truck131799,323.0
Truck131806,304.0
Truck131769,400.0
Truck131807,305.0
Truck131812,290.0
Truck131813,290.0
Truck131791,346.0
Truck131798,326.0
Truck131782,369.0
Truck131792,345.0
Truck131817,290.0
Truck131797,342.0
Truck131809,314.0
Truck131819,290.0
Truck131820,290.0
Truck131821,290.0
Truck131814,310.0
Truck131823,290.0
Truck131787,388.0
Truck131826,290.0
Truck131828,290.0
Truck131829,290.0
Truck131824,303.0
Truck131811,339.0
Truck131815,329.0
Truck131825,304.0
Truck131822,313.0
Truck131833,290.0
Truck131816,332.0
Truck131831,300.0
Truck131834,290.0
Truck131768,460.0
Truck131836,290.0
Truck131818,346.0
Truck131843,290.0
Truck131805,388.0
Truck131838,303.0
Truck131803,396.0
Truck131839,306.0
Truck131846,290.0
Truck131847,290.0
Truck131802,404.0
Truck131832,329.0
Truck131840,310.0
Truck131842,305.0
Truck131848,290.0
Truck131849,290.0
Truck131850,290.0
Truck131851,290.0
Truck131784,457.0
Truck131841,320.0
Truck131853,290.0
Truck131827,359.0
Truck131855,290.0
Truck131845,316.0
Truck131858,290.0
Truck131859,290.0
Truck131852,307.0
Truck131835,353.0
Truck131865,290.0
Truck131860,301.0
Truck131863,299.0
Truck131837,366.0
Truck131862,302.0
Truck131857,323.0
Truck131844,356.0
Truck131856,331.0
Truck131868,305.0
Truck131874,290.0
Truck131875,290.0
Truck131876,290.0
Truck131830,406.0
Truck131854,347.0
Truck131864,322.0
Truck131870,308.0
Truck131872,304.0
Truck131881,290.0
Truck131882,290.0
Truck131883,290.0
Truck131878,305.0
Truck131885,290.0
Truck131887,290.0
Truck131889,290.0
Truck131879,321.0
Truck131877,327.0
Truck131893,290.0
Truck131866,357.0
Truck131884,316.0
Truck131873,350.0
Truck131896,290.0
Truck131880,331.0
Truck131869,368.0
Truck131894,305.0
Truck131888,322.0
Truck131899,299.0
Truck131902,290.0
Truck131886,339.0
Truck131906,290.0
Truck131907,290.0
Truck131901,306.0
Truck131898,312.0
Truck131903,305.0
Truck131891,336.0
Truck131904,305.0
Truck131910,290.0
Truck131892,337.0
Truck131867,404.0
Truck131913,290.0
Truck131895,339.0
Truck131915,290.0
Truck131905,319.0
Truck131916,290.0
Truck131917,290.0
Truck131918,290.0
Truck131919,290.0
Truck131920,290.0
Truck131914,307.0
Truck131924,290.0
Truck131861,452.0
Truck131871,429.0
Truck131921,306.0
Truck131929,290.0
Truck131911,340.0
Truck131930,290.0
Truck131890,398.0
Truck131897,383.0
Truck131925,314.0
Truck131927,309.0
Truck131935,290.0
Truck131909,358.0
Truck131936,290.0
Truck131937,290.0
Truck131931,309.0
Truck131932,304.0
Truck131923,335.0
Truck131940,290.0
Truck131941,290.0
Truck131944,290.0
Truck131945,290.0
Truck131946,290.0
Truck131947,290.0
Truck131900,407.0
Truck131908,390.0
Truck131942,305.0
Truck131951,290.0
Truck131938,322.0
Truck131952,290.0
Truck131950,300.0
Truck131949,310.0
Truck131912,403.0
Truck131959,290.0
Truck131928,368.0
Truck131934,353.0
Truck131960,290.0
Truck131961,290.0
Truck131956,304.0
Truck131962,290.0
Truck131963,290.0
Truck131964,290.0
Truck131967,290.0
Truck131922,403.0
Truck131968,290.0
Truck131970,290.0
Truck131971,290.0
Truck131953,338.0
Truck131972,290.0
Truck131973,290.0
Truck131958,331.0
Truck131976,290.0
Truck131977,290.0
Truck131943,380.0
Truck131979,290.0
Truck131966,325.0
Truck131980,290.0
Truck131933,415.0
Truck131982,290.0
Truck131974,311.0
Truck131985,290.0
Truck131978,310.0
Truck131983,300.0
Truck131987,290.0
Truck131981,307.0
Truck131954,377.0
Truck131991,290.0
Truck131957,377.0
Truck131993,290.0
Truck131965,362.0
Truck131948,403.0
Truck131988,303.0
Truck131939,436.0
Truck131998,290.0
Truck131926,476.0
Truck132002,290.0
Truck131999,302.0
Truck132004,290.0
Truck132007,290.0
Truck131996,316.0
Truck131995,322.0
Truck132008,290.0
Truck131969,392.0
Truck131955,428.0
Truck132006,299.0
Truck131994,330.0
Truck132010,290.0
Truck131990,345.0
Truck132014,290.0
Truck131997,342.0
Truck131989,363.0
Truck132000,333.0
Truck132012,305.0
Truck132005,329.0
Truck131984,384.0
Truck132016,306.0
Truck132001,348.0
Truck132011,323.0
Truck132024,290.0
Truck132025,290.0
Truck132021,301.0
Truck132003,347.0
Truck132029,290.0
Truck132023,306.0
Truck132009,348.0
Truck132032,290.0
Truck132033,290.0
Truck132035,290.0
Truck132022,321.0
Truck132031,302.0
Truck132036,290.0
Truck132019,343.0
Truck132015,354.0
Truck132027,324.0
Truck132040,290.0
Truck131975,460.0
Truck131992,417.0
Truck132018,352.0
Truck132028,327.0
Truck132038,302.0
Truck132017,359.0
Truck132044,290.0
Truck132045,290.0
Truck132030,326.0
Truck132034,317.0
Truck132046,290.0
Truck132047,290.0
Truck132013,379.0
Truck131986,452.0
Truck132042,315.0
Truck132052,290.0
Truck132053,290.0
Truck132041,323.0
Truck132020,374.0
Truck132054,290.0
Truck132026,365.0
Truck132056,290.0
Truck132057,290.0
Truck132051,307.0
Truck132050,308.0
Truck132037,347.0
Truck132060,290.0
Truck132061,290.0
Truck132067,290.0
Truck132063,309.0
Truck132039,372.0
Truck132059,325.0
Truck132070,300.0
Truck132048,358.0
Truck132072,300.0
Truck132076,290.0
Truck132071,316.0
Truck132077,306.0
Truck132049,380.0
Truck132085,290.0
Truck132079,306.0
Truck132064,345.0
Truck132087,290.0
Truck132088,290.0
Truck132089,290.0
Truck132043,407.0
Truck132086,300.0
Truck132091,290.0
Truck132065,356.0
Truck132069,348.0
Truck132058,375.0
Truck132093,290.0
Truck132062,367.0
Truck132084,319.0
Truck132066,365.0
Truck132073,350.0
Truck132083,325.0
Truck132096,290.0
Truck132068,370.0
Truck132100,290.0
Truck132099,302.0
Truck132055,414.0
Truck132104,290.0
Truck132105,290.0
Truck132097,311.0
Truck132107,290.0
Truck132102,303.0
Truck132082,356.0
Truck132103,308.0
Truck132101,315.0
Truck132113,290.0
Truck132109,302.0
Truck132095,339.0
Truck132114,290.0
Truck132116,290.0
Truck132119,290.0
Truck132090,363.0
Truck132121,290.0
Truck132094,356.0
Truck132108,326.0
Truck132117,309.0
Truck132125,290.0
Truck132127,290.0
Truck132129,290.0
Truck132112,334.0
Truck132130,290.0
Truck132131,290.0
Truck132123,315.0
Truck132122,316.0
Truck132126,308.0
Truck132115,340.0
Truck132135,290.0
Truck132106,373.0
Truck132124,328.0
Truck132141,290.0
Truck132120,343.0
Truck132074,459.0
Truck132137,305.0
Truck132142,290.0
Truck132144,290.0
Truck132092,421.0
Truck132128,332.0
Truck132081,453.0
Truck132134,318.0
Truck132136,315.0
Truck132143,301.0
Truck132149,290.0
Truck132080,464.0
Truck132151,290.0
Truck132138,321.0
Truck132098,423.0
Truck132152,290.0
Truck132153,290.0
Truck132118,376.0
Truck132154,290.0
Truck132155,290.0
Truck132075,491.0
Truck132111,405.0
Truck132078,487.0
Truck132132,354.0
Truck132158,290.0
Truck132159,290.0
Truck132140,344.0
Truck132163,290.0
Truck132156,306.0
Truck132165,290.0
Truck132166,290.0
Truck132167,290.0
Truck132139,361.0
Truck132162,301.0
Truck132169,290.0
Truck132148,343.0
Truck132170,290.0
Truck132168,300.0
Truck132150,351.0
Truck132177,290.0
Truck132171,306.0
Truck132172,303.0
Truck132157,350.0
Truck132180,290.0
Truck132181,290.0
Truck132176,305.0
Truck132183,290.0
Truck132145,392.0
Truck132178,308.0
Truck132187,290.0
Truck132185,303.0
Truck132174,330.0
Truck132179,320.0
Truck132173,339.0
Truck132110,498.0
Truck132188,303.0
Truck132195,290.0
Truck132189,306.0
Truck132146,413.0
Truck132197,290.0
Truck132190,306.0
Truck132198,290.0
Truck132194,305.0
Truck132201,290.0
Truck132160,395.0
Truck132203,290.0
Truck132175,364.0
Truck132200,303.0
Truck132207,290.0
Truck132204,301.0
Truck132191,339.0
Truck132210,290.0
Truck132211,290.0
Truck132182,362.0
Truck132215,290.0
Truck132193,348.0
Truck132161,429.0
Truck132147,465.0
Truck132217,290.0
Truck132206,320.0
Truck132218,290.0
Truck132219,290.0
Truck132133,506.0
Truck132192,357.0
Truck132214,304.0
Truck132186,379.0
Truck132222,290.0
Truck132202,341.0
Truck132208,328.0
Truck132212,320.0
Truck132226,290.0
Truck132228,290.0
Truck132213,331.0
Truck132231,290.0
Truck132205,356.0
Truck132225,306.0
Truck132227,301.0
Truck132199,379.0
Truck132220,325.0
Truck132236,290.0
Truck132209,362.0
Truck132232,302.0
Truck132239,290.0
Truck132240,290.0
Truck132216,352.0
Truck132243,290.0
Truck132221,346.0
Truck132229,326.0
Truck132234,312.0
Truck132245,290.0
Truck132233,321.0
Truck132241,305.0
Truck132235,321.0
Truck132248,290.0
Truck132223,360.0
Truck132251,290.0
Truck132252,290.0
Truck132253,290.0
Truck132224,369.0
Truck132250,304.0
Truck132257,290.0
Truck132237,341.0
Truck132196,443.0
Truck132254,300.0
Truck132164,526.0
Truck132242,335.0
Truck132263,290.0
Truck132247,331.0
Truck132259,305.0
Truck132264,290.0
Truck132265,290.0
Truck132261,301.0
Truck132184,493.0
Truck132249,335.0
Truck132266,290.0
Truck132262,301.0
Truck132246,342.0
Truck132260,307.0
Truck132271,290.0
Truck132255,333.0
Truck132269,303.0
Truck132275,290.0
Truck132276,290.0
Truck132278,290.0
Truck132244,377.0
Truck132273,307.0
Truck132280,290.0
Truck132281,290.0
Truck132238,397.0
Truck132274,308.0
Truck132282,290.0
Truck132279,305.0
Truck132286,290.0
Truck132287,290.0
Truck132293,290.0
Truck132268,352.0
Truck132289,302.0
Truck132267,359.0
Truck132297,290.0
Truck132270,359.0
Truck132299,290.0
Truck132283,343.0
Truck132256,415.0
Truck132295,320.0
Truck132288,337.0
Truck132292,328.0
Truck132258,414.0
Truck132296,319.0
Truck132304,299.0
Truck132305,300.0
Truck132308,290.0
Truck132291,340.0
Truck132310,290.0
Truck132311,290.0
Truck132307,301.0
Truck132277,378.0
Truck132313,290.0
Truck132306,307.0
Truck132314,290.0
Truck132315,290.0
Truck132302,321.0
Truck132284,369.0
Truck132316,290.0
Truck132290,356.0
Truck132318,290.0
Truck132300,337.0
Truck132230,513.0
Truck132309,321.0
Truck132325,290.0
Truck132321,301.0
Truck132272,425.0
Truck132312,325.0
Truck132327,290.0
Truck132329,290.0
Truck132323,308.0
Truck132330,290.0
Truck132332,290.0
Truck132320,324.0
Truck132334,290.0
Truck132335,290.0
Truck132336,290.0
Truck132337,290.0
Truck132338,290.0
Truck132303,384.0
Truck132333,309.0
Truck132340,290.0
Truck132341,290.0
Truck132328,326.0
Truck132344,290.0
Truck132347,290.0
Truck132326,343.0
Truck132285,449.0
Truck132348,290.0
Truck132349,290.0
Truck132343,307.0
Truck132351,290.0
Truck132352,290.0
Truck132346,314.0
Truck132357,290.0
Truck132324,377.0
Truck132298,444.0
Truck132356,302.0
Truck132362,290.0
Truck132363,290.0
Truck132322,391.0
Truck132342,341.0
Truck132481,304.0
Truck132486,290.0
Truck132482,302.0
Truck132489,290.0
Truck132484,305.0
Truck132490,290.0
Truck132487,305.0
Truck132491,299.0
Truck132483,320.0
Truck132494,290.0
Truck132496,290.0
Truck132498,290.0
Truck132500,290.0
Truck132493,311.0
Truck132497,302.0
Truck132499,307.0
Truck132506,290.0
Truck132508,290.0
Truck132509,290.0
Truck132492,333.0
Truck132510,290.0
Truck132511,290.0
Truck132480,367.0
Truck132513,290.0
Truck132514,290.0
Truck132516,290.0
Truck132507,316.0
Truck132519,290.0
Truck132495,355.0
Truck132505,330.0
Truck132517,305.0
Truck132522,290.0
Truck132523,290.0
Truck132503,341.0
Truck132485,387.0
Truck132504,338.0
Truck132525,290.0
Truck132526,290.0
Truck132527,290.0
Truck132520,307.0
Truck132528,290.0
Truck132515,330.0
Truck132530,290.0
Truck132488,396.0
Truck132512,338.0
Truck132518,325.0
Truck132501,371.0
Truck132529,301.0
Truck132532,301.0
Truck132521,337.0
Truck132533,307.0
Truck132524,333.0
Truck132542,290.0
Truck132544,290.0
Truck132547,290.0
Truck132534,321.0
Truck132548,290.0
Truck132546,299.0
Truck132550,290.0
Truck132535,340.0
Truck132556,290.0
Truck132553,304.0
Truck132540,335.0
Truck132559,290.0
Truck132537,347.0
Truck132545,327.0
Truck132552,308.0
Truck132539,344.0
Truck132541,341.0
Truck132531,368.0
Truck132543,340.0
Truck132558,302.0
Truck132564,290.0
Truck132565,290.0
Truck132561,303.0
Truck132567,290.0
Truck132563,301.0
Truck132549,340.0
Truck132554,325.0
Truck132568,290.0
Truck132536,372.0
Truck132557,323.0
Truck132560,317.0
Truck132572,290.0
Truck132573,290.0
Truck132569,304.0
Truck132575,290.0
Truck132577,290.0
Truck132555,347.0
Truck132566,319.0
Truck132578,290.0
Truck132579,290.0
Truck132551,362.0
Truck132580,290.0
Truck132574,308.0
Truck132538,399.0
Truck132502,495.0
Truck132587,290.0
Truck132571,333.0
Truck132583,304.0
Truck132588,290.0
Truck132570,339.0
Truck132581,314.0
Truck132592,290.0
Truck132562,368.0
Truck132589,304.0
Truck132595,290.0
Truck132586,315.0
Truck132596,290.0
Truck132584,324.0
Truck132599,290.0
Truck132602,290.0
Truck132603,290.0
Truck132582,342.0
Truck132593,318.0
Truck132594,315.0
Truck132608,290.0
Truck132585,353.0
Truck132605,308.0
Truck132613,290.0
Truck132591,346.0
Truck132590,347.0
Truck132606,308.0
Truck132614,290.0
Truck132615,290.0
Truck132611,303.0
Truck132601,329.0
Truck132598,335.0
Truck132616,290.0
Truck132610,315.0
Truck132620,290.0
Truck132600,343.0
Truck132622,290.0
Truck132617,307.0
Truck132625,290.0
Truck132621,302.0
Truck132627,290.0
Truck132628,290.0
Truck132629,290.0
Truck132630,290.0
Truck132631,290.0
Truck132612,341.0
Truck132636,290.0
Truck132637,290.0
Truck132609,361.0
Truck132576,444.0
Truck132597,394.0
Truck132623,329.0
Truck132633,304.0
Truck132624,326.0
Truck132635,303.0
Truck132642,290.0
Truck132643,290.0
Truck132638,301.0
Truck132644,290.0
Truck132604,394.0
Truck132647,290.0
Truck132619,362.0
Truck132641,309.0
Truck132607,395.0
Truck132648,290.0
Truck132649,290.0
Truck132632,331.0
Truck132645,307.0
Truck132639,327.0
Truck132656,290.0
Truck132658,290.0
Truck132659,290.0
Truck132652,306.0
Truck132650,313.0
Truck132660,290.0
Truck132661,290.0
Truck132640,341.0
Truck132657,304.0
Truck132653,315.0
Truck132662,290.0
Truck132654,316.0
Truck132634,368.0
Truck132655,319.0
Truck132666,290.0
Truck132667,290.0
Truck132663,309.0
Truck132665,304.0
Truck132670,290.0
Truck132672,290.0
Truck132673,290.0
Truck132618,426.0
Truck132668,304.0
Truck132674,290.0
Truck132626,413.0
Truck132677,290.0
Truck132646,370.0
Truck132651,360.0
Truck132669,317.0
Truck132681,290.0
Truck132678,301.0
Truck132679,306.0
Truck132671,332.0
Truck132690,290.0
Truck132684,306.0
Truck132664,357.0
Truck132685,307.0
Truck132687,302.0
Truck132693,290.0
Truck132676,337.0
Truck132689,308.0
Truck132692,303.0
Truck132698,290.0
Truck132686,322.0
Truck132688,325.0
Truck132691,320.0
Truck132695,310.0
Truck132694,311.0
Truck132697,306.0
Truck132706,290.0
Truck132707,290.0
Truck132682,351.0
Truck132699,312.0
Truck132703,304.0
Truck132708,290.0
Truck132709,290.0
Truck132702,307.0
Truck132711,290.0
Truck132700,317.0
Truck132714,290.0
Truck132680,381.0
Truck132722,290.0
Truck132710,321.0
Truck132717,309.0
Truck132725,290.0
Truck132727,290.0
Truck132718,314.0
Truck132728,290.0
Truck132723,307.0
Truck132724,303.0
Truck132701,365.0
Truck132719,325.0
Truck132732,290.0
Truck132704,361.0
Truck132720,325.0
Truck132734,290.0
Truck132735,290.0
Truck132712,346.0
Truck132705,369.0
Truck132733,303.0
Truck132738,290.0
Truck132739,290.0
Truck132683,431.0
Truck132741,290.0
Truck132675,458.0
Truck132743,290.0
Truck132729,328.0
Truck132715,365.0
Truck132745,290.0
Truck132721,351.0
Truck132740,301.0
Truck132747,290.0
Truck132730,332.0
Truck132742,305.0
Truck132737,321.0
Truck132716,373.0
Truck132744,305.0
Truck132751,290.0
Truck132726,355.0
Truck132749,300.0
Truck132752,290.0
Truck132754,290.0
Truck132755,290.0
Truck132696,437.0
Truck132756,290.0
Truck132759,290.0
Truck132731,363.0
Truck132736,349.0
Truck132713,419.0
Truck132765,290.0
Truck132767,290.0
Truck132748,339.0
Truck132768,290.0
Truck132769,290.0
Truck132746,346.0
Truck132763,306.0
Truck132771,290.0
Truck132753,339.0
Truck132761,320.0
Truck132772,290.0
Truck132773,290.0
Truck132757,331.0
Truck132774,290.0
Truck132777,290.0
Truck132778,290.0
Truck132758,343.0
Truck132781,290.0
Truck132762,337.0
Truck132782,290.0
Truck132770,324.0
Truck132785,290.0
Truck132787,290.0
Truck132766,343.0
Truck132788,290.0
Truck132791,290.0
Truck132775,332.0
Truck132780,321.0
Truck132750,399.0
Truck132793,300.0
Truck132796,290.0
Truck132799,290.0
Truck132764,376.0
Truck132776,346.0
Truck132795,302.0
Truck132800,290.0
Truck132792,314.0
Truck132803,290.0
Truck132801,304.0
Truck132808,290.0
Truck132797,322.0
Truck132811,290.0
Truck132806,302.0
Truck132760,418.0
Truck132814,290.0
Truck132815,290.0
Truck132794,343.0
Truck132809,309.0
Truck132817,290.0
Truck132807,318.0
Truck132813,309.0
Truck132821,290.0
Truck132823,290.0
Truck132816,307.0
Truck132789,378.0
Truck132810,323.0
Truck132804,339.0
Truck132824,290.0
Truck132818,308.0
Truck132829,290.0
Truck132825,302.0
Truck132802,359.0
Truck132812,338.0
Truck132833,290.0
Truck132827,306.0
Truck132779,430.0
Truck132835,290.0
Truck132784,418.0
Truck132836,290.0
Truck132830,308.0
Truck132838,290.0
Truck132839,290.0
Truck132837,300.0
Truck132841,290.0
Truck132805,381.0
Truck132842,290.0
Truck132843,290.0
Truck132845,290.0
Truck132786,439.0
Truck132790,429.0
Truck132828,334.0
Truck132848,290.0
Truck132819,368.0
Truck132798,420.0
Truck132831,340.0
Truck132850,290.0
Truck132822,363.0
Truck132820,375.0
Truck132851,300.0
Truck132854,290.0
Truck132855,290.0
Truck132849,309.0
Truck132847,316.0
Truck132826,369.0
Truck132858,290.0
Truck132846,323.0
Truck132861,290.0
Truck132863,290.0
Truck132859,302.0
Truck132783,493.0
Truck132864,290.0
Truck132867,290.0
Truck132857,320.0
Truck132868,290.0
Truck132844,351.0
Truck132862,306.0
Truck132865,301.0
Truck132870,290.0
Truck132871,290.0
Truck132840,373.0
Truck132853,343.0
Truck132872,300.0
Truck132876,290.0
Truck132860,336.0
Truck132881,290.0
Truck132883,290.0
Truck132877,309.0
Truck132884,290.0
Truck132852,373.0
Truck132866,339.0
Truck132886,290.0
Truck132887,290.0
Truck132888,290.0
Truck132832,432.0
Truck132891,290.0
Truck132893,290.0
Truck132856,381.0
Truck132875,336.0
Truck132890,308.0
Truck132898,290.0
Truck132901,290.0
Truck132874,356.0
Truck132899,299.0
Truck132903,290.0
Truck132885,345.0
Truck132834,472.0
Truck132879,363.0
Truck132896,319.0
Truck132908,290.0
Truck132910,290.0
Truck132902,317.0
Truck132906,309.0
Truck132907,309.0
Truck132914,290.0
Truck132915,290.0
Truck132916,290.0
Truck132889,362.0
Truck132897,345.0
Truck132922,290.0
Truck132923,290.0
Truck132909,326.0
Truck132924,290.0
Truck132925,290.0
Truck132913,325.0
Truck132926,290.0
Truck132928,290.0
Truck132921,312.0
Truck132918,318.0
Truck132904,354.0
Truck132930,290.0
Truck132931,290.0
Truck132917,326.0
Truck132878,425.0
Truck132932,290.0
Truck132900,375.0
Truck132869,460.0
Truck132894,397.0
Truck132938,290.0
Truck132927,324.0
Truck132892,410.0
Truck132940,290.0
Truck132941,290.0
Truck132937,305.0
Truck132929,327.0
Truck132919,353.0
Truck132944,290.0
Truck132895,417.0
Truck132936,313.0
Truck132933,333.0
Truck132873,485.0
Truck132952,290.0
Truck132882,467.0
Truck132920,377.0
Truck132956,290.0
Truck132951,306.0
Truck132947,320.0
Truck132958,290.0
Truck132911,414.0
Truck132945,329.0
Truck132905,430.0
Truck132960,290.0
Truck132948,324.0
Truck132962,290.0
Truck132964,290.0
Truck132965,290.0
Truck132942,347.0
Truck132959,307.0
Truck132968,290.0
Truck132972,290.0
Truck132955,337.0
Truck132975,290.0
Truck132953,347.0
Truck132977,290.0
Truck132912,453.0
Truck132971,308.0
Truck132970,309.0
Truck132880,535.0
Truck132978,290.0
Truck132966,322.0
Truck132969,317.0
Truck132939,394.0
Truck132981,290.0
Truck132974,306.0
Truck132943,393.0
Truck132980,300.0
Truck132985,290.0
Truck132987,290.0
Truck132934,422.0
Truck132982,304.0
Truck132983,304.0
Truck132989,290.0
Truck132946,406.0
Truck132994,290.0
Truck132976,337.0
Truck132950,405.0
Truck132997,290.0
Truck132998,290.0
Truck132949,421.0
Truck133002,290.0
Truck133003,290.0
Truck132957,410.0
Truck133001,300.0
Truck133006,290.0
Truck133007,290.0
Truck133008,290.0
Truck133009,290.0
Truck132988,341.0
Truck132990,337.0
Truck133010,290.0
Truck132984,357.0
Truck132986,354.0
Truck132993,344.0
Truck133015,290.0
Truck133000,329.0
Truck132954,445.0
Truck133017,290.0
Truck133005,323.0
Truck132979,389.0
Truck132963,434.0
Truck133020,290.0
Truck132935,511.0
Truck132973,419.0
Truck132961,454.0
Truck133011,329.0
Truck133026,290.0
Truck133027,290.0
Truck132967,445.0
Truck132999,365.0
Truck132992,381.0
Truck133012,334.0
Truck133022,310.0
Truck133025,307.0
Truck132996,381.0
Truck133014,337.0
Truck132995,388.0
Truck133021,325.0
Truck133034,290.0
Truck133031,302.0
Truck133036,290.0
Truck133018,336.0
Truck133038,290.0
Truck133028,316.0
Truck133032,310.0
Truck133042,290.0
Truck133030,323.0
Truck133037,310.0
Truck133044,290.0
Truck133045,290.0
Truck133043,304.0
Truck133049,290.0
Truck133051,290.0
Truck133029,346.0
Truck133019,373.0
Truck133046,305.0
Truck133052,290.0
Truck133053,290.0
Truck133013,393.0
Truck133054,290.0
Truck133055,290.0
Truck133016,388.0
Truck133035,346.0
Truck133004,423.0
Truck133050,308.0
Truck133058,290.0
Truck133059,290.0
Truck133056,300.0
Truck133062,290.0
Truck133040,346.0
Truck133064,290.0
Truck133033,371.0
Truck133072,290.0
Truck133073,290.0
Truck133065,311.0
Truck133066,312.0
Truck133048,360.0
Truck133071,308.0
Truck133047,377.0
Truck133067,329.0
Truck132991,522.0
Truck133085,290.0
Truck133061,353.0
Truck133076,315.0
Truck133078,310.0
Truck133087,290.0
Truck133068,340.0
Truck133082,305.0
Truck133088,290.0
Truck133089,290.0
Truck133024,451.0
Truck133023,457.0
Truck133057,372.0
Truck133069,342.0
Truck133077,324.0
Truck133075,336.0
Truck133093,299.0
Truck133096,290.0
Truck133060,384.0
Truck133098,290.0
Truck133084,327.0
Truck133039,443.0
Truck133080,338.0
Truck133100,290.0
Truck133101,290.0
Truck133083,338.0
Truck133070,370.0
Truck133081,345.0
Truck133105,290.0
Truck133090,327.0
Truck133106,290.0
Truck133109,290.0
Truck133041,461.0
Truck133102,308.0
Truck133063,410.0
Truck133107,300.0
Truck133111,290.0
Truck133112,290.0
Truck133095,337.0
Truck133108,305.0
Truck133115,290.0
Truck133116,290.0
Truck133113,301.0
Truck133094,348.0
Truck133118,290.0
Truck133099,345.0
Truck133074,406.0
Truck133091,367.0
Truck133122,290.0
Truck133123,290.0
Truck133124,290.0
Truck133125,290.0
Truck133097,369.0
Truck133128,290.0
Truck133130,290.0
Truck133079,421.0
Truck133127,304.0
Truck133132,290.0
Truck133133,290.0
Truck133114,336.0
Truck133126,309.0
Truck133134,290.0
Truck133121,326.0
Truck133120,329.0
Truck133117,340.0
Truck133129,310.0
Truck133119,341.0
Truck133104,377.0
Truck133086,423.0
Truck133140,290.0
Truck133141,290.0
Truck133135,306.0
Truck133110,377.0
Truck133146,290.0
Truck133131,333.0
Truck133148,290.0
Truck133145,303.0
Truck133150,290.0
Truck133153,290.0
Truck133138,331.0
Truck133156,290.0
Truck133157,290.0
Truck133147,319.0
Truck133158,290.0
Truck133136,349.0
Truck133154,304.0
Truck133160,290.0
Truck133139,349.0
Truck133162,290.0
Truck133155,311.0
Truck133165,290.0
Truck133166,290.0
Truck133142,352.0
Truck133152,327.0
Truck133149,340.0
Truck133161,310.0
Truck133169,290.0
Truck133137,371.0
Truck133163,307.0
Truck133170,290.0
Truck133144,359.0
Truck133164,309.0
Truck133174,290.0
Truck133171,301.0
Truck133143,376.0
Truck133092,503.0
Truck133173,305.0
Truck133179,290.0
Truck133103,484.0
Truck133180,290.0
Truck133181,290.0
Truck133182,290.0
Truck133183,290.0
Truck133167,331.0
Truck133168,328.0
Truck133178,304.0
Truck133186,290.0
Truck133187,290.0
Truck133175,325.0
Truck133190,290.0
Truck133192,290.0
Truck133188,304.0
Truck133194,290.0
Truck133172,346.0
Truck133185,317.0
Truck133189,307.0
Truck133184,325.0
Truck133195,304.0
Truck133176,350.0
Truck133177,351.0
Truck133197,302.0
Truck133196,308.0
Truck133159,410.0
Truck133206,290.0
Truck133207,290.0
Truck133208,290.0
Truck133211,290.0
Truck133213,290.0
Truck133191,349.0
Truck133215,290.0
Truck133193,346.0
Truck133198,332.0
Truck133202,333.0
Truck133204,330.0
Truck133205,330.0
Truck133220,290.0
Truck133212,312.0
Truck133217,305.0
Truck133224,290.0
Truck133225,290.0
Truck133221,302.0
Truck133210,330.0
Truck133222,306.0
Truck133209,342.0
Truck133218,317.0
Truck133201,363.0
Truck133228,299.0
Truck133232,290.0
Truck133214,339.0
Truck133234,290.0
Truck133235,290.0
Truck133200,377.0
Truck133227,312.0
Truck133216,340.0
Truck133236,290.0
Truck133230,308.0
Truck133238,290.0
Truck133240,290.0
Truck133199,396.0
Truck133242,290.0
Truck133243,290.0
Truck133231,322.0
Truck133226,340.0
Truck133248,290.0
Truck133223,364.0
Truck133252,290.0
Truck133219,378.0
Truck133254,290.0
Truck133256,290.0
Truck133229,362.0
Truck133258,290.0
Truck133259,290.0
Truck133151,563.0
Truck133261,290.0
Truck133263,290.0
Truck133237,356.0
Truck133251,322.0
Truck133247,335.0
Truck133265,290.0
Truck133239,358.0
Truck133266,290.0
Truck133244,348.0
Truck133260,308.0
Truck133268,290.0
Truck133262,308.0
Truck133271,290.0
Truck133250,341.0
Truck133267,302.0
Truck133272,290.0
Truck133273,290.0
Truck133253,344.0
Truck133270,299.0
Truck133264,315.0
Truck133274,290.0
Truck133277,290.0
Truck133255,348.0
Truck133280,290.0
Truck133269,323.0
Truck133249,374.0
Truck133275,310.0
Truck133283,290.0
Truck133276,306.0
Truck133246,384.0
Truck133284,290.0
Truck133281,305.0
Truck133203,501.0
Truck133289,290.0
Truck133257,379.0
Truck133292,290.0
Truck133241,425.0
Truck133294,290.0
Truck133295,290.0
Truck133278,333.0
Truck133233,450.0
Truck133296,290.0
Truck133299,290.0
Truck133279,345.0
Truck133301,290.0
Truck133288,322.0
Truck133291,317.0
Truck133286,328.0
Truck133285,340.0
Truck133304,290.0
Truck133245,444.0
Truck133308,290.0
Truck133287,346.0
Truck133297,324.0
Truck133310,290.0
Truck133311,290.0
Truck133306,303.0
Truck133312,290.0
Truck133313,290.0
Truck133290,348.0
Truck133309,303.0
Truck133314,290.0
Truck133317,290.0
Truck133300,332.0
Truck133303,328.0
Truck133319,290.0
Truck133320,290.0
Truck133316,306.0
Truck133324,290.0
Truck133325,290.0
Truck133305,341.0
Truck133298,361.0
Truck133302,359.0
Truck133334,290.0
Truck133335,290.0
Truck133327,312.0
Truck133337,290.0
Truck133326,316.0
Truck133282,427.0
Truck133333,304.0
Truck133307,371.0
Truck133332,309.0
Truck133318,349.0
Truck133321,344.0
Truck133343,290.0
Truck133344,290.0
Truck133339,308.0
Truck133346,290.0
Truck133347,290.0
Truck133340,308.0
Truck133349,290.0
Truck133328,345.0
Truck133350,290.0
Truck133345,307.0
Truck133315,384.0
Truck133331,348.0
Truck133341,323.0
Truck133330,349.0
Truck133354,290.0
Truck133355,290.0
Truck133356,290.0
Truck133329,365.0
Truck133352,308.0
Truck133359,301.0
Truck133357,307.0
Truck133322,393.0
Truck133336,359.0
Truck133293,470.0
Truck133364,290.0
Truck133338,356.0
Truck133348,331.0
Truck133366,290.0
Truck133367,290.0
Truck133360,307.0
Truck133342,357.0
Truck133323,408.0
Truck133370,290.0
Truck133372,290.0
Truck133373,290.0
Truck133368,308.0
Truck133371,305.0
Truck133362,333.0
Truck133380,290.0
Truck133382,290.0
Truck133383,290.0
Truck133365,339.0
Truck133387,290.0
Truck133389,290.0
Truck133363,357.0
Truck133390,290.0
Truck133391,290.0
Truck133376,327.0
Truck133378,322.0
Truck133394,290.0
Truck133375,342.0
Truck133379,335.0
Truck133385,320.0
Truck133353,404.0
Truck133398,290.0
Truck133399,290.0
Truck133377,346.0
Truck133388,318.0
Truck133384,329.0
Truck133369,375.0
Truck133403,290.0
Truck133351,425.0
Truck133392,321.0
Truck133358,409.0
Truck133401,305.0
Truck133407,290.0
Truck133408,290.0
Truck133402,308.0
Truck133395,330.0
Truck133381,367.0
Truck133412,290.0
Truck133361,426.0
Truck133411,304.0
Truck133417,290.0
Truck133404,322.0
Truck133413,305.0
Truck133418,290.0
Truck133419,290.0
Truck133414,301.0
Truck133396,348.0
Truck133410,313.0
Truck133420,290.0
Truck133406,329.0
Truck133400,345.0
Truck133374,411.0
Truck133424,290.0
Truck133405,343.0
Truck133409,336.0
Truck133415,321.0
Truck133393,379.0
Truck133422,305.0
Truck133428,290.0
Truck133429,290.0
Truck133416,324.0
Truck133425,309.0
Truck133433,290.0
Truck133421,325.0
Truck133434,290.0
Truck133437,290.0
Truck133386,425.0
Truck133441,290.0
Truck133423,340.0
Truck133432,320.0
Truck133443,300.0
Truck133449,290.0
Truck133431,337.0
Truck133430,338.0
Truck133450,290.0
Truck133451,290.0
Truck133452,290.0
Truck133427,359.0
Truck133455,290.0
Truck133397,436.0
Truck133440,326.0
Truck133436,340.0
Truck133457,290.0
Truck133439,340.0
Truck133458,290.0
Truck133435,352.0
Truck133453,309.0
Truck133438,345.0
Truck133456,300.0
Truck133445,333.0
Truck133442,340.0
Truck133459,309.0
Truck133466,290.0
Truck133467,290.0
Truck133463,302.0
Truck133468,290.0
Truck133462,307.0
Truck133464,308.0
Truck133461,319.0
Truck133473,290.0
Truck133469,303.0
Truck133475,290.0
Truck133446,362.0
Truck133454,343.0
Truck133460,329.0
Truck133448,361.0
Truck133479,290.0
Truck133481,290.0
Truck133474,306.0
Truck133486,290.0
Truck133487,290.0
Truck133476,317.0
Truck133472,330.0
Truck133489,290.0
Truck133471,336.0
Truck133465,355.0
Truck133485,307.0
Truck133478,323.0
Truck133484,308.0
Truck133480,320.0
Truck133492,290.0
Truck133490,304.0
Truck133444,422.0
Truck133483,327.0
Truck133470,358.0
Truck133498,290.0
Truck133493,307.0
Truck133477,348.0
Truck133500,290.0
Truck133502,290.0
Truck133503,290.0
Truck133505,290.0
Truck133506,290.0
Truck133507,290.0
Truck133508,290.0
Truck133509,290.0
Truck133482,359.0
Truck133511,290.0
Truck133488,351.0
Truck133499,328.0
Truck133501,324.0
Truck133514,290.0
Truck133515,290.0
Truck133518,290.0
Truck133519,290.0
Truck133513,309.0
Truck133517,300.0
Truck133522,290.0
Truck133523,290.0
Truck133504,337.0
Truck133491,373.0
Truck133525,290.0
Truck133526,290.0
Truck133527,290.0
Truck133521,307.0
Truck133447,500.0
Truck133524,307.0
Truck133532,290.0
Truck133528,301.0
Truck133426,557.0
Truck133529,306.0
Truck133530,302.0
Truck133531,307.0
Truck133538,290.0
Truck133534,302.0
Truck133496,399.0
Truck133540,290.0
Truck133541,290.0
Truck133510,370.0
Truck133533,315.0
Truck133542,290.0
Truck133512,367.0
Truck133536,311.0
Truck133548,290.0
Truck133543,306.0
Truck133494,427.0
Truck133537,322.0
Truck133551,290.0
Truck133497,426.0
Truck133545,307.0
Truck133535,339.0
Truck133554,290.0
Truck133550,301.0
Truck133544,318.0
Truck133520,379.0
Truck133539,334.0
Truck133495,445.0
Truck133556,290.0
Truck133557,290.0
Truck133546,317.0
Truck133559,290.0
Truck133561,290.0
Truck133563,290.0
Truck133565,290.0
Truck133549,341.0
Truck133571,290.0
Truck133560,320.0
Truck133573,290.0
Truck133562,316.0
Truck133547,357.0
Truck133553,343.0
Truck133570,302.0
Truck133516,439.0
Truck133558,338.0
Truck133580,290.0
Truck133582,290.0
Truck133583,290.0
Truck133566,337.0
Truck133586,290.0
Truck133564,346.0
Truck133574,322.0
Truck133589,290.0
Truck133590,290.0
Truck133591,290.0
Truck133569,350.0
Truck133555,389.0
Truck133595,290.0
Truck133567,364.0
Truck133568,359.0
Truck133592,301.0
Truck133552,403.0
Truck133599,290.0
Truck133572,358.0
Truck133601,290.0
Truck133579,347.0
Truck133581,342.0
Truck133602,290.0
Truck133576,356.0
Truck133604,290.0
Truck133600,305.0
Truck133606,290.0
Truck133597,317.0
Truck133609,290.0
Truck133611,290.0
Truck133603,318.0
Truck133598,330.0
Truck133614,290.0
Truck133615,290.0
Truck133593,346.0
Truck133578,385.0
Truck133616,290.0
Truck133607,316.0
Truck133610,306.0
Truck133585,374.0
Truck133618,290.0
Truck133612,306.0
Truck133594,355.0
Truck133621,290.0
Truck133577,403.0
Truck133608,324.0
Truck133622,290.0
Truck133624,290.0
Truck133625,290.0
Truck133605,348.0
Truck133628,290.0
Truck133629,290.0
Truck133630,290.0
Truck133632,290.0
Truck133623,316.0
Truck133626,307.0
Truck133619,330.0
Truck133636,290.0
Truck133596,392.0
Truck133617,342.0
Truck133631,307.0
Truck133575,448.0
Truck133639,290.0
Truck133634,302.0
Truck133635,307.0
Truck133637,305.0
Truck133645,290.0
Truck133588,431.0
Truck133641,301.0
Truck133633,323.0
Truck133587,441.0
Truck133642,303.0
Truck133648,290.0
Truck133649,290.0
Truck133650,290.0
Truck133651,290.0
Truck133653,290.0
Truck133644,313.0
Truck133646,308.0
Truck133643,322.0
Truck133647,315.0
Truck133627,375.0
Truck133661,290.0
Truck133656,301.0
Truck133663,290.0
Truck133664,290.0
Truck133665,290.0
Truck133655,321.0
Truck133659,314.0
Truck133668,290.0
Truck133669,290.0
Truck133660,312.0
Truck133667,303.0
Truck133672,290.0
Truck133652,341.0
Truck133640,374.0
Truck133654,345.0
Truck133676,290.0
Truck133584,522.0
Truck133657,342.0
Truck133678,290.0
Truck133679,290.0
Truck133620,436.0
Truck133658,343.0
Truck133680,290.0
Truck133681,290.0
Truck133671,316.0
Truck133683,290.0
Truck133666,335.0
Truck133684,290.0
Truck133685,290.0
Truck133670,329.0
Truck133686,290.0
Truck133662,352.0
Truck133689,290.0
Truck133691,290.0
Truck133613,487.0
Truck133674,333.0
Truck133696,290.0
Truck133638,437.0
Truck133698,290.0
Truck133694,305.0
Truck133675,360.0
Truck133703,290.0
Truck133687,337.0
Truck133682,354.0
Truck133711,290.0
Truck133709,300.0
Truck133707,308.0
Truck133715,290.0
Truck133700,330.0
Truck133692,353.0
Truck133710,311.0
Truck133693,359.0
Truck133704,330.0
Truck133720,290.0
Truck133701,345.0
Truck133716,305.0
Truck133722,290.0
Truck133695,367.0
Truck133690,378.0
Truck133673,426.0
Truck133677,417.0
Truck133697,369.0
Truck133717,320.0
Truck133729,290.0
Truck133718,316.0
Truck133723,307.0
Truck133726,300.0
Truck133699,371.0
Truck133708,348.0
Truck133712,338.0
Truck133724,310.0
Truck133733,290.0
Truck133728,302.0
Truck133706,365.0
Truck133725,325.0
Truck133738,290.0
Truck133702,382.0
Truck133705,378.0
Truck133740,290.0
Truck133721,345.0
Truck133742,290.0
Truck133743,290.0
Truck133732,318.0
Truck133744,290.0
Truck133745,290.0
Truck133734,316.0
Truck133730,328.0
Truck133735,318.0
Truck133746,290.0
Truck133731,335.0
Truck133727,350.0
Truck133751,290.0
Truck133688,448.0
Truck133736,330.0
Truck133752,290.0
Truck133753,290.0
Truck133737,333.0
Truck133719,379.0
Truck133757,290.0
Truck133759,290.0
Truck133741,338.0
Truck133760,290.0
Truck133713,412.0
Truck133754,307.0
Truck133762,290.0
Truck133765,290.0
Truck133755,316.0
Truck133756,314.0
Truck133768,290.0
Truck133769,290.0
Truck133763,307.0
Truck133770,290.0
Truck133771,290.0
Truck133766,302.0
Truck133767,308.0
Truck133714,440.0
Truck133779,290.0
Truck133780,290.0
Truck133776,304.0
Truck133777,304.0
Truck133782,290.0
Truck133783,290.0
Truck133775,312.0
Truck133784,290.0
Truck133747,389.0
Truck133789,290.0
Truck133772,332.0
Truck133748,393.0
Truck133791,290.0
Truck133793,290.0
Truck133739,429.0
Truck133794,290.0
Truck133795,290.0
Truck133790,304.0
Truck133797,290.0
Truck133778,337.0
Truck133798,290.0
Truck133764,376.0
Truck133786,321.0
Truck133773,358.0
Truck133787,328.0
Truck133785,335.0
Truck133803,290.0
Truck133749,430.0
Truck133750,425.0
Truck133804,290.0
Truck133805,290.0
Truck133801,302.0
Truck133761,404.0
Truck133799,309.0
Truck133807,290.0
Truck133792,328.0
Truck133809,290.0
Truck133774,378.0
Truck133813,290.0
Truck133796,331.0
Truck133814,290.0
Truck133817,290.0
Truck133811,306.0
Truck133819,290.0
Truck133781,386.0
Truck133758,442.0
Truck133800,344.0
Truck133822,290.0
Truck133823,290.0
Truck133818,306.0
Truck133802,347.0
Truck133810,330.0
Truck133827,290.0
Truck133828,290.0
Truck133821,312.0
Truck133830,290.0
Truck133832,290.0
Truck133815,337.0
Truck133826,307.0
Truck133806,358.0
Truck133820,325.0
Truck133835,290.0
Truck133834,300.0
Truck133838,290.0
Truck133839,290.0
Truck133816,348.0
Truck133824,329.0
Truck133833,313.0
Truck133812,364.0
Truck133842,290.0
Truck133843,290.0
Truck133788,426.0
Truck133845,290.0
Truck133841,306.0
Truck133825,354.0
Truck133847,299.0
Truck133846,300.0
Truck133852,290.0
Truck133848,302.0
Truck133854,290.0
Truck133855,290.0
Truck133831,352.0
Truck133850,305.0
Truck133857,290.0
Truck133858,290.0
Truck133859,290.0
Truck133808,418.0
Truck133860,290.0
Truck133851,317.0
Truck133853,313.0
Truck133863,290.0
Truck133849,332.0
Truck133836,365.0
Truck133867,290.0
Truck133856,318.0
Truck133868,290.0
Truck133869,290.0
Truck133865,304.0
Truck133870,301.0
Truck133877,290.0
Truck133878,290.0
Truck133881,290.0
Truck133882,290.0
Truck133883,290.0
Truck133880,300.0
Truck133840,404.0
Truck133874,321.0
Truck133888,290.0
Truck133862,357.0
Truck133891,290.0
Truck133893,290.0
Truck133876,331.0
Truck133864,363.0
Truck133894,290.0
Truck133895,290.0
Truck133837,439.0
Truck133875,344.0
Truck133879,335.0
Truck133886,315.0
Truck133897,290.0
Truck133844,424.0
Truck133898,290.0
Truck133899,290.0
Truck133885,326.0
Truck133861,393.0
Truck133892,313.0
Truck133890,320.0
Truck133884,340.0
Truck133904,290.0
Truck133829,481.0
Truck133866,387.0
Truck133872,373.0
Truck133896,313.0
Truck133906,290.0
Truck133887,344.0
Truck133871,386.0
Truck133903,309.0
Truck133900,317.0
Truck133912,290.0
Truck133905,313.0
Truck133916,290.0
Truck133921,290.0
Truck133908,322.0
Truck133914,315.0
Truck133918,306.0
Truck133915,320.0
Truck133926,290.0
Truck133922,304.0
Truck133928,290.0
Truck133923,306.0
Truck133909,343.0
Truck133930,290.0
Truck133873,442.0
Truck133935,290.0
Truck133924,317.0
Truck133937,290.0
Truck133902,378.0
Truck133910,358.0
Truck133933,305.0
Truck133939,290.0
Truck133911,363.0
Truck133907,376.0
Truck133934,307.0
Truck133929,325.0
Truck133942,290.0
Truck133943,290.0
Truck133920,346.0
Truck133925,337.0
Truck133944,290.0
Truck133945,290.0
Truck133940,304.0
Truck133889,435.0
Truck133917,367.0
Truck133948,290.0
Truck133941,312.0
Truck133913,385.0
Truck133950,290.0
Truck133932,344.0
Truck133936,334.0
Truck133954,290.0
Truck133927,361.0
Truck133938,331.0
Truck133931,360.0
Truck133959,290.0
Truck133960,290.0
Truck133956,304.0
Truck133962,290.0
Truck133919,402.0
Truck133952,319.0
Truck133965,290.0
Truck133901,451.0
Truck133949,338.0
Truck133946,345.0
Truck133951,335.0
Truck133947,349.0
Truck133964,308.0
Truck133967,305.0
Truck133972,290.0
Truck133973,290.0
Truck133969,304.0
Truck133953,355.0
Truck133978,290.0
Truck133957,348.0
Truck133963,335.0
Truck133977,300.0
Truck133981,290.0
Truck133968,322.0
Truck133982,290.0
Truck133983,290.0
Truck133979,302.0
Truck133984,290.0
Truck133971,326.0
Truck133974,317.0
Truck133958,358.0
Truck133988,290.0
Truck133989,290.0
Truck133976,321.0
Truck133985,309.0
Truck133980,324.0
Truck133991,300.0
Truck133995,290.0
Truck133961,377.0
Truck133996,290.0
Truck133998,290.0
Truck133993,307.0
Truck133986,324.0
Truck133997,300.0
Truck134000,290.0
Truck134001,290.0
Truck133990,320.0
Truck133975,361.0
Truck134004,290.0
Truck133987,339.0
Truck134007,290.0
Truck134009,290.0
Truck134003,308.0
Truck134010,290.0
Truck134005,306.0
Truck133955,432.0
Truck134012,290.0
Truck133966,409.0
Truck134016,290.0
Truck134006,323.0
Truck133992,359.0
Truck134002,335.0
Truck134020,290.0
Truck134021,290.0
Truck134024,290.0
Truck134013,323.0
Truck134014,319.0
Truck134022,300.0
Truck134028,290.0
Truck134029,290.0
Truck134008,341.0
Truck134015,326.0
Truck134030,290.0
Truck134032,290.0
Truck134033,290.0
Truck134034,290.0
Truck134036,290.0
Truck134019,336.0
Truck134025,324.0
Truck133970,466.0
Truck134043,290.0
Truck134017,356.0
Truck133999,402.0
Truck134045,290.0
Truck134046,290.0
Truck134038,313.0
Truck134040,309.0
Truck134049,290.0
Truck134044,305.0
Truck134035,335.0
Truck134041,324.0
Truck134054,290.0
Truck134018,383.0
Truck134027,363.0
Truck134056,290.0
Truck134037,341.0
Truck134050,306.0
Truck134031,363.0
Truck134060,290.0
Truck134051,318.0
Truck134063,290.0
Truck134011,423.0
Truck134065,290.0
Truck134058,307.0
Truck134066,290.0
Truck134048,341.0
Truck134057,325.0
Truck134070,290.0
Truck134071,290.0
Truck134053,337.0
Truck134072,290.0
Truck134047,358.0
Truck134074,290.0
Truck134055,341.0
Truck134062,321.0
Truck134068,309.0
Truck134077,290.0
Truck134042,377.0
Truck134026,418.0
Truck134080,290.0
Truck133994,510.0
Truck134082,290.0
Truck134083,290.0
Truck134076,307.0
Truck134067,335.0
Truck134073,324.0
Truck134086,290.0
Truck134081,307.0
Truck134069,338.0
Truck134084,300.0
Truck134091,290.0
Truck134039,423.0
Truck134092,290.0
Truck134089,305.0
Truck134095,290.0
Truck134064,370.0
Truck134097,290.0
Truck134090,306.0
Truck134099,290.0
Truck134088,316.0
Truck134078,345.0
Truck134100,290.0
Truck134079,346.0
Truck134023,488.0
Truck134102,290.0
Truck134103,290.0
Truck134096,306.0
Truck134104,290.0
Truck134085,342.0
Truck134107,290.0
Truck134052,427.0
Truck134108,290.0
Truck134110,290.0
Truck134059,424.0
Truck134075,390.0
Truck134111,303.0
Truck134116,290.0
Truck134061,434.0
Truck134120,290.0
Truck134121,290.0
Truck134114,307.0
Truck134093,370.0
Truck134106,336.0
Truck134118,308.0
Truck134126,290.0
Truck134094,371.0
Truck134115,321.0
Truck134123,302.0
Truck134105,348.0
Truck134117,319.0
Truck134124,300.0
Truck134128,290.0
Truck134129,290.0
Truck134132,290.0
Truck134133,290.0
Truck134113,357.0
Truck134127,323.0
Truck134101,394.0
Truck134125,337.0
Truck134135,315.0
Truck134122,347.0
Truck134140,303.0
Truck134141,303.0
Truck134130,329.0
Truck134134,321.0
Truck134131,339.0
Truck134146,300.0
Truck134150,290.0
Truck134109,400.0
Truck134152,290.0
Truck134137,335.0
Truck134148,305.0
Truck134154,290.0
Truck134136,339.0
Truck134156,290.0
Truck134087,466.0
Truck134112,401.0
Truck134098,439.0
Truck134158,290.0
Truck134159,290.0
Truck134155,306.0
Truck134145,334.0
Truck134147,334.0
Truck134161,299.0
Truck134165,290.0
Truck134119,416.0
Truck134163,307.0
Truck134151,338.0
Truck134153,339.0
Truck134166,304.0
Truck134172,290.0
Truck134144,364.0
Truck134157,334.0
Truck134174,290.0
Truck134175,290.0
Truck134143,371.0
Truck134160,329.0
Truck134171,307.0
Truck134178,290.0
Truck134149,368.0
Truck134168,320.0
Truck134180,290.0
Truck134181,290.0
Truck134139,397.0
Truck134182,290.0
Truck134142,393.0
Truck134138,404.0
Truck134176,310.0
Truck134184,290.0
Truck134162,349.0
Truck134187,290.0
Truck134167,342.0
Truck134169,337.0
Truck134188,290.0
Truck134189,290.0
Truck134170,338.0
Truck134177,323.0
Truck134190,290.0
Truck134185,307.0
Truck134192,290.0
Truck134195,290.0
Truck134196,290.0
Truck134197,290.0
Truck134198,290.0
Truck134183,335.0
Truck134201,290.0
Truck134179,347.0
Truck134204,290.0
Truck134206,290.0
Truck134207,290.0
Truck134202,302.0
Truck134205,305.0
Truck134211,290.0
Truck134191,341.0
Truck134199,323.0
Truck134194,335.0
Truck134209,301.0
Truck134214,290.0
Truck134216,290.0
Truck134219,290.0
Truck134220,290.0
Truck134164,433.0
Truck134173,413.0
Truck134186,384.0
Truck134203,344.0
Truck134217,314.0
Truck134228,290.0
Truck134225,302.0
Truck134218,318.0
Truck134230,290.0
Truck134233,290.0
Truck134213,342.0
Truck134193,393.0
Truck134234,290.0
Truck134235,290.0
Truck134236,290.0
Truck134237,290.0
Truck134215,346.0
Truck134221,331.0
Truck134200,383.0
Truck134222,329.0
Truck134232,304.0
Truck134239,290.0
Truck134208,370.0
Truck134223,335.0
Truck134240,290.0
Truck134241,290.0
Truck134229,323.0
Truck134242,290.0
Truck134243,290.0
Truck134244,290.0
Truck134231,329.0
Truck134224,345.0
Truck134246,290.0
Truck134247,290.0
Truck134251,290.0
Truck134226,352.0
Truck134252,290.0
Truck134254,290.0
Truck134255,290.0
Truck134227,363.0
Truck134253,308.0
Truck134259,308.0
Truck134262,299.0
Truck134266,290.0
Truck134267,290.0
Truck134212,429.0
Truck134268,290.0
Truck134264,301.0
Truck134238,369.0
Truck134210,440.0
Truck134272,290.0
Truck134256,333.0
Truck134257,336.0
Truck134265,320.0
Truck134263,328.0
Truck134278,290.0
Truck134279,290.0
Truck134276,299.0
Truck134260,344.0
Truck134282,290.0
Truck134248,378.0
Truck134271,328.0
Truck134261,354.0
Truck134286,290.0
Truck134287,290.0
Truck134275,321.0
Truck134274,325.0
Truck134288,290.0
Truck134292,290.0
Truck134293,290.0
Truck134250,396.0
Truck134270,346.0
Truck134273,341.0
Truck134245,413.0
Truck134249,403.0
Truck134285,314.0
Truck134294,290.0
Truck134269,358.0
Truck134296,290.0
Truck134301,290.0
Truck134258,400.0
Truck134298,301.0
Truck134280,347.0
Truck134295,314.0
Truck134277,362.0
Truck134289,333.0
Truck134307,290.0
Truck134283,351.0
Truck134284,346.0
Truck134300,306.0
Truck134299,314.0
Truck134302,306.0
Truck134304,301.0
Truck134310,290.0
Truck134314,290.0
Truck134315,290.0
Truck134297,336.0
Truck134309,310.0
Truck134317,290.0
Truck134320,290.0
Truck134323,290.0
Truck134305,338.0
Truck134290,375.0
Truck134281,403.0
Truck134291,382.0
Truck134328,290.0
Truck134303,356.0
Truck134324,304.0
Truck134330,290.0
Truck134331,290.0
Truck134311,341.0
Truck134313,340.0
Truck134332,290.0
Truck134322,319.0
Truck134306,364.0
Truck134336,290.0
Truck134312,353.0
Truck134325,323.0
Truck134339,290.0
Truck134319,343.0
Truck134329,320.0
Truck134335,308.0
Truck134308,376.0
Truck134337,308.0
Truck134327,336.0
Truck134338,309.0
Truck134340,305.0
Truck134346,290.0
Truck134347,290.0
Truck134348,290.0
Truck134350,290.0
Truck134316,377.0
Truck134352,290.0
Truck134334,337.0
Truck134333,345.0
Truck134355,290.0
Truck134358,290.0
Truck134342,332.0
Truck134360,290.0
Truck134349,322.0
Truck134359,301.0
Truck134356,309.0
Truck134321,400.0
Truck134345,342.0
Truck134353,328.0
Truck134368,290.0
Truck134364,301.0
Truck134343,357.0
Truck134363,307.0
Truck134371,290.0
Truck134318,423.0
Truck134326,403.0
Truck134372,290.0
Truck134344,365.0
Truck134374,290.0
Truck134351,354.0
Truck134370,305.0
Truck134373,300.0
Truck134361,334.0
Truck134379,290.0
Truck134381,290.0
Truck134377,305.0
Truck134383,290.0
Truck134365,336.0
Truck134357,360.0
Truck134369,330.0
Truck134384,290.0
Truck134367,338.0
Truck134378,310.0
Truck134386,290.0
Truck134387,290.0
Truck134366,341.0
Truck134389,290.0
Truck134385,301.0
Truck134362,360.0
Truck134382,311.0
Truck134392,290.0
Truck134393,290.0
Truck134375,337.0
Truck134341,427.0
Truck134396,290.0
Truck134397,290.0
Truck134380,334.0
Truck134399,290.0
Truck134354,407.0
Truck134402,290.0
Truck134398,304.0
Truck134376,363.0
Truck134391,330.0
Truck134407,290.0
Truck134395,323.0
Truck134409,290.0
Truck134400,315.0
Truck134388,347.0
Truck134412,290.0
Truck134417,290.0
Truck134415,303.0
Truck134414,306.0
Truck134394,359.0
Truck134403,345.0
Truck134401,353.0
Truck134413,325.0
Truck134427,290.0
Truck134418,311.0
Truck134390,384.0
Truck134424,300.0
Truck134428,290.0
Truck134429,290.0
Truck134430,290.0
Truck134432,290.0
Truck134434,290.0
Truck134416,336.0
Truck134437,290.0
Truck134406,366.0
Truck134433,301.0
Truck134419,337.0
Truck134425,323.0
Truck134438,290.0
Truck134408,372.0
Truck134436,305.0
Truck134410,374.0
Truck134431,324.0
Truck134444,290.0
Truck134445,290.0
Truck134420,355.0
Truck134426,340.0
Truck134446,290.0
Truck134447,290.0
Truck134435,324.0
Truck134404,400.0
Truck134448,290.0
Truck134449,290.0
Truck134450,290.0
Truck134421,370.0
Truck134452,290.0
Truck134453,290.0
Truck134423,372.0
Truck134439,332.0
Truck134440,328.0
Truck134460,290.0
Truck134456,301.0
Truck134411,417.0
Truck134463,290.0
Truck134442,343.0
Truck134465,290.0
Truck134443,347.0
Truck134467,290.0
Truck134455,322.0
Truck134458,313.0
Truck134468,290.0
Truck134469,290.0
Truck134464,302.0
Truck134457,323.0
Truck134454,329.0
Truck134466,299.0
Truck134472,290.0
Truck134473,290.0
Truck134475,290.0
Truck134470,301.0
Truck134476,290.0
Truck134477,290.0
Truck134462,334.0
Truck134480,290.0
Truck134483,290.0
Truck134474,312.0
Truck134486,290.0
Truck134471,331.0
Truck134461,358.0
Truck134481,308.0
Truck134482,303.0
Truck134405,500.0
Truck134489,290.0
Truck134459,367.0
Truck134491,290.0
Truck134487,304.0
Truck134492,290.0
Truck134479,326.0
Truck134497,290.0
Truck134451,407.0
Truck134499,290.0
Truck134495,301.0
Truck134490,314.0
Truck134500,290.0
Truck134441,443.0
Truck134502,290.0
Truck134503,290.0
Truck134422,491.0
Truck134496,306.0
Truck134478,352.0
Truck134498,302.0
Truck134505,290.0
Truck134509,290.0
Truck134513,290.0
Truck134484,363.0
Truck134515,290.0
Truck134501,329.0
Truck134516,290.0
Truck134485,373.0
Truck134514,300.0
Truck134518,290.0
Truck134493,359.0
Truck134510,315.0
Truck134521,290.0
Truck134494,360.0
Truck134524,290.0
Truck134517,314.0
Truck134527,290.0
Truck134522,303.0
Truck134511,335.0
Truck134528,290.0
Truck134530,290.0
Truck134532,290.0
Truck134520,321.0
Truck134525,316.0
Truck134536,290.0
Truck134519,336.0
Truck134508,363.0
Truck134526,318.0
Truck134535,299.0
Truck134488,415.0
Truck134541,290.0
Truck134512,363.0
Truck134543,290.0
Truck134504,387.0
Truck134538,304.0
Truck134523,350.0
Truck134549,290.0
Truck134552,290.0
Truck134540,324.0
Truck134554,290.0
Truck134555,290.0
Truck134531,351.0
Truck134533,346.0
Truck134537,344.0
Truck134545,325.0
Truck134561,290.0
Truck134539,347.0
Truck134507,430.0
Truck134562,290.0
Truck134563,290.0
Truck134553,317.0
Truck134534,364.0
Truck134564,290.0
Truck134565,290.0
Truck134557,312.0
Truck134546,338.0
Truck134559,309.0
Truck134566,290.0
Truck134568,290.0
Truck134569,290.0
Truck134548,341.0
Truck134570,290.0
Truck134573,290.0
Truck134550,346.0
Truck134547,364.0
Truck134556,339.0
Truck134551,355.0
Truck134571,306.0
Truck134506,468.0
Truck134574,300.0
Truck134542,381.0
Truck134572,308.0
Truck134580,290.0
Truck134582,290.0
Truck134583,290.0
Truck134560,347.0
Truck134567,332.0
Truck134576,308.0
Truck134529,431.0
Truck134544,403.0
Truck134581,315.0
Truck134591,290.0
Truck134585,312.0
Truck134589,302.0
Truck134586,308.0
Truck134588,304.0
Truck134595,290.0
Truck134584,317.0
Truck134596,290.0
Truck134575,346.0
Truck134558,390.0
Truck134599,290.0
Truck134603,290.0
Truck134587,332.0
Truck134597,309.0
Truck134598,308.0
Truck134602,300.0
Truck134607,290.0
Truck134578,361.0
Truck134593,329.0
Truck134608,290.0
Truck134590,337.0
Truck134610,290.0
Truck134611,290.0
Truck134594,332.0
Truck134613,290.0
Truck134577,381.0
Truck134614,290.0
Truck134609,309.0
Truck134612,300.0
Truck134617,290.0
Truck134606,318.0
Truck134618,290.0
Truck134615,301.0
Truck134621,290.0
Truck134623,290.0
Truck134600,348.0
Truck134616,308.0
Truck134579,404.0
Truck134625,290.0
Truck134605,343.0
Truck134626,290.0
Truck134624,302.0
Truck134620,319.0
Truck134632,290.0
Truck134622,317.0
Truck134634,290.0
Truck134635,290.0
Truck134629,308.0
Truck134631,303.0
Truck134636,290.0
Truck134637,290.0
Truck134630,306.0
Truck134638,290.0
Truck134639,290.0
Truck134627,323.0
Truck134641,290.0
Truck134628,323.0
Truck134619,349.0
Truck134642,290.0
Truck134633,319.0
Truck134646,290.0
Truck134647,290.0
Truck134645,302.0
Truck134644,306.0
Truck134640,319.0
Truck134648,304.0
Truck134654,290.0
Truck134652,304.0
Truck134601,437.0
Truck134604,428.0
Truck134660,290.0
Truck134655,307.0
Truck134658,299.0
Truck134643,340.0
Truck134651,324.0
Truck134664,290.0
Truck134592,472.0
Truck134661,303.0
Truck134666,290.0
Truck134669,290.0
Truck134662,308.0
Truck134671,290.0
Truck134649,348.0
Truck134673,290.0
Truck134656,332.0
Truck134650,348.0
Truck134674,290.0
Truck134659,331.0
Truck134668,307.0
Truck134677,290.0
Truck134653,351.0
Truck134678,290.0
Truck134679,290.0
Truck134681,290.0
Truck134684,290.0
Truck134685,290.0
Truck134683,300.0
Truck134686,290.0
Truck134687,290.0
Truck134688,290.0
Truck134689,290.0
Truck134690,290.0
Truck134667,357.0
Truck134694,290.0
Truck134695,290.0
Truck134693,300.0
Truck134696,290.0
Truck134680,336.0
Truck134676,348.0
Truck134670,364.0
Truck134663,386.0
Truck134703,290.0
Truck134698,304.0
Truck134691,325.0
Truck134704,290.0
Truck134707,290.0
Truck134701,306.0
Truck134702,301.0
Truck134711,290.0
Truck134699,324.0
Truck134712,290.0
Truck134709,305.0
Truck134715,290.0
Truck134657,443.0
Truck134719,290.0
Truck134720,290.0
Truck134706,329.0
Truck134710,324.0
Truck134724,290.0
Truck134682,399.0
Truck134708,334.0
Truck134727,290.0
Truck134730,290.0
Truck134725,306.0
Truck134717,328.0
Truck134733,290.0
Truck134713,341.0
Truck134726,306.0
Truck134705,362.0
Truck134728,302.0
Truck134718,334.0
Truck134736,290.0
Truck134737,290.0
Truck134740,290.0
Truck134741,290.0
Truck134739,299.0
Truck134742,290.0
Truck134672,466.0
Truck134697,410.0
Truck134723,348.0
Truck134665,496.0
Truck134735,321.0
Truck134700,407.0
Truck134731,332.0
Truck134675,475.0
Truck134749,290.0
Truck134716,377.0
Truck134721,367.0
Truck134745,310.0
Truck134747,305.0
Truck134752,290.0
Truck134753,290.0
Truck134714,392.0
Truck134751,302.0
Truck134732,349.0
Truck134756,290.0
Truck134692,452.0
Truck134759,290.0
Truck134761,290.0
Truck134738,349.0
Truck134729,379.0
Truck134722,395.0
Truck134765,290.0
Truck134743,347.0
Truck134760,305.0
Truck134766,290.0
Truck134767,290.0
Truck134768,290.0
Truck134746,347.0
Truck134755,339.0
Truck134748,356.0
Truck134777,290.0
Truck134734,396.0
Truck134779,290.0
Truck134754,355.0
Truck134750,370.0
Truck134782,290.0
Truck134785,290.0
Truck134781,302.0
Truck134786,290.0
Truck134773,328.0
Truck134788,290.0
Truck134744,401.0
Truck134764,355.0
Truck134790,290.0
Truck134762,362.0
Truck134780,317.0
Truck134775,334.0
Truck134792,290.0
Truck134763,369.0
Truck134787,309.0
Truck134771,350.0
Truck134757,386.0
Truck134774,343.0
Truck134796,290.0
Truck134797,290.0
Truck134769,361.0
Truck134789,318.0
Truck134795,303.0
Truck134801,290.0
Truck134770,367.0
Truck134772,364.0
Truck134800,306.0
Truck134776,369.0
Truck134783,354.0
Truck134784,349.0
Truck134803,305.0
Truck134808,290.0
Truck134778,369.0
Truck134810,290.0
Truck134793,338.0
Truck134802,314.0
Truck134812,290.0
Truck134815,290.0
Truck134806,312.0
Truck134817,290.0
Truck134818,290.0
Truck134819,290.0
Truck134798,348.0
Truck134791,369.0
Truck134805,338.0
Truck134825,290.0
Truck134813,326.0
Truck134814,322.0
Truck134821,308.0
Truck134823,309.0
Truck134831,290.0
Truck134809,347.0
Truck134827,304.0
Truck134832,290.0
Truck134833,290.0
Truck134794,388.0
Truck134834,290.0
Truck134829,308.0
Truck134799,384.0
Truck134830,304.0
Truck134837,290.0
Truck134758,488.0
Truck134841,290.0
Truck134824,332.0
Truck134836,302.0
Truck134842,290.0
Truck134807,390.0
Truck134846,290.0
Truck134847,290.0
Truck134816,366.0
Truck134840,307.0
Truck134848,290.0
Truck134849,290.0
Truck134828,341.0
Truck134839,316.0
Truck134811,388.0
Truck134838,320.0
Truck134850,290.0
Truck134851,290.0
Truck134852,290.0
Truck134843,316.0
Truck134844,313.0
Truck134857,290.0
Truck134853,301.0
Truck134859,290.0
Truck134804,429.0
Truck134826,375.0
Truck134860,290.0
Truck134856,302.0
Truck134822,390.0
Truck134835,360.0
Truck134862,290.0
Truck134858,304.0
Truck134864,290.0
Truck134863,302.0
Truck134868,290.0
Truck134870,290.0
Truck134855,331.0
Truck134872,290.0
Truck134873,290.0
Truck134845,363.0
Truck134877,290.0
Truck134820,438.0
Truck134880,290.0
Truck134876,301.0
Truck134883,290.0
Truck134878,303.0
Truck134869,329.0
Truck134885,290.0
Truck134881,301.0
Truck134854,371.0
Truck134871,335.0
Truck134888,290.0
Truck134875,327.0
Truck134874,329.0
Truck134861,368.0
Truck134867,353.0
Truck134892,290.0
Truck134866,360.0
Truck134895,290.0
Truck134896,290.0
Truck134898,290.0
Truck134899,290.0
Truck134901,290.0
Truck134882,339.0
Truck134891,319.0
Truck134902,290.0
Truck134904,290.0
Truck134905,290.0
Truck134900,304.0
Truck134890,330.0
Truck134907,290.0
Truck134910,290.0
Truck134912,290.0
Truck134894,338.0
Truck134917,290.0
Truck134884,373.0
Truck134909,315.0
Truck134918,290.0
Truck134889,367.0
Truck134921,290.0
Truck134886,379.0
Truck134922,290.0
Truck134923,290.0
Truck134925,290.0
Truck134920,301.0
Truck134908,332.0
Truck134903,350.0
Truck134927,290.0
Truck134879,411.0
Truck134931,290.0
Truck134916,330.0
Truck134932,290.0
Truck134933,290.0
Truck134865,461.0
Truck134928,302.0
Truck134913,349.0
Truck134915,344.0
Truck134914,347.0
Truck134939,290.0
Truck134941,290.0
Truck134936,306.0
Truck134911,372.0
Truck134945,290.0
Truck134947,290.0
Truck134906,391.0
Truck134893,427.0
Truck134924,348.0
Truck134948,290.0
Truck134949,290.0
Truck134926,348.0
Truck134929,343.0
Truck134951,290.0
Truck134940,316.0
Truck134953,290.0
Truck134954,290.0
Truck134956,290.0
Truck134942,326.0
Truck134946,320.0
Truck134961,290.0
Truck134938,346.0
Truck134958,300.0
Truck134962,290.0
Truck134919,401.0
Truck134959,301.0
Truck134934,365.0
Truck134965,290.0
Truck134952,323.0
Truck134966,290.0
Truck134944,346.0
Truck134955,324.0
Truck134968,290.0
Truck134969,290.0
Truck134960,312.0
Truck134963,308.0
Truck134970,290.0
Truck134935,382.0
Truck134950,343.0
Truck134975,290.0
Truck134897,487.0
Truck134979,290.0
Truck134930,412.0
Truck134937,397.0
Truck134957,350.0
Truck134980,290.0
Truck134981,290.0
Truck134977,308.0
Truck134971,325.0
Truck134978,306.0
Truck134964,345.0
Truck134986,290.0
Truck134982,302.0
Truck134984,300.0
Truck134988,290.0
Truck134989,290.0
Truck134992,290.0
Truck134943,419.0
Truck134994,290.0
Truck134987,314.0
Truck134990,304.0
Truck134996,290.0
Truck134991,308.0
Truck134887,572.0
Truck134976,349.0
Truck134972,364.0
Truck134999,300.0
Truck135002,290.0
Truck135004,290.0
Truck135005,290.0
Truck135001,309.0
Truck134973,384.0
Truck134983,360.0
Truck135010,290.0
Truck134974,381.0
Truck135013,290.0
Truck135006,307.0
Truck134967,408.0
Truck135007,310.0
Truck135015,290.0
Truck135018,290.0
Truck135012,307.0
Truck135011,314.0
Truck135016,303.0
Truck135000,344.0
Truck135023,290.0
Truck135014,313.0
Truck135025,290.0
Truck135019,308.0
Truck135026,290.0
Truck134998,362.0
Truck134985,402.0
Truck134993,383.0
Truck135008,343.0
Truck135030,290.0
Truck135020,316.0
Truck135032,290.0
Truck135034,290.0
Truck135035,290.0
Truck135003,371.0
Truck135031,305.0
Truck135037,290.0
Truck135021,332.0
Truck135027,317.0
Truck135017,345.0
Truck135039,290.0
Truck135040,290.0
Truck135033,312.0
Truck135038,299.0
Truck135029,327.0
Truck134995,414.0
Truck135036,309.0
Truck135044,290.0
Truck134997,413.0
Truck135024,343.0
Truck135046,290.0
Truck135022,354.0
Truck135049,290.0
Truck135050,290.0
Truck135052,290.0
Truck135047,306.0
Truck135048,307.0
Truck135056,290.0
Truck135057,290.0
Truck135045,323.0
Truck135043,330.0
Truck135055,300.0
Truck135059,290.0
Truck135041,342.0
Truck135062,290.0
Truck135009,429.0
Truck135064,290.0
Truck135060,301.0
Truck135066,290.0
Truck135067,290.0
Truck135068,290.0
Truck135069,290.0
Truck135065,305.0
Truck135070,290.0
Truck135071,290.0
Truck135053,341.0
Truck135054,337.0
Truck135074,290.0
Truck135063,326.0
Truck135058,338.0
Truck135042,379.0
Truck135078,290.0
Truck135051,363.0
Truck135077,299.0
Truck135080,290.0
Truck135081,290.0
Truck135079,299.0
Truck135085,290.0
Truck135086,290.0
Truck135075,322.0
Truck135089,290.0
Truck135076,322.0
Truck135090,290.0
Truck135072,343.0
Truck135094,290.0
Truck135095,290.0
Truck135087,312.0
Truck135061,378.0
Truck135073,349.0
Truck135028,460.0
Truck135097,290.0
Truck135099,290.0
Truck135088,319.0
Truck135102,290.0
Truck135103,290.0
Truck135104,290.0
Truck135093,325.0
Truck135106,290.0
Truck135109,290.0
Truck135110,290.0
Truck135092,338.0
Truck135091,345.0
Truck135112,290.0
Truck135107,306.0
Truck135108,305.0
Truck135114,290.0
Truck135115,290.0
Truck135096,340.0
Truck135105,321.0
Truck135101,332.0
Truck135084,384.0
Truck135122,290.0
Truck135082,391.0
Truck135118,301.0
Truck135083,393.0
Truck135124,290.0
Truck135125,290.0
Truck135120,306.0
Truck135123,302.0
Truck135111,335.0
Truck135128,290.0
Truck135098,369.0
Truck135135,290.0
Truck135131,304.0
Truck135136,290.0
Truck135138,290.0
Truck135139,290.0
Truck135132,309.0
Truck135117,350.0
Truck135121,340.0
Truck135142,290.0
Truck135133,320.0
Truck135144,290.0
Truck135140,302.0
Truck135127,339.0
Truck135143,299.0
Truck135113,375.0
Truck135149,290.0
Truck135129,341.0
Truck135150,290.0
Truck135145,307.0
Truck135155,290.0
Truck135134,342.0
Truck135157,290.0
Truck135126,367.0
Truck135159,290.0
Truck135116,396.0
Truck135160,290.0
Truck135162,290.0
Truck135163,290.0
Truck135165,290.0
Truck135151,326.0
Truck135166,290.0
Truck135146,343.0
Truck135141,362.0
Truck135170,290.0
Truck135167,302.0
Truck135168,299.0
Truck135172,290.0
Truck135148,351.0
Truck135119,427.0
Truck135156,334.0
Truck135137,385.0
Truck135169,306.0
Truck135176,290.0
Truck135177,290.0
Truck135171,306.0
Truck135158,340.0
Truck135179,290.0
Truck135164,326.0
Truck135180,301.0
Truck135153,373.0
Truck135154,368.0
Truck135152,376.0
Truck135188,290.0
Truck135190,290.0
Truck135191,290.0
Truck135185,306.0
Truck135193,290.0
Truck135100,521.0
Truck135130,447.0
Truck135182,317.0
Truck135196,290.0
Truck135197,290.0
Truck135161,384.0
Truck135195,300.0
Truck135192,308.0
Truck135200,290.0
Truck135194,307.0
Truck135175,359.0
Truck135198,299.0
Truck135187,336.0
Truck135199,306.0
Truck135206,290.0
Truck135178,361.0
Truck135183,351.0
Truck135201,307.0
Truck135147,444.0
Truck135208,290.0
Truck135186,346.0
Truck135202,307.0
Truck135184,366.0
Truck135203,323.0
Truck135173,399.0
Truck135205,320.0
Truck135207,323.0
Truck135211,315.0
Truck135221,290.0
Truck135214,306.0
Truck135215,307.0
Truck135222,290.0
Truck135218,302.0
Truck135189,383.0
Truck135204,343.0
Truck135213,323.0
Truck135219,309.0
Truck135181,406.0
Truck135216,317.0
Truck135223,304.0
Truck135230,290.0
Truck135231,290.0
Truck135224,307.0
Truck135233,290.0
Truck135227,307.0
Truck135174,439.0
Truck135212,345.0
Truck135235,290.0
Truck135229,306.0
Truck135210,355.0
Truck135237,303.0
Truck135242,290.0
Truck135363,290.0
Truck135365,290.0
Truck135366,290.0
Truck135360,309.0
Truck135369,290.0
Truck135374,290.0
Truck135375,290.0
Truck135364,316.0
Truck135362,325.0
Truck135377,290.0
Truck135361,334.0
Truck135379,290.0
Truck135380,290.0
Truck135381,300.0
Truck135384,290.0
Truck135385,290.0
Truck135382,303.0
Truck135383,305.0
Truck135367,355.0
Truck135392,290.0
Truck135393,290.0
Truck135394,290.0
Truck135395,290.0
Truck135376,338.0
Truck135372,352.0
Truck135378,340.0
Truck135373,359.0
Truck135387,325.0
Truck135370,368.0
Truck135391,320.0
Truck135402,290.0
Truck135403,290.0
Truck135397,307.0
Truck135404,290.0
Truck135407,290.0
Truck135389,336.0
Truck135396,316.0
Truck135408,290.0
Truck135405,302.0
Truck135411,290.0
Truck135413,290.0
Truck135414,290.0
Truck135415,290.0
Truck135398,332.0
Truck135371,404.0
Truck135417,290.0
Truck135406,317.0
Truck135410,309.0
Truck135418,290.0
Truck135421,290.0
Truck135368,434.0
Truck135427,290.0
Truck135428,290.0
Truck135409,341.0
Truck135430,290.0
Truck135426,301.0
Truck135432,290.0
Truck135433,290.0
Truck135429,303.0
Truck135419,329.0
Truck135390,400.0
Truck135422,320.0
Truck135435,290.0
Truck135416,336.0
Truck135436,290.0
Truck135386,419.0
Truck135399,390.0
Truck135439,290.0
Truck135441,290.0
Truck135412,361.0
Truck135400,393.0
Truck135434,309.0
Truck135442,290.0
Truck135443,290.0
Truck135437,306.0
Truck135401,404.0
Truck135440,307.0
Truck135420,365.0
Truck135450,290.0
Truck135431,343.0
Truck135453,290.0
Truck135454,290.0
Truck135455,290.0
Truck135456,290.0
Truck135457,290.0
Truck135458,290.0
Truck135459,290.0
Truck135461,290.0
Truck135447,330.0
Truck135448,330.0
Truck135451,325.0
Truck135464,290.0
Truck135446,338.0
Truck135462,301.0
Truck135468,290.0
Truck135449,345.0
Truck135460,315.0
Truck135470,290.0
Truck135423,415.0
Truck135473,290.0
Truck135463,317.0
Truck135475,290.0
Truck135476,290.0
Truck135445,373.0
Truck135479,290.0
Truck135465,329.0
Truck135480,290.0
Truck135471,316.0
Truck135452,362.0
Truck135477,302.0
Truck135425,445.0
Truck135469,337.0
Truck135481,308.0
Truck135438,414.0
Truck135444,401.0
Truck135467,346.0
Truck135424,452.0
Truck135484,303.0
Truck135491,290.0
Truck135494,290.0
Truck135482,321.0
Truck135472,347.0
Truck135487,313.0
Truck135388,561.0
Truck135490,307.0
Truck135498,290.0
Truck135499,290.0
Truck135478,346.0
Truck135495,309.0
Truck135503,290.0
Truck135504,290.0
Truck135505,290.0
Truck135492,323.0
Truck135507,290.0
Truck135509,290.0
Truck135466,400.0
Truck135511,290.0
Truck135483,363.0
Truck135513,290.0
Truck135496,332.0
Truck135506,309.0
Truck135508,305.0
Truck135502,324.0
Truck135486,366.0
Truck135489,361.0
Truck135518,290.0
Truck135519,290.0
Truck135485,376.0
Truck135501,344.0
Truck135522,290.0
Truck135523,290.0
Truck135510,323.0
Truck135517,309.0
Truck135516,316.0
Truck135529,290.0
Truck135497,374.0
Truck135514,329.0
Truck135520,317.0
Truck135512,339.0
Truck135527,304.0
Truck135533,290.0
Truck135474,437.0
Truck135500,372.0
Truck135524,313.0
Truck135535,290.0
Truck135493,399.0
Truck135537,290.0
Truck135530,309.0
Truck135531,312.0
Truck135521,338.0
Truck135532,309.0
Truck135541,290.0
Truck135525,338.0
Truck135540,300.0
Truck135546,290.0
Truck135534,322.0
Truck135543,303.0
Truck135551,290.0
Truck135555,290.0
Truck135538,331.0
Truck135545,317.0
Truck135549,309.0
Truck135548,310.0
Truck135556,290.0
Truck135536,344.0
Truck135559,290.0
Truck135526,373.0
Truck135550,313.0
Truck135563,290.0
Truck135564,290.0
Truck135566,290.0
Truck135567,290.0
Truck135562,302.0
Truck135554,324.0
Truck135539,370.0
Truck135552,335.0
Truck135570,290.0
Truck135515,434.0
Truck135488,500.0
Truck135568,300.0
Truck135573,290.0
Truck135569,305.0
Truck135574,290.0
Truck135575,290.0
Truck135560,326.0
Truck135561,335.0
Truck135553,359.0
Truck135581,290.0
Truck135558,347.0
Truck135547,380.0
Truck135571,320.0
Truck135583,290.0
Truck135565,344.0
Truck135586,290.0
Truck135587,290.0
Truck135542,402.0
Truck135582,306.0
Truck135591,290.0
Truck135577,331.0
Truck135594,290.0
Truck135588,308.0
Truck135584,319.0
Truck135585,321.0
Truck135592,306.0
Truck135544,428.0
Truck135576,348.0
Truck135572,360.0
Truck135600,290.0
Truck135601,290.0
Truck135603,290.0
Truck135528,478.0
Truck135596,310.0
Truck135604,290.0
Truck135605,290.0
Truck135579,358.0
Truck135606,290.0
Truck135607,290.0
Truck135557,425.0
Truck135597,329.0
Truck135602,314.0
Truck135612,290.0
Truck135598,332.0
Truck135617,290.0
Truck135595,349.0
Truck135619,290.0
Truck135614,303.0
Truck135621,290.0
Truck135608,324.0
Truck135616,306.0
Truck135593,367.0
Truck135618,305.0
Truck135624,290.0
Truck135625,290.0
Truck135613,321.0
Truck135580,402.0
Truck135626,290.0
Truck135599,363.0
Truck135628,290.0
Truck135622,306.0
Truck135627,300.0
Truck135631,290.0
Truck135632,290.0
Truck135633,290.0
Truck135610,361.0
Truck135615,355.0
Truck135635,308.0
Truck135589,425.0
Truck135643,290.0
Truck135639,301.0
Truck135638,305.0
Truck135645,290.0
Truck135578,458.0
Truck135640,304.0
Truck135642,300.0
Truck135647,290.0
Truck135611,382.0
Truck135620,360.0
Truck135648,290.0
Truck135629,341.0
Truck135650,290.0
Truck135651,290.0
Truck135590,442.0
Truck135646,303.0
Truck135652,290.0
Truck135653,290.0
Truck135654,290.0
Truck135641,326.0
Truck135656,290.0
Truck135630,360.0
Truck135660,290.0
Truck135661,290.0
Truck135644,338.0
Truck135655,313.0
Truck135664,290.0
Truck135666,290.0
Truck135667,290.0
Truck135623,403.0
Truck135668,290.0
Truck135671,290.0
Truck135659,321.0
Truck135634,383.0
Truck135672,290.0
Truck135636,386.0
Truck135665,316.0
Truck135670,305.0
Truck135678,290.0
Truck135658,341.0
Truck135680,290.0
Truck135681,290.0
Truck135675,307.0
Truck135683,290.0
Truck135669,326.0
Truck135674,311.0
Truck135676,307.0
Truck135684,290.0
Truck135685,290.0
Truck135609,481.0
Truck135682,306.0
Truck135692,290.0
Truck135693,290.0
Truck135663,367.0
Truck135686,309.0
Truck135688,304.0
Truck135694,290.0
Truck135679,338.0
Truck135657,399.0
Truck135637,454.0
Truck135702,290.0
Truck135697,307.0
Truck135695,313.0
Truck135704,290.0
Truck135705,290.0
Truck135690,330.0
Truck135700,305.0
Truck135706,290.0
Truck135707,290.0
Truck135698,315.0
Truck135649,443.0
Truck135711,290.0
Truck135703,314.0
Truck135677,380.0
Truck135712,290.0
Truck135713,290.0
Truck135673,397.0
Truck135691,352.0
Truck135699,333.0
Truck135709,308.0
Truck135716,290.0
Truck135687,366.0
Truck135689,362.0
Truck135701,333.0
Truck135719,290.0
Truck135720,290.0
Truck135721,290.0
Truck135723,290.0
Truck135725,290.0
Truck135726,290.0
Truck135727,290.0
Truck135718,312.0
Truck135728,290.0
Truck135729,290.0
Truck135710,336.0
Truck135724,302.0
Truck135708,343.0
Truck135730,290.0
Truck135731,290.0
Truck135733,290.0
Truck135715,342.0
Truck135736,290.0
Truck135737,290.0
Truck135738,290.0
Truck135696,397.0
Truck135717,347.0
Truck135722,332.0
Truck135740,290.0
Truck135734,311.0
Truck135735,314.0
Truck135739,304.0
Truck135741,305.0
Truck135742,300.0
Truck135747,290.0
Truck135748,290.0
Truck135745,301.0
Truck135744,303.0
Truck135743,309.0
Truck135750,290.0
Truck135753,290.0
Truck135732,343.0
Truck135756,290.0
Truck135759,290.0
Truck135765,290.0
Truck135662,548.0
Truck135760,303.0
Truck135766,290.0
Truck135767,290.0
Truck135749,338.0
Truck135768,290.0
Truck135771,290.0
Truck135746,351.0
Truck135754,331.0
Truck135752,340.0
Truck135772,290.0
Truck135761,322.0
Truck135769,302.0
Truck135774,290.0
Truck135763,324.0
Truck135778,290.0
Truck135751,362.0
Truck135764,335.0
Truck135782,290.0
Truck135777,308.0
Truck135785,290.0
Truck135775,317.0
Truck135786,290.0
Truck135787,290.0
Truck135776,316.0
Truck135783,301.0
Truck135714,474.0
Truck135780,309.0
Truck135788,290.0
Truck135790,290.0
Truck135784,316.0
Truck135773,348.0
Truck135770,356.0
Truck135792,305.0
Truck135798,290.0
Truck135799,290.0
Truck135758,394.0
Truck135800,290.0
Truck135801,290.0
Truck135781,344.0
Truck135796,305.0
Truck135804,290.0
Truck135805,290.0
Truck135789,331.0
Truck135807,290.0
Truck135755,422.0
Truck135809,290.0
Truck135811,290.0
Truck135795,339.0
Truck135814,290.0
Truck135808,307.0
Truck135816,290.0
Truck135802,326.0
Truck135806,317.0
Truck135819,290.0
Truck135757,448.0
Truck135793,360.0
Truck135823,290.0
Truck135803,341.0
Truck135794,363.0
Truck135818,304.0
Truck135824,290.0
Truck135813,321.0
Truck135827,290.0
Truck135810,333.0
Truck135828,290.0
Truck135829,290.0
Truck135830,290.0
Truck135762,468.0
Truck135812,345.0
Truck135836,290.0
Truck135837,290.0
Truck135815,346.0
Truck135832,301.0
Truck135821,334.0
Truck135834,300.0
Truck135838,290.0
Truck135833,308.0
Truck135841,290.0
Truck135820,345.0
Truck135843,290.0
Truck135844,290.0
Truck135839,308.0
Truck135831,330.0
Truck135846,290.0
Truck135840,306.0
Truck135822,353.0
Truck135848,290.0
Truck135847,300.0
Truck135797,427.0
Truck135855,290.0
Truck135849,308.0
Truck135857,290.0
Truck135791,456.0
Truck135853,304.0
Truck135861,290.0
Truck135825,384.0
Truck135862,290.0
Truck135779,501.0
Truck135842,347.0
Truck135866,290.0
Truck135850,331.0
Truck135852,328.0
Truck135868,290.0
Truck135854,327.0
Truck135870,290.0
Truck135860,320.0
Truck135872,290.0
Truck135873,290.0
Truck135874,290.0
Truck135875,290.0
Truck135876,290.0
Truck135877,290.0
Truck135859,336.0
Truck135856,342.0
Truck135865,322.0
Truck135858,341.0
Truck135863,334.0
Truck135880,290.0
Truck135881,290.0
Truck135851,367.0
Truck135883,290.0
Truck135869,330.0
Truck135884,290.0
Truck135885,290.0
Truck135817,464.0
Truck135887,290.0
Truck135867,343.0
Truck135888,290.0
Truck135890,290.0
Truck135892,290.0
Truck135893,290.0
Truck135864,362.0
Truck135891,302.0
Truck135896,290.0
Truck135878,339.0
Truck135835,450.0
Truck135899,290.0
Truck135882,332.0
Truck135901,290.0
Truck135902,290.0
Truck135903,290.0
Truck135897,308.0
Truck135898,303.0
Truck135905,290.0
Truck135907,290.0
Truck135894,322.0
Truck135908,290.0
Truck135845,452.0
Truck135886,348.0
Truck135910,290.0
Truck135911,290.0
Truck135871,394.0
Truck135912,290.0
Truck135913,290.0
Truck135906,308.0
Truck135915,290.0
Truck135900,331.0
Truck135920,290.0
Truck135921,290.0
Truck135904,335.0
Truck135923,290.0
Truck135918,303.0
Truck135924,290.0
Truck135925,290.0
Truck135826,538.0
Truck135926,290.0
Truck135931,290.0
Truck135933,290.0
Truck135928,302.0
Truck135929,308.0
Truck135927,315.0
Truck135937,290.0
Truck135938,290.0
Truck135939,290.0
Truck135940,290.0
Truck135930,317.0
Truck135919,349.0
Truck135935,309.0
Truck135942,290.0
Truck135917,356.0
Truck135895,412.0
Truck135909,379.0
Truck135941,302.0
Truck135948,290.0
Truck135916,371.0
Truck135922,356.0
Truck135889,444.0
Truck135952,290.0
Truck135953,290.0
Truck135947,310.0
Truck135955,290.0
Truck135946,311.0
Truck135951,307.0
Truck135943,328.0
Truck135934,351.0
Truck135960,290.0
Truck135945,334.0
Truck135962,290.0
Truck135963,290.0
Truck135965,290.0
Truck135879,507.0
Truck135956,315.0
Truck135968,290.0
Truck135936,372.0
Truck135914,429.0
Truck135949,347.0
Truck135973,290.0
Truck135967,307.0
Truck135954,339.0
Truck135974,290.0
Truck135975,290.0
Truck135970,303.0
Truck135957,340.0
Truck135959,335.0
Truck135980,290.0
Truck135977,301.0
Truck135944,384.0
Truck135982,290.0
Truck135984,290.0
Truck135961,353.0
Truck135966,340.0
Truck135987,290.0
Truck135983,302.0
Truck135989,290.0
Truck135969,343.0
Truck135990,290.0
Truck135991,290.0
Truck135976,329.0
Truck135993,290.0
Truck135932,445.0
Truck135994,290.0
Truck135995,290.0
Truck135985,317.0
Truck135950,405.0
Truck135979,335.0
Truck135972,352.0
Truck135978,344.0
Truck136000,290.0
Truck136002,290.0
Truck135999,301.0
Truck135992,319.0
Truck135958,405.0
Truck135986,335.0
Truck136004,290.0
Truck136005,290.0
Truck135997,314.0
Truck136006,290.0
Truck135988,336.0
Truck136008,290.0
Truck136009,290.0
Truck135981,369.0
Truck136012,290.0
Truck136013,290.0
Truck135964,414.0
Truck136014,290.0
Truck135996,340.0
Truck136017,290.0
Truck136015,302.0
Truck136021,290.0
Truck136022,290.0
Truck136023,290.0
Truck136011,321.0
Truck136026,290.0
Truck136010,335.0
Truck136028,290.0
Truck136029,290.0
Truck136024,302.0
Truck135971,438.0
Truck136007,351.0
Truck136027,301.0
Truck136025,310.0
Truck136032,290.0
Truck136033,290.0
Truck136034,290.0
Truck136003,372.0
Truck136037,290.0
Truck136030,308.0
Truck136019,339.0
Truck136038,290.0
Truck136040,290.0
Truck136041,290.0
Truck136042,290.0
Truck135998,404.0
Truck136045,290.0
Truck136020,352.0
Truck136016,365.0
Truck136046,290.0
Truck136036,316.0
Truck136043,302.0
Truck136048,290.0
Truck136049,290.0
Truck136052,290.0
Truck136047,309.0
Truck136055,290.0
Truck136031,357.0
Truck136039,341.0
Truck136051,312.0
Truck136054,302.0
Truck136018,394.0
Truck136061,290.0
Truck136044,335.0
Truck136063,290.0
Truck136001,447.0
Truck136067,290.0
Truck136035,375.0
Truck136069,290.0
Truck136058,318.0
Truck136070,290.0
Truck136072,290.0
Truck136073,290.0
Truck136056,335.0
Truck136074,290.0
Truck136075,290.0
Truck136060,326.0
Truck136065,316.0
Truck136076,290.0
Truck136057,345.0
Truck136080,290.0
Truck136082,290.0
Truck136053,368.0
Truck136085,290.0
Truck136083,301.0
Truck136088,290.0
Truck136089,290.0
Truck136084,304.0
Truck136091,290.0
Truck136059,385.0
Truck136096,290.0
Truck136097,290.0
Truck136078,338.0
Truck136098,290.0
Truck136099,290.0
Truck136077,346.0
Truck136064,379.0
Truck136100,290.0
Truck136066,378.0
Truck136094,309.0
Truck136102,290.0
Truck136050,421.0
Truck136071,372.0
Truck136105,290.0
Truck136068,381.0
Truck136101,302.0
Truck136106,290.0
Truck136110,290.0
Truck136092,337.0
Truck136095,334.0
Truck136113,290.0
Truck136109,303.0
Truck136114,290.0
Truck136104,319.0
Truck136119,290.0
Truck136087,375.0
Truck136116,300.0
Truck136121,290.0
Truck136093,364.0
Truck136112,315.0
Truck136103,341.0
Truck136090,373.0
Truck136079,408.0
Truck136062,450.0
Truck136120,305.0
Truck136127,290.0
Truck136129,290.0
Truck136125,301.0
Truck136111,337.0
Truck136126,302.0
Truck136132,290.0
Truck136134,290.0
Truck136135,290.0
Truck136136,290.0
Truck136137,290.0
Truck136117,341.0
Truck136123,328.0
Truck136138,290.0
Truck136139,290.0
Truck136140,290.0
Truck136143,290.0
Truck136133,321.0
Truck136118,365.0
Truck136086,449.0
Truck136115,380.0
Truck136107,401.0
Truck136124,358.0
Truck136153,290.0
Truck136108,404.0
Truck136130,349.0
Truck136144,315.0
Truck136154,290.0
Truck136149,306.0
Truck136128,358.0
Truck136156,290.0
Truck136151,310.0
Truck136158,290.0
Truck136142,333.0
Truck136162,290.0
Truck136122,392.0
Truck136157,307.0
Truck136131,373.0
Truck136148,339.0
Truck136166,300.0
Truck136171,290.0
Truck136147,352.0
Truck136167,304.0
Truck136173,290.0
Truck136160,322.0
Truck136081,524.0
Truck136152,349.0
Truck136165,321.0
Truck136163,328.0
Truck136179,290.0
Truck136145,378.0
Truck136150,364.0
Truck136181,290.0
Truck136161,342.0
Truck136168,325.0
Truck136182,290.0
Truck136183,290.0
Truck136178,303.0
Truck136159,363.0
Truck136188,290.0
Truck136189,290.0
Truck136164,351.0
Truck136176,323.0
Truck136169,349.0
Truck136187,304.0
Truck136192,290.0
Truck136193,290.0
Truck136174,336.0
Truck136175,339.0
Truck136186,309.0
Truck136196,290.0
Truck136198,290.0
Truck136195,302.0
Truck136201,290.0
Truck136177,355.0
Truck136199,300.0
Truck136141,457.0
Truck136190,334.0
Truck136209,290.0
Truck136205,308.0
Truck136212,290.0
Truck136194,336.0
Truck136146,461.0
Truck136210,301.0
Truck136203,324.0
Truck136197,340.0
Truck136215,300.0
Truck136218,290.0
Truck136219,290.0
Truck136206,323.0
Truck136220,290.0
Truck136221,290.0
Truck136202,336.0
Truck136180,394.0
Truck136222,290.0
Truck136223,290.0
Truck136204,336.0
Truck136170,423.0
Truck136155,464.0
Truck136216,311.0
Truck136208,339.0
Truck136213,329.0
Truck136228,290.0
Truck136224,302.0
Truck136185,405.0
Truck136217,330.0
Truck136232,290.0
Truck136233,290.0
Truck136184,413.0
Truck136235,290.0
Truck136200,376.0
Truck136172,453.0
Truck136214,352.0
Truck136241,290.0
Truck136242,290.0
Truck136207,382.0
Truck136240,300.0
Truck136244,290.0
Truck136245,290.0
Truck136225,341.0
Truck136238,309.0
Truck136226,341.0
Truck136248,290.0
Truck136249,290.0
Truck136211,391.0
Truck136234,334.0
Truck136253,290.0
Truck136246,306.0
Truck136255,290.0
Truck136229,356.0
Truck136251,302.0
Truck136230,353.0
Truck136227,364.0
Truck136250,305.0
Truck136256,290.0
Truck136258,290.0
Truck136259,290.0
Truck136237,348.0
Truck136262,290.0
Truck136263,290.0
Truck136264,290.0
Truck136265,290.0
Truck136260,301.0
Truck136243,349.0
Truck136267,290.0
Truck136257,319.0
Truck136236,374.0
Truck136270,290.0
Truck136271,290.0
Truck136191,494.0
Truck136273,290.0
Truck136268,306.0
Truck136254,346.0
Truck136279,290.0
Truck136231,418.0
Truck136261,346.0
Truck136252,369.0
Truck136272,325.0
Truck136280,306.0
Truck136239,412.0
Truck136288,290.0
Truck136289,290.0
Truck136290,290.0
Truck136292,290.0
Truck136293,290.0
Truck136294,290.0
Truck136278,333.0
Truck136297,290.0
Truck136299,290.0
Truck136269,366.0
Truck136286,326.0
Truck136275,360.0
Truck136302,290.0
Truck136283,342.0
Truck136287,332.0
Truck136298,302.0
Truck136304,290.0
Truck136305,290.0
Truck136277,362.0
Truck136285,342.0
Truck136247,445.0
Truck136309,290.0
Truck136310,290.0
Truck136311,290.0
Truck136291,344.0
Truck136306,304.0
Truck136312,290.0
Truck136313,290.0
Truck136274,389.0
Truck136314,290.0
Truck136295,341.0
Truck136281,379.0
Truck136316,290.0
Truck136317,290.0
Truck136318,290.0
Truck136319,290.0
Truck136266,422.0
Truck136296,347.0
Truck136315,302.0
Truck136301,338.0
Truck136282,388.0
Truck136323,290.0
Truck136303,343.0
Truck136325,290.0
Truck136327,290.0
Truck136320,306.0
Truck136307,343.0
Truck136328,290.0
Truck136326,302.0
Truck136332,290.0
Truck136308,352.0
Truck136330,300.0
Truck136334,290.0
Truck136322,326.0
Truck136331,306.0
Truck136335,303.0
Truck136300,395.0
Truck136329,327.0
Truck136344,290.0
Truck136345,290.0
Truck136333,323.0
Truck136336,315.0
Truck136346,290.0
Truck136338,313.0
Truck136349,290.0
Truck136321,364.0
Truck136284,457.0
Truck136352,290.0
Truck136353,290.0
Truck136354,290.0
Truck136355,290.0
Truck136276,487.0
Truck136351,305.0
Truck136342,329.0
Truck136350,309.0
Truck136358,290.0
Truck136359,290.0
Truck136339,343.0
Truck136343,333.0
Truck136347,323.0
Truck136361,290.0
Truck136348,323.0
Truck136362,290.0
Truck136365,290.0
Truck136357,312.0
Truck136366,290.0
Truck136367,290.0
Truck136369,290.0
Truck136363,306.0
Truck136370,290.0
Truck136371,290.0
Truck136337,376.0
Truck136340,369.0
Truck136373,290.0
Truck136356,338.0
Truck136377,290.0
Truck136341,381.0
Truck136382,290.0
Truck136381,300.0
Truck136384,290.0
Truck136374,317.0
Truck136376,317.0
Truck136388,290.0
Truck136375,330.0
Truck136391,290.0
Truck136387,301.0
Truck136380,320.0
Truck136393,290.0
Truck136378,326.0
Truck136394,290.0
Truck136360,377.0
Truck136390,302.0
Truck136368,359.0
Truck136397,290.0
Truck136398,290.0
Truck136324,481.0
Truck136385,336.0
Truck136399,305.0
Truck136389,331.0
Truck136407,290.0
Truck136386,341.0
Truck136408,290.0
Truck136409,290.0
Truck136364,403.0
Truck136400,314.0
Truck136392,335.0
Truck136404,306.0
Truck136383,363.0
Truck136395,334.0
Truck136412,290.0
Truck136413,290.0
Truck136414,290.0
Truck136402,332.0
Truck136379,393.0
Truck136396,351.0
Truck136405,334.0
Truck136403,347.0
Truck136418,308.0
Truck136419,315.0
Truck136425,300.0
Truck136429,290.0
Truck136417,321.0
Truck136430,290.0
Truck136431,290.0
Truck136411,342.0
Truck136434,290.0
Truck136436,290.0
Truck136437,290.0
Truck136416,344.0
Truck136432,304.0
Truck136410,360.0
Truck136406,377.0
Truck136435,308.0
Truck136424,339.0
Truck136428,329.0
Truck136415,370.0
Truck136441,306.0
Truck136448,290.0
Truck136439,317.0
Truck136372,485.0
Truck136450,290.0
Truck136422,361.0
Truck136427,351.0
Truck136433,339.0
Truck136446,304.0
Truck136452,290.0
Truck136453,290.0
Truck136423,367.0
Truck136445,315.0
Truck136442,325.0
Truck136456,290.0
Truck136438,340.0
Truck136420,390.0
Truck136440,340.0
Truck136454,305.0
Truck136451,317.0
Truck136455,308.0
Truck136401,444.0
Truck136462,290.0
Truck136457,308.0
Truck136465,290.0
Truck136459,307.0
Truck136426,389.0
Truck136449,337.0
Truck136447,344.0
Truck136468,290.0
Truck136469,290.0
Truck136444,351.0
Truck136461,315.0
Truck136470,290.0
Truck136471,290.0
Truck136464,319.0
Truck136477,290.0
Truck136460,343.0
Truck136474,313.0
Truck136484,290.0
Truck136485,290.0
Truck136480,301.0
Truck136490,290.0
Truck136473,343.0
Truck136494,290.0
Truck136495,290.0
Truck136478,332.0
Truck136475,345.0
Truck136496,290.0
Truck136497,290.0
Truck136472,351.0
Truck136498,290.0
Truck136486,321.0
Truck136500,290.0
Truck136467,377.0
Truck136479,347.0
Truck136481,342.0
Truck136489,324.0
Truck136466,380.0
Truck136487,330.0
Truck136492,317.0
Truck136443,445.0
Truck136504,290.0
Truck136505,290.0
Truck136501,304.0
Truck136421,511.0
Truck136458,416.0
Truck136510,290.0
Truck136511,290.0
Truck136482,361.0
Truck136512,290.0
Truck136507,308.0
Truck136514,290.0
Truck136509,306.0
Truck136506,318.0
Truck136463,430.0
Truck136513,305.0
Truck136520,290.0
Truck136516,305.0
Truck136523,290.0
Truck136525,290.0
Truck136521,305.0
Truck136508,338.0
Truck136519,315.0
Truck136529,290.0
Truck136532,290.0
Truck136483,416.0
Truck136488,401.0
Truck136534,290.0
Truck136535,290.0
Truck136528,306.0
Truck136531,308.0
Truck136538,290.0
Truck136539,290.0
Truck136518,344.0
Truck136543,290.0
Truck136517,356.0
Truck136544,290.0
Truck136546,290.0
Truck136541,309.0
Truck136491,437.0
Truck136545,307.0
Truck136542,313.0
Truck136503,414.0
Truck136533,340.0
Truck136553,290.0
Truck136499,430.0
Truck136527,360.0
Truck136540,329.0
Truck136493,454.0
Truck136530,359.0
Truck136552,307.0
Truck136476,498.0
Truck136560,290.0
Truck136561,290.0
Truck136554,306.0
Truck136562,290.0
Truck136558,302.0
Truck136564,290.0
Truck136548,332.0
Truck136551,328.0
Truck136522,402.0
Truck136555,322.0
Truck136524,400.0
Truck136547,345.0
Truck136570,290.0
Truck136571,290.0
Truck136559,324.0
Truck136573,290.0
Truck136549,351.0
Truck136502,474.0
Truck136556,340.0
Truck136579,290.0
Truck136537,397.0
Truck136567,322.0
Truck136574,308.0
Truck136582,290.0
Truck136550,376.0
Truck136557,367.0
Truck136580,309.0
Truck136515,475.0
Truck136572,330.0
Truck136583,307.0
Truck136536,424.0
Truck136590,290.0
Truck136565,357.0
Truck136592,290.0
Truck136593,290.0
Truck136526,456.0
Truck136566,356.0
Truck136587,307.0
Truck136589,306.0
Truck136596,290.0
Truck136597,290.0
Truck136586,316.0
Truck136568,363.0
Truck136576,343.0
Truck136599,290.0
Truck136563,381.0
Truck136595,303.0
Truck136600,290.0
Truck136591,320.0
Truck136603,290.0
Truck136581,348.0
Truck136569,379.0
Truck136605,290.0
Truck136598,306.0
Truck136606,290.0
Truck136578,362.0
Truck136604,302.0
Truck136610,290.0
Truck136613,290.0
Truck136594,336.0
Truck136607,306.0
Truck136577,390.0
Truck136585,371.0
Truck136601,331.0
Truck136618,290.0
Truck136614,304.0
Truck136625,290.0
Truck136619,313.0
Truck136620,308.0
Truck136616,320.0
Truck136628,290.0
Truck136629,290.0
Truck136630,290.0
Truck136631,290.0
Truck136612,336.0
Truck136575,432.0
Truck136609,347.0
Truck136635,290.0
Truck136615,348.0
Truck136638,290.0
Truck136611,363.0
Truck136637,299.0
Truck136640,290.0
Truck136641,290.0
Truck136584,431.0
Truck136636,302.0
Truck136624,334.0
Truck136623,343.0
Truck136646,290.0
Truck136634,321.0
Truck136608,387.0
Truck136639,315.0
Truck136642,310.0
Truck136651,290.0
Truck136647,304.0
Truck136627,355.0
Truck136626,357.0
Truck136654,290.0
Truck136645,318.0
Truck136649,308.0
Truck136588,460.0
Truck136622,376.0
Truck136652,307.0
Truck136659,300.0
Truck136662,290.0
Truck136660,305.0
Truck136664,300.0
Truck136668,290.0
Truck136653,333.0
Truck136661,315.0
Truck136633,386.0
Truck136617,434.0
Truck136655,339.0
Truck136669,305.0
Truck136675,290.0
Truck136632,400.0
Truck136648,364.0
Truck136656,348.0
Truck136681,290.0
Truck136643,389.0
Truck136650,372.0
Truck136676,309.0
Truck136684,290.0
Truck136658,356.0
Truck136663,346.0
Truck136665,341.0
Truck136678,308.0
Truck136682,301.0
Truck136666,343.0
Truck136672,329.0
Truck136602,505.0
Truck136688,290.0
Truck136657,371.0
Truck136673,334.0
Truck136690,290.0
Truck136693,290.0
Truck136680,321.0
Truck136674,337.0
Truck136644,413.0
Truck136686,308.0
Truck136695,290.0
Truck136671,352.0
Truck136696,290.0
Truck136698,290.0
Truck136699,290.0
Truck136683,336.0
Truck136692,312.0
Truck136691,319.0
Truck136702,290.0
Truck136704,290.0
Truck136700,303.0
Truck136706,290.0
Truck136701,307.0
Truck136709,290.0
Truck136677,372.0
Truck136621,514.0
Truck136713,290.0
Truck136708,304.0
Truck136715,290.0
Truck136710,304.0
Truck136717,290.0
Truck136685,373.0
Truck136711,310.0
Truck136718,290.0
Truck136719,290.0
Truck136720,290.0
Truck136723,290.0
Truck136724,290.0
Truck136689,381.0
Truck136727,290.0
Truck136716,317.0
Truck136694,375.0
Truck136729,290.0
Truck136703,358.0
Truck136667,450.0
Truck136731,290.0
Truck136725,307.0
Truck136728,304.0
Truck136707,360.0
Truck136726,313.0
Truck136736,290.0
Truck136721,331.0
Truck136741,290.0
Truck136733,313.0
Truck136735,308.0
Truck136679,450.0
Truck136742,290.0
Truck136743,290.0
Truck136737,306.0
Truck136705,387.0
Truck136712,367.0
Truck136722,342.0
Truck136670,475.0
Truck136748,290.0
Truck136749,290.0
Truck136734,328.0
Truck136750,290.0
Truck136746,303.0
Truck136739,324.0
Truck136753,290.0
Truck136747,306.0
Truck136738,330.0
Truck136751,301.0
Truck136756,290.0
Truck136757,290.0
Truck136740,331.0
Truck136758,290.0
Truck136752,308.0
Truck136714,405.0
Truck136760,290.0
Truck136762,290.0
Truck136745,339.0
Truck136765,290.0
Truck136730,376.0
Truck136755,317.0
Truck136767,290.0
Truck136697,471.0
Truck136759,321.0
Truck136772,290.0
Truck136754,336.0
Truck136766,307.0
Truck136768,304.0
Truck136732,395.0
Truck136774,290.0
Truck136776,290.0
Truck136777,290.0
Truck136744,378.0
Truck136773,308.0
Truck136778,300.0
Truck136782,290.0
Truck136764,337.0
Truck136771,322.0
Truck136763,345.0
Truck136779,306.0
Truck136687,539.0
Truck136786,290.0
Truck136781,310.0
Truck136788,290.0
Truck136790,290.0
Truck136791,290.0
Truck136770,344.0
Truck136775,340.0
Truck136794,290.0
Truck136795,290.0
Truck136780,328.0
Truck136799,290.0
Truck136787,321.0
Truck136785,327.0
Truck136803,290.0
Truck136793,317.0
Truck136804,290.0
Truck136805,290.0
Truck136789,338.0
Truck136808,290.0
Truck136800,315.0
Truck136792,339.0
Truck136807,304.0
Truck136784,363.0
Truck136810,306.0
Truck136818,290.0
Truck136819,290.0
Truck136815,301.0
Truck136802,332.0
Truck136801,339.0
Truck136820,290.0
Truck136827,290.0
Truck136806,344.0
Truck136812,330.0
Truck136798,368.0
Truck136761,464.0
Truck136769,445.0
Truck136830,290.0
Truck136832,290.0
Truck136813,341.0
Truck136835,290.0
Truck136817,339.0
Truck136822,325.0
Truck136837,290.0
Truck136833,301.0
Truck136838,290.0
Truck136821,336.0
Truck136809,369.0
Truck136836,304.0
Truck136811,370.0
Truck136842,290.0
Truck136825,343.0
Truck136828,335.0
Truck136847,290.0
Truck136824,346.0
Truck136814,375.0
Truck136849,290.0
Truck136844,303.0
Truck136850,290.0
Truck136851,290.0
Truck136826,355.0
Truck136829,355.0
Truck136854,290.0
Truck136856,290.0
Truck136857,290.0
Truck136858,290.0
Truck136823,384.0
Truck136852,309.0
Truck136860,290.0
Truck136861,290.0
Truck136839,347.0
Truck136855,308.0
Truck136841,345.0
Truck136848,325.0
Truck136863,290.0
Truck136834,363.0
Truck136831,374.0
Truck136864,290.0
Truck136845,345.0
Truck136797,466.0
Truck136843,360.0
Truck136859,320.0
Truck136816,434.0
Truck136796,493.0
Truck136874,299.0
Truck136865,325.0
Truck136878,290.0
Truck136879,290.0
Truck136846,371.0
Truck136871,311.0
Truck136873,306.0
Truck136875,304.0
Truck136881,290.0
Truck136862,337.0
Truck136783,538.0
Truck136885,290.0
Truck136867,336.0
Truck136887,290.0
Truck136840,407.0
Truck136880,307.0
Truck136866,345.0
Truck136889,290.0
Truck136868,341.0
Truck136883,309.0
Truck136882,313.0
Truck136869,350.0
Truck136893,290.0
Truck136870,348.0
Truck136894,290.0
Truck136876,337.0
Truck136896,290.0
Truck136897,290.0
Truck136891,306.0
Truck136853,402.0
Truck136872,353.0
Truck136877,347.0
Truck136901,290.0
Truck136888,322.0
Truck136895,307.0
Truck136903,290.0
Truck136892,318.0
Truck136884,339.0
Truck136890,324.0
Truck136907,290.0
Truck136906,300.0
Truck136912,290.0
Truck136913,290.0
Truck136900,333.0
Truck136911,308.0
Truck136919,290.0
Truck136920,290.0
Truck136898,347.0
Truck136902,338.0
Truck136915,312.0
Truck136916,309.0
Truck136924,290.0
Truck136925,290.0
Truck136899,357.0
Truck136905,344.0
Truck136926,290.0
Truck136928,290.0
Truck136930,290.0
Truck136931,290.0
Truck136921,318.0
Truck136932,290.0
Truck136914,341.0
Truck136929,307.0
Truck136937,290.0
Truck136917,349.0
Truck136886,425.0
Truck136943,290.0
Truck136918,354.0
Truck136935,315.0
Truck136940,301.0
Truck136941,302.0
Truck136934,319.0
Truck136946,290.0
Truck136904,396.0
Truck136908,390.0
Truck136944,300.0
Truck136948,290.0
Truck136952,290.0
Truck136954,290.0
Truck136957,290.0
Truck136939,336.0
Truck136922,377.0
Truck136959,290.0
Truck136923,382.0
Truck136951,312.0
Truck136933,359.0
Truck136938,344.0
Truck136950,314.0
Truck136909,421.0
Truck136955,308.0
Truck136956,309.0
Truck136966,290.0
Truck136967,290.0
Truck136927,391.0
Truck136960,306.0
Truck136965,303.0
Truck136964,304.0
Truck136949,345.0
Truck136961,320.0
Truck136973,290.0
Truck136974,290.0
Truck136975,290.0
Truck136976,290.0
Truck136977,290.0
Truck136963,327.0
Truck136979,290.0
Truck136969,316.0
Truck136972,308.0
Truck136980,290.0
Truck136981,290.0
Truck136947,376.0
Truck136983,290.0
Truck136984,290.0
Truck136910,477.0
Truck136978,307.0
Truck136986,290.0
Truck136987,290.0
Truck136970,332.0
Truck136971,335.0
Truck136988,290.0
Truck136989,290.0
Truck136991,290.0
Truck136985,308.0
Truck136992,290.0
Truck136993,290.0
Truck136968,352.0
Truck136936,435.0
Truck136994,290.0
Truck136962,374.0
Truck136996,290.0
Truck136990,310.0
Truck137000,290.0
Truck137002,290.0
Truck136999,304.0
Truck137004,290.0
Truck137001,305.0
Truck137006,290.0
Truck137007,290.0
Truck136958,414.0
Truck136953,433.0
Truck137003,309.0
Truck137012,290.0
Truck137013,290.0
Truck136982,366.0
Truck137014,290.0
Truck137005,320.0
Truck137017,290.0
Truck136942,477.0
Truck137015,306.0
Truck136995,357.0
Truck136997,353.0
Truck136945,486.0
Truck137019,301.0
Truck136998,352.0
Truck137020,303.0
Truck137026,290.0
Truck137027,290.0
Truck137022,301.0
Truck137016,318.0
Truck137018,313.0
Truck137008,339.0
Truck137028,290.0
Truck137029,290.0
Truck137011,336.0
Truck137030,290.0
Truck137031,290.0
Truck137024,307.0
Truck137010,344.0
Truck137032,290.0
Truck137023,320.0
Truck137034,290.0
Truck137036,290.0
Truck137041,290.0
Truck137021,341.0
Truck137044,290.0
Truck137045,290.0
Truck137025,347.0
Truck137040,307.0
Truck137049,290.0
Truck137051,290.0
Truck137053,290.0
Truck137009,404.0
Truck137037,335.0
Truck137054,290.0
Truck137056,290.0
Truck137038,338.0
Truck137058,290.0
Truck137039,344.0
Truck137042,334.0
Truck137047,330.0
Truck137043,342.0
Truck137066,290.0
Truck137067,290.0
Truck137062,305.0
Truck137063,305.0
Truck137068,290.0
Truck137046,349.0
Truck137071,290.0
Truck137065,313.0
Truck137035,392.0
Truck137050,355.0
Truck137048,364.0
Truck137061,334.0
Truck137078,290.0
Truck137081,290.0
Truck137072,312.0
Truck137059,348.0
Truck137052,365.0
Truck137033,417.0
Truck137079,304.0
Truck137084,290.0
Truck137080,304.0
Truck137086,290.0
Truck137087,290.0
Truck137060,356.0
Truck137057,367.0
Truck137088,290.0
Truck137055,379.0
Truck137064,357.0
Truck137090,300.0
Truck137094,290.0
Truck137077,336.0
Truck137085,317.0
Truck137089,310.0
Truck137096,290.0
Truck137075,348.0
Truck137099,290.0
Truck137101,290.0
Truck137097,306.0
Truck137074,364.0
Truck137091,324.0
Truck137076,373.0
Truck137107,300.0
Truck137110,290.0
Truck137111,290.0
Truck137112,290.0
Truck137115,290.0
Truck137108,308.0
Truck137109,308.0
Truck137069,411.0
Truck137098,338.0
Truck137104,323.0
Truck137113,304.0
Truck137118,290.0
Truck137105,327.0
Truck137114,302.0
Truck137121,290.0
Truck137123,290.0
Truck137100,347.0
Truck137082,393.0
Truck137106,333.0
Truck137117,310.0
Truck137124,290.0
Truck137092,374.0
Truck137126,290.0
Truck137127,290.0
Truck137130,290.0
Truck137122,311.0
Truck137103,368.0
Truck137129,305.0
Truck137070,452.0
Truck137102,374.0
Truck137137,290.0
Truck137073,452.0
Truck137135,302.0
Truck137136,305.0
Truck137138,305.0
Truck137145,290.0
Truck137116,361.0
Truck137139,310.0
Truck137125,349.0
Truck137142,304.0
Truck137120,360.0
Truck137149,290.0
Truck137133,334.0
Truck137144,304.0
Truck137151,290.0
Truck137152,290.0
Truck137131,349.0
Truck137140,324.0
Truck137141,327.0
Truck137148,309.0
Truck137156,290.0
Truck137153,304.0
Truck137159,290.0
Truck137147,323.0
Truck137154,303.0
Truck137083,490.0
Truck137134,360.0
Truck137163,290.0
Truck137146,336.0
Truck137162,300.0
Truck137166,290.0
Truck137167,290.0
Truck137150,332.0
Truck137168,290.0
Truck137169,290.0
Truck137170,290.0
Truck137164,308.0
Truck137172,290.0
Truck137174,290.0
Truck137175,290.0
Truck137160,329.0
Truck137177,290.0
Truck137157,341.0
Truck137095,498.0
Truck137178,290.0
Truck137179,290.0
Truck137165,327.0
Truck137180,290.0
Truck137183,290.0
Truck137184,290.0
Truck137171,326.0
Truck137186,290.0
Truck137182,303.0
Truck137132,429.0
Truck137188,290.0
Truck137176,321.0
Truck137193,290.0
Truck137093,547.0
Truck137158,382.0
Truck137128,459.0
Truck137173,349.0
Truck137196,290.0
Truck137198,290.0
Truck137192,306.0
Truck137201,290.0
Truck137202,290.0
Truck137155,413.0
Truck137185,340.0
Truck137205,290.0
Truck137206,290.0
Truck137189,336.0
Truck137208,290.0
Truck137209,300.0
Truck137212,290.0
Truck137143,467.0
Truck137207,308.0
Truck137187,361.0
Truck137216,290.0
Truck137194,347.0
Truck137200,335.0
Truck137220,290.0
Truck137119,549.0
Truck137195,360.0
Truck137222,290.0
Truck137197,358.0
Truck137217,308.0
Truck137225,290.0
Truck137199,357.0
Truck137204,343.0
Truck137215,318.0
Truck137219,308.0
Truck137226,290.0
Truck137224,300.0
Truck137203,356.0
Truck137191,388.0
Truck137211,339.0
Truck137218,325.0
Truck137233,290.0
Truck137227,307.0
Truck137214,340.0
Truck137234,290.0
Truck137213,348.0
Truck137237,290.0
Truck137161,482.0
Truck137228,313.0
Truck137210,359.0
Truck137190,410.0
Truck137240,290.0
Truck137230,316.0
Truck137235,307.0
Truck137221,345.0
Truck137239,305.0
Truck137245,290.0
Truck137243,300.0
Truck137246,290.0
Truck137248,290.0
Truck137238,317.0
Truck137244,302.0
Truck137232,336.0
Truck137252,290.0
Truck137253,290.0
Truck137229,354.0
Truck137249,304.0
Truck137255,290.0
Truck137181,476.0
Truck137256,290.0
Truck137257,290.0
Truck137259,290.0
Truck137260,290.0
Truck137236,355.0
Truck137262,290.0
Truck137223,394.0
Truck137265,290.0
Truck137261,303.0
Truck137242,355.0
Truck137268,290.0
Truck137250,338.0
Truck137271,290.0
Truck137251,342.0
Truck137272,290.0
Truck137273,290.0
Truck137274,290.0
Truck137276,290.0
Truck137231,407.0
Truck137254,347.0
Truck137258,337.0
Truck137279,290.0
Truck137263,335.0
Truck137281,290.0
Truck137283,290.0
Truck137275,315.0
Truck137285,290.0
Truck137280,305.0
Truck137287,290.0
Truck137266,344.0
Truck137277,319.0
Truck137270,335.0
Truck137289,290.0
Truck137241,415.0
Truck137291,290.0
Truck137293,290.0
Truck137294,290.0
Truck137295,290.0
Truck137288,309.0
Truck137296,290.0
Truck137297,290.0
Truck137298,290.0
Truck137299,290.0
Truck137301,290.0
Truck137302,290.0
Truck137282,341.0
Truck137305,290.0
Truck137308,290.0
Truck137309,290.0
Truck137264,402.0
Truck137278,369.0
Truck137310,290.0
Truck137269,398.0
Truck137304,308.0
Truck137267,406.0
Truck137303,321.0
Truck137286,363.0
Truck137300,330.0
Truck137316,290.0
Truck137317,290.0
Truck137284,371.0
Truck137312,303.0
Truck137319,290.0
Truck137315,305.0
Truck137321,290.0
Truck137313,315.0
Truck137311,323.0
Truck137324,290.0
Truck137318,310.0
Truck137326,290.0
Truck137328,290.0
Truck137329,290.0
Truck137322,306.0
Truck137330,290.0
Truck137331,290.0
Truck137247,505.0
Truck137332,290.0
Truck137314,341.0
Truck137323,324.0
Truck137333,304.0
Truck137338,290.0
Truck137339,290.0
Truck137306,372.0
Truck137307,373.0
Truck137341,290.0
Truck137320,341.0
Truck137334,306.0
Truck137343,290.0
Truck137327,331.0
Truck137336,307.0
Truck137292,420.0
Truck137346,290.0
Truck137348,290.0
Truck137335,326.0
Truck137337,325.0
Truck137344,305.0
Truck137345,305.0
Truck137350,290.0
Truck137347,308.0
Truck137349,304.0
Truck137354,290.0
Truck137342,322.0
Truck137351,305.0
Truck137290,467.0
Truck137340,345.0
Truck137357,305.0
Truck137365,290.0
Truck137367,290.0
Truck137361,308.0
Truck137373,290.0
Truck137352,348.0
Truck137355,344.0
Truck137376,290.0
Truck137377,290.0
Truck137378,290.0
Truck137370,312.0
Truck137380,290.0
Truck137371,316.0
Truck137356,352.0
Truck137374,309.0
Truck137384,290.0
Truck137385,290.0
Truck137360,351.0
Truck137362,349.0
Truck137364,345.0
Truck137386,290.0
Truck137387,290.0
Truck137375,322.0
Truck137325,448.0
Truck137366,346.0
Truck137381,311.0
Truck137363,357.0
Truck137369,342.0
Truck137382,308.0
Truck137392,290.0
Truck137393,290.0
Truck137372,344.0
Truck137388,309.0
Truck137383,325.0
Truck137368,365.0
Truck137398,290.0
Truck137399,290.0
Truck137394,304.0
Truck137401,290.0
Truck137397,301.0
Truck137389,328.0
Truck137404,290.0
Truck137391,328.0
Truck137395,320.0
Truck137406,290.0
Truck137407,290.0
Truck137400,308.0
Truck137353,430.0
Truck137408,290.0
Truck137390,336.0
Truck137411,290.0
Truck137412,290.0
Truck137413,290.0
Truck137403,320.0
Truck137405,319.0
Truck137410,305.0
Truck137417,290.0
Truck137419,290.0
Truck137420,290.0
Truck137423,290.0
Truck137414,322.0
Truck137421,312.0
Truck137359,468.0
Truck137431,290.0
Truck137416,330.0
Truck137427,305.0
Truck137415,337.0
Truck137424,313.0
Truck137402,374.0
Truck137379,441.0
Truck137396,400.0
Truck137433,313.0
Truck137422,345.0
Truck137444,290.0
Truck137445,290.0
Truck137409,384.0
Truck137418,359.0
Truck137426,339.0
Truck137447,290.0
Truck137443,305.0
Truck137448,290.0
Truck137432,335.0
Truck137446,305.0
Truck137452,290.0
Truck137429,353.0
Truck137441,323.0
Truck137454,290.0
Truck137453,300.0
Truck137456,290.0
Truck137450,307.0
Truck137358,538.0
Truck137460,290.0
Truck137439,347.0
Truck137437,355.0
Truck137462,290.0
Truck137457,310.0
Truck137464,290.0
Truck137442,346.0
Truck137458,309.0
Truck137466,290.0
Truck137467,290.0
Truck137440,359.0
Truck137469,290.0
Truck137434,380.0
Truck137470,290.0
Truck137435,383.0
Truck137473,290.0
Truck137455,336.0
Truck137474,290.0
Truck137430,402.0
Truck137449,360.0
Truck137451,358.0
Truck137480,290.0
Truck137475,306.0
Truck137428,424.0
Truck137476,309.0
Truck137478,305.0
Truck137484,290.0
Truck137485,290.0
Truck137425,441.0
Truck137488,290.0
Truck137471,338.0
Truck137461,364.0
Truck137492,290.0
Truck137436,431.0
Truck137494,290.0
Truck137495,290.0
Truck137481,329.0
Truck137491,306.0
Truck137465,379.0
Truck137438,445.0
Truck137504,290.0
Truck137505,290.0
Truck137507,290.0
Truck137468,388.0
Truck137493,328.0
Truck137472,380.0
Truck137496,320.0
Truck137510,290.0
Truck137463,415.0
Truck137483,365.0
Truck137509,300.0
Truck137486,356.0
Truck137487,356.0
Truck137506,309.0
Truck137515,290.0
Truck137497,336.0
Truck137511,304.0
Truck137513,305.0
Truck137501,336.0
Truck137482,382.0
Truck137500,339.0
Truck137512,309.0
Truck137520,290.0
Truck137489,371.0
Truck137517,302.0
Truck137522,300.0
Truck137521,309.0
Truck137528,290.0
Truck137531,290.0
Truck137523,312.0
Truck137518,325.0
Truck137527,306.0
Truck137502,368.0
Truck137499,379.0
Truck137535,290.0
Truck137525,320.0
Truck137459,486.0
Truck137479,438.0
Truck137530,309.0
Truck137508,365.0
Truck137538,290.0
Truck137490,413.0
Truck137540,290.0
Truck137526,327.0
Truck137533,316.0
Truck137498,403.0
Truck137539,305.0
Truck137477,462.0
Truck137546,290.0
Truck137514,373.0
Truck137544,299.0
Truck137548,290.0
Truck137549,290.0
Truck137550,290.0
Truck137551,290.0
Truck137552,290.0
Truck137516,386.0
Truck137543,322.0
Truck137529,360.0
Truck137557,290.0
Truck137537,341.0
Truck137541,333.0
Truck137558,290.0
Truck137503,434.0
Truck137555,304.0
Truck137536,350.0
Truck137560,290.0
Truck137561,290.0
Truck137542,338.0
Truck137519,399.0
Truck137564,290.0
Truck137559,308.0
Truck137567,290.0
Truck137524,397.0
Truck137562,304.0
Truck137568,290.0
Truck137569,290.0
Truck137554,329.0
Truck137565,306.0
Truck137545,358.0
Truck137553,339.0
Truck137566,305.0
Truck137573,290.0
Truck137547,360.0
Truck137574,290.0
Truck137575,290.0
Truck137578,290.0
Truck137556,346.0
Truck137580,290.0
Truck137576,304.0
Truck137582,290.0
Truck137584,290.0
Truck137585,290.0
Truck137581,304.0
Truck137534,420.0
Truck137570,339.0
Truck137590,290.0
Truck137591,290.0
Truck137588,300.0
Truck137593,290.0
Truck137583,320.0
Truck137599,290.0
Truck137572,356.0
Truck137600,290.0
Truck137601,290.0
Truck137532,465.0
Truck137602,290.0
Truck137587,335.0
Truck137604,290.0
Truck137605,290.0
Truck137571,377.0
Truck137606,290.0
Truck137607,290.0
Truck137595,324.0
Truck137589,342.0
Truck137603,307.0
Truck137577,375.0
Truck137610,290.0
Truck137611,290.0
Truck137613,290.0
Truck137614,290.0
Truck137608,307.0
Truck137612,301.0
Truck137597,343.0
Truck137619,290.0
Truck137563,431.0
Truck137620,290.0
Truck137621,290.0
Truck137623,290.0
Truck137617,306.0
Truck137624,290.0
Truck137616,314.0
Truck137628,290.0
Truck137618,318.0
Truck137598,369.0
Truck137609,345.0
Truck137630,290.0
Truck137622,314.0
Truck137632,290.0
Truck137633,290.0
Truck137592,392.0
Truck137635,290.0
Truck137579,431.0
Truck137629,307.0
Truck137586,420.0
Truck137640,290.0
Truck137641,290.0
Truck137637,301.0
Truck137642,290.0
Truck137615,367.0
Truck137638,309.0
Truck137647,290.0
Truck137627,343.0
Truck137634,325.0
Truck137649,290.0
Truck137650,290.0
Truck137639,322.0
Truck137636,334.0
Truck137648,310.0
Truck137656,290.0
Truck137596,443.0
Truck137644,323.0
Truck137653,305.0
Truck137658,290.0
Truck137631,363.0
Truck137661,290.0
Truck137662,290.0
Truck137594,461.0
Truck137652,317.0
Truck137626,384.0
Truck137645,341.0
Truck137643,349.0
Truck137655,320.0
Truck137666,290.0
Truck137667,290.0
Truck137651,333.0
Truck137668,290.0
Truck137664,302.0
Truck137654,329.0
Truck137625,405.0
Truck137665,308.0
Truck137672,290.0
Truck137657,340.0
Truck137677,290.0
Truck137678,290.0
Truck137646,371.0
Truck137673,306.0
Truck137680,290.0
Truck137674,306.0
Truck137663,342.0
Truck137684,290.0
Truck137685,290.0
Truck137681,303.0
Truck137687,290.0
Truck137670,334.0
Truck137689,290.0
Truck137679,318.0
Truck137691,290.0
Truck137692,290.0
Truck137688,309.0
Truck137690,308.0
Truck137698,290.0
Truck137699,290.0
Truck137695,307.0
Truck137669,376.0
Truck137686,333.0
Truck137705,290.0
Truck137708,290.0
Truck137682,358.0
Truck137711,290.0
Truck137683,365.0
Truck137713,290.0
Truck137671,399.0
Truck137714,290.0
Truck137693,348.0
Truck137716,290.0
Truck137717,290.0
Truck137694,346.0
Truck137718,290.0
Truck137696,346.0
Truck137700,336.0
Truck137715,302.0
Truck137721,290.0
Truck137703,341.0
Truck137702,344.0
Truck137675,419.0
Truck137726,290.0
Truck137727,290.0
Truck137660,457.0
Truck137729,290.0
Truck137730,290.0
Truck137731,290.0
Truck137719,322.0
Truck137710,343.0
Truck137722,313.0
Truck137725,308.0
Truck137733,290.0
Truck137728,303.0
Truck137734,290.0
Truck137659,485.0
Truck137712,351.0
Truck137701,383.0
Truck137739,290.0
Truck137706,374.0
Truck137735,306.0
Truck137707,377.0
Truck137745,290.0
Truck137724,342.0
Truck137741,305.0
Truck137743,300.0
Truck137746,290.0
Truck137748,290.0
Truck137750,290.0
Truck137753,290.0
Truck137697,432.0
Truck137737,341.0
Truck137676,493.0
Truck137738,339.0
Truck137758,290.0
Truck137736,347.0
Truck137761,290.0
Truck137755,309.0
Truck137749,325.0
Truck137762,290.0
Truck137720,397.0
Truck137709,428.0
Truck137742,344.0
Truck137723,395.0
Truck137764,290.0
Truck137740,355.0
Truck137747,342.0
Truck137744,351.0
Truck137704,457.0
Truck137751,347.0
Truck137754,337.0
Truck137757,335.0
Truck137775,290.0
Truck137777,290.0
Truck137767,316.0
Truck137763,328.0
Truck137778,290.0
Truck137756,347.0
Truck137772,309.0
Truck137781,290.0
Truck137765,332.0
Truck137774,308.0
Truck137752,365.0
Truck137782,290.0
Truck137776,307.0
Truck137784,290.0
Truck137785,290.0
Truck137779,308.0
Truck137786,290.0
Truck137788,290.0
Truck137770,337.0
Truck137773,334.0
Truck137787,299.0
Truck137769,345.0
Truck137768,346.0
Truck137759,379.0
Truck137766,360.0
Truck137791,302.0
Truck137796,290.0
Truck137799,290.0
Truck137790,319.0
Truck137802,290.0
Truck137771,374.0
Truck137783,345.0
Truck137801,300.0
Truck137798,307.0
Truck137800,302.0
Truck137794,323.0
Truck137811,290.0
Truck137793,338.0
Truck137812,290.0
Truck137732,497.0
Truck137808,308.0
Truck137792,349.0
Truck137816,290.0
Truck137795,350.0
Truck137805,328.0
Truck137789,374.0
Truck137818,304.0
Truck137824,290.0
Truck137804,345.0
Truck137826,290.0
Truck137827,290.0
Truck137820,308.0
Truck137817,321.0
Truck137809,342.0
Truck137780,413.0
Truck137819,318.0
Truck137830,290.0
Truck137833,290.0
Truck137823,317.0
Truck137835,290.0
Truck137829,308.0
Truck137760,479.0
Truck137806,365.0
Truck137828,314.0
Truck137831,309.0
Truck137832,304.0
Truck137838,290.0
Truck137810,361.0
Truck137797,410.0
Truck137821,350.0
Truck137845,290.0
Truck137813,374.0
Truck137846,290.0
Truck137807,392.0
Truck137839,314.0
Truck137843,305.0
Truck137815,379.0
Truck137841,316.0
Truck137847,304.0
Truck137853,290.0
Truck137840,321.0
Truck137855,290.0
Truck137857,290.0
Truck137814,400.0
Truck137850,310.0
Truck137854,306.0
Truck137849,323.0
Truck137863,290.0
Truck137844,336.0
Truck137803,444.0
Truck137865,290.0
Truck137866,290.0
Truck137867,290.0
Truck137861,306.0
Truck137862,304.0
Truck137822,405.0
Truck137834,377.0
Truck137870,290.0
Truck137872,290.0
Truck137874,290.0
Truck137871,303.0
Truck137877,290.0
Truck137860,332.0
Truck137842,380.0
Truck137879,290.0
Truck137825,428.0
Truck137873,313.0
Truck137883,290.0
Truck137856,360.0
Truck137884,290.0
Truck137885,290.0
Truck137868,334.0
Truck137876,314.0
Truck137836,415.0
Truck137881,305.0
Truck137864,356.0
Truck137882,318.0
Truck137894,290.0
Truck137895,290.0
Truck137859,383.0
Truck137869,363.0
Truck137890,308.0
Truck137891,308.0
Truck137898,290.0
Truck137899,290.0
Truck137893,309.0
Truck137900,290.0
Truck137901,290.0
Truck137904,290.0
Truck137905,290.0
Truck137878,358.0
Truck137852,424.0
Truck137907,290.0
Truck137848,437.0
Truck137875,373.0
Truck137888,338.0
Truck137887,349.0
Truck137910,290.0
Truck137851,441.0
Truck137889,347.0
Truck137892,337.0
Truck137915,290.0
Truck137858,432.0
Truck137896,338.0
Truck137911,306.0
Truck137897,344.0
Truck137918,290.0
Truck137903,333.0
Truck137922,290.0
Truck137923,290.0
Truck137919,305.0
Truck137902,346.0
Truck137837,516.0
Truck137912,329.0
Truck137928,290.0
Truck137908,343.0
Truck137930,290.0
Truck137906,351.0
Truck137924,308.0
Truck137925,309.0
Truck137909,350.0
Truck137926,305.0
Truck137921,323.0
Truck137929,305.0
Truck137931,300.0
Truck137935,290.0
Truck137916,342.0
Truck137920,332.0
Truck137917,343.0
Truck137938,290.0
Truck137940,290.0
Truck137941,290.0
Truck137934,307.0
Truck137936,302.0
Truck137913,363.0
Truck137927,330.0
Truck137942,290.0
Truck137945,290.0
Truck137939,307.0
Truck137946,290.0
Truck137886,443.0
Truck137949,290.0
Truck137950,290.0
Truck137880,468.0
Truck137947,305.0
Truck137944,311.0
Truck137937,333.0
Truck137951,303.0
Truck137952,301.0
Truck137932,355.0
Truck137959,290.0
Truck137961,290.0
Truck137957,303.0
Truck137963,290.0
Truck137965,290.0
Truck137956,311.0
Truck137933,373.0
Truck137967,290.0
Truck137960,306.0
Truck137914,423.0
Truck137953,337.0
Truck137972,290.0
Truck137975,290.0
Truck137976,290.0
Truck137948,361.0
Truck137958,336.0
Truck137979,290.0
Truck137980,290.0
Truck137943,386.0
Truck137954,357.0
Truck137964,332.0
Truck137982,290.0
Truck137983,290.0
Truck137970,323.0
Truck137974,313.0
Truck137986,290.0
Truck137989,290.0
Truck137971,337.0
Truck137973,333.0
Truck137990,290.0
Truck137969,347.0
Truck137981,318.0
Truck137968,349.0
Truck137985,309.0
Truck137991,300.0
Truck137966,365.0
Truck137997,290.0
Truck137978,337.0
Truck137955,404.0
Truck138000,290.0
Truck137995,308.0
Truck137987,329.0
Truck138002,290.0
Truck138004,290.0
Truck138007,290.0
Truck138008,290.0
Truck138009,290.0
Truck137988,346.0
Truck138012,290.0
Truck138015,290.0
Truck137962,425.0
Truck138013,300.0
Truck138016,290.0
Truck137998,336.0
Truck137984,374.0
Truck138018,290.0
Truck137999,341.0
Truck137993,357.0
Truck138003,339.0
Truck138023,290.0
Truck138024,290.0
Truck138025,290.0
Truck138026,290.0
Truck138001,363.0
Truck138030,290.0
Truck138033,290.0
Truck138010,346.0
Truck138011,348.0
Truck137977,434.0
Truck138017,337.0
Truck138037,290.0
Truck138022,326.0
Truck138020,332.0
Truck138027,317.0
Truck138038,290.0
Truck138039,290.0
Truck138040,290.0
Truck138041,290.0
Truck138006,376.0
Truck138034,310.0
Truck138032,319.0
Truck138019,362.0
Truck138029,340.0
Truck138048,290.0
Truck138049,290.0
Truck138050,290.0
Truck138051,290.0
Truck138028,349.0
Truck137994,435.0
Truck138005,410.0
Truck138045,310.0
Truck137996,431.0
Truck138036,334.0
Truck138046,309.0
Truck138055,290.0
Truck138047,313.0
Truck138056,290.0
Truck138057,290.0
Truck138058,290.0
Truck138060,290.0
Truck138043,336.0
Truck138035,358.0
Truck138044,334.0
Truck138062,290.0
Truck138054,313.0
Truck138059,303.0
Truck138065,290.0
Truck138014,418.0
Truck138053,324.0
Truck138066,290.0
Truck138067,290.0
Truck137992,479.0
Truck138064,304.0
Truck138071,290.0
Truck138021,417.0
Truck138073,290.0
Truck138063,325.0
Truck138077,290.0
Truck138078,290.0
Truck138082,290.0
Truck138084,290.0
Truck138068,331.0
Truck138087,290.0
Truck138042,403.0
Truck138089,290.0
Truck138052,381.0
Truck138076,321.0
Truck138080,311.0
Truck138090,290.0
Truck138061,367.0
Truck138072,337.0
Truck138083,312.0
Truck138095,290.0
Truck138097,290.0
Truck138088,314.0
Truck138099,290.0
Truck138075,351.0
Truck138096,300.0
Truck138079,347.0
Truck138105,290.0
Truck138086,336.0
Truck138106,290.0
Truck138107,290.0
Truck138091,332.0
Truck138031,484.0
Truck138081,359.0
Truck138074,377.0
Truck138103,308.0
Truck138110,290.0
Truck138111,290.0
Truck138093,339.0
Truck138098,324.0
Truck138113,290.0
Truck138108,305.0
Truck138094,341.0
Truck138070,402.0
Truck138102,323.0
Truck138118,290.0
Truck138120,290.0
Truck138121,290.0
Truck138122,290.0
Truck138101,346.0
Truck138109,327.0
Truck138116,307.0
Truck138100,349.0
Truck138242,290.0
Truck138243,290.0
Truck138244,290.0
Truck138247,290.0
Truck138240,307.0
Truck138246,304.0
Truck138252,290.0
Truck138253,290.0
Truck138255,290.0
Truck138241,330.0
Truck138256,290.0
Truck138257,290.0
Truck138258,290.0
Truck138261,290.0
Truck138251,320.0
Truck138262,290.0
Truck138265,290.0
Truck138248,334.0
Truck138259,314.0
Truck138254,326.0
Truck138260,314.0
Truck138264,305.0
Truck138272,290.0
Truck138268,305.0
Truck138274,290.0
Truck138277,290.0
Truck138279,290.0
Truck138249,366.0
Truck138280,290.0
Truck138276,305.0
Truck138283,290.0
Truck138263,346.0
Truck138267,337.0
Truck138281,304.0
Truck138250,380.0
Truck138288,290.0
Truck138289,290.0
Truck138245,402.0
Truck138278,319.0
Truck138291,290.0
Truck138286,301.0
Truck138270,342.0
Truck138273,337.0
Truck138287,305.0
Truck138292,290.0
Truck138294,290.0
Truck138295,290.0
Truck138296,290.0
Truck138297,290.0
Truck138282,329.0
Truck138275,350.0
Truck138266,371.0
Truck138301,290.0
Truck138303,290.0
Truck138298,306.0
Truck138306,290.0
Truck138307,290.0
Truck138300,308.0
Truck138302,304.0
Truck138310,290.0
Truck138313,290.0
Truck138311,304.0
Truck138312,304.0
Truck138293,356.0
Truck138299,344.0
Truck138284,380.0
Truck138320,290.0
Truck138321,290.0
Truck138322,290.0
Truck138323,290.0
Truck138304,339.0
Truck138327,290.0
Truck138308,336.0
Truck138315,322.0
Truck138285,399.0
Truck138309,340.0
Truck138328,290.0
Truck138314,327.0
Truck138269,448.0
Truck138326,304.0
Truck138305,360.0
Truck138319,328.0
Truck138329,307.0
Truck138333,299.0
Truck138316,347.0
Truck138271,464.0
Truck138325,329.0
Truck138335,308.0
Truck138342,290.0
Truck138343,290.0
Truck138331,329.0
Truck138346,290.0
Truck138347,290.0
Truck138330,332.0
Truck138336,319.0
Truck138340,309.0
Truck138345,299.0
Truck138344,302.0
Truck138350,290.0
Truck138351,290.0
Truck138290,449.0
Truck138354,290.0
Truck138355,290.0
Truck138334,344.0
Truck138318,386.0
Truck138348,312.0
Truck138353,302.0
Truck138339,341.0
Truck138361,290.0
Truck138358,302.0
Truck138317,408.0
Truck138365,290.0
Truck138366,290.0
Truck138352,327.0
Truck138368,290.0
Truck138369,290.0
Truck138370,290.0
Truck138371,290.0
Truck138374,290.0
Truck138375,290.0
Truck138363,323.0
Truck138337,390.0
Truck138362,325.0
Truck138377,290.0
Truck138349,361.0
Truck138357,341.0
Truck138359,340.0
Truck138379,290.0
Truck138324,427.0
Truck138373,308.0
Truck138381,290.0
Truck138364,343.0
Truck138386,290.0
Truck138390,290.0
Truck138383,317.0
Truck138332,443.0
Truck138338,428.0
Truck138388,305.0
Truck138356,386.0
Truck138367,362.0
Truck138396,290.0
Truck138385,321.0
Truck138378,338.0
Truck138389,314.0
Truck138398,290.0
Truck138399,290.0
Truck138400,290.0
Truck138395,308.0
Truck138372,366.0
Truck138394,317.0
Truck138401,304.0
Truck138397,315.0
Truck138407,290.0
Truck138391,334.0
Truck138404,299.0
Truck138402,306.0
Truck138405,302.0
Truck138411,290.0
Truck138393,343.0
Truck138415,290.0
Truck138403,324.0
Truck138416,290.0
Truck138341,481.0
Truck138418,290.0
Truck138380,388.0
Truck138413,310.0
Truck138420,290.0
Truck138421,290.0
Truck138408,322.0
Truck138414,309.0
Truck138419,303.0
Truck138387,385.0
Truck138426,290.0
Truck138427,290.0
Truck138360,468.0
Truck138382,413.0
Truck138392,388.0
Truck138410,346.0
Truck138409,358.0
Truck138429,308.0
Truck138422,326.0
Truck138428,311.0
Truck138417,347.0
Truck138412,358.0
Truck138443,290.0
Truck138424,340.0
Truck138445,290.0
Truck138423,346.0
Truck138434,317.0
Truck138446,290.0
Truck138447,290.0
Truck138449,290.0
Truck138444,302.0
Truck138376,475.0
Truck138451,290.0
Truck138455,290.0
Truck138456,290.0
Truck138438,338.0
Truck138435,349.0
Truck138437,345.0
Truck138458,290.0
Truck138430,363.0
Truck138439,348.0
Truck138452,313.0
Truck138454,308.0
Truck138463,290.0
Truck138457,306.0
Truck138384,488.0
Truck138465,290.0
Truck138442,346.0
Truck138459,308.0
Truck138461,308.0
Truck138468,290.0
Truck138469,290.0
Truck138406,451.0
Truck138464,310.0
Truck138453,347.0
Truck138472,301.0
Truck138462,332.0
Truck138425,430.0
Truck138480,290.0
Truck138475,307.0
Truck138433,413.0
Truck138483,290.0
Truck138467,335.0
Truck138481,300.0
Truck138485,290.0
Truck138478,308.0
Truck138432,424.0
Truck138486,290.0
Truck138487,290.0
Truck138441,406.0
Truck138471,333.0
Truck138482,304.0
Truck138489,290.0
Truck138466,346.0
Truck138474,327.0
Truck138470,344.0
Truck138431,445.0
Truck138492,290.0
Truck138436,435.0
Truck138495,290.0
Truck138450,404.0
Truck138477,341.0
Truck138448,413.0
Truck138440,435.0
Truck138498,290.0
Truck138499,290.0
Truck138460,394.0
Truck138502,290.0
Truck138496,315.0
Truck138507,290.0
Truck138500,306.0
Truck138491,333.0
Truck138473,379.0
Truck138479,365.0
Truck138508,290.0
Truck138509,290.0
Truck138484,352.0
Truck138504,304.0
Truck138488,345.0
Truck138505,307.0
Truck138501,326.0
Truck138503,322.0
Truck138516,290.0
Truck138519,290.0
Truck138521,290.0
Truck138514,309.0
Truck138494,360.0
Truck138523,290.0
Truck138476,412.0
Truck138515,318.0
Truck138526,290.0
Truck138528,290.0
Truck138511,340.0
Truck138525,305.0
Truck138531,290.0
Truck138510,342.0
Truck138518,324.0
Truck138532,299.0
Truck138536,290.0
Truck138539,290.0
Truck138534,304.0
Truck138540,290.0
Truck138541,290.0
Truck138524,334.0
Truck138520,345.0
Truck138543,290.0
Truck138529,329.0
Truck138538,308.0
Truck138513,381.0
Truck138497,422.0
Truck138545,303.0
Truck138546,306.0
Truck138549,303.0
Truck138555,290.0
Truck138490,451.0
Truck138517,387.0
Truck138550,303.0
Truck138557,290.0
Truck138558,290.0
Truck138533,356.0
Truck138537,346.0
Truck138552,306.0
Truck138560,290.0
Truck138548,325.0
Truck138556,305.0
Truck138562,290.0
Truck138563,290.0
Truck138522,396.0
Truck138493,473.0
Truck138567,290.0
Truck138512,427.0
Truck138506,443.0
Truck138547,348.0
Truck138554,332.0
Truck138566,305.0
Truck138572,290.0
Truck138565,315.0
Truck138575,290.0
Truck138571,302.0
Truck138561,329.0
Truck138577,290.0
Truck138544,371.0
Truck138578,290.0
Truck138530,413.0
Truck138580,290.0
Truck138569,325.0
Truck138582,290.0
Truck138583,290.0
Truck138551,374.0
Truck138559,355.0
Truck138586,290.0
Truck138553,379.0
Truck138584,299.0
Truck138588,290.0
Truck138585,303.0
Truck138590,290.0
Truck138564,357.0
Truck138579,329.0
Truck138594,290.0
Truck138595,290.0
Truck138568,358.0
Truck138581,330.0
Truck138596,290.0
Truck138597,290.0
Truck138570,358.0
Truck138574,350.0
Truck138599,290.0
Truck138527,472.0
Truck138576,347.0
Truck138535,454.0
Truck138601,290.0
Truck138592,311.0
Truck138602,290.0
Truck138606,290.0
Truck138609,290.0
Truck138573,381.0
Truck138591,336.0
Truck138593,332.0
Truck138587,353.0
Truck138613,290.0
Truck138600,322.0
Truck138615,290.0
Truck138611,301.0
Truck138605,318.0
Truck138589,361.0
Truck138612,304.0
Truck138608,315.0
Truck138618,290.0
Truck138598,344.0
Truck138620,290.0
Truck138621,290.0
Truck138603,336.0
Truck138542,490.0
Truck138622,290.0
Truck138623,290.0
Truck138617,318.0
Truck138616,324.0
Truck138631,290.0
Truck138626,305.0
Truck138632,290.0
Truck138629,303.0
Truck138614,339.0
Truck138635,290.0
Truck138604,367.0
Truck138625,319.0
Truck138636,290.0
Truck138637,290.0
Truck138627,317.0
Truck138639,290.0
Truck138624,327.0
Truck138633,308.0
Truck138634,303.0
Truck138641,290.0
Truck138642,290.0
Truck138643,290.0
Truck138630,321.0
Truck138645,290.0
Truck138607,386.0
Truck138619,361.0
Truck138648,290.0
Truck138610,389.0
Truck138650,290.0
Truck138646,304.0
Truck138649,300.0
Truck138652,290.0
Truck138628,359.0
Truck138638,335.0
Truck138653,303.0
Truck138657,300.0
Truck138660,290.0
Truck138659,303.0
Truck138658,307.0
Truck138661,306.0
Truck138654,323.0
Truck138663,304.0
Truck138662,306.0
Truck138670,290.0
Truck138665,309.0
Truck138672,290.0
Truck138667,306.0
Truck138668,302.0
Truck138651,348.0
Truck138664,313.0
Truck138671,304.0
Truck138655,347.0
Truck138656,345.0
Truck138647,371.0
Truck138669,319.0
Truck138681,290.0
Truck138674,307.0
Truck138683,290.0
Truck138666,333.0
Truck138679,305.0
Truck138684,290.0
Truck138685,290.0
Truck138680,303.0
Truck138686,290.0
Truck138687,290.0
Truck138689,290.0
Truck138640,417.0
Truck138676,327.0
Truck138694,290.0
Truck138695,290.0
Truck138697,290.0
Truck138699,290.0
Truck138690,311.0
Truck138692,307.0
Truck138701,290.0
Truck138673,366.0
Truck138691,324.0
Truck138677,360.0
Truck138705,290.0
Truck138688,333.0
Truck138675,369.0
Truck138707,290.0
Truck138644,452.0
Truck138700,313.0
Truck138706,300.0
Truck138698,335.0
Truck138717,290.0
Truck138702,326.0
Truck138719,290.0
Truck138703,333.0
Truck138709,322.0
Truck138722,290.0
Truck138712,319.0
Truck138724,290.0
Truck138713,321.0
Truck138726,290.0
Truck138725,300.0
Truck138704,351.0
Truck138708,341.0
Truck138723,306.0
Truck138711,338.0
Truck138693,384.0
Truck138721,315.0
Truck138730,290.0
Truck138733,290.0
Truck138728,303.0
Truck138727,309.0
Truck138714,344.0
Truck138736,290.0
Truck138737,290.0
Truck138739,290.0
Truck138732,307.0
Truck138740,290.0
Truck138741,290.0
Truck138678,455.0
Truck138743,300.0
Truck138746,290.0
Truck138747,290.0
Truck138738,315.0
Truck138696,423.0
Truck138734,328.0
Truck138750,290.0
Truck138751,290.0
Truck138731,343.0
Truck138742,314.0
Truck138753,290.0
Truck138754,290.0
Truck138755,290.0
Truck138715,391.0
Truck138718,383.0
Truck138749,310.0
Truck138735,348.0
Truck138761,290.0
Truck138757,301.0
Truck138756,303.0
Truck138763,290.0
Truck138729,377.0
Truck138752,317.0
Truck138745,338.0
Truck138758,309.0
Truck138766,290.0
Truck138767,290.0
Truck138748,340.0
Truck138765,300.0
Truck138768,290.0
Truck138769,290.0
Truck138720,419.0
Truck138775,290.0
Truck138771,302.0
Truck138716,438.0
Truck138778,290.0
Truck138779,290.0
Truck138774,301.0
Truck138710,462.0
Truck138781,290.0
Truck138682,536.0
Truck138777,304.0
Truck138782,290.0
Truck138783,290.0
Truck138760,350.0
Truck138784,290.0
Truck138759,358.0
Truck138780,304.0
Truck138788,290.0
Truck138789,290.0
Truck138776,329.0
Truck138792,290.0
Truck138773,344.0
Truck138772,347.0
Truck138793,308.0
Truck138800,290.0
Truck138801,290.0
Truck138786,329.0
Truck138802,290.0
Truck138803,290.0
Truck138762,394.0
Truck138770,375.0
Truck138785,340.0
Truck138795,315.0
Truck138805,290.0
Truck138744,442.0
Truck138806,290.0
Truck138787,342.0
Truck138809,290.0
Truck138790,338.0
Truck138810,290.0
Truck138811,290.0
Truck138814,290.0
Truck138815,290.0
Truck138807,311.0
Truck138808,314.0
Truck138818,290.0
Truck138764,430.0
Truck138821,290.0
Truck138798,346.0
Truck138823,290.0
Truck138819,301.0
Truck138816,307.0
Truck138826,290.0
Truck138827,290.0
Truck138804,348.0
Truck138796,369.0
Truck138829,290.0
Truck138817,324.0
Truck138831,290.0
Truck138833,290.0
Truck138828,303.0
Truck138835,290.0
Truck138836,290.0
Truck138832,301.0
Truck138794,398.0
Truck138820,334.0
Truck138830,309.0
Truck138824,327.0
Truck138791,413.0
Truck138840,290.0
Truck138841,290.0
Truck138822,336.0
Truck138843,290.0
Truck138839,301.0
Truck138812,368.0
Truck138844,290.0
Truck138845,290.0
Truck138848,290.0
Truck138850,290.0
Truck138851,290.0
Truck138838,322.0
Truck138837,332.0
Truck138854,290.0
Truck138813,399.0
Truck138856,290.0
Truck138857,302.0
Truck138799,459.0
Truck138853,324.0
Truck138797,465.0
Truck138866,290.0
Truck138861,306.0
Truck138871,290.0
Truck138858,321.0
Truck138862,312.0
Truck138874,290.0
Truck138855,342.0
Truck138869,308.0
Truck138860,330.0
Truck138849,361.0
Truck138864,321.0
Truck138865,321.0
Truck138859,339.0
Truck138875,308.0
Truck138847,379.0
Truck138852,365.0
Truck138883,290.0
Truck138873,316.0
Truck138877,308.0
Truck138879,303.0
Truck138868,330.0
Truck138867,336.0
Truck138825,445.0
Truck138886,290.0
Truck138842,404.0
Truck138885,300.0
Truck138870,337.0
Truck138891,290.0
Truck138884,308.0
Truck138893,290.0
Truck138872,342.0
Truck138888,306.0
Truck138889,309.0
Truck138896,290.0
Truck138897,290.0
Truck138887,319.0
Truck138899,290.0
Truck138876,346.0
Truck138882,331.0
Truck138890,313.0
Truck138863,384.0
Truck138902,290.0
Truck138895,312.0
Truck138894,315.0
Truck138904,290.0
Truck138905,290.0
Truck138906,290.0
Truck138878,362.0
Truck138908,290.0
Truck138846,450.0
Truck138880,365.0
Truck138910,290.0
Truck138913,290.0
Truck138914,290.0
Truck138892,347.0
Truck138909,307.0
Truck138917,290.0
Truck138834,497.0
Truck138903,327.0
Truck138901,333.0
Truck138912,305.0
Truck138919,290.0
Truck138922,290.0
Truck138923,290.0
Truck138924,290.0
Truck138925,290.0
Truck138928,290.0
Truck138918,319.0
Truck138898,371.0
Truck138929,306.0
Truck138907,365.0
Truck138931,308.0
Truck138881,434.0
Truck138939,290.0
Truck138932,307.0
Truck138911,363.0
Truck138934,304.0
Truck138941,290.0
Truck138916,353.0
Truck138938,299.0
Truck138942,290.0
Truck138943,290.0
Truck138944,290.0
Truck138947,290.0
Truck138926,343.0
Truck138948,290.0
Truck138950,290.0
Truck138951,290.0
Truck138952,290.0
Truck138936,331.0
Truck138921,373.0
Truck138927,358.0
Truck138933,347.0
Truck138930,355.0
Truck138957,290.0
Truck138959,290.0
Truck138953,308.0
Truck138954,307.0
Truck138955,307.0
Truck138962,290.0
Truck138958,302.0
Truck138935,364.0
Truck138964,290.0
Truck138967,290.0
Truck138946,342.0
Truck138968,290.0
Truck138969,290.0
Truck138971,290.0
Truck138972,290.0
Truck138956,331.0
Truck138900,472.0
Truck138974,290.0
Truck138915,448.0
Truck138920,433.0
Truck138973,304.0
Truck138960,335.0
Truck138979,290.0
Truck138982,290.0
Truck138984,290.0
Truck138985,290.0
Truck138963,346.0
Truck138966,336.0
Truck138945,401.0
Truck138937,423.0
Truck138990,290.0
Truck138970,342.0
Truck138977,332.0
Truck138994,290.0
Truck138940,429.0
Truck138965,372.0
Truck138976,342.0
Truck138949,414.0
Truck138988,314.0
Truck138992,306.0
Truck138995,303.0
Truck138981,339.0
Truck138987,325.0
Truck139001,290.0
Truck138980,347.0
Truck138993,318.0
Truck139004,290.0
Truck139005,290.0
Truck139007,290.0
Truck138996,318.0
Truck139002,304.0
Truck139008,290.0
Truck139011,290.0
Truck138978,380.0
Truck139015,290.0
Truck138997,338.0
Truck138998,333.0
Truck138983,375.0
Truck139016,290.0
Truck139017,290.0
Truck138961,431.0
Truck139009,314.0
Truck139018,290.0
Truck138991,363.0
Truck138975,408.0
Truck139023,290.0
Truck139024,290.0
Truck139025,290.0
Truck139021,303.0
Truck138986,391.0
Truck139013,327.0
Truck139022,304.0
Truck139029,290.0
Truck139030,290.0
Truck139031,290.0
Truck138999,371.0
Truck139026,301.0
Truck139033,290.0
Truck139003,366.0
Truck139000,373.0
Truck139027,309.0
Truck139034,290.0
Truck139035,290.0
Truck139037,290.0
Truck139010,360.0
Truck139012,355.0
Truck139038,290.0
Truck139040,290.0
Truck139028,322.0
Truck139042,290.0
Truck139044,290.0
Truck139014,369.0
Truck139046,290.0
Truck139050,290.0
Truck139051,290.0
Truck139036,326.0
Truck138989,447.0
Truck139053,290.0
Truck139043,318.0
Truck139048,304.0
Truck139032,345.0
Truck139054,290.0
Truck139055,290.0
Truck139049,309.0
Truck139057,290.0
Truck139058,290.0
Truck139006,422.0
Truck139019,392.0
Truck139039,351.0
Truck139041,346.0
Truck139052,317.0
Truck139045,338.0
Truck139064,290.0
Truck139067,290.0
Truck139060,310.0
Truck139047,346.0
Truck139061,314.0
Truck139070,290.0
Truck139071,290.0
Truck139072,290.0
Truck139069,303.0
Truck139075,290.0
Truck139076,290.0
Truck139065,325.0
Truck139079,290.0
Truck139080,290.0
Truck139056,365.0
Truck139086,290.0
Truck139066,342.0
Truck139084,299.0
Truck139088,290.0
Truck139089,290.0
Truck139073,331.0
Truck139090,290.0
Truck139091,290.0
Truck139068,348.0
Truck139062,365.0
Truck139092,290.0
Truck139077,332.0
Truck139059,378.0
Truck139081,323.0
Truck139094,290.0
Truck139074,344.0
Truck139096,290.0
Truck139098,290.0
Truck139020,489.0
Truck139097,300.0
Truck139083,338.0
Truck139078,350.0
Truck139102,290.0
Truck139103,290.0
Truck139104,290.0
Truck139105,290.0
Truck139099,308.0
Truck139100,305.0
Truck139095,324.0
Truck139101,314.0
Truck139110,290.0
Truck139112,290.0
Truck139113,290.0
Truck139114,290.0
Truck139115,290.0
Truck139111,304.0
Truck139085,373.0
Truck139087,368.0
Truck139093,357.0
Truck139120,290.0
Truck139116,306.0
Truck139119,302.0
Truck139108,328.0
Truck139124,290.0
Truck139106,337.0
Truck139118,307.0
Truck139063,454.0
Truck139107,344.0
Truck139128,290.0
Truck139082,406.0
Truck139122,306.0
Truck139126,311.0
Truck139117,339.0
Truck139131,307.0
Truck139138,290.0
Truck139140,290.0
Truck139141,290.0
Truck139125,334.0
Truck139127,332.0
Truck139145,290.0
Truck139121,351.0
Truck139137,311.0
Truck139143,301.0
Truck139135,323.0
Truck139148,290.0
Truck139150,290.0
Truck139144,306.0
Truck139152,290.0
Truck139154,290.0
Truck139123,376.0
Truck139132,351.0
Truck139130,359.0
Truck139155,302.0
Truck139133,361.0
Truck139134,359.0
Truck139162,290.0
Truck139149,330.0
Truck139161,300.0
Truck139158,306.0
Truck139151,330.0
Truck139166,290.0
Truck139147,342.0
Truck139160,307.0
Truck139157,318.0
Truck139169,290.0
Truck139146,349.0
Truck139142,362.0
Truck139167,305.0
Truck139172,290.0
Truck139174,290.0
Truck139164,317.0
Truck139109,459.0
Truck139176,290.0
Truck139177,290.0
Truck139136,391.0
Truck139139,386.0
Truck139171,307.0
Truck139159,340.0
Truck139170,310.0
Truck139178,290.0
Truck139163,334.0
Truck139181,290.0
Truck139173,318.0
Truck139185,290.0
Truck139189,290.0
Truck139182,309.0
Truck139192,290.0
Truck139165,364.0
Truck139195,290.0
Truck139196,290.0
Truck139197,290.0
Truck139168,363.0
Truck139175,350.0
Truck139194,300.0
Truck139184,326.0
Truck139129,467.0
Truck139200,290.0
Truck139202,290.0
Truck139203,290.0
Truck139180,346.0
Truck139188,328.0
Truck139179,357.0
Truck139207,290.0
Truck139187,344.0
Truck139208,290.0
Truck139199,324.0
Truck139198,325.0
Truck139213,290.0
Truck139215,290.0
Truck139153,449.0
Truck139201,330.0
Truck139210,305.0
Truck139193,353.0
Truck139218,290.0
Truck139209,316.0
Truck139221,290.0
Truck139156,453.0
Truck139204,333.0
Truck139217,304.0
Truck139222,290.0
Truck139223,290.0
Truck139191,376.0
Truck139219,309.0
Truck139226,290.0
Truck139211,331.0
Truck139228,290.0
Truck139190,390.0
Truck139233,290.0
Truck139234,290.0
Truck139235,290.0
Truck139214,344.0
Truck139237,290.0
Truck139205,372.0
Truck139238,290.0
Truck139212,357.0
Truck139240,290.0
Truck139227,329.0
Truck139225,335.0
Truck139229,325.0
Truck139242,290.0
Truck139231,329.0
Truck139241,304.0
Truck139246,290.0
Truck139247,290.0
Truck139220,364.0
Truck139252,290.0
Truck139206,406.0
Truck139216,382.0
Truck139255,290.0
Truck139256,290.0
Truck139257,290.0
Truck139239,336.0
Truck139236,350.0
Truck139249,320.0
Truck139258,301.0
Truck139245,342.0
Truck139253,326.0
Truck139224,398.0
Truck139260,308.0
Truck139186,494.0
Truck139264,303.0
Truck139270,290.0
Truck139232,386.0
Truck139265,309.0
Truck139250,346.0
Truck139251,347.0
Truck139269,303.0
Truck139248,354.0
Truck139275,290.0
Truck139271,303.0
Truck139276,290.0
Truck139243,377.0
Truck139259,337.0
Truck139274,300.0
Truck139278,290.0
Truck139279,290.0
Truck139263,334.0
Truck139281,290.0
Truck139261,344.0
Truck139282,290.0
Truck139277,309.0
Truck139230,428.0
Truck139262,350.0
Truck139287,290.0
Truck139283,303.0
Truck139285,300.0
Truck139289,290.0
Truck139183,560.0
Truck139290,290.0
Truck139266,355.0
Truck139272,341.0
Truck139295,290.0
Truck139268,357.0
Truck139244,423.0
Truck139299,290.0
Truck139293,311.0
Truck139292,313.0
Truck139298,302.0
Truck139296,308.0
Truck139280,350.0
Truck139294,318.0
Truck139307,290.0
Truck139301,307.0
Truck139267,393.0
Truck139273,379.0
Truck139308,290.0
Truck139304,307.0
Truck139312,290.0
Truck139306,308.0
Truck139303,319.0
Truck139297,341.0
Truck139300,331.0
Truck139319,290.0
Truck139310,314.0
Truck139320,290.0
Truck139323,290.0
Truck139302,344.0
Truck139313,323.0
Truck139326,290.0
Truck139327,290.0
Truck139315,324.0
Truck139254,475.0
Truck139328,290.0
Truck139329,290.0
Truck139286,398.0
Truck139331,290.0
Truck139332,290.0
Truck139317,332.0
Truck139334,290.0
Truck139335,290.0
Truck139314,342.0
Truck139337,290.0
Truck139309,363.0
Truck139339,290.0
Truck139291,418.0
Truck139336,304.0
Truck139321,347.0
Truck139305,389.0
Truck139345,290.0
Truck139288,433.0
Truck139347,290.0
Truck139344,302.0
Truck139330,339.0
Truck139333,337.0
Truck139325,359.0
Truck139353,290.0
Truck139324,364.0
Truck139349,310.0
Truck139350,306.0
Truck139342,327.0
Truck139284,474.0
Truck139343,329.0
Truck139352,306.0
Truck139348,318.0
Truck139361,290.0
Truck139363,290.0
Truck139351,322.0
Truck139311,426.0
Truck139340,351.0
Truck139367,290.0
Truck139338,365.0
Truck139322,406.0
Truck139371,290.0
Truck139364,308.0
Truck139359,324.0
Truck139373,290.0
Truck139356,335.0
Truck139370,304.0
Truck139354,345.0
Truck139376,290.0
Truck139346,368.0
Truck139369,313.0
Truck139365,326.0
Truck139358,342.0
Truck139360,337.0
Truck139357,348.0
Truck139372,310.0
Truck139381,290.0
Truck139368,326.0
Truck139316,457.0
Truck139362,342.0
Truck139366,332.0
Truck139380,300.0
Truck139384,290.0
Truck139385,290.0
Truck139375,318.0
Truck139318,463.0
Truck139388,290.0
Truck139382,306.0
Truck139390,290.0
Truck139383,311.0
Truck139379,329.0
Truck139341,433.0
Truck139377,343.0
Truck139398,290.0
Truck139389,316.0
Truck139392,311.0
Truck139393,311.0
Truck139394,306.0
Truck139396,305.0
Truck139402,290.0
Truck139403,290.0
Truck139386,340.0
Truck139391,330.0
Truck139406,290.0
Truck139410,290.0
Truck139407,301.0
Truck139409,300.0
Truck139397,335.0
Truck139414,290.0
Truck139404,316.0
Truck139416,290.0
Truck139412,309.0
Truck139399,345.0
Truck139422,290.0
Truck139405,338.0
Truck139418,304.0
Truck139425,290.0
Truck139421,303.0
Truck139427,290.0
Truck139378,412.0
Truck139408,338.0
Truck139428,290.0
Truck139429,290.0
Truck139413,335.0
Truck139417,325.0
Truck139411,343.0
Truck139426,307.0
Truck139420,323.0
Truck139434,290.0
Truck139401,380.0
Truck139436,290.0
Truck139419,340.0
Truck139439,290.0
Truck139443,290.0
Truck139437,306.0
Truck139432,318.0
Truck139444,290.0
Truck139447,290.0
Truck139424,347.0
Truck139374,474.0
Truck139430,335.0
Truck139449,290.0
Truck139423,359.0
Truck139451,290.0
Truck139441,319.0
Truck139445,309.0
Truck139452,290.0
Truck139355,538.0
Truck139440,324.0
Truck139435,340.0
Truck139457,290.0
Truck139442,326.0
Truck139454,299.0
Truck139438,340.0
Truck139459,290.0
Truck139387,475.0
Truck139446,325.0
Truck139460,290.0
Truck139461,290.0
Truck139462,290.0
Truck139463,290.0
Truck139455,311.0
Truck139400,449.0
Truck139433,369.0
Truck139450,326.0
Truck139395,471.0
Truck139456,318.0
Truck139464,300.0
Truck139469,290.0
Truck139470,290.0
Truck139471,290.0
Truck139472,290.0
Truck139473,290.0
Truck139474,290.0
Truck139475,290.0
Truck139415,443.0
Truck139465,319.0
Truck139476,290.0
Truck139477,290.0
Truck139448,366.0
Truck139458,343.0
Truck139483,290.0
Truck139478,308.0
Truck139487,290.0
Truck139488,290.0
Truck139466,347.0
Truck139453,385.0
Truck139481,315.0
Truck139484,305.0
Truck139491,290.0
Truck139482,315.0
Truck139485,313.0
Truck139431,450.0
Truck139494,290.0
Truck139496,290.0
Truck139497,290.0
Truck139499,290.0
Truck139500,290.0
Truck139503,290.0
Truck139493,319.0
Truck139486,335.0
Truck139498,305.0
Truck139505,290.0
Truck139507,290.0
Truck139490,340.0
Truck139511,290.0
Truck139504,309.0
Truck139512,290.0
Truck139468,402.0
Truck139489,352.0
Truck139506,307.0
Truck139510,304.0
Truck139516,290.0
Truck139517,290.0
Truck139518,290.0
Truck139519,290.0
Truck139479,391.0
Truck139467,425.0
Truck139501,343.0
Truck139515,308.0
Truck139522,290.0
Truck139523,290.0
Truck139524,290.0
Truck139492,375.0
Truck139527,290.0
Truck139521,306.0
Truck139528,290.0
Truck139529,290.0
Truck139514,330.0
Truck139531,290.0
Truck139532,290.0
Truck139533,290.0
Truck139534,290.0
Truck139537,290.0
Truck139539,290.0
Truck139520,336.0
Truck139525,327.0
Truck139540,290.0
Truck139480,441.0
Truck139502,391.0
Truck139545,290.0
Truck139495,422.0
Truck139509,389.0
Truck139542,307.0
Truck139543,307.0
Truck139550,290.0
Truck139535,334.0
Truck139552,290.0
Truck139553,290.0
Truck139547,310.0
Truck139554,290.0
Truck139555,290.0
Truck139548,309.0
Truck139530,355.0
Truck139556,290.0
Truck139546,316.0
Truck139558,290.0
Truck139538,349.0
Truck139526,380.0
Truck139562,290.0
Truck139563,290.0
Truck139541,348.0
Truck139544,339.0
Truck139565,290.0
Truck139559,309.0
Truck139567,290.0
Truck139551,331.0
Truck139549,339.0
Truck139513,432.0
Truck139564,304.0
Truck139569,301.0
Truck139560,322.0
Truck139568,303.0
Truck139575,290.0
Truck139576,290.0
Truck139573,305.0
Truck139570,311.0
Truck139580,290.0
Truck139583,290.0
Truck139579,309.0
Truck139587,290.0
Truck139581,307.0
Truck139536,420.0
Truck139588,290.0
Truck139589,290.0
Truck139508,492.0
Truck139561,365.0
Truck139593,290.0
Truck139572,345.0
Truck139594,290.0
Truck139595,290.0
Truck139566,362.0
Truck139571,352.0
Truck139574,343.0
Truck139586,315.0
Truck139592,302.0
Truck139584,323.0
Truck139598,290.0
Truck139600,290.0
Truck139596,305.0
Truck139577,356.0
Truck139604,290.0
Truck139578,359.0
Truck139582,349.0
Truck139557,418.0
Truck139608,290.0
Truck139605,309.0
Truck139613,290.0
Truck139590,348.0
Truck139614,290.0
Truck139610,303.0
Truck139591,355.0
Truck139611,305.0
Truck139617,290.0
Truck139612,301.0
Truck139597,348.0
Truck139620,290.0
Truck139616,303.0
Truck139603,339.0
Truck139618,305.0
Truck139625,290.0
Truck139626,290.0
Truck139627,290.0
Truck139607,342.0
Truck139615,325.0
Truck139622,307.0
Truck139609,344.0
Truck139624,304.0
Truck139630,290.0
Truck139631,290.0
Truck139629,307.0
Truck139636,290.0
Truck139637,290.0
Truck139585,424.0
Truck139639,290.0
Truck139628,320.0
Truck139641,290.0
Truck139602,389.0
Truck139601,395.0
Truck139643,290.0
Truck139644,290.0
Truck139645,290.0
Truck139619,356.0
Truck139647,290.0
Truck139599,412.0
Truck139640,308.0
Truck139621,359.0
Truck139642,309.0
Truck139634,333.0
Truck139652,290.0
Truck139623,367.0
Truck139633,345.0
Truck139654,290.0
Truck139650,303.0
Truck139656,290.0
Truck139638,336.0
Truck139651,306.0
Truck139653,302.0
Truck139659,290.0
Truck139606,422.0
Truck139660,290.0
Truck139661,290.0
Truck139648,325.0
Truck139658,300.0
Truck139663,290.0
Truck139657,308.0
Truck139649,331.0
Truck139635,372.0
Truck139655,322.0
Truck139667,299.0
Truck139677,290.0
Truck139646,368.0
Truck139671,308.0
Truck139678,290.0
Truck139672,306.0
Truck139632,413.0
Truck139682,290.0
Truck139668,327.0
Truck139676,309.0
Truck139684,290.0
Truck139687,290.0
Truck139675,329.0
Truck139685,304.0
Truck139690,290.0
Truck139674,333.0
Truck139692,290.0
Truck139693,290.0
Truck139669,352.0
Truck139689,305.0
Truck139683,325.0
Truck139681,337.0
Truck139700,290.0
Truck139701,290.0
Truck139673,363.0
Truck139697,305.0
Truck139680,347.0
Truck139686,333.0
Truck139665,389.0
Truck139704,290.0
Truck139698,307.0
Truck139696,317.0
Truck139708,290.0
Truck139709,290.0
Truck139688,346.0
Truck139695,331.0
Truck139702,313.0
Truck139707,304.0
Truck139713,290.0
Truck139679,380.0
Truck139711,301.0
Truck139662,423.0
Truck139664,419.0
Truck139717,290.0
Truck139694,346.0
Truck139712,304.0
Truck139718,290.0
Truck139719,290.0
Truck139715,303.0
Truck139699,344.0
Truck139710,314.0
Truck139721,290.0
Truck139723,290.0
Truck139706,331.0
Truck139725,290.0
Truck139666,444.0
Truck139703,355.0
Truck139729,290.0
Truck139730,290.0
Truck139731,290.0
Truck139705,357.0
Truck139726,304.0
Truck139733,290.0
Truck139728,301.0
Truck139691,400.0
Truck139736,290.0
Truck139737,290.0
Truck139738,290.0
Truck139722,337.0
Truck139670,471.0
Truck139724,339.0
Truck139745,290.0
Truck139734,316.0
Truck139740,307.0
Truck139735,324.0
Truck139739,318.0
Truck139750,290.0
Truck139751,290.0
Truck139716,378.0
Truck139727,353.0
Truck139752,290.0
Truck139741,322.0
Truck139732,345.0
Truck139755,290.0
Truck139714,393.0
Truck139754,300.0
Truck139758,290.0
Truck139720,390.0
Truck139760,290.0
Truck139763,290.0
Truck139753,316.0
Truck139756,307.0
Truck139765,290.0
Truck139743,348.0
Truck139742,350.0
Truck139744,345.0
Truck139747,344.0
Truck139757,319.0
Truck139746,348.0
Truck139772,290.0
Truck139769,301.0
Truck139766,309.0
Truck139759,331.0
Truck139777,290.0
Truck139764,322.0
Truck139748,365.0
Truck139775,308.0
Truck139782,290.0
Truck139776,308.0
Truck139784,290.0
Truck139778,316.0
Truck139770,337.0
Truck139774,327.0
Truck139790,290.0
Truck139791,290.0
Truck139749,399.0
Truck139785,312.0
Truck139794,290.0
Truck139795,290.0
Truck139796,290.0
Truck139779,338.0
Truck139786,323.0
Truck139767,374.0
Truck139800,290.0
Truck139781,344.0
Truck139771,372.0
Truck139762,396.0
Truck139789,336.0
Truck139788,343.0
Truck139804,306.0
Truck139783,364.0
Truck139780,370.0
Truck139813,290.0
Truck139761,424.0
Truck139792,345.0
Truck139815,290.0
Truck139768,406.0
Truck139808,306.0
Truck139803,328.0
Truck139801,335.0
Truck139814,300.0
Truck139819,290.0
Truck139798,342.0
Truck139811,312.0
Truck139822,290.0
Truck139823,290.0
Truck139806,332.0
Truck139797,361.0
Truck139805,343.0
Truck139787,389.0
Truck139807,344.0
Truck139809,339.0
Truck139829,290.0
Truck139816,322.0
Truck139818,318.0
Truck139831,290.0
Truck139821,318.0
Truck139833,290.0
Truck139826,308.0
Truck139835,290.0
Truck139817,338.0
Truck139836,290.0
Truck139820,342.0
Truck139810,368.0
Truck139837,303.0
Truck139802,390.0
Truck139842,290.0
Truck139825,337.0
Truck139844,290.0
Truck139846,290.0
Truck139830,331.0
Truck139832,326.0
Truck139840,310.0
Truck139773,484.0
Truck139851,290.0
Truck139827,352.0
Truck139853,290.0
Truck139848,305.0
Truck139812,398.0
Truck139859,290.0
Truck139793,458.0
Truck139852,308.0
Truck139847,325.0
Truck139860,290.0
Truck139839,349.0
Truck139845,334.0
Truck139849,326.0
Truck139799,453.0
Truck139865,290.0
Truck139834,366.0
Truck139841,353.0
Truck139866,290.0
Truck139855,321.0
Truck139824,397.0
Truck139828,393.0
Truck139862,308.0
Truck139871,290.0
Truck139873,290.0
Truck139863,316.0
Truck139876,290.0
Truck139857,341.0
Truck139878,290.0
Truck139879,290.0
Truck139854,351.0
Truck139838,392.0
Truck139850,365.0
Truck139874,305.0
Truck139881,290.0
Truck139843,386.0
Truck139861,341.0
Truck139858,347.0
Truck139864,333.0
Truck139882,290.0
Truck139877,308.0
Truck139869,346.0
Truck139872,337.0
Truck139892,290.0
Truck139885,313.0
Truck139894,290.0
Truck139868,358.0
Truck139856,389.0
Truck139870,354.0
Truck139897,290.0
Truck139888,311.0
Truck139895,300.0
Truck139899,290.0
Truck139900,290.0
Truck139875,361.0
Truck139905,290.0
Truck139906,290.0
Truck139887,342.0
Truck139898,312.0
Truck139884,352.0
Truck139902,307.0
Truck139891,340.0
Truck139912,290.0
Truck139913,290.0
Truck139867,408.0
Truck139914,290.0
Truck139890,355.0
Truck139916,290.0
Truck139908,311.0
Truck139883,378.0
Truck139918,290.0
Truck139910,313.0
Truck139896,350.0
Truck139917,300.0
Truck139893,368.0
Truck139924,290.0
Truck139925,290.0
Truck139915,317.0
Truck139880,407.0
Truck139904,347.0
Truck139907,342.0
Truck139928,290.0
Truck139930,290.0
Truck139911,347.0
Truck139923,317.0
Truck139889,404.0
Truck139919,335.0
Truck139936,290.0
Truck139938,290.0
Truck139939,290.0
Truck139922,331.0
Truck139921,340.0
Truck139901,392.0
Truck139909,376.0
Truck139886,434.0
Truck139947,290.0
Truck139941,307.0
Truck139942,305.0
Truck139948,290.0
Truck139949,290.0
Truck139943,307.0
Truck139951,290.0
Truck139944,309.0
Truck139946,305.0
Truck139952,290.0
Truck139953,290.0
Truck139929,357.0
Truck139935,345.0
Truck139956,290.0
Truck139940,331.0
Truck139958,290.0
Truck139959,290.0
Truck139926,371.0
Truck139931,365.0
Truck139932,360.0
Truck139962,290.0
Truck139963,290.0
Truck139965,290.0
Truck139969,290.0
Truck139927,398.0
Truck139971,290.0
Truck139937,377.0
Truck139903,463.0
Truck139973,290.0
Truck139957,334.0
Truck139967,309.0
Truck139955,341.0
Truck139934,392.0
Truck139978,290.0
Truck139979,290.0
Truck139933,407.0
Truck139960,338.0
Truck139981,290.0
Truck139982,290.0
Truck139984,290.0
Truck139986,290.0
Truck139987,290.0
Truck139988,290.0
Truck139985,301.0
Truck139945,403.0
Truck139961,365.0
Truck139990,290.0
Truck139920,469.0
Truck139993,290.0
Truck139966,357.0
Truck139974,339.0
Truck139964,365.0
Truck139996,290.0
Truck139975,348.0
Truck139954,399.0
Truck139998,290.0
Truck139999,290.0
Truck139991,314.0
Truck139968,372.0
Truck139970,368.0
Truck139976,354.0
Truck140002,290.0
Truck140003,290.0
Truck140005,290.0
Truck139983,347.0
Truck139997,312.0
Truck139989,334.0
Truck140007,290.0
Truck140000,310.0
Truck140004,300.0
Truck140009,290.0
Truck139980,361.0
Truck139977,375.0
Truck139950,445.0
Truck140012,290.0
Truck140006,306.0
Truck140008,303.0
Truck140017,290.0
Truck140018,290.0
Truck139995,358.0
Truck140011,320.0
Truck140023,290.0
Truck139992,368.0
Truck140019,305.0
Truck140021,301.0
Truck140014,325.0
Truck140010,340.0
Truck140033,290.0
Truck140027,309.0
Truck140034,290.0
Truck140015,345.0
Truck140025,322.0
Truck140026,320.0
Truck140016,346.0
Truck140013,357.0
Truck140040,290.0
Truck140042,290.0
Truck140044,290.0
Truck140045,290.0
Truck140022,349.0
Truck140043,300.0
Truck140046,290.0
Truck139994,422.0
Truck140031,333.0
Truck140048,290.0
Truck140029,341.0
Truck140052,290.0
Truck140053,290.0
Truck140001,421.0
Truck140035,336.0
Truck140049,305.0
Truck140051,300.0
Truck140054,290.0
Truck140028,357.0
Truck140057,290.0
Truck140039,337.0
Truck140058,290.0
Truck140059,290.0
Truck140036,350.0
Truck140061,290.0
Truck140050,318.0
Truck140020,394.0
Truck140041,350.0
Truck140064,290.0
Truck140065,290.0
Truck140067,290.0
Truck140037,367.0
Truck140038,362.0
Truck140068,290.0
Truck140069,290.0
Truck140071,290.0
Truck140024,406.0
Truck140072,290.0
Truck140063,317.0
Truck139972,543.0
Truck140074,290.0
Truck140060,326.0
Truck140047,365.0
Truck140030,411.0
Truck140073,310.0
Truck140080,290.0
Truck140032,412.0
Truck140055,357.0
Truck140076,305.0
Truck140083,290.0
Truck140084,290.0
Truck140087,290.0
Truck140082,302.0
Truck140088,290.0
Truck140085,303.0
Truck140090,290.0
Truck140056,376.0
Truck140092,290.0
Truck140093,290.0
Truck140081,324.0
Truck140095,290.0
Truck140066,364.0
Truck140086,314.0
Truck140096,290.0
Truck140099,290.0
Truck140079,341.0
Truck140078,342.0
Truck140101,290.0
Truck140094,311.0
Truck140105,290.0
Truck140098,309.0
Truck140106,290.0
Truck140107,290.0
Truck140103,305.0
Truck140109,290.0
Truck140111,290.0
Truck140104,308.0
Truck140112,290.0
Truck140102,325.0
Truck140116,290.0
Truck140117,290.0
Truck140077,395.0
Truck140119,290.0
Truck140113,311.0
Truck140110,319.0
Truck140091,374.0
Truck140124,290.0
Truck140115,318.0
Truck140062,450.0
Truck140127,290.0
Truck140123,308.0
Truck140114,330.0
Truck140130,290.0
Truck140070,442.0
Truck140132,290.0
Truck140133,290.0
Truck140135,290.0
Truck140136,290.0
Truck140126,317.0
Truck140100,383.0
Truck140120,334.0
Truck140138,290.0
Truck140118,341.0
Truck140134,301.0
Truck140097,404.0
Truck140142,290.0
Truck140144,290.0
Truck140147,290.0
Truck140129,338.0
Truck140143,304.0
Truck140148,290.0
Truck140150,290.0
Truck140108,397.0
Truck140146,302.0
Truck140152,290.0
Truck140131,348.0
Truck140155,290.0
Truck140140,327.0
Truck140151,302.0
Truck140156,290.0
Truck140141,334.0
Truck140161,290.0
Truck140128,373.0
Truck140154,308.0
Truck140157,308.0
Truck140158,304.0
Truck140164,290.0
Truck140125,391.0
Truck140075,518.0
Truck140145,344.0
Truck140163,302.0
Truck140149,340.0
Truck140168,290.0
Truck140170,290.0
Truck140169,301.0
Truck140167,307.0
Truck140176,290.0
Truck140177,290.0
Truck140089,512.0
Truck140139,387.0
Truck140178,290.0
Truck140179,290.0
Truck140175,301.0
Truck140166,323.0
Truck140122,434.0
Truck140180,290.0
Truck140121,443.0
Truck140162,343.0
Truck140185,290.0
Truck140171,328.0
Truck140183,299.0
Truck140174,321.0
Truck140181,306.0
Truck140153,378.0
Truck140188,290.0
Truck140189,290.0
Truck140182,306.0
Truck140190,290.0
Truck140137,427.0
Truck140192,290.0
Truck140194,290.0
Truck140195,290.0
Truck140165,367.0
Truck140159,385.0
Truck140197,290.0
Truck140186,318.0
Truck140199,290.0
Truck140201,290.0
Truck140187,326.0
Truck140202,290.0
Truck140203,290.0
Truck140193,318.0
Truck140184,339.0
Truck140205,290.0
Truck140200,303.0
Truck140206,290.0
Truck140191,333.0
Truck140172,379.0
Truck140208,290.0
Truck140209,290.0
Truck140198,316.0
Truck140210,290.0
Truck140215,290.0
Truck140160,428.0
Truck140217,290.0
Truck140173,408.0
Truck140211,315.0
Truck140220,290.0
Truck140221,290.0
Truck140214,307.0
Truck140226,290.0
Truck140212,328.0
Truck140229,290.0
Truck140207,346.0
Truck140225,303.0
Truck140213,335.0
Truck140231,290.0
Truck140227,301.0
Truck140232,290.0
Truck140233,290.0
Truck140234,290.0
Truck140218,338.0
Truck140230,308.0
Truck140204,375.0
Truck140228,315.0
Truck140238,290.0
Truck140219,343.0
Truck140236,302.0
Truck140244,290.0
Truck140223,346.0
Truck140239,308.0
Truck140224,345.0
Truck140235,320.0
Truck140247,290.0
Truck140248,290.0
Truck140246,300.0
Truck140251,290.0
Truck140222,367.0
Truck140241,324.0
Truck140237,335.0
Truck140254,290.0
Truck140259,290.0
Truck140243,332.0
Truck140253,307.0
Truck140245,330.0
Truck140252,310.0
Truck140257,302.0
Truck140249,324.0
Truck140262,290.0
Truck140263,290.0
Truck140261,299.0
Truck140265,290.0
Truck140242,349.0
Truck140260,308.0
Truck140269,290.0
Truck140270,290.0
Truck140271,290.0
Truck140264,306.0
Truck140274,290.0
Truck140276,290.0
Truck140266,320.0
Truck140281,290.0
Truck140267,327.0
Truck140277,305.0
Truck140282,290.0
Truck140284,290.0
Truck140240,401.0
Truck140279,309.0
Truck140286,290.0
Truck140283,303.0
Truck140285,300.0
Truck140196,525.0
Truck140291,290.0
Truck140256,376.0
Truck140268,349.0
Truck140278,327.0
Truck140280,322.0
Truck140287,309.0
Truck140295,290.0
Truck140275,344.0
Truck140273,350.0
Truck140298,290.0
Truck140272,356.0
Truck140250,412.0
Truck140293,307.0
Truck140301,290.0
Truck140299,302.0
Truck140304,290.0
Truck140305,290.0
Truck140306,290.0
Truck140216,517.0
Truck140309,290.0
Truck140289,342.0
Truck140294,328.0
Truck140310,290.0
Truck140303,314.0
Truck140255,439.0
Truck140307,313.0
Truck140311,303.0
Truck140258,434.0
Truck140290,356.0
Truck140300,335.0
Truck140292,356.0
Truck140296,347.0
Truck140320,290.0
Truck140302,339.0
Truck140323,290.0
Truck140324,290.0
Truck140325,290.0
Truck140318,308.0
Truck140312,324.0
Truck140321,305.0
Truck140297,368.0
Truck140316,322.0
Truck140319,320.0
Truck140326,300.0
Truck140330,290.0
Truck140322,316.0
Truck140327,306.0
Truck140328,302.0
Truck140335,290.0
Truck140331,303.0
Truck140337,290.0
Truck140288,415.0
Truck140313,357.0
Truck140329,317.0
Truck140342,290.0
Truck140314,363.0
Truck140345,290.0
Truck140333,322.0
Truck140340,303.0
Truck140347,290.0
Truck140349,290.0
Truck140338,320.0
Truck140354,290.0
Truck140351,305.0
Truck140356,290.0
Truck140352,308.0
Truck140363,290.0
Truck140358,303.0
Truck140334,364.0
Truck140365,290.0
Truck140332,372.0
Truck140336,364.0
Truck140317,417.0
Truck140308,439.0
Truck140341,359.0
Truck140368,290.0
Truck140369,290.0
Truck140315,430.0
Truck140366,300.0
Truck140371,290.0
Truck140353,340.0
Truck140372,290.0
Truck140373,290.0
Truck140367,307.0
Truck140344,363.0
Truck140375,290.0
Truck140339,383.0
Truck140364,319.0
Truck140377,290.0
Truck140379,290.0
Truck140374,303.0
Truck140380,290.0
Truck140381,290.0
Truck140362,339.0
Truck140382,290.0
Truck140383,290.0
Truck140346,381.0
Truck140361,348.0
Truck140343,399.0
Truck140386,290.0
Truck140360,360.0
Truck140378,315.0
Truck140388,290.0
Truck140355,377.0
Truck140391,290.0
Truck140370,343.0
Truck140392,290.0
Truck140393,290.0
Truck140359,377.0
Truck140357,386.0
Truck140398,290.0
Truck140400,290.0
Truck140397,301.0
Truck140403,290.0
Truck140376,357.0
Truck140350,424.0
Truck140390,324.0
Truck140404,290.0
Truck140405,290.0
Truck140384,345.0
Truck140406,290.0
Truck140407,290.0
Truck140399,312.0
Truck140409,290.0
Truck140394,335.0
Truck140402,315.0
Truck140385,361.0
Truck140401,323.0
Truck140417,290.0
Truck140389,363.0
Truck140395,350.0
Truck140418,290.0
Truck140420,290.0
Truck140422,290.0
Truck140348,478.0
Truck140414,315.0
Truck140427,290.0
Truck140421,307.0
Truck140387,396.0
Truck140423,309.0
Truck140432,290.0
Truck140433,290.0
Truck140431,300.0
Truck140435,290.0
Truck140430,302.0
Truck140396,393.0
Truck140415,348.0
Truck140429,313.0
Truck140425,324.0
Truck140412,355.0
Truck140439,290.0
Truck140440,290.0
Truck140434,309.0
Truck140408,378.0
Truck140411,375.0
Truck140444,290.0
Truck140410,376.0
Truck140426,338.0
Truck140446,290.0
Truck140447,290.0
Truck140424,346.0
Truck140441,308.0
Truck140442,303.0
Truck140443,303.0
Truck140449,290.0
Truck140413,381.0
Truck140450,290.0
Truck140451,290.0
Truck140437,327.0
Truck140453,290.0
Truck140457,290.0
Truck140458,290.0
Truck140460,290.0
Truck140455,306.0
Truck140463,290.0
Truck140454,312.0
Truck140416,410.0
Truck140464,290.0
Truck140419,408.0
Truck140456,315.0
Truck140466,290.0
Truck140428,389.0
Truck140468,290.0
Truck140452,335.0
Truck140461,319.0
Truck140459,325.0
Truck140472,290.0
Truck140467,308.0
Truck140469,305.0
Truck140448,358.0
Truck140473,305.0
Truck140436,396.0
Truck140465,330.0
Truck140481,290.0
Truck140470,317.0
Truck140438,400.0
Truck140476,305.0
Truck140485,290.0
Truck140475,316.0
Truck140479,307.0
Truck140478,309.0
Truck140486,290.0
Truck140489,290.0
Truck140484,308.0
Truck140445,409.0
Truck140492,290.0
Truck140493,290.0
Truck140494,290.0
Truck140488,308.0
Truck140487,315.0
Truck140497,290.0
Truck140491,313.0
Truck140474,355.0
Truck140495,311.0
Truck140500,300.0
Truck140477,363.0
Truck140503,300.0
Truck140490,340.0
Truck140513,290.0
Truck140506,306.0
Truck140514,290.0
Truck140504,318.0
Truck140482,375.0
Truck140496,345.0
Truck140518,290.0
Truck140501,336.0
Truck140483,384.0
Truck140515,307.0
Truck140524,290.0
Truck140511,326.0
Truck140499,360.0
Truck140526,290.0
Truck140527,290.0
Truck140517,316.0
Truck140462,452.0
Truck140519,315.0
Truck140505,355.0
Truck140530,290.0
Truck140525,306.0
Truck140533,290.0
Truck140507,358.0
Truck140508,355.0
Truck140534,290.0
Truck140471,452.0
Truck140536,290.0
Truck140522,330.0
Truck140539,290.0
Truck140510,366.0
Truck140537,301.0
Truck140480,442.0
Truck140523,339.0
Truck140520,346.0
Truck140538,302.0
Truck140509,382.0
Truck140529,333.0
Truck140531,329.0
Truck140502,401.0
Truck140542,306.0
Truck140551,290.0
Truck140553,290.0
Truck140544,315.0
Truck140554,290.0
Truck140555,290.0
Truck140557,290.0
Truck140550,306.0
Truck140535,348.0
Truck140552,303.0
Truck140541,334.0
Truck140532,357.0
Truck140512,409.0
Truck140521,389.0
Truck140560,290.0
Truck140545,334.0
Truck140562,290.0
Truck140563,290.0
Truck140540,349.0
Truck140564,290.0
Truck140565,290.0
Truck140561,304.0
Truck140516,418.0
Truck140546,343.0
Truck140568,290.0
Truck140547,346.0
Truck140571,290.0
Truck140572,290.0
Truck140573,290.0
Truck140569,303.0
Truck140566,309.0
Truck140543,372.0
Truck140558,340.0
Truck140548,366.0
Truck140549,366.0
Truck140581,290.0
Truck140576,304.0
Truck140583,290.0
Truck140584,290.0
Truck140585,290.0
Truck140528,432.0
Truck140578,308.0
Truck140559,359.0
Truck140556,369.0
Truck140588,290.0
Truck140589,290.0
Truck140590,290.0
Truck140591,290.0
Truck140577,330.0
Truck140498,527.0
Truck140575,344.0
Truck140597,290.0
Truck140593,301.0
Truck140596,301.0
Truck140595,309.0
Truck140587,330.0
Truck140603,290.0
Truck140586,332.0
Truck140599,304.0
Truck140605,290.0
Truck140592,322.0
Truck140574,368.0
Truck140607,290.0
Truck140609,290.0
Truck140567,399.0
Truck140610,290.0
Truck140613,290.0
Truck140580,379.0
Truck140618,290.0
Truck140619,290.0
Truck140601,347.0
Truck140598,353.0
Truck140612,319.0
Truck140602,345.0
Truck140611,328.0
Truck140626,290.0
Truck140608,337.0
Truck140617,319.0
Truck140629,290.0
Truck140630,290.0
Truck140631,290.0
Truck140579,424.0
Truck140623,324.0
Truck140636,290.0
Truck140614,346.0
Truck140620,331.0
Truck140616,343.0
Truck140570,459.0
Truck140600,385.0
Truck140638,290.0
Truck140639,290.0
Truck140621,336.0
Truck140582,433.0
Truck140622,334.0
Truck140640,290.0
Truck140641,290.0
Truck140594,407.0
Truck140628,325.0
Truck140643,290.0
Truck140635,319.0
Truck140647,290.0
Truck140624,346.0
Truck140642,304.0
Truck140644,302.0
Truck140632,335.0
Truck140650,290.0
Truck140625,361.0
Truck140615,390.0
Truck140646,313.0
Truck140656,290.0
Truck140657,290.0
Truck140634,349.0
Truck140649,315.0
Truck140652,305.0
Truck140645,328.0
Truck140653,308.0
Truck140651,314.0
Truck140662,290.0
Truck140654,315.0
Truck140664,290.0
Truck140648,332.0
Truck140658,307.0
Truck140633,373.0
Truck140667,290.0
Truck140668,290.0
Truck140672,290.0
Truck140655,344.0
Truck140671,304.0
Truck140663,325.0
Truck140665,323.0
Truck140659,339.0
Truck140679,290.0
Truck140606,473.0
Truck140675,305.0
Truck140680,290.0
Truck140604,483.0
Truck140674,308.0
Truck140676,306.0
Truck140666,332.0
Truck140627,435.0
Truck140684,290.0
Truck140637,412.0
Truck140681,302.0
Truck140660,358.0
Truck140688,290.0
Truck140673,335.0
Truck140691,290.0
Truck140687,302.0
Truck140693,290.0
Truck140661,375.0
Truck140692,299.0
Truck140685,325.0
Truck140698,290.0
Truck140701,290.0
Truck140696,301.0
Truck140697,303.0
Truck140695,309.0
Truck140703,290.0
Truck140690,323.0
Truck140704,290.0
Truck140707,290.0
Truck140708,290.0
Truck140683,359.0
Truck140711,290.0
Truck140702,312.0
Truck140700,319.0
Truck140712,290.0
Truck140713,290.0
Truck140705,320.0
Truck140706,315.0
Truck140717,290.0
Truck140718,290.0
Truck140720,290.0
Truck140694,360.0
Truck140723,290.0
Truck140724,290.0
Truck140725,290.0
Truck140686,388.0
Truck140677,415.0
Truck140727,290.0
Truck140699,363.0
Truck140722,305.0
Truck140728,290.0
Truck140729,290.0
Truck140732,290.0
Truck140733,290.0
Truck140726,307.0
Truck140719,330.0
Truck140678,433.0
Truck140736,290.0
Truck140715,350.0
Truck140738,290.0
Truck140710,363.0
Truck140743,290.0
Truck140739,304.0
Truck140670,478.0
Truck140714,368.0
Truck140730,328.0
Truck140746,290.0
Truck140747,290.0
Truck140682,454.0
Truck140744,300.0
Truck140748,290.0
Truck140669,492.0
Truck140737,324.0
Truck140731,340.0
Truck140750,290.0
Truck140735,333.0
Truck140716,379.0
Truck140740,321.0
Truck140745,315.0
Truck140755,290.0
Truck140756,290.0
Truck140734,347.0
Truck140751,308.0
Truck140759,290.0
Truck140753,306.0
Truck140757,302.0
Truck140749,323.0
Truck140763,290.0
Truck140689,480.0
Truck140761,300.0
Truck140709,436.0
Truck140758,317.0
Truck140741,371.0
Truck140721,425.0
Truck140774,290.0
Truck140775,290.0
Truck140769,306.0
Truck140754,345.0
Truck140773,303.0
Truck140779,290.0
Truck140781,290.0
Truck140777,304.0
Truck140782,290.0
Truck140760,346.0
Truck140766,331.0
Truck140768,326.0
Truck140771,321.0
Truck140765,337.0
Truck140770,324.0
Truck140785,290.0
Truck140764,342.0
Truck140780,304.0
Truck140778,310.0
Truck140788,290.0
Truck140790,290.0
Truck140791,290.0
Truck140762,362.0
Truck140742,416.0
Truck140752,392.0
Truck140794,290.0
Truck140797,290.0
Truck140784,323.0
Truck140786,318.0
Truck140772,354.0
Truck140799,290.0
Truck140800,290.0
Truck140792,314.0
Truck140802,290.0
Truck140803,290.0
Truck140767,382.0
Truck140796,308.0
Truck140804,290.0
Truck140806,290.0
Truck140807,290.0
Truck140808,290.0
Truck140783,356.0
Truck140810,290.0
Truck140795,335.0
Truck140801,320.0
Truck140813,290.0
Truck140815,290.0
Truck140789,357.0
Truck140811,305.0
Truck140787,367.0
Truck140822,290.0
Truck140814,311.0
Truck140819,301.0
Truck140825,290.0
Truck140820,301.0
Truck140821,302.0
Truck140798,358.0
Truck140793,374.0
Truck140826,290.0
Truck140828,290.0
Truck140829,290.0
Truck140812,333.0
Truck140823,311.0
Truck140824,306.0
Truck140816,328.0
Truck140835,290.0
Truck140836,290.0
Truck140833,303.0
Truck140827,319.0
Truck140831,309.0
Truck140838,290.0
Truck140834,302.0
Truck140776,448.0
Truck140840,290.0
Truck140843,290.0
Truck140818,362.0
Truck140809,388.0
Truck140845,300.0
Truck140848,290.0
Truck140849,290.0
Truck140832,332.0
Truck140851,290.0
Truck140852,290.0
Truck140841,321.0
Truck140846,308.0
Truck140855,290.0
Truck140847,315.0
Truck140856,290.0
Truck140859,290.0
Truck140860,290.0
Truck140839,348.0
Truck140862,290.0
Truck140830,374.0
Truck140805,440.0
Truck140864,290.0
Truck140850,337.0
Truck140842,358.0
Truck140871,290.0
Truck140837,379.0
Truck140865,318.0
Truck140854,344.0
Truck140858,335.0
Truck140867,316.0
Truck140868,313.0
Truck140878,290.0
Truck140853,357.0
Truck140866,322.0
Truck140861,340.0
Truck140880,290.0
Truck140881,290.0
Truck140883,290.0
Truck140869,328.0
Truck140876,309.0
Truck140844,390.0
Truck140885,290.0
Truck140877,311.0
Truck140863,350.0
Truck140887,290.0
Truck140857,366.0
Truck140889,290.0
Truck140870,336.0
Truck140882,306.0
Truck140875,331.0
Truck140892,290.0
Truck140893,290.0
Truck140886,308.0
Truck140888,303.0
Truck140894,290.0
Truck140895,290.0
Truck140879,331.0
Truck140896,290.0
Truck140897,290.0
Truck140884,321.0
Truck140817,492.0
Truck140899,290.0
Truck140901,290.0
Truck140903,290.0
Truck140898,305.0
Truck140904,290.0
Truck140905,290.0
Truck140906,290.0
Truck140909,290.0
Truck140910,290.0
Truck140913,290.0
Truck140902,316.0
Truck140873,395.0
Truck140874,390.0
Truck140914,290.0
Truck140916,290.0
Truck140912,305.0
Truck140919,290.0
Truck140911,314.0
Truck140920,290.0
Truck140921,290.0
Truck140923,290.0
Truck140907,333.0
Truck140891,379.0
Truck140926,290.0
Truck140922,302.0
Truck140917,322.0
Truck140931,290.0
Truck140908,347.0
Truck140928,299.0
Truck140933,290.0
Truck140918,327.0
Truck140934,290.0
Truck140941,290.0
Truck140942,290.0
Truck140943,290.0
Truck140938,302.0
Truck140890,428.0
Truck140925,346.0
Truck140930,331.0
Truck140948,290.0
Truck140940,311.0
Truck140932,334.0
Truck140950,290.0
Truck140951,290.0
Truck140927,353.0
Truck140915,385.0
Truck140953,290.0
Truck140936,334.0
Truck140949,304.0
Truck140944,315.0
Truck140872,496.0
Truck140935,341.0
Truck140956,290.0
Truck140945,323.0
Truck140958,290.0
Truck140959,290.0
Truck140957,299.0
Truck140961,290.0
Truck140954,308.0
Truck140963,290.0
Truck140964,290.0
Truck140924,391.0
Truck140968,290.0
Truck140969,290.0
Truck140937,371.0
Truck140900,465.0
Truck140939,371.0
Truck140960,318.0
Truck140973,290.0
Truck140974,290.0
Truck140976,290.0
Truck140977,290.0
Truck140967,316.0
Truck140979,290.0
Truck140975,302.0
Truck140946,374.0
Truck140980,290.0
Truck140981,290.0
Truck140962,340.0
Truck140982,290.0
Truck140978,304.0
Truck140986,290.0
Truck140987,290.0
Truck140929,440.0
Truck140972,330.0
Truck140970,340.0
Truck140990,290.0
Truck140993,290.0
Truck140983,316.0
Truck140955,388.0
Truck140995,290.0
Truck140991,302.0
Truck140971,355.0
Truck140947,418.0
Truck140952,409.0
Truck140992,309.0
Truck141000,290.0
Truck141001,290.0
Truck140996,303.0
Truck141002,290.0
Truck140994,311.0
Truck141120,290.0
Truck141121,290.0
Truck141122,290.0
Truck141126,290.0
Truck141129,290.0
Truck141124,303.0
Truck141127,300.0
Truck141130,290.0
Truck141131,311.0
Truck141136,300.0
Truck141141,290.0
Truck141125,331.0
Truck141123,337.0
Truck141143,290.0
Truck141135,320.0
Truck141144,300.0
Truck141148,290.0
Truck141150,290.0
Truck141142,312.0
Truck141138,326.0
Truck141151,305.0
Truck141132,352.0
Truck141146,317.0
Truck141133,357.0
Truck141153,307.0
Truck141160,290.0
Truck141162,290.0
Truck141155,312.0
Truck141147,333.0
Truck141158,303.0
Truck141157,310.0
Truck141152,323.0
Truck141167,290.0
Truck141128,387.0
Truck141169,290.0
Truck141165,303.0
Truck141149,345.0
Truck141170,290.0
Truck141156,327.0
Truck141137,379.0
Truck141161,322.0
Truck141145,365.0
Truck141174,290.0
Truck141166,314.0
Truck141176,290.0
Truck141177,290.0
Truck141140,383.0
Truck141178,290.0
Truck141173,318.0
Truck141184,290.0
Truck141159,357.0
Truck141181,302.0
Truck141189,290.0
Truck141175,327.0
Truck141139,420.0
Truck141172,335.0
Truck141179,322.0
Truck141154,383.0
Truck141168,350.0
Truck141171,345.0
Truck141192,290.0
Truck141182,317.0
Truck141194,290.0
Truck141195,290.0
Truck141188,308.0
Truck141196,290.0
Truck141197,290.0
Truck141164,375.0
Truck141185,325.0
Truck141198,290.0
Truck141190,314.0
Truck141202,290.0
Truck141204,290.0
Truck141134,466.0
Truck141207,290.0
Truck141183,360.0
Truck141211,290.0
Truck141180,366.0
Truck141205,307.0
Truck141212,290.0
Truck141213,290.0
Truck141203,316.0
Truck141214,290.0
Truck141215,290.0
Truck141208,310.0
Truck141216,290.0
Truck141218,290.0
Truck141187,372.0
Truck141220,290.0
Truck141221,290.0
Truck141217,302.0
Truck141193,363.0
Truck141200,348.0
Truck141201,348.0
Truck141225,290.0
Truck141219,309.0
Truck141226,290.0
Truck141199,362.0
Truck141206,342.0
Truck141163,455.0
Truck141228,290.0
Truck141229,290.0
Truck141224,307.0
Truck141234,290.0
Truck141235,290.0
Truck141239,290.0
Truck141237,300.0
Truck141222,336.0
Truck141236,303.0
Truck141191,420.0
Truck141243,290.0
Truck141233,320.0
Truck141244,290.0
Truck141247,290.0
Truck141241,307.0
Truck141248,290.0
Truck141249,290.0
Truck141230,336.0
Truck141231,340.0
Truck141250,290.0
Truck141186,451.0
Truck141240,319.0
Truck141232,345.0
Truck141255,290.0
Truck141227,366.0
Truck141259,290.0
Truck141223,381.0
Truck141242,337.0
Truck141251,319.0
Truck141262,290.0
Truck141263,290.0
Truck141252,318.0
Truck141209,430.0
Truck141264,290.0
Truck141265,290.0
Truck141260,303.0
Truck141254,319.0
Truck141267,290.0
Truck141246,343.0
Truck141268,290.0
Truck141253,335.0
Truck141270,290.0
Truck141271,290.0
Truck141272,290.0
Truck141275,290.0
Truck141261,330.0
Truck141276,290.0
Truck141245,372.0
Truck141257,342.0
Truck141238,389.0
Truck141279,290.0
Truck141258,349.0
Truck141284,290.0
Truck141287,290.0
Truck141266,346.0
Truck141269,343.0
Truck141256,375.0
Truck141290,290.0
Truck141291,290.0
Truck141281,317.0
Truck141210,495.0
Truck141274,338.0
Truck141294,290.0
Truck141295,290.0
Truck141285,318.0
Truck141278,336.0
Truck141292,303.0
Truck141282,330.0
Truck141277,350.0
Truck141302,290.0
Truck141303,290.0
Truck141298,307.0
Truck141280,358.0
Truck141299,317.0
Truck141304,304.0
Truck141293,335.0
Truck141310,290.0
Truck141311,290.0
Truck141306,304.0
Truck141288,353.0
Truck141273,398.0
Truck141317,290.0
Truck141301,331.0
Truck141318,290.0
Truck141313,308.0
Truck141320,290.0
Truck141321,290.0
Truck141300,342.0
Truck141323,290.0
Truck141309,326.0
Truck141325,290.0
Truck141312,321.0
Truck141326,290.0
Truck141328,290.0
Truck141329,290.0
Truck141296,373.0
Truck141308,343.0
Truck141330,290.0
Truck141331,290.0
Truck141305,359.0
Truck141327,305.0
Truck141332,290.0
Truck141333,290.0
Truck141334,290.0
Truck141335,290.0
Truck141307,366.0
Truck141314,348.0
Truck141289,418.0
Truck141340,290.0
Truck141322,337.0
Truck141315,358.0
Truck141338,299.0
Truck141343,290.0
Truck141339,305.0
Truck141345,290.0
Truck141336,315.0
Truck141342,313.0
Truck141352,290.0
Truck141353,290.0
Truck141354,290.0
Truck141344,318.0
Truck141356,290.0
Truck141357,290.0
Truck141359,290.0
Truck141286,474.0
Truck141297,450.0
Truck141337,350.0
Truck141360,290.0
Truck141319,400.0
Truck141341,346.0
Truck141358,305.0
Truck141364,290.0
Truck141365,290.0
Truck141283,497.0
Truck141366,290.0
Truck141361,308.0
Truck141347,344.0
Truck141363,305.0
Truck141368,290.0
Truck141369,290.0
Truck141362,308.0
Truck141370,290.0
Truck141316,427.0
Truck141349,347.0
Truck141348,349.0
Truck141324,411.0
Truck141351,348.0
Truck141371,305.0
Truck141377,290.0
Truck141367,323.0
Truck141381,290.0
Truck141383,290.0
Truck141379,302.0
Truck141385,290.0
Truck141387,290.0
Truck141388,290.0
Truck141380,312.0
Truck141382,307.0
Truck141350,390.0
Truck141392,290.0
Truck141373,341.0
Truck141378,326.0
Truck141376,334.0
Truck141394,290.0
Truck141389,306.0
Truck141346,413.0
Truck141396,290.0
Truck141398,290.0
Truck141400,290.0
Truck141401,290.0
Truck141390,316.0
Truck141403,290.0
Truck141386,332.0
Truck141405,290.0
Truck141399,306.0
Truck141374,368.0
Truck141407,290.0
Truck141384,352.0
Truck141406,302.0
Truck141408,303.0
Truck141355,439.0
Truck141414,290.0
Truck141415,290.0
Truck141391,351.0
Truck141395,343.0
Truck141410,304.0
Truck141416,290.0
Truck141404,323.0
Truck141418,290.0
Truck141372,407.0
Truck141420,290.0
Truck141413,325.0
Truck141428,290.0
Truck141424,305.0
Truck141411,342.0
Truck141426,303.0
Truck141433,290.0
Truck141409,351.0
Truck141427,307.0
Truck141412,344.0
Truck141402,376.0
Truck141421,331.0
Truck141419,338.0
Truck141435,300.0
Truck141397,397.0
Truck141423,332.0
Truck141438,300.0
Truck141417,356.0
Truck141444,290.0
Truck141439,314.0
Truck141440,310.0
Truck141449,290.0
Truck141445,301.0
Truck141430,339.0
Truck141450,290.0
Truck141451,290.0
Truck141425,358.0
Truck141431,343.0
Truck141446,304.0
Truck141452,290.0
Truck141453,290.0
Truck141454,290.0
Truck141457,290.0
Truck141422,377.0
Truck141436,343.0
Truck141375,504.0
Truck141460,290.0
Truck141393,461.0
Truck141447,326.0
Truck141464,290.0
Truck141465,290.0
Truck141429,381.0
Truck141461,302.0
Truck141432,381.0
Truck141459,318.0
Truck141455,329.0
Truck141470,290.0
Truck141472,290.0
Truck141474,290.0
Truck141448,359.0
Truck141458,334.0
Truck141456,344.0
Truck141473,305.0
Truck141479,290.0
Truck141462,333.0
Truck141466,329.0
Truck141482,290.0
Truck141476,306.0
Truck141487,290.0
Truck141471,333.0
Truck141488,290.0
Truck141489,290.0
Truck141485,301.0
Truck141484,302.0
Truck141443,409.0
Truck141491,290.0
Truck141463,361.0
Truck141480,316.0
Truck141483,316.0
Truck141481,323.0
Truck141475,339.0
Truck141494,290.0
Truck141495,290.0
Truck141493,300.0
Truck141434,447.0
Truck141478,338.0
Truck141490,309.0
Truck141498,290.0
Truck141501,290.0
Truck141486,327.0
Truck141468,375.0
Truck141502,290.0
Truck141504,290.0
Truck141505,290.0
Truck141469,381.0
Truck141500,302.0
Truck141507,290.0
Truck141508,290.0
Truck141497,325.0
Truck141506,300.0
Truck141467,401.0
Truck141512,290.0
Truck141514,290.0
Truck141519,290.0
Truck141515,304.0
Truck141520,290.0
Truck141521,290.0
Truck141441,492.0
Truck141442,488.0
Truck141499,352.0
Truck141496,358.0
Truck141510,324.0
Truck141524,290.0
Truck141525,290.0
Truck141526,290.0
Truck141528,290.0
Truck141513,333.0
Truck141477,425.0
Truck141530,290.0
Truck141518,322.0
Truck141509,349.0
Truck141492,390.0
Truck141533,290.0
Truck141516,334.0
Truck141527,310.0
Truck141534,290.0
Truck141522,328.0
Truck141538,290.0
Truck141539,290.0
Truck141541,290.0
Truck141543,290.0
Truck141544,290.0
Truck141545,290.0
Truck141437,563.0
Truck141535,325.0
Truck141536,320.0
Truck141549,290.0
Truck141531,339.0
Truck141551,290.0
Truck141546,301.0
Truck141511,393.0
Truck141552,290.0
Truck141532,345.0
Truck141554,290.0
Truck141540,328.0
Truck141503,425.0
Truck141537,346.0
Truck141547,321.0
Truck141563,290.0
Truck141553,317.0
Truck141529,380.0
Truck141564,290.0
Truck141523,403.0
Truck141562,304.0
Truck141568,290.0
Truck141569,290.0
Truck141565,303.0
Truck141550,339.0
Truck141558,321.0
Truck141572,290.0
Truck141573,290.0
Truck141559,330.0
Truck141575,290.0
Truck141571,301.0
Truck141567,316.0
Truck141570,309.0
Truck141579,290.0
Truck141576,299.0
Truck141560,343.0
Truck141582,290.0
Truck141583,290.0
Truck141561,346.0
Truck141555,363.0
Truck141574,314.0
Truck141585,290.0
Truck141557,365.0
Truck141588,290.0
Truck141517,475.0
Truck141566,353.0
Truck141542,415.0
Truck141593,290.0
Truck141548,401.0
Truck141586,306.0
Truck141587,310.0
Truck141596,290.0
Truck141592,307.0
Truck141591,319.0
Truck141599,299.0
Truck141602,290.0
Truck141581,347.0
Truck141600,299.0
Truck141605,290.0
Truck141595,316.0
Truck141601,301.0
Truck141584,349.0
Truck141609,290.0
Truck141611,290.0
Truck141577,376.0
Truck141598,321.0
Truck141594,333.0
Truck141604,310.0
Truck141589,355.0
Truck141615,290.0
Truck141608,306.0
Truck141597,340.0
Truck141616,290.0
Truck141603,328.0
Truck141619,290.0
Truck141614,303.0
Truck141590,364.0
Truck141621,290.0
Truck141622,290.0
Truck141617,307.0
Truck141578,406.0
Truck141606,344.0
Truck141607,345.0
Truck141628,290.0
Truck141631,290.0
Truck141624,308.0
Truck141633,290.0
Truck141634,290.0
Truck141636,290.0
Truck141637,290.0
Truck141638,290.0
Truck141639,290.0
Truck141632,308.0
Truck141556,499.0
Truck141640,290.0
Truck141629,321.0
Truck141613,362.0
Truck141644,290.0
Truck141645,290.0
Truck141646,290.0
Truck141630,332.0
Truck141626,343.0
Truck141648,290.0
Truck141627,346.0
Truck141580,462.0
Truck141642,313.0
Truck141618,375.0
Truck141653,290.0
Truck141625,363.0
Truck141654,290.0
Truck141655,290.0
Truck141647,315.0
Truck141658,290.0
Truck141661,290.0
Truck141643,337.0
Truck141662,290.0
Truck141610,423.0
Truck141657,309.0
Truck141664,290.0
Truck141659,307.0
Truck141666,290.0
Truck141667,290.0
Truck141668,290.0
Truck141623,406.0
Truck141620,416.0
Truck141652,340.0
Truck141663,320.0
Truck141670,302.0
Truck141669,308.0
Truck141676,290.0
Truck141612,453.0
Truck141678,290.0
Truck141673,306.0
Truck141671,312.0
Truck141681,290.0
Truck141656,354.0
Truck141672,315.0
Truck141679,301.0
Truck141677,309.0
Truck141685,290.0
Truck141641,404.0
Truck141686,290.0
Truck141651,388.0
Truck141690,290.0
Truck141691,290.0
Truck141665,357.0
Truck141683,313.0
Truck141650,395.0
Truck141687,306.0
Truck141688,301.0
Truck141675,346.0
Truck141693,305.0
Truck141692,306.0
Truck141695,305.0
Truck141700,290.0
Truck141701,290.0
Truck141684,331.0
Truck141694,306.0
Truck141697,304.0
Truck141702,290.0
Truck141682,345.0
Truck141704,290.0
Truck141635,468.0
Truck141674,370.0
Truck141706,290.0
Truck141709,290.0
Truck141710,290.0
Truck141698,325.0
Truck141713,290.0
Truck141649,451.0
Truck141660,425.0
Truck141714,290.0
Truck141717,290.0
Truck141718,290.0
Truck141719,290.0
Truck141712,307.0
Truck141705,330.0
Truck141716,300.0
Truck141721,290.0
Truck141689,371.0
Truck141699,346.0
Truck141696,354.0
Truck141724,290.0
Truck141703,349.0
Truck141680,405.0
Truck141726,290.0
Truck141723,305.0
Truck141728,290.0
Truck141725,303.0
Truck141711,344.0
Truck141732,290.0
Truck141733,290.0
Truck141707,360.0
Truck141737,290.0
Truck141739,290.0
Truck141729,320.0
Truck141741,290.0
Truck141745,290.0
Truck141734,317.0
Truck141746,290.0
Truck141738,311.0
Truck141730,340.0
Truck141750,290.0
Truck141735,333.0
Truck141731,344.0
Truck141752,290.0
Truck141753,290.0
Truck141747,308.0
Truck141727,367.0
Truck141758,290.0
Truck141759,290.0
Truck141720,388.0
Truck141744,329.0
Truck141755,305.0
Truck141761,290.0
Truck141740,343.0
Truck141762,290.0
Truck141743,345.0
Truck141764,290.0
Truck141765,290.0
Truck141754,316.0
Truck141769,290.0
Truck141722,415.0
Truck141772,290.0
Truck141773,290.0
Truck141760,323.0
Truck141771,299.0
Truck141774,290.0
Truck141775,290.0
Truck141751,351.0
Truck141742,375.0
Truck141756,340.0
Truck141776,290.0
Truck141777,290.0
Truck141749,362.0
Truck141748,365.0
Truck141778,290.0
Truck141736,404.0
Truck141757,354.0
Truck141715,462.0
Truck141784,290.0
Truck141768,331.0
Truck141766,338.0
Truck141779,309.0
Truck141787,290.0
Truck141770,334.0
Truck141780,309.0
Truck141789,290.0
Truck141767,348.0
Truck141790,290.0
Truck141794,290.0
Truck141795,290.0
Truck141782,321.0
Truck141708,509.0
Truck141797,290.0
Truck141786,318.0
Truck141799,290.0
Truck141800,290.0
Truck141801,290.0
Truck141791,318.0
Truck141763,392.0
Truck141785,340.0
Truck141804,290.0
Truck141805,290.0
Truck141806,290.0
Truck141807,290.0
Truck141808,290.0
Truck141803,309.0
Truck141811,290.0
Truck141781,369.0
Truck141788,349.0
Truck141813,290.0
Truck141810,299.0
Truck141783,372.0
Truck141796,337.0
Truck141817,290.0
Truck141793,361.0
Truck141818,300.0
Truck141822,290.0
Truck141819,309.0
Truck141826,290.0
Truck141809,337.0
Truck141814,322.0
Truck141829,290.0
Truck141830,290.0
Truck141802,363.0
Truck141812,338.0
Truck141828,307.0
Truck141824,320.0
Truck141821,331.0
Truck141839,290.0
Truck141798,393.0
Truck141840,290.0
Truck141841,290.0
Truck141834,307.0
Truck141835,312.0
Truck141816,358.0
Truck141820,348.0
Truck141845,290.0
Truck141832,321.0
Truck141847,290.0
Truck141837,317.0
Truck141849,290.0
Truck141827,346.0
Truck141831,339.0
Truck141842,319.0
Truck141833,346.0
Truck141848,308.0
Truck141856,290.0
Truck141792,451.0
Truck141836,347.0
Truck141854,302.0
Truck141860,290.0
Truck141838,347.0
Truck141843,338.0
Truck141862,290.0
Truck141863,290.0
Truck141851,322.0
Truck141844,338.0
Truck141815,414.0
Truck141825,395.0
Truck141868,290.0
Truck141853,334.0
Truck141852,338.0
Truck141865,308.0
Truck141873,290.0
Truck141846,361.0
Truck141871,301.0
Truck141823,427.0
Truck141850,358.0
Truck141864,325.0
Truck141878,290.0
Truck141872,309.0
Truck141881,290.0
Truck141867,330.0
Truck141882,290.0
Truck141883,290.0
Truck141887,290.0
Truck141861,358.0
Truck141888,290.0
Truck141889,290.0
Truck141890,290.0
Truck141880,319.0
Truck141870,351.0
Truck141877,339.0
Truck141897,290.0
Truck141879,340.0
Truck141894,300.0
Truck141898,290.0
Truck141901,290.0
Truck141886,330.0
Truck141902,290.0
Truck141891,321.0
Truck141858,404.0
Truck141904,290.0
Truck141905,290.0
Truck141875,367.0
Truck141906,290.0
Truck141907,290.0
Truck141903,301.0
Truck141869,387.0
Truck141892,332.0
Truck141908,300.0
Truck141899,327.0
Truck141855,438.0
Truck141914,290.0
Truck141917,290.0
Truck141893,351.0
Truck141895,348.0
Truck141876,394.0
Truck141918,290.0
Truck141913,307.0
Truck141920,290.0
Truck141859,452.0
Truck141919,302.0
Truck141900,349.0
Truck141924,290.0
Truck141926,290.0
Truck141909,336.0
Truck141921,309.0
Truck141930,290.0
Truck141923,314.0
Truck141927,305.0
Truck141933,290.0
Truck141857,481.0
Truck141935,290.0
Truck141912,346.0
Truck141874,442.0
Truck141922,323.0
Truck141866,464.0
Truck141936,290.0
Truck141938,290.0
Truck141937,300.0
Truck141940,290.0
Truck141941,290.0
Truck141942,290.0
Truck141943,290.0
Truck141910,375.0
Truck141939,305.0
Truck141944,290.0
Truck141911,378.0
Truck141896,415.0
Truck141946,290.0
Truck141949,290.0
Truck141945,303.0
Truck141925,354.0
Truck141950,290.0
Truck141929,346.0
Truck141885,462.0
Truck141948,303.0
Truck141932,345.0
Truck141955,290.0
Truck141956,290.0
Truck141957,290.0
Truck141916,394.0
Truck141952,304.0
Truck141958,290.0
Truck141947,321.0
Truck141884,478.0
Truck141961,290.0
Truck141951,319.0
Truck141963,290.0
Truck141959,303.0
Truck141967,290.0
Truck141969,290.0
Truck141915,428.0
Truck141964,305.0
Truck141965,306.0
Truck141966,302.0
Truck141973,290.0
Truck141970,299.0
Truck141953,352.0
Truck141978,290.0
Truck141981,290.0
Truck141960,341.0
Truck141975,309.0
Truck141983,290.0
Truck141984,290.0
Truck141985,290.0
Truck141979,307.0
Truck141928,440.0
Truck141989,290.0
Truck141971,338.0
Truck141990,290.0
Truck141991,290.0
Truck141962,361.0
Truck141954,384.0
Truck141982,320.0
Truck141997,290.0
Truck141988,312.0
Truck141934,448.0
Truck141976,344.0
Truck141977,348.0
Truck141994,305.0
Truck142002,290.0
Truck142003,290.0
Truck141993,317.0
Truck141996,307.0
Truck141987,335.0
Truck141992,325.0
Truck142008,290.0
Truck142011,290.0
Truck141931,492.0
Truck142005,307.0
Truck142013,290.0
Truck142014,290.0
Truck141972,396.0
Truck141998,332.0
Truck142004,318.0
Truck142001,330.0
Truck142016,290.0
Truck142017,290.0
Truck141986,367.0
Truck141968,418.0
Truck141974,404.0
Truck142021,290.0
Truck142023,290.0
Truck142007,332.0
Truck142009,333.0
Truck142028,290.0
Truck142030,290.0
Truck142031,290.0
Truck142006,352.0
Truck142015,333.0
Truck142032,290.0
Truck142033,290.0
Truck142020,323.0
Truck142019,330.0
Truck142034,290.0
Truck142029,306.0
Truck142037,290.0
Truck142035,304.0
Truck142040,290.0
Truck142022,336.0
Truck142042,290.0
Truck142045,290.0
Truck141980,452.0
Truck142018,359.0
Truck142046,290.0
Truck142041,307.0
Truck142000,410.0
Truck142051,290.0
Truck142049,300.0
Truck142010,400.0
Truck142055,290.0
Truck142039,333.0
Truck142057,290.0
Truck142043,331.0
Truck142054,303.0
Truck142027,382.0
Truck142056,308.0
Truck142012,421.0
Truck142058,306.0
Truck142059,307.0
Truck142060,305.0
Truck142061,305.0
Truck142062,300.0
Truck142066,290.0
Truck141999,461.0
Truck142047,341.0
Truck142053,327.0
Truck142048,341.0
Truck142070,290.0
Truck142064,307.0
Truck142067,302.0
Truck142073,290.0
Truck142074,290.0
Truck142025,417.0
Truck142069,308.0
Truck142026,415.0
Truck142078,290.0
Truck142036,397.0
Truck142038,392.0
Truck142075,305.0
Truck142080,290.0
Truck142081,290.0
Truck142044,381.0
Truck142065,333.0
Truck142083,290.0
Truck142024,436.0
Truck142077,309.0
Truck142052,374.0
Truck141995,520.0
Truck142068,337.0
Truck142050,395.0
Truck142063,367.0
Truck142088,304.0
Truck142086,310.0
Truck142095,290.0
Truck142071,354.0
Truck142090,307.0
Truck142079,339.0
Truck142098,290.0
Truck142100,290.0
Truck142087,327.0
Truck142097,304.0
Truck142085,338.0
Truck142072,371.0
Truck142099,309.0
Truck142101,305.0
Truck142107,290.0
Truck142109,290.0
Truck142089,342.0
Truck142102,307.0
Truck142092,334.0
Truck142110,290.0
Truck142076,376.0
Truck142093,337.0
Truck142084,360.0
Truck142112,290.0
Truck142103,320.0
Truck142115,290.0
Truck142116,290.0
Truck142117,290.0
Truck142105,321.0
Truck142113,302.0
Truck142119,290.0
Truck142120,290.0
Truck142118,305.0
Truck142124,290.0
Truck142125,290.0
Truck142111,328.0
Truck142082,400.0
Truck142091,380.0
Truck142126,290.0
Truck142096,366.0
Truck142104,347.0
Truck142129,290.0
Truck142130,290.0
Truck142108,347.0
Truck142114,333.0
Truck142132,290.0
Truck142134,290.0
Truck142135,290.0
Truck142131,304.0
Truck142094,397.0
Truck142121,334.0
Truck142138,290.0
Truck142140,290.0
Truck142143,290.0
Truck142106,383.0
Truck142122,345.0
Truck142123,345.0
Truck142146,290.0
Truck142149,290.0
Truck142148,302.0
Truck142127,360.0
Truck142155,290.0
Truck142156,290.0
Truck142157,290.0
Truck142144,321.0
Truck142137,342.0
Truck142152,303.0
Truck142145,332.0
Truck142163,290.0
Truck142139,354.0
Truck142164,290.0
Truck142147,336.0
Truck142166,290.0
Truck142167,290.0
Truck142136,368.0
Truck142160,308.0
Truck142169,290.0
Truck142165,302.0
Truck142170,290.0
Truck142172,290.0
Truck142141,374.0
Truck142175,290.0
Truck142154,347.0
Truck142161,333.0
Truck142162,328.0
Truck142173,303.0
Truck142178,290.0
Truck142142,389.0
Truck142159,349.0
Truck142153,365.0
Truck142182,290.0
Truck142128,426.0
Truck142185,290.0
Truck142180,306.0
Truck142181,306.0
Truck142189,290.0
Truck142177,323.0
Truck142191,290.0
Truck142151,391.0
Truck142158,378.0
Truck142176,333.0
Truck142133,448.0
Truck142183,325.0
Truck142199,290.0
Truck142190,312.0
Truck142192,307.0
Truck142194,303.0
Truck142200,290.0
Truck142201,290.0
Truck142197,303.0
Truck142202,290.0
Truck142203,290.0
Truck142188,327.0
Truck142205,290.0
Truck142207,290.0
Truck142150,432.0
Truck142208,290.0
Truck142212,290.0
Truck142213,290.0
Truck142206,308.0
Truck142168,405.0
Truck142214,290.0
Truck142216,290.0
Truck142217,290.0
Truck142186,367.0
Truck142179,389.0
Truck142218,290.0
Truck142171,412.0
Truck142184,378.0
Truck142196,350.0
Truck142221,290.0
Truck142222,290.0
Truck142224,290.0
Truck142198,365.0
Truck142228,290.0
Truck142193,384.0
Truck142209,345.0
Truck142230,290.0
Truck142195,385.0
Truck142234,290.0
Truck142187,412.0
Truck142227,313.0
Truck142229,308.0
Truck142226,316.0
Truck142215,347.0
Truck142239,290.0
Truck142211,365.0
Truck142240,290.0
Truck142241,290.0
Truck142225,331.0
Truck142235,306.0
Truck142210,368.0
Truck142220,345.0
Truck142223,343.0
Truck142244,290.0
Truck142245,290.0
Truck142238,306.0
Truck142247,290.0
Truck142174,476.0
Truck142242,309.0
Truck142250,290.0
Truck142253,290.0
Truck142243,316.0
Truck142204,414.0
Truck142236,340.0
Truck142237,340.0
Truck142249,310.0
Truck142256,290.0
Truck142257,290.0
Truck142258,290.0
Truck142248,318.0
Truck142261,290.0
Truck142254,310.0
Truck142264,290.0
Truck142265,290.0
Truck142262,299.0
Truck142266,290.0
Truck142267,290.0
Truck142246,344.0
Truck142268,290.0
Truck142219,420.0
Truck142251,340.0
Truck142270,290.0
Truck142272,290.0
Truck142232,392.0
Truck142263,318.0
Truck142274,290.0
Truck142275,290.0
Truck142231,402.0
Truck142233,397.0
Truck142276,290.0
Truck142271,308.0
Truck142279,290.0
Truck142252,356.0
Truck142280,290.0
Truck142255,356.0
Truck142273,314.0
Truck142259,350.0
Truck142284,290.0
Truck142285,290.0
Truck142287,290.0
Truck142288,290.0
Truck142289,290.0
Truck142260,364.0
Truck142290,290.0
Truck142286,303.0
Truck142269,350.0
Truck142292,290.0
Truck142293,290.0
Truck142294,290.0
Truck142295,290.0
Truck142281,327.0
Truck142296,290.0
Truck142300,290.0
Truck142301,290.0
Truck142277,354.0
Truck142302,290.0
Truck142304,290.0
Truck142305,290.0
Truck142282,347.0
Truck142306,290.0
Truck142291,335.0
Truck142308,290.0
Truck142310,290.0
Truck142312,290.0
Truck142313,290.0
Truck142314,290.0
Truck142316,290.0
Truck142317,290.0
Truck142318,290.0
Truck142299,346.0
Truck142323,290.0
Truck142319,302.0
Truck142303,343.0
Truck142324,290.0
Truck142297,363.0
Truck142327,290.0
Truck142307,341.0
Truck142321,306.0
Truck142320,307.0
Truck142328,290.0
Truck142325,303.0
Truck142283,410.0
Truck142298,373.0
Truck142332,290.0
Truck142322,318.0
Truck142334,290.0
Truck142326,315.0
Truck142278,439.0
Truck142338,290.0
Truck142341,290.0
Truck142331,323.0
Truck142330,324.0
Truck142339,310.0
Truck142346,290.0
Truck142353,290.0
Truck142349,302.0
Truck142311,399.0
Truck142329,354.0
Truck142355,290.0
Truck142345,320.0
Truck142356,290.0
Truck142359,290.0
Truck142343,332.0
Truck142360,290.0
Truck142361,290.0
Truck142337,355.0
Truck142347,330.0
Truck142364,290.0
Truck142365,290.0
Truck142342,349.0
Truck142368,290.0
Truck142362,306.0
Truck142336,375.0
Truck142370,290.0
Truck142371,290.0
Truck142354,334.0
Truck142372,290.0
Truck142335,387.0
Truck142366,308.0
Truck142333,395.0
Truck142340,375.0
Truck142351,350.0
Truck142358,338.0
Truck142373,303.0
Truck142363,329.0
Truck142367,319.0
Truck142344,377.0
Truck142381,290.0
Truck142376,303.0
Truck142348,374.0
Truck142382,290.0
Truck142350,372.0
Truck142384,290.0
Truck142357,362.0
Truck142369,334.0
Truck142315,472.0
Truck142389,290.0
Truck142383,308.0
Truck142390,290.0
Truck142393,290.0
Truck142388,305.0
Truck142394,290.0
Truck142375,341.0
Truck142397,290.0
Truck142399,290.0
Truck142377,346.0
Truck142386,323.0
Truck142400,290.0
Truck142402,290.0
Truck142391,324.0
Truck142405,290.0
Truck142407,290.0
Truck142409,290.0
Truck142404,302.0
Truck142403,309.0
Truck142410,290.0
Truck142398,323.0
Truck142401,319.0
Truck142406,305.0
Truck142396,331.0
Truck142414,290.0
Truck142415,290.0
Truck142379,382.0
Truck142411,307.0
Truck142385,377.0
Truck142387,383.0
Truck142427,290.0
Truck142416,318.0
Truck142309,590.0
Truck142412,330.0
Truck142408,341.0
Truck142417,323.0
Truck142430,290.0
Truck142378,423.0
Truck142433,290.0
Truck142352,492.0
Truck142380,423.0
Truck142429,303.0
Truck142418,332.0
Truck142422,322.0
Truck142431,306.0
Truck142428,315.0
Truck142423,331.0
Truck142395,403.0
Truck142441,290.0
Truck142420,343.0
Truck142437,307.0
Truck142434,315.0
Truck142445,290.0
Truck142374,467.0
Truck142440,303.0
Truck142419,359.0
Truck142426,341.0
Truck142392,431.0
Truck142444,305.0
Truck142450,290.0
Truck142451,290.0
Truck142442,315.0
Truck142452,290.0
Truck142449,301.0
Truck142443,317.0
Truck142435,339.0
Truck142454,290.0
Truck142413,396.0
Truck142432,346.0
Truck142448,307.0
Truck142455,299.0
Truck142459,290.0
Truck142460,290.0
Truck142462,290.0
Truck142456,309.0
Truck142461,303.0
Truck142446,339.0
Truck142421,405.0
Truck142470,290.0
Truck142471,290.0
Truck142472,290.0
Truck142473,290.0
Truck142474,290.0
Truck142438,383.0
Truck142477,290.0
Truck142457,345.0
Truck142479,290.0
Truck142467,323.0
Truck142475,305.0
Truck142480,290.0
Truck142481,290.0
Truck142482,290.0
Truck142483,290.0
Truck142453,366.0
Truck142458,357.0
Truck142424,445.0
Truck142466,342.0
Truck142468,345.0
Truck142463,361.0
Truck142496,290.0
Truck142492,302.0
Truck142498,290.0
Truck142499,290.0
Truck142500,290.0
Truck142501,290.0
Truck142490,322.0
Truck142478,354.0
Truck142487,334.0
Truck142495,319.0
Truck142506,290.0
Truck142447,441.0
Truck142486,344.0
Truck142504,300.0
Truck142509,290.0
Truck142510,290.0
Truck142491,344.0
Truck142508,302.0
Truck142514,290.0
Truck142515,290.0
Truck142493,348.0
Truck142469,409.0
Truck142517,290.0
Truck142425,522.0
Truck142436,498.0
Truck142439,500.0
Truck142522,290.0
Truck142494,366.0
Truck142497,361.0
Truck142503,346.0
Truck142465,443.0
Truck142476,413.0
Truck142526,290.0
Truck142507,341.0
Truck142464,447.0
Truck142525,300.0
Truck142513,332.0
Truck142511,339.0
Truck142530,290.0
Truck142489,396.0
Truck142520,318.0
Truck142532,290.0
Truck142533,290.0
Truck142519,326.0
Truck142518,327.0
Truck142505,365.0
Truck142535,290.0
Truck142516,338.0
Truck142539,290.0
Truck142485,427.0
Truck142541,290.0
Truck142528,325.0
Truck142542,290.0
Truck142543,290.0
Truck142488,430.0
Truck142544,290.0
Truck142538,306.0
Truck142537,312.0
Truck142484,445.0
Truck142546,290.0
Truck142527,341.0
Truck142536,317.0
Truck142521,359.0
Truck142540,313.0
Truck142524,361.0
Truck142534,341.0
Truck142557,290.0
Truck142548,313.0
Truck142502,429.0
Truck142559,290.0
Truck142529,369.0
Truck142556,300.0
Truck142560,290.0
Truck142547,326.0
Truck142562,290.0
Truck142553,317.0
Truck142564,290.0
Truck142512,423.0
Truck142566,290.0
Truck142567,290.0
Truck142551,331.0
Truck142568,290.0
Truck142569,290.0
Truck142570,290.0
Truck142571,290.0
Truck142545,363.0
Truck142552,345.0
Truck142578,290.0
Truck142572,306.0
Truck142580,290.0
Truck142581,290.0
Truck142574,306.0
Truck142549,372.0
Truck142575,309.0
Truck142563,341.0
Truck142577,312.0
Truck142586,290.0
Truck142584,302.0
Truck142531,444.0
Truck142576,333.0
Truck142523,469.0
Truck142594,290.0
Truck142579,333.0
Truck142588,315.0
Truck142598,290.0
Truck142555,402.0
Truck142593,308.0
Truck142590,315.0
Truck142600,290.0
Truck142592,313.0
Truck142603,290.0
Truck142582,348.0
Truck142583,348.0
Truck142607,290.0
Truck142561,407.0
Truck142608,290.0
Truck142609,290.0
Truck142591,338.0
Truck142595,328.0
Truck142611,290.0
Truck142601,320.0
Truck142612,290.0
Truck142589,357.0
Truck142617,290.0
Truck142550,456.0
Truck142554,449.0
Truck142620,290.0
Truck142565,432.0
Truck142596,352.0
Truck142615,309.0
Truck142622,290.0
Truck142606,331.0
Truck142558,454.0
Truck142613,320.0
Truck142587,386.0
Truck142610,326.0
Truck142626,290.0
Truck142585,399.0
Truck142614,327.0
Truck142597,373.0
Truck142630,290.0
Truck142599,372.0
Truck142602,368.0
Truck142627,310.0
Truck142635,290.0
Truck142636,290.0
Truck142637,290.0
Truck142639,290.0
Truck142634,305.0
Truck142625,331.0
Truck142623,337.0
Truck142573,463.0
Truck142642,290.0
Truck142618,353.0
Truck142624,338.0
Truck142644,290.0
Truck142621,351.0
Truck142646,290.0
Truck142647,290.0
Truck142629,338.0
Truck142643,306.0
Truck142628,342.0
Truck142616,375.0
Truck142650,290.0
Truck142653,290.0
Truck142640,321.0
Truck142654,290.0
Truck142655,290.0
Truck142648,307.0
Truck142633,357.0
Truck142656,301.0
Truck142657,301.0
Truck142641,344.0
Truck142659,299.0
Truck142649,325.0
Truck142662,290.0
Truck142638,352.0
Truck142652,320.0
Truck142664,290.0
Truck142665,290.0
Truck142631,380.0
Truck142605,447.0
Truck142604,448.0
Truck142663,303.0
Truck142668,290.0
Truck142670,290.0
Truck142671,290.0
Truck142672,290.0
Truck142675,290.0
Truck142632,397.0
Truck142676,290.0
Truck142651,357.0
Truck142679,290.0
Truck142682,290.0
Truck142683,290.0
Truck142684,290.0
Truck142660,356.0
Truck142661,358.0
Truck142685,305.0
Truck142680,323.0
Truck142674,339.0
Truck142658,381.0
Truck142673,346.0
Truck142693,300.0
Truck142696,290.0
Truck142681,332.0
Truck142692,304.0
Truck142698,290.0
Truck142678,341.0
Truck142687,321.0
Truck142667,374.0
Truck142645,430.0
Truck142700,290.0
Truck142701,290.0
Truck142694,306.0
Truck142688,323.0
Truck142703,290.0
Truck142699,303.0
Truck142619,514.0
Truck142709,290.0
Truck142702,306.0
Truck142690,342.0
Truck142712,290.0
Truck142705,312.0
Truck142695,342.0
Truck142666,413.0
Truck142708,308.0
Truck142689,361.0
Truck142718,290.0
Truck142719,290.0
Truck142713,308.0
Truck142721,290.0
Truck142691,366.0
Truck142716,301.0
Truck142722,290.0
Truck142723,290.0
Truck142717,307.0
Truck142725,290.0
Truck142727,290.0
Truck142711,335.0
Truck142731,290.0
Truck142732,290.0
Truck142677,431.0
Truck142707,356.0
Truck142710,346.0
Truck142724,315.0
Truck142704,368.0
Truck142728,311.0
Truck142733,302.0
Truck142697,394.0
Truck142739,290.0
Truck142669,470.0
Truck142726,325.0
Truck142740,290.0
Truck142706,377.0
Truck142734,307.0
Truck142737,307.0
Truck142720,349.0
Truck142745,290.0
Truck142730,329.0
Truck142742,303.0
Truck142715,374.0
Truck142748,290.0
Truck142735,328.0
Truck142743,308.0
Truck142750,290.0
Truck142751,290.0
Truck142744,307.0
Truck142752,290.0
Truck142753,290.0
Truck142741,321.0
Truck142749,303.0
Truck142729,355.0
Truck142754,290.0
Truck142747,320.0
Truck142758,290.0
Truck142759,290.0
Truck142755,302.0
Truck142738,344.0
Truck142760,290.0
Truck142761,290.0
Truck142746,327.0
Truck142762,290.0
Truck142765,290.0
Truck142767,290.0
Truck142736,371.0
Truck142714,428.0
Truck142771,290.0
Truck142769,306.0
Truck142772,299.0
Truck142777,290.0
Truck142768,315.0
Truck142778,290.0
Truck142779,290.0
Truck142781,290.0
Truck142775,307.0
Truck142757,353.0
Truck142783,290.0
Truck142763,341.0
Truck142773,322.0
Truck142780,302.0
Truck142787,290.0
Truck142785,303.0
Truck142792,290.0
Truck142793,290.0
Truck142766,356.0
Truck142788,301.0
Truck142795,290.0
Truck142770,354.0
Truck142790,305.0
Truck142796,290.0
Truck142789,314.0
Truck142798,290.0
Truck142764,376.0
Truck142800,290.0
Truck142801,290.0
Truck142686,576.0
Truck142782,339.0
Truck142802,290.0
Truck142803,290.0
Truck142797,307.0
Truck142776,364.0
Truck142806,290.0
Truck142807,290.0
Truck142812,290.0
Truck142794,340.0
Truck142786,365.0
Truck142817,290.0
Truck142818,290.0
Truck142815,304.0
Truck142820,290.0
Truck142814,306.0
Truck142823,290.0
Truck142819,301.0
Truck142825,290.0
Truck142826,290.0
Truck142827,290.0
Truck142791,383.0
Truck142808,338.0
Truck142756,473.0
Truck142799,369.0
Truck142811,339.0
Truck142784,405.0
Truck142831,290.0
Truck142816,326.0
Truck142774,435.0
Truck142832,290.0
Truck142833,290.0
Truck142805,363.0
Truck142810,348.0
Truck142835,290.0
Truck142813,348.0
Truck142836,290.0
Truck142830,313.0
Truck142828,321.0
Truck142829,321.0
Truck142809,372.0
Truck142843,290.0
Truck142804,386.0
Truck142840,303.0
Truck142839,309.0
Truck142824,345.0
Truck142847,290.0
Truck142842,302.0
Truck142838,315.0
Truck142849,290.0
Truck142850,290.0
Truck142851,290.0
Truck142852,290.0
Truck142848,303.0
Truck142834,339.0
Truck142846,310.0
Truck142855,290.0
Truck142853,299.0
Truck142857,290.0
Truck142858,290.0
Truck142861,290.0
Truck142862,290.0
Truck142863,290.0
Truck142844,337.0
Truck142859,303.0
Truck142864,290.0
Truck142822,397.0
Truck142856,315.0
Truck142867,290.0
Truck142869,290.0
Truck142841,362.0
Truck142870,290.0
Truck142860,318.0
Truck142876,290.0
Truck142879,290.0
Truck142854,351.0
Truck142874,301.0
Truck142881,290.0
Truck142877,302.0
Truck142883,290.0
Truck142821,449.0
Truck142885,290.0
Truck142886,290.0
Truck142871,331.0
Truck142872,327.0
Truck142889,290.0
Truck142845,401.0
Truck142890,290.0
Truck142884,306.0
Truck142866,354.0
Truck142893,290.0
Truck142894,290.0
Truck142837,438.0
Truck142887,320.0
Truck142865,378.0
Truck142875,359.0
Truck142902,290.0
Truck142896,308.0
Truck142868,379.0
Truck142900,300.0
Truck142904,290.0
Truck142898,308.0
Truck142906,290.0
Truck142888,340.0
Truck142880,361.0
Truck142891,337.0
Truck142892,334.0
Truck142882,361.0
Truck142913,290.0
Truck142905,314.0
Truck142911,299.0
Truck142895,345.0
Truck142899,336.0
Truck142912,301.0
Truck142907,320.0
Truck142918,290.0
Truck142878,394.0
Truck142920,290.0
Truck142921,290.0
Truck142915,308.0
Truck142923,290.0
Truck142901,347.0
Truck142916,307.0
Truck142924,290.0
Truck142917,313.0
Truck142910,334.0
Truck142929,290.0
Truck142930,290.0
Truck142914,331.0
Truck142919,327.0
Truck142897,384.0
Truck142926,314.0
Truck142932,301.0
Truck142939,290.0
Truck142936,300.0
Truck142934,309.0
Truck142925,335.0
Truck142942,290.0
Truck142938,303.0
Truck142903,396.0
Truck142931,327.0
Truck142940,303.0
Truck142873,474.0
Truck142928,337.0
Truck142933,328.0
Truck142952,290.0
Truck142935,345.0
Truck142945,320.0
Truck142946,318.0
Truck142953,304.0
Truck142908,415.0
Truck142958,290.0
Truck142960,290.0
Truck142961,290.0
Truck142955,307.0
Truck142922,388.0
Truck142962,290.0
Truck142963,290.0
Truck142954,317.0
Truck142927,389.0
Truck142943,349.0
Truck142947,340.0
Truck142967,290.0
Truck142948,337.0
Truck142951,332.0
Truck142968,290.0
Truck142950,336.0
Truck142965,302.0
Truck142966,299.0
Truck142971,290.0
Truck142957,327.0
Truck142949,349.0
Truck142972,290.0
Truck142975,290.0
Truck142956,336.0
Truck142976,290.0
Truck142944,371.0
Truck142964,324.0
Truck142978,290.0
Truck142979,290.0
Truck142959,341.0
Truck142981,290.0
Truck142983,290.0
Truck142970,325.0
Truck142984,290.0
Truck142985,290.0
Truck142986,290.0
Truck142987,290.0
Truck142973,326.0
Truck142980,308.0
Truck142988,290.0
Truck142937,421.0
Truck142990,290.0
Truck142977,326.0
Truck142909,497.0
Truck142992,290.0
Truck142993,290.0
Truck142994,290.0
Truck142974,348.0
Truck142998,290.0
Truck143000,290.0
Truck142941,441.0
Truck142997,301.0
Truck142969,380.0
Truck143005,290.0
Truck143006,290.0
Truck143002,305.0
Truck143008,290.0
Truck143009,290.0
Truck143012,290.0
Truck142989,355.0
Truck143014,290.0
Truck142991,351.0
Truck143004,318.0
Truck142996,339.0
Truck143019,290.0
Truck143013,311.0
Truck143022,290.0
Truck143023,290.0
Truck143003,342.0
Truck143001,348.0
Truck143025,290.0
Truck142995,366.0
Truck143016,314.0
Truck143026,290.0
Truck143027,290.0
Truck142982,401.0
Truck143020,307.0
Truck143028,290.0
Truck143029,290.0
Truck143007,346.0
Truck143024,303.0
Truck142999,371.0
Truck143010,344.0
Truck143032,290.0
Truck143015,349.0
Truck143033,304.0
Truck143011,360.0
Truck143039,290.0
Truck143018,345.0
Truck143035,306.0
Truck143038,300.0
Truck143036,308.0
Truck143044,290.0
Truck143049,290.0
Truck143030,342.0
Truck143031,342.0
Truck143045,307.0
Truck143053,290.0
Truck143047,307.0
Truck143055,290.0
Truck143034,345.0
Truck143056,290.0
Truck143046,316.0
Truck143052,304.0
Truck143060,290.0
Truck143043,340.0
Truck143062,290.0
Truck143063,290.0
Truck143041,349.0
Truck143059,308.0
Truck143051,329.0
Truck143067,290.0
Truck143054,323.0
Truck143021,409.0
Truck143069,290.0
Truck143057,325.0
Truck143070,290.0
Truck143048,349.0
Truck143074,290.0
Truck143061,327.0
Truck143071,305.0
Truck143065,322.0
Truck143078,290.0
Truck143042,381.0
Truck143073,306.0
Truck143080,290.0
Truck143040,393.0
Truck143017,455.0
Truck143083,290.0
Truck143079,302.0
Truck143085,290.0
Truck143087,290.0
Truck143066,342.0
Truck143072,330.0
Truck143075,329.0
Truck143090,290.0
Truck143058,371.0
Truck143093,290.0
Truck143037,434.0
Truck143094,290.0
Truck143097,290.0
Truck143081,336.0
Truck143100,290.0
Truck143103,290.0
Truck143084,337.0
Truck143077,359.0
Truck143091,324.0
Truck143050,427.0
Truck143107,290.0
Truck143108,290.0
Truck143109,290.0
Truck143104,305.0
Truck143110,290.0
Truck143092,336.0
Truck143076,378.0
Truck143112,290.0
Truck143102,318.0
Truck143086,359.0
Truck143088,361.0
Truck143099,339.0
Truck143118,290.0
Truck143121,290.0
Truck143117,301.0
Truck143089,372.0
Truck143116,302.0
Truck143122,290.0
Truck143123,290.0
Truck143119,302.0
Truck143095,366.0
Truck143101,352.0
Truck143064,445.0
Truck143127,290.0
Truck143114,321.0
Truck143105,348.0
Truck143129,290.0
Truck143120,315.0
Truck143131,290.0
Truck143128,301.0
Truck143126,307.0
Truck143098,379.0
Truck143134,290.0
Truck143135,290.0
Truck143124,321.0
Truck143106,368.0
Truck143115,348.0
Truck143125,323.0
Truck143138,290.0
Truck143140,290.0
Truck143141,290.0
Truck143096,402.0
Truck143133,312.0
Truck143144,290.0
Truck143146,290.0
Truck143147,290.0
Truck143132,330.0
Truck143068,491.0
Truck143150,290.0
Truck143152,290.0
Truck143153,290.0
Truck143130,352.0
Truck143149,308.0
Truck143143,333.0
Truck143142,338.0
Truck143154,309.0
Truck143163,290.0
Truck143136,362.0
Truck143155,318.0
Truck143161,304.0
Truck143137,366.0
Truck143151,331.0
Truck143169,290.0
Truck143111,436.0
Truck143171,290.0
Truck143164,306.0
Truck143173,290.0
Truck143145,361.0
Truck143139,377.0
Truck143175,290.0
Truck143176,290.0
Truck143177,290.0
Truck143158,336.0
Truck143166,322.0
Truck143160,338.0
Truck143159,344.0
Truck143165,329.0
Truck143082,535.0
Truck143181,290.0
Truck143168,321.0
Truck143113,463.0
Truck143167,332.0
Truck143148,378.0
Truck143184,290.0
Truck143172,321.0
Truck143187,290.0
Truck143157,373.0
Truck143179,319.0
Truck143190,290.0
Truck143185,309.0
Truck143193,290.0
Truck143156,383.0
Truck143180,323.0
Truck143189,305.0
Truck143182,321.0
Truck143162,375.0
Truck143196,290.0
Truck143197,290.0
Truck143199,290.0
Truck143200,290.0
Truck143201,290.0
Truck143186,326.0
Truck143183,338.0
Truck143194,308.0
Truck143204,290.0
Truck143178,356.0
Truck143207,290.0
Truck143203,301.0
Truck143192,330.0
Truck143208,290.0
Truck143213,290.0
Truck143170,401.0
Truck143209,306.0
Truck143210,305.0
Truck143212,301.0
Truck143202,327.0
Truck143195,354.0
Truck143198,344.0
Truck143221,290.0
Truck143216,304.0
Truck143223,290.0
Truck143214,319.0
Truck143227,290.0
Truck143222,306.0
Truck143225,309.0
Truck143174,436.0
Truck143226,309.0
Truck143234,290.0
Truck143229,307.0
Truck143231,303.0
Truck143237,290.0
Truck143211,356.0
Truck143239,290.0
Truck143224,328.0
Truck143233,310.0
Truck143205,381.0
Truck143219,347.0
Truck143236,303.0
Truck143243,290.0
Truck143188,430.0
Truck143244,290.0
Truck143245,290.0
Truck143246,290.0
Truck143220,359.0
Truck143235,326.0
Truck143228,342.0
Truck143230,337.0
Truck143218,374.0
Truck143241,319.0
Truck143248,300.0
Truck143253,290.0
Truck143206,406.0
Truck143254,290.0
Truck143250,302.0
Truck143256,290.0
Truck143191,456.0
Truck143217,391.0
Truck143232,354.0
Truck143251,309.0
Truck143249,319.0
Truck143262,290.0
Truck143259,301.0
Truck143215,413.0
Truck143252,320.0
Truck143265,290.0
Truck143267,290.0
Truck143263,303.0
Truck143242,357.0
Truck143260,315.0
Truck143261,319.0
Truck143255,335.0
Truck143273,290.0
Truck143238,378.0
Truck143274,290.0
Truck143269,308.0
Truck143258,334.0
Truck143276,290.0
Truck143257,346.0
Truck143275,305.0
Truck143264,332.0
Truck143271,319.0
Truck143282,290.0
Truck143283,290.0
Truck143240,400.0
Truck143285,290.0
Truck143268,331.0
Truck143272,321.0
Truck143266,337.0
Truck143270,327.0
Truck143280,307.0
Truck143288,290.0
Truck143284,307.0
Truck143247,407.0
Truck143294,290.0
Truck143278,332.0
Truck143286,313.0
Truck143297,290.0
Truck143290,309.0
Truck143298,290.0
Truck143289,318.0
Truck143291,313.0
Truck143301,290.0
Truck143302,290.0
Truck143304,290.0
Truck143305,290.0
Truck143299,306.0
Truck143281,353.0
Truck143306,290.0
Truck143292,327.0
Truck143287,343.0
Truck143308,290.0
Truck143309,290.0
Truck143279,367.0
Truck143310,290.0
Truck143311,290.0
Truck143312,290.0
Truck143314,290.0
Truck143296,336.0
Truck143303,330.0
Truck143307,320.0
Truck143318,290.0
Truck143319,290.0
Truck143277,397.0
Truck143315,306.0
Truck143300,345.0
Truck143325,290.0
Truck143320,303.0
Truck143326,290.0
Truck143328,290.0
Truck143295,378.0
Truck143330,290.0
Truck143331,290.0
Truck143313,336.0
Truck143329,303.0
Truck143316,335.0
Truck143336,290.0
Truck143338,290.0
Truck143334,305.0
Truck143335,305.0
Truck143340,290.0
Truck143342,290.0
Truck143343,290.0
Truck143345,290.0
Truck143327,336.0
Truck143293,429.0
Truck143349,290.0
Truck143321,365.0
Truck143322,360.0
Truck143351,290.0
Truck143332,337.0
Truck143346,303.0
Truck143339,328.0
Truck143348,304.0
Truck143355,290.0
Truck143337,343.0
Truck143358,290.0
Truck143347,323.0
Truck143353,308.0
Truck143323,385.0
Truck143356,305.0
Truck143357,309.0
Truck143359,305.0
Truck143364,290.0
Truck143365,290.0
Truck143368,290.0
Truck143354,327.0
Truck143317,425.0
Truck143371,290.0
Truck143324,407.0
Truck143372,290.0
Truck143373,290.0
Truck143370,303.0
Truck143377,290.0
Truck143363,326.0
Truck143352,353.0
Truck143378,290.0
Truck143341,391.0
Truck143375,308.0
Truck143333,414.0
Truck143350,371.0
Truck143366,331.0
Truck143374,311.0
Truck143361,347.0
Truck143360,348.0
Truck143369,329.0
Truck143387,290.0
Truck143388,299.0
Truck143367,359.0
Truck143380,324.0
Truck143394,290.0
Truck143381,327.0
Truck143362,373.0
Truck143385,320.0
Truck143396,290.0
Truck143344,424.0
Truck143398,290.0
Truck143399,290.0
Truck143386,325.0
Truck143401,290.0
Truck143389,325.0
Truck143403,290.0
Truck143404,290.0
Truck143406,290.0
Truck143383,352.0
Truck143392,328.0
Truck143395,324.0
Truck143390,335.0
Truck143409,290.0
Truck143411,290.0
Truck143400,317.0
Truck143413,290.0
Truck143376,381.0
Truck143405,313.0
Truck143415,290.0
Truck143402,321.0
Truck143416,290.0
Truck143417,290.0
Truck143379,387.0
Truck143410,307.0
Truck143397,348.0
Truck143420,290.0
Truck143423,290.0
Truck143408,327.0
Truck143391,374.0
Truck143424,290.0
Truck143425,290.0
Truck143421,302.0
Truck143382,402.0
Truck143393,377.0
Truck143428,290.0
Truck143429,290.0
Truck143432,290.0
Truck143433,290.0
Truck143419,338.0
Truck143427,318.0
Truck143439,290.0
Truck143441,290.0
Truck143414,357.0
Truck143434,308.0
Truck143422,342.0
Truck143436,307.0
Truck143445,290.0
Truck143418,356.0
Truck143435,316.0
Truck143446,290.0
Truck143440,306.0
Truck143384,451.0
Truck143431,341.0
Truck143452,290.0
Truck143448,302.0
Truck143454,290.0
Truck143437,337.0
Truck143430,354.0
Truck143456,290.0
Truck143438,336.0
Truck143444,321.0
Truck143451,310.0
Truck143455,302.0
Truck143461,290.0
Truck143442,336.0
Truck143457,303.0
Truck143459,300.0
Truck143426,382.0
Truck143467,290.0
Truck143463,309.0
Truck143449,347.0
Truck143472,290.0
Truck143473,290.0
Truck143450,350.0
Truck143407,461.0
Truck143476,290.0
Truck143477,290.0
Truck143478,290.0
Truck143479,290.0
Truck143412,457.0
Truck143470,314.0
Truck143480,290.0
Truck143481,290.0
Truck143474,306.0
Truck143485,290.0
Truck143486,290.0
Truck143487,290.0
Truck143460,359.0
Truck143489,290.0
Truck143447,399.0
Truck143483,309.0
Truck143466,350.0
Truck143491,290.0
Truck143482,311.0
Truck143468,349.0
Truck143471,345.0
Truck143492,290.0
Truck143493,290.0
Truck143453,395.0
Truck143484,315.0
Truck143495,290.0
Truck143465,373.0
Truck143494,304.0
Truck143443,437.0
Truck143502,290.0
Truck143458,404.0
Truck143500,304.0
Truck143506,290.0
Truck143462,402.0
Truck143508,290.0
Truck143509,290.0
Truck143475,376.0
Truck143510,290.0
Truck143511,290.0
Truck143496,328.0
Truck143507,304.0
Truck143513,290.0
Truck143504,314.0
Truck143498,333.0
Truck143517,290.0
Truck143497,341.0
Truck143499,343.0
Truck143521,290.0
Truck143488,371.0
Truck143464,434.0
Truck143523,290.0
Truck143519,303.0
Truck143524,290.0
Truck143525,290.0
Truck143503,348.0
Truck143526,290.0
Truck143527,290.0
Truck143529,290.0
Truck143530,290.0
Truck143531,290.0
Truck143501,367.0
Truck143505,358.0
Truck143532,290.0
Truck143512,344.0
Truck143528,305.0
Truck143534,290.0
Truck143469,457.0
Truck143516,339.0
Truck143518,336.0
Truck143541,290.0
Truck143522,336.0
Truck143490,417.0
Truck143543,290.0
Truck143535,315.0
Truck143520,354.0
Truck143542,301.0
Truck143549,290.0
Truck143550,290.0
Truck143551,290.0
Truck143546,301.0
Truck143552,290.0
Truck143554,290.0
Truck143533,347.0
Truck143548,307.0
Truck143536,338.0
Truck143557,290.0
Truck143538,340.0
Truck143558,290.0
Truck143559,290.0
Truck143556,299.0
Truck143515,405.0
Truck143560,290.0
Truck143561,290.0
Truck143547,328.0
Truck143563,290.0
Truck143564,290.0
Truck143539,357.0
Truck143537,363.0
Truck143569,290.0
Truck143570,290.0
Truck143571,290.0
Truck143572,290.0
Truck143555,338.0
Truck143574,290.0
Truck143514,443.0
Truck143576,290.0
Truck143577,290.0
Truck143545,372.0
Truck143573,304.0
Truck143578,290.0
Truck143567,328.0
Truck143582,290.0
Truck143585,290.0
Truck143544,393.0
Truck143587,290.0
Truck143540,410.0
Truck143590,290.0
Truck143584,308.0
Truck143593,290.0
Truck143553,393.0
Truck143562,368.0
Truck143565,365.0
Truck143580,327.0
Truck143598,290.0
Truck143586,322.0
Truck143583,335.0
Truck143597,300.0
Truck143601,290.0
Truck143568,376.0
Truck143581,346.0
Truck143591,321.0
Truck143605,290.0
Truck143596,313.0
Truck143606,290.0
Truck143607,290.0
Truck143600,307.0
Truck143609,290.0
Truck143594,326.0
Truck143599,317.0
Truck143602,307.0
Truck143589,344.0
Truck143613,290.0
Truck143615,290.0
Truck143579,381.0
Truck143604,316.0
Truck143617,290.0
Truck143619,290.0
Truck143588,367.0
Truck143608,317.0
Truck143610,323.0
Truck143611,324.0
Truck143621,300.0
Truck143627,290.0
Truck143566,443.0
Truck143629,290.0
Truck143603,357.0
Truck143625,302.0
Truck143592,383.0
Truck143631,290.0
Truck143614,331.0
Truck143632,290.0
Truck143620,322.0
Truck143622,319.0
Truck143636,290.0
Truck143637,290.0
Truck143638,290.0
Truck143641,290.0
Truck143618,346.0
Truck143635,308.0
Truck143643,290.0
Truck143633,320.0
Truck143645,290.0
Truck143639,306.0
Truck143575,467.0
Truck143634,319.0
Truck143623,351.0
Truck143616,368.0
Truck143630,334.0
Truck143649,290.0
Truck143628,343.0
Truck143647,304.0
Truck143626,355.0
Truck143612,392.0
Truck143650,305.0
Truck143656,290.0
Truck143657,290.0
Truck143595,450.0
Truck143661,290.0
Truck143640,341.0
Truck143644,334.0
Truck143662,290.0
Truck143653,317.0
Truck143648,328.0
Truck143665,290.0
Truck143646,336.0
Truck143660,305.0
Truck143667,290.0
Truck143655,322.0
Truck143669,290.0
Truck143624,404.0
Truck143652,338.0
Truck143674,290.0
Truck143675,290.0
Truck143676,290.0
Truck143677,290.0
Truck143642,376.0
Truck143666,327.0
Truck143668,323.0
Truck143682,290.0
Truck143654,362.0
Truck143664,338.0
Truck143681,300.0
Truck143684,290.0
Truck143685,290.0
Truck143678,307.0
Truck143687,290.0
Truck143651,384.0
Truck143688,290.0
Truck143683,309.0
Truck143659,370.0
Truck143680,318.0
Truck143692,290.0
Truck143672,344.0
Truck143679,329.0
Truck143694,290.0
Truck143695,290.0
Truck143673,349.0
Truck143696,290.0
Truck143671,356.0
Truck143663,377.0
Truck143670,359.0
Truck143700,290.0
Truck143701,290.0
Truck143697,303.0
Truck143702,290.0
Truck143693,316.0
Truck143690,325.0
Truck143709,290.0
Truck143689,343.0
Truck143704,305.0
Truck143705,310.0
Truck143712,290.0
Truck143713,290.0
Truck143706,306.0
Truck143714,290.0
Truck143686,361.0
Truck143718,290.0
Truck143723,290.0
Truck143724,290.0
Truck143725,290.0
Truck143703,349.0
Truck143728,290.0
Truck143729,290.0
Truck143708,341.0
Truck143710,344.0
Truck143691,395.0
Truck143732,290.0
Truck143658,479.0
Truck143734,290.0
Truck143735,290.0
Truck143699,381.0
Truck143731,305.0
Truck143739,290.0
Truck143716,347.0
Truck143730,312.0
Truck143741,290.0
Truck143711,367.0
Truck143743,290.0
Truck143733,317.0
Truck143717,358.0
Truck143738,303.0
Truck143721,349.0
Truck143727,334.0
Truck143745,290.0
Truck143715,370.0
Truck143746,290.0
Truck143747,290.0
Truck143720,361.0
Truck143726,350.0
Truck143750,290.0
Truck143722,362.0
Truck143707,407.0
Truck143751,300.0
Truck143749,309.0
Truck143756,290.0
Truck143736,341.0
Truck143698,438.0
Truck143758,290.0
Truck143761,290.0
Truck143740,345.0
Truck143762,290.0
Truck143737,359.0
Truck143767,290.0
Truck143765,300.0
Truck143719,417.0
Truck143763,307.0
Truck143742,358.0
Truck143748,347.0
Truck143772,290.0
Truck143773,290.0
Truck143774,290.0
Truck143766,311.0
Truck143768,306.0
Truck143755,342.0
Truck143764,319.0
Truck143769,309.0
Truck143771,311.0
Truck143757,351.0
Truck143759,349.0
Truck143778,304.0
Truck143785,290.0
Truck143753,372.0
Truck143787,290.0
Truck143777,316.0
Truck143754,373.0
Truck143788,290.0
Truck143783,307.0
Truck143775,334.0
Truck143780,321.0
Truck143782,320.0
Truck143770,353.0
Truck143760,379.0
Truck143784,319.0
Truck143744,422.0
Truck143779,337.0
Truck143798,290.0
Truck143781,336.0
Truck143792,309.0
Truck143776,351.0
Truck143802,290.0
Truck143786,331.0
Truck143797,306.0
Truck143805,290.0
Truck143752,424.0
Truck143789,335.0
Truck143807,290.0
Truck143803,305.0
Truck143793,331.0
Truck143811,290.0
Truck143812,290.0
Truck143813,290.0
Truck143796,332.0
Truck143809,303.0
Truck143799,330.0
Truck143814,290.0
Truck143794,344.0
Truck143816,290.0
Truck143819,290.0
Truck143820,290.0
Truck143821,290.0
Truck143806,330.0
Truck143823,290.0
Truck143825,290.0
Truck143826,290.0
Truck143808,337.0
Truck143824,303.0
Truck143795,379.0
Truck143822,313.0
Truck143800,370.0
Truck143833,290.0
Truck143810,347.0
Truck143804,365.0
Truck143831,300.0
Truck143834,290.0
Truck143801,378.0
Truck143838,290.0
Truck143839,290.0
Truck143840,290.0
Truck143828,321.0
Truck143829,323.0
Truck143842,290.0
Truck143843,290.0
Truck143846,290.0
Truck143848,290.0
Truck143849,290.0
Truck143844,301.0
Truck143791,439.0
Truck143845,304.0
Truck143847,299.0
Truck143832,335.0
Truck143850,290.0
Truck143818,375.0
Truck143852,290.0
Truck143835,337.0
Truck143836,332.0
Truck143854,290.0
Truck143856,290.0
Truck143827,366.0
Truck143837,341.0
Truck143790,460.0
Truck143851,323.0
Truck143859,303.0
Truck143864,290.0
Truck143865,290.0
Truck143841,353.0
Truck143858,308.0
Truck143867,290.0
Truck143868,290.0
Truck143869,290.0
Truck143861,311.0
Truck143853,336.0
Truck143863,314.0
Truck143815,435.0
Truck143872,290.0
Truck143873,290.0
Truck143857,339.0
Truck143855,351.0
Truck143875,302.0
Truck143876,302.0
Truck143862,340.0
average,321.8082012505453
